dataset,exercise_set,question,answer,grade,min_grade,max_grade,subject,exercise_type,isced_level,language,rubric,desired_answer,metadata
arasag,10,عرف مصطلح الجريمة الإلكترونية ,هي سلوك غير أخلاقي يتم عن طريق وسائل الكترونية يهدف الى عائدات مادية  و يسبب اضرارا للضحية,3,0.0,5.0,cybercrimes,short_answer,7,arabic,,هي كل سلوك غير قانوني يتم باستخدام الأجهزة الإلكترونية) الهاتف، الكمبيوتر، الانترنت (ينتج عنه حصول المجرم على فوائد مادية أو معنوية مع تحميل الضحية خسارة   وغالبا ما يكون هدف هذه الجرائم هو القرصنة من أجل سرقة أو إتلاف المعلومات وتكون عادة الانترنت أداة لها أو مسرحا لها,"{""question_type"": ""عرف المصطلح العلمي""}"
arasag,10,عرف مصطلح الجريمة الإلكترونية ,هي كل سلوك غير أخلاقي يتم بواسطة الاجهزة الالكترونية ينتج عنها حصول المجرم على فوائد مادية او معنوية مع تحصيل الضحية خسارة مقابلة،  هدفها القرصنة من اجل سرقة او اتلاف المعلومات,5,0.0,5.0,cybercrimes,short_answer,7,arabic,,هي كل سلوك غير قانوني يتم باستخدام الأجهزة الإلكترونية) الهاتف، الكمبيوتر، الانترنت (ينتج عنه حصول المجرم على فوائد مادية أو معنوية مع تحميل الضحية خسارة   وغالبا ما يكون هدف هذه الجرائم هو القرصنة من أجل سرقة أو إتلاف المعلومات وتكون عادة الانترنت أداة لها أو مسرحا لها,"{""question_type"": ""عرف المصطلح العلمي""}"
arasag,10,عرف مصطلح الجريمة الإلكترونية ,هي سلوك غير قانوني يحمل باستعمال الأجهزة الالكترونية لإحداث ضرر مادي او معنوي للضحية ,3,0.0,5.0,cybercrimes,short_answer,7,arabic,,هي كل سلوك غير قانوني يتم باستخدام الأجهزة الإلكترونية) الهاتف، الكمبيوتر، الانترنت (ينتج عنه حصول المجرم على فوائد مادية أو معنوية مع تحميل الضحية خسارة   وغالبا ما يكون هدف هذه الجرائم هو القرصنة من أجل سرقة أو إتلاف المعلومات وتكون عادة الانترنت أداة لها أو مسرحا لها,"{""question_type"": ""عرف المصطلح العلمي""}"
arasag,10,عرف مصطلح الجريمة الإلكترونية ,هي سلوك غير قانوني تستخدم الوسائل الالكترونية ينتج عنها حصول المجرم على أهداف مادية أو معنوية   غالبا يكون هدف هذه الجرائم هي القرصنة أي سرقة و إتلاف المعلومات ,4,0.0,5.0,cybercrimes,short_answer,7,arabic,,هي كل سلوك غير قانوني يتم باستخدام الأجهزة الإلكترونية) الهاتف، الكمبيوتر، الانترنت (ينتج عنه حصول المجرم على فوائد مادية أو معنوية مع تحميل الضحية خسارة   وغالبا ما يكون هدف هذه الجرائم هو القرصنة من أجل سرقة أو إتلاف المعلومات وتكون عادة الانترنت أداة لها أو مسرحا لها,"{""question_type"": ""عرف المصطلح العلمي""}"
arasag,10,عرف مصطلح الجريمة الإلكترونية ,هي كل سلوك غير أخلاقي يتم باستخدام الوسائل الالكترونية (الهاتف، الكمبيوتر..) ، يتمثل في حصول مرتكب الجريمة على ما يريد لتحقيق أهدافه الشخصية بينما يتحمل الضحية و هو المستخدم العقوبة ، تتمثل في سرقة المعلومات مثلا,4,0.0,5.0,cybercrimes,short_answer,7,arabic,,هي كل سلوك غير قانوني يتم باستخدام الأجهزة الإلكترونية) الهاتف، الكمبيوتر، الانترنت (ينتج عنه حصول المجرم على فوائد مادية أو معنوية مع تحميل الضحية خسارة   وغالبا ما يكون هدف هذه الجرائم هو القرصنة من أجل سرقة أو إتلاف المعلومات وتكون عادة الانترنت أداة لها أو مسرحا لها,"{""question_type"": ""عرف المصطلح العلمي""}"
arasag,10,عرف مصطلح الجريمة الإلكترونية ,هي سلوك غير قانوني عبر أجهزة إلكترونية، لأهداف مادية أو معنوية غالبا لإتلاف أو سرقة المعلومات و هي مثلا: النصب و الاحتيال، التعدي الإلكتروني، التجسس وانتهاك الخصوصية ,4,0.0,5.0,cybercrimes,short_answer,7,arabic,,هي كل سلوك غير قانوني يتم باستخدام الأجهزة الإلكترونية) الهاتف، الكمبيوتر، الانترنت (ينتج عنه حصول المجرم على فوائد مادية أو معنوية مع تحميل الضحية خسارة   وغالبا ما يكون هدف هذه الجرائم هو القرصنة من أجل سرقة أو إتلاف المعلومات وتكون عادة الانترنت أداة لها أو مسرحا لها,"{""question_type"": ""عرف المصطلح العلمي""}"
arasag,10,عرف مصطلح الجريمة الإلكترونية ,هي سلوك غير قانوني يتم باستخدام الأجهزة الإلكترونية، يتم تحميل المجرم منه على فوائد مادية و معنوية، يتحمل الضحية خسارة مقابل ذلك الهدف من الجريمة إتلاف أو سرقة المعلومات.,4,0.0,5.0,cybercrimes,short_answer,7,arabic,,هي كل سلوك غير قانوني يتم باستخدام الأجهزة الإلكترونية) الهاتف، الكمبيوتر، الانترنت (ينتج عنه حصول المجرم على فوائد مادية أو معنوية مع تحميل الضحية خسارة   وغالبا ما يكون هدف هذه الجرائم هو القرصنة من أجل سرقة أو إتلاف المعلومات وتكون عادة الانترنت أداة لها أو مسرحا لها,"{""question_type"": ""عرف المصطلح العلمي""}"
arasag,10,عرف مصطلح الجريمة الإلكترونية ,تتم بواسطة الأجهزة الإلكترونية ينتج عنها حصول المجرم على فوائد مادية و معنوية مع تحميل الضحية خسارة مقابلة. و غالبا ما يكون هدف المجرم القرصنة من أجل سرقة و إتلاف المعلومات .,5,0.0,5.0,cybercrimes,short_answer,7,arabic,,هي كل سلوك غير قانوني يتم باستخدام الأجهزة الإلكترونية) الهاتف، الكمبيوتر، الانترنت (ينتج عنه حصول المجرم على فوائد مادية أو معنوية مع تحميل الضحية خسارة   وغالبا ما يكون هدف هذه الجرائم هو القرصنة من أجل سرقة أو إتلاف المعلومات وتكون عادة الانترنت أداة لها أو مسرحا لها,"{""question_type"": ""عرف المصطلح العلمي""}"
arasag,10,عرف مصطلح الجريمة الإلكترونية ,هي كل سلوك غير قانوني يتم بإستخدام الأجهزة الإلكترونية ينتج عنها حصول المجرم على فوائد مادية و معنوية مع تحميل الضحية خسائر و الهدف منها هو القرصنة من أجل سرقة و إتلاف المعلومات,5,0.0,5.0,cybercrimes,short_answer,7,arabic,,هي كل سلوك غير قانوني يتم باستخدام الأجهزة الإلكترونية) الهاتف، الكمبيوتر، الانترنت (ينتج عنه حصول المجرم على فوائد مادية أو معنوية مع تحميل الضحية خسارة   وغالبا ما يكون هدف هذه الجرائم هو القرصنة من أجل سرقة أو إتلاف المعلومات وتكون عادة الانترنت أداة لها أو مسرحا لها,"{""question_type"": ""عرف المصطلح العلمي""}"
arasag,10,عرف مصطلح الجريمة الإلكترونية ,هي سلوك غير قانوني بواسطة استعمال الأجهزة الإلكترونية (الهاتف، الانترنت، الكمبيوتر) الهدف منها الحصول على فائدة مادية أو معنوية مقابل دفع الضحية خسائر و تكون من أجل الحصول على المعلومات و قرصنتها و إتلافها. تلف الجرائم الإلكترونية خسائر تعد بالملايين لأصحاب الشركات و المنشأة كما أن أغلب جرائم السطو على البنوك تكون بتواطؤ المجرمين و المبرمجين .,5,0.0,5.0,cybercrimes,short_answer,7,arabic,,هي كل سلوك غير قانوني يتم باستخدام الأجهزة الإلكترونية) الهاتف، الكمبيوتر، الانترنت (ينتج عنه حصول المجرم على فوائد مادية أو معنوية مع تحميل الضحية خسارة   وغالبا ما يكون هدف هذه الجرائم هو القرصنة من أجل سرقة أو إتلاف المعلومات وتكون عادة الانترنت أداة لها أو مسرحا لها,"{""question_type"": ""عرف المصطلح العلمي""}"
arasag,10,عرف مصطلح الجريمة الإلكترونية ,هي كل سلوك غير قانوني يتم باستخدام الأجهزة الالكترونية، يتم فيه حصول المجرم على فوائد مادية و معنوية مع تحميل الضحية الخسارة .,4,0.0,5.0,cybercrimes,short_answer,7,arabic,,هي كل سلوك غير قانوني يتم باستخدام الأجهزة الإلكترونية) الهاتف، الكمبيوتر، الانترنت (ينتج عنه حصول المجرم على فوائد مادية أو معنوية مع تحميل الضحية خسارة   وغالبا ما يكون هدف هذه الجرائم هو القرصنة من أجل سرقة أو إتلاف المعلومات وتكون عادة الانترنت أداة لها أو مسرحا لها,"{""question_type"": ""عرف المصطلح العلمي""}"
arasag,10,عرف مصطلح الجريمة الإلكترونية ,هو سلوك غير قانوني يتم باستخدام الأجهزة الالكترونية ) الهاتف، الكمبيوتر( يتمثل باختراق النظام و يحمل المتضرر خسارة مادية و معنوية، و يكون غالبا الهدف منها القرصنة لأجل سرقة أو اتلاف المعلومات .,4,0.0,5.0,cybercrimes,short_answer,7,arabic,,هي كل سلوك غير قانوني يتم باستخدام الأجهزة الإلكترونية) الهاتف، الكمبيوتر، الانترنت (ينتج عنه حصول المجرم على فوائد مادية أو معنوية مع تحميل الضحية خسارة   وغالبا ما يكون هدف هذه الجرائم هو القرصنة من أجل سرقة أو إتلاف المعلومات وتكون عادة الانترنت أداة لها أو مسرحا لها,"{""question_type"": ""عرف المصطلح العلمي""}"
arasag,10,عرف مصطلح الجريمة الإلكترونية ,هي كل سلوك أو نشاط غير قانوني ، باستعمال الأجهزة الإلكترونية كالهاتف أو الكمبيوتر ، يريد بها المجرم الحصول على فوائد مادية أو معنوية مع تحميل الضحية الخسائر .,4,0.0,5.0,cybercrimes,short_answer,7,arabic,,هي كل سلوك غير قانوني يتم باستخدام الأجهزة الإلكترونية) الهاتف، الكمبيوتر، الانترنت (ينتج عنه حصول المجرم على فوائد مادية أو معنوية مع تحميل الضحية خسارة   وغالبا ما يكون هدف هذه الجرائم هو القرصنة من أجل سرقة أو إتلاف المعلومات وتكون عادة الانترنت أداة لها أو مسرحا لها,"{""question_type"": ""عرف المصطلح العلمي""}"
arasag,10,عرف مصطلح الجريمة الإلكترونية ,سلوك غير قانوني يقوم به شخص باستعمال أدوات إلكترونية قصد الحصول على فائدة مادية أو معنوية و ذلك عن طريق تعدي غير قانوني ينتج عنه إما سرقة أشياء مادية أو أضرار معنوية أو تمديدات أو تجسس.,4,0.0,5.0,cybercrimes,short_answer,7,arabic,,هي كل سلوك غير قانوني يتم باستخدام الأجهزة الإلكترونية) الهاتف، الكمبيوتر، الانترنت (ينتج عنه حصول المجرم على فوائد مادية أو معنوية مع تحميل الضحية خسارة   وغالبا ما يكون هدف هذه الجرائم هو القرصنة من أجل سرقة أو إتلاف المعلومات وتكون عادة الانترنت أداة لها أو مسرحا لها,"{""question_type"": ""عرف المصطلح العلمي""}"
arasag,10,عرف مصطلح الجريمة الإلكترونية ,هو كل سلوك غير قانوني يتم بإستخدام الأجهزة الإلكترونية (كمبيوتر، هاتف محمول و الأنترنت) يقوم من خلاله المجرم بالحصول على فوائد مادية أو معنوية و تحميل الضحية خسائر و غالبا يقوم المجرم بسرقة أو إتلاف المعلومات .,5,0.0,5.0,cybercrimes,short_answer,7,arabic,,هي كل سلوك غير قانوني يتم باستخدام الأجهزة الإلكترونية) الهاتف، الكمبيوتر، الانترنت (ينتج عنه حصول المجرم على فوائد مادية أو معنوية مع تحميل الضحية خسارة   وغالبا ما يكون هدف هذه الجرائم هو القرصنة من أجل سرقة أو إتلاف المعلومات وتكون عادة الانترنت أداة لها أو مسرحا لها,"{""question_type"": ""عرف المصطلح العلمي""}"
arasag,10,عرف مصطلح الجريمة الإلكترونية ,هي سلوك غير قانوني يعتمد على إستعمال الأجهزة الإلكترونية تكون فيها منفعة للجهة القائمة بالجريمة و تقابلها خسارة مادية أو معنوية للضحية .,4,0.0,5.0,cybercrimes,short_answer,7,arabic,,هي كل سلوك غير قانوني يتم باستخدام الأجهزة الإلكترونية) الهاتف، الكمبيوتر، الانترنت (ينتج عنه حصول المجرم على فوائد مادية أو معنوية مع تحميل الضحية خسارة   وغالبا ما يكون هدف هذه الجرائم هو القرصنة من أجل سرقة أو إتلاف المعلومات وتكون عادة الانترنت أداة لها أو مسرحا لها,"{""question_type"": ""عرف المصطلح العلمي""}"
arasag,10,عرف مصطلح الجريمة الإلكترونية ,هي كل سلوك غير قانوني يتم عن طريق الأجهزة الإلكترونية يستخدمها المجرم لأخذ فوائد مادية و معنوية و يفعل بالمستخدم ضحية .,4,0.0,5.0,cybercrimes,short_answer,7,arabic,,هي كل سلوك غير قانوني يتم باستخدام الأجهزة الإلكترونية) الهاتف، الكمبيوتر، الانترنت (ينتج عنه حصول المجرم على فوائد مادية أو معنوية مع تحميل الضحية خسارة   وغالبا ما يكون هدف هذه الجرائم هو القرصنة من أجل سرقة أو إتلاف المعلومات وتكون عادة الانترنت أداة لها أو مسرحا لها,"{""question_type"": ""عرف المصطلح العلمي""}"
arasag,10,عرف مصطلح الجريمة الإلكترونية ,هي جريمة تقع بإستخدام أدوات إلكترونية بطريقة غير قانونية للتحصل على أمور مادية أو معنوية من شخص و يقابله خسائر مادية أو معنوية .,3,0.0,5.0,cybercrimes,short_answer,7,arabic,,هي كل سلوك غير قانوني يتم باستخدام الأجهزة الإلكترونية) الهاتف، الكمبيوتر، الانترنت (ينتج عنه حصول المجرم على فوائد مادية أو معنوية مع تحميل الضحية خسارة   وغالبا ما يكون هدف هذه الجرائم هو القرصنة من أجل سرقة أو إتلاف المعلومات وتكون عادة الانترنت أداة لها أو مسرحا لها,"{""question_type"": ""عرف المصطلح العلمي""}"
arasag,10,عرف مصطلح الجريمة الإلكترونية ,هي كل سلوك غير قانوني يتم بإستخدام الأجهزة الإلكترونية و الأنترنت، يحصل المخترق منها على فوائد مادية أو معنوية ، بينما تحمل الضحية الخسائر .,4,0.0,5.0,cybercrimes,short_answer,7,arabic,,هي كل سلوك غير قانوني يتم باستخدام الأجهزة الإلكترونية) الهاتف، الكمبيوتر، الانترنت (ينتج عنه حصول المجرم على فوائد مادية أو معنوية مع تحميل الضحية خسارة   وغالبا ما يكون هدف هذه الجرائم هو القرصنة من أجل سرقة أو إتلاف المعلومات وتكون عادة الانترنت أداة لها أو مسرحا لها,"{""question_type"": ""عرف المصطلح العلمي""}"
arasag,10,عرف مصطلح الجريمة الإلكترونية ,هي سلوك غير قانوني يتم بإستعمال الأجهزة الإلكترونية و الأجهزة الحديثة تعود بالفائدة على من يقوم بها و تسبب أضرارا لأطراف أخرى و أكثرها التي تتعلق بالاختراق و القرصنة التي تؤدي إلى تخريب البيانات .,3,0.0,5.0,cybercrimes,short_answer,7,arabic,,هي كل سلوك غير قانوني يتم باستخدام الأجهزة الإلكترونية) الهاتف، الكمبيوتر، الانترنت (ينتج عنه حصول المجرم على فوائد مادية أو معنوية مع تحميل الضحية خسارة   وغالبا ما يكون هدف هذه الجرائم هو القرصنة من أجل سرقة أو إتلاف المعلومات وتكون عادة الانترنت أداة لها أو مسرحا لها,"{""question_type"": ""عرف المصطلح العلمي""}"
arasag,10,عرف مصطلح الجريمة الإلكترونية ,هي كل سلوك غير قانوني بإستخدام الأجهزة الإلكترونية سواءا كان هاتف أم حاسوب و ذلك عن طريق الانترنت و يترتب عن ذلك فوائد مادية لمصلحة المخترق مع تكليف الضحية خسائر غالبا .,4,0.0,5.0,cybercrimes,short_answer,7,arabic,,هي كل سلوك غير قانوني يتم باستخدام الأجهزة الإلكترونية) الهاتف، الكمبيوتر، الانترنت (ينتج عنه حصول المجرم على فوائد مادية أو معنوية مع تحميل الضحية خسارة   وغالبا ما يكون هدف هذه الجرائم هو القرصنة من أجل سرقة أو إتلاف المعلومات وتكون عادة الانترنت أداة لها أو مسرحا لها,"{""question_type"": ""عرف المصطلح العلمي""}"
arasag,10,عرف مصطلح الجريمة الإلكترونية ,هو سلوك غير قانوني يتم فيها إستعمال أجهزة إلكترونية و الحصول على فوائد مادية أو غير مادية .,2,0.0,5.0,cybercrimes,short_answer,7,arabic,,هي كل سلوك غير قانوني يتم باستخدام الأجهزة الإلكترونية) الهاتف، الكمبيوتر، الانترنت (ينتج عنه حصول المجرم على فوائد مادية أو معنوية مع تحميل الضحية خسارة   وغالبا ما يكون هدف هذه الجرائم هو القرصنة من أجل سرقة أو إتلاف المعلومات وتكون عادة الانترنت أداة لها أو مسرحا لها,"{""question_type"": ""عرف المصطلح العلمي""}"
arasag,10,عرف مصطلح الجريمة الإلكترونية ,هي كل فعل قانوني يتم عن طريق الأجهزة الإلكترونية .,1,0.0,5.0,cybercrimes,short_answer,7,arabic,,هي كل سلوك غير قانوني يتم باستخدام الأجهزة الإلكترونية) الهاتف، الكمبيوتر، الانترنت (ينتج عنه حصول المجرم على فوائد مادية أو معنوية مع تحميل الضحية خسارة   وغالبا ما يكون هدف هذه الجرائم هو القرصنة من أجل سرقة أو إتلاف المعلومات وتكون عادة الانترنت أداة لها أو مسرحا لها,"{""question_type"": ""عرف المصطلح العلمي""}"
arasag,10,عرف مصطلح الجريمة الإلكترونية ,هو كل سلوك غير قانوني يتم بإستخدام التقنيات الحديثة و يكلف الضحية خسائر كبيرة .,2,0.0,5.0,cybercrimes,short_answer,7,arabic,,هي كل سلوك غير قانوني يتم باستخدام الأجهزة الإلكترونية) الهاتف، الكمبيوتر، الانترنت (ينتج عنه حصول المجرم على فوائد مادية أو معنوية مع تحميل الضحية خسارة   وغالبا ما يكون هدف هذه الجرائم هو القرصنة من أجل سرقة أو إتلاف المعلومات وتكون عادة الانترنت أداة لها أو مسرحا لها,"{""question_type"": ""عرف المصطلح العلمي""}"
arasag,10,عرف مصطلح الجريمة الإلكترونية ,هي فعل غير قانوني يتم بإستخدام الأجهزة الإلكترونية يستفيد فيه المجرم من أرباح مادية أو معنوية مقابل خسارة للضحية غالبا ما يكون هدفه الحصول على البيانات أو إتلافها .,5,0.0,5.0,cybercrimes,short_answer,7,arabic,,هي كل سلوك غير قانوني يتم باستخدام الأجهزة الإلكترونية) الهاتف، الكمبيوتر، الانترنت (ينتج عنه حصول المجرم على فوائد مادية أو معنوية مع تحميل الضحية خسارة   وغالبا ما يكون هدف هذه الجرائم هو القرصنة من أجل سرقة أو إتلاف المعلومات وتكون عادة الانترنت أداة لها أو مسرحا لها,"{""question_type"": ""عرف المصطلح العلمي""}"
arasag,10,عرف مصطلح الجريمة الإلكترونية ,هي سلوك غير قانوني يتم إستهلاك الأجهزة الإلكترونية ، ينتج من خلاله فوائد مادية و معنوية على المجرم و خسائر على الضحية .,3,0.0,5.0,cybercrimes,short_answer,7,arabic,,هي كل سلوك غير قانوني يتم باستخدام الأجهزة الإلكترونية) الهاتف، الكمبيوتر، الانترنت (ينتج عنه حصول المجرم على فوائد مادية أو معنوية مع تحميل الضحية خسارة   وغالبا ما يكون هدف هذه الجرائم هو القرصنة من أجل سرقة أو إتلاف المعلومات وتكون عادة الانترنت أداة لها أو مسرحا لها,"{""question_type"": ""عرف المصطلح العلمي""}"
arasag,10,عرف مصطلح الجريمة الإلكترونية ,هو عملية غير قانونية يرتكبها فرد أو جماعة أفراد بإستخدام أدوات و أفكار في علم المعلوماتية ، سرقة أو إختراق الأنظمة .,3,0.0,5.0,cybercrimes,short_answer,7,arabic,,هي كل سلوك غير قانوني يتم باستخدام الأجهزة الإلكترونية) الهاتف، الكمبيوتر، الانترنت (ينتج عنه حصول المجرم على فوائد مادية أو معنوية مع تحميل الضحية خسارة   وغالبا ما يكون هدف هذه الجرائم هو القرصنة من أجل سرقة أو إتلاف المعلومات وتكون عادة الانترنت أداة لها أو مسرحا لها,"{""question_type"": ""عرف المصطلح العلمي""}"
arasag,10,عرف مصطلح الجريمة الإلكترونية ,هي نشاط غير قانوني يتم عبر الاجهزة الالكترونية بفائدة سرقة او تخريب المعلومات حيث ينتج عنها خسارة للضحية سواء ماديا او معنويا,4,0.0,5.0,cybercrimes,short_answer,7,arabic,,هي كل سلوك غير قانوني يتم باستخدام الأجهزة الإلكترونية) الهاتف، الكمبيوتر، الانترنت (ينتج عنه حصول المجرم على فوائد مادية أو معنوية مع تحميل الضحية خسارة   وغالبا ما يكون هدف هذه الجرائم هو القرصنة من أجل سرقة أو إتلاف المعلومات وتكون عادة الانترنت أداة لها أو مسرحا لها,"{""question_type"": ""عرف المصطلح العلمي""}"
arasag,10,عرف مصطلح الجريمة الإلكترونية ,هو سلوك غير قانوني لاختراق مستخدمي الحاسوب للاستيلاء على معلوماتهم الشخصية واستعمالها لأغراض أخرى. ,2,0.0,5.0,cybercrimes,short_answer,7,arabic,,هي كل سلوك غير قانوني يتم باستخدام الأجهزة الإلكترونية) الهاتف، الكمبيوتر، الانترنت (ينتج عنه حصول المجرم على فوائد مادية أو معنوية مع تحميل الضحية خسارة   وغالبا ما يكون هدف هذه الجرائم هو القرصنة من أجل سرقة أو إتلاف المعلومات وتكون عادة الانترنت أداة لها أو مسرحا لها,"{""question_type"": ""عرف المصطلح العلمي""}"
arasag,10,عرف مصطلح الجريمة الإلكترونية ,جرائم تقع بواسطة الانترنت أو فيها بواسطة اشخاص او تنظيمات لهدف سرقة بيانات، تخريب نظام، مواجهة اشخاص او جهات…,4,0.0,5.0,cybercrimes,short_answer,7,arabic,,هي كل سلوك غير قانوني يتم باستخدام الأجهزة الإلكترونية) الهاتف، الكمبيوتر، الانترنت (ينتج عنه حصول المجرم على فوائد مادية أو معنوية مع تحميل الضحية خسارة   وغالبا ما يكون هدف هذه الجرائم هو القرصنة من أجل سرقة أو إتلاف المعلومات وتكون عادة الانترنت أداة لها أو مسرحا لها,"{""question_type"": ""عرف المصطلح العلمي""}"
arasag,10,عرف مصطلح الجريمة الإلكترونية ,هي سلوك غير قانوني في اختراق الأنظمة بإستخدام الوسائل الالكترونية) الانترنت، المحمول، الكمبيوتر( يهدف المجرم الى الاستغلال المادي و المعنوي و يحمل الضحية خسائر مقابلة، يقوم المجرم بالتطلع أو سرقة المعلومات السرية. ,4,0.0,5.0,cybercrimes,short_answer,7,arabic,,هي كل سلوك غير قانوني يتم باستخدام الأجهزة الإلكترونية) الهاتف، الكمبيوتر، الانترنت (ينتج عنه حصول المجرم على فوائد مادية أو معنوية مع تحميل الضحية خسارة   وغالبا ما يكون هدف هذه الجرائم هو القرصنة من أجل سرقة أو إتلاف المعلومات وتكون عادة الانترنت أداة لها أو مسرحا لها,"{""question_type"": ""عرف المصطلح العلمي""}"
arasag,10,عرف مصطلح الجريمة الإلكترونية ,هي كل سلوك غير قانوني يتم باستخدام الوسائل الالكترونية (الأجهزة) حيث يحصل المجرم على  فوائد المادية و معنوية و قد يلحق الضرر بالضحية لهدف  سرقة المعلومات أو إتلافها أو الإطلاع عليها. ,5,0.0,5.0,cybercrimes,short_answer,7,arabic,,هي كل سلوك غير قانوني يتم باستخدام الأجهزة الإلكترونية) الهاتف، الكمبيوتر، الانترنت (ينتج عنه حصول المجرم على فوائد مادية أو معنوية مع تحميل الضحية خسارة   وغالبا ما يكون هدف هذه الجرائم هو القرصنة من أجل سرقة أو إتلاف المعلومات وتكون عادة الانترنت أداة لها أو مسرحا لها,"{""question_type"": ""عرف المصطلح العلمي""}"
arasag,10,عرف مصطلح الجريمة الإلكترونية ,هي ممارسة غير قانونية تتم عن طريق الأجهزة الذكية و يقوم فيها المجرم بمضايقة و إحراج المستخدم لتحقيق أهداف شخصية ,3,0.0,5.0,cybercrimes,short_answer,7,arabic,,هي كل سلوك غير قانوني يتم باستخدام الأجهزة الإلكترونية) الهاتف، الكمبيوتر، الانترنت (ينتج عنه حصول المجرم على فوائد مادية أو معنوية مع تحميل الضحية خسارة   وغالبا ما يكون هدف هذه الجرائم هو القرصنة من أجل سرقة أو إتلاف المعلومات وتكون عادة الانترنت أداة لها أو مسرحا لها,"{""question_type"": ""عرف المصطلح العلمي""}"
arasag,10,عرف مصطلح الجريمة الإلكترونية ,هو كل سلوك يعاقب عليه القانون يحدث بواسطة الأنترنيت.,1,0.0,5.0,cybercrimes,short_answer,7,arabic,,هي كل سلوك غير قانوني يتم باستخدام الأجهزة الإلكترونية) الهاتف، الكمبيوتر، الانترنت (ينتج عنه حصول المجرم على فوائد مادية أو معنوية مع تحميل الضحية خسارة   وغالبا ما يكون هدف هذه الجرائم هو القرصنة من أجل سرقة أو إتلاف المعلومات وتكون عادة الانترنت أداة لها أو مسرحا لها,"{""question_type"": ""عرف المصطلح العلمي""}"
arasag,10,عرف مصطلح الجريمة الإلكترونية ,أساليب و أفعال غير قانونية تستهدف الحواسيب والبرامج الالكترونية بواسطة الهواتف النقالة والانترنت هدفها أخذ أو تغيير أو اتلاف المعلومات و كذا التجسس على الأفراد و تشويه سمعتهم مقابل ربح مادي.,4,0.0,5.0,cybercrimes,short_answer,7,arabic,,هي كل سلوك غير قانوني يتم باستخدام الأجهزة الإلكترونية) الهاتف، الكمبيوتر، الانترنت (ينتج عنه حصول المجرم على فوائد مادية أو معنوية مع تحميل الضحية خسارة   وغالبا ما يكون هدف هذه الجرائم هو القرصنة من أجل سرقة أو إتلاف المعلومات وتكون عادة الانترنت أداة لها أو مسرحا لها,"{""question_type"": ""عرف المصطلح العلمي""}"
arasag,10,عرف مصطلح الجريمة الإلكترونية ,"هي كل سلوك غير قانوني يتم باستخدام أجهزة الكترونية (هاتف ذكي , أنترنت) ينتج عنه الحاق ضرر و أذى لشخص ما عن عمد و يتحصل فيه المجرم على عائد مادي أو معنوي , غالبا ما يكون الهدف من هذه الجرائم هو اتلاف أو سرقة المعلومات .",5,0.0,5.0,cybercrimes,short_answer,7,arabic,,هي كل سلوك غير قانوني يتم باستخدام الأجهزة الإلكترونية) الهاتف، الكمبيوتر، الانترنت (ينتج عنه حصول المجرم على فوائد مادية أو معنوية مع تحميل الضحية خسارة   وغالبا ما يكون هدف هذه الجرائم هو القرصنة من أجل سرقة أو إتلاف المعلومات وتكون عادة الانترنت أداة لها أو مسرحا لها,"{""question_type"": ""عرف المصطلح العلمي""}"
arasag,10,عرف مصطلح الجريمة الإلكترونية ,هي سلوك غير قانوني يتم باستخدام الوسائل الالكترونية) الهاتف ، الكمبيوتر، الانترنت( ينتج عنه استفادة المجرم من المعلومات الشخصية مع خسارة مقابلة للضحية وينتج عنه سرقة معلومات والقرصنة.,5,0.0,5.0,cybercrimes,short_answer,7,arabic,,هي كل سلوك غير قانوني يتم باستخدام الأجهزة الإلكترونية) الهاتف، الكمبيوتر، الانترنت (ينتج عنه حصول المجرم على فوائد مادية أو معنوية مع تحميل الضحية خسارة   وغالبا ما يكون هدف هذه الجرائم هو القرصنة من أجل سرقة أو إتلاف المعلومات وتكون عادة الانترنت أداة لها أو مسرحا لها,"{""question_type"": ""عرف المصطلح العلمي""}"
arasag,10,عرف مصطلح الجريمة الإلكترونية ,هي سلوك اجرامي يعاقب عليه القانون يتم باستخدم أجهزة إلكترونية الهاتف الحاسب الالي إلى اخره بهدف إلى اختراق لغرض التشهير بالضحية.,3,0.0,5.0,cybercrimes,short_answer,7,arabic,,هي كل سلوك غير قانوني يتم باستخدام الأجهزة الإلكترونية) الهاتف، الكمبيوتر، الانترنت (ينتج عنه حصول المجرم على فوائد مادية أو معنوية مع تحميل الضحية خسارة   وغالبا ما يكون هدف هذه الجرائم هو القرصنة من أجل سرقة أو إتلاف المعلومات وتكون عادة الانترنت أداة لها أو مسرحا لها,"{""question_type"": ""عرف المصطلح العلمي""}"
arasag,10,عرف مصطلح الجريمة الإلكترونية ,هي كل جريمة أو مخالفة تقع على النت أو عن طريق الأجهزة الإلكترونية ،بغرض سرقة أو تخريب أو استبدال المعلومات قصد مصلحة ما ، ينتج عنها خسائر مادية أو معنوية للمعتدى عليه.,5,0.0,5.0,cybercrimes,short_answer,7,arabic,,هي كل سلوك غير قانوني يتم باستخدام الأجهزة الإلكترونية) الهاتف، الكمبيوتر، الانترنت (ينتج عنه حصول المجرم على فوائد مادية أو معنوية مع تحميل الضحية خسارة   وغالبا ما يكون هدف هذه الجرائم هو القرصنة من أجل سرقة أو إتلاف المعلومات وتكون عادة الانترنت أداة لها أو مسرحا لها,"{""question_type"": ""عرف المصطلح العلمي""}"
arasag,10,عرف مصطلح الجريمة الإلكترونية ,هو سلوك غير قانوني يتم فيه استخدام التكنولوجيا والإنترنت حيث يتركز على اختراق الأنظمة و البرامج ز ذلك لأسباب مادية أو معنوية مثل سرقة المعلومات و اتلافها، التهديد ، التجسس الإلكتروني… فيترتب عليها نتائج مادية او معنوية للمعني بالاختراق.,5,0.0,5.0,cybercrimes,short_answer,7,arabic,,هي كل سلوك غير قانوني يتم باستخدام الأجهزة الإلكترونية) الهاتف، الكمبيوتر، الانترنت (ينتج عنه حصول المجرم على فوائد مادية أو معنوية مع تحميل الضحية خسارة   وغالبا ما يكون هدف هذه الجرائم هو القرصنة من أجل سرقة أو إتلاف المعلومات وتكون عادة الانترنت أداة لها أو مسرحا لها,"{""question_type"": ""عرف المصطلح العلمي""}"
arasag,10,عرف مصطلح الجريمة الإلكترونية ,هي كل سلوك غير قانوني يتم عن طريق الانترنت او الاجهزة الالكترونية يستهدف التخريب ،الابتزاز الاستغلال و الاعتداء يكون مخالفا للقيم و القانون مثل :نشر صور غير اخلاقية ،الابتزاز و التشهير، الإطلاع على بيانات المستخدمين دون اذنهم ، استغلال البيانات ،الاعتداء المادي و المعنوي ، نشر افكار متطرفة...,4,0.0,5.0,cybercrimes,short_answer,7,arabic,,هي كل سلوك غير قانوني يتم باستخدام الأجهزة الإلكترونية) الهاتف، الكمبيوتر، الانترنت (ينتج عنه حصول المجرم على فوائد مادية أو معنوية مع تحميل الضحية خسارة   وغالبا ما يكون هدف هذه الجرائم هو القرصنة من أجل سرقة أو إتلاف المعلومات وتكون عادة الانترنت أداة لها أو مسرحا لها,"{""question_type"": ""عرف المصطلح العلمي""}"
arasag,10,عرف مصطلح الجريمة الإلكترونية ,هي كل سلوك غير قانوني يتم باستعمال أجهزة إلكترونية) هاتف، كمبيوتر، انترنت (حيث يستطيع المجرم الاستفادة ماديا أو معنويا مع تحميل خسارة مقابلة للضحية، غالبا ما تكون أهداف الجريمة سرقة أو تغيير أو إتلاف المعلومات. ,5,0.0,5.0,cybercrimes,short_answer,7,arabic,,هي كل سلوك غير قانوني يتم باستخدام الأجهزة الإلكترونية) الهاتف، الكمبيوتر، الانترنت (ينتج عنه حصول المجرم على فوائد مادية أو معنوية مع تحميل الضحية خسارة   وغالبا ما يكون هدف هذه الجرائم هو القرصنة من أجل سرقة أو إتلاف المعلومات وتكون عادة الانترنت أداة لها أو مسرحا لها,"{""question_type"": ""عرف المصطلح العلمي""}"
arasag,10,عرف مصطلح الجريمة الإلكترونية ,هي عملية غير قانونية تتم بواسطة الأجهزة الالكترونية) كمبيوتر، هاتف انترنت (ينتج وينجر عنه حصول المجرم على فوائد مادية أو عنوية كما يتحمل الضحية خسائر في المقابل، صدق هذه الجرائم غالبا ما يكون الحصول على معلومات من أجل سرقتها أو اتلافها وتخزينها أو لأغراض أخرى. ,5,0.0,5.0,cybercrimes,short_answer,7,arabic,,هي كل سلوك غير قانوني يتم باستخدام الأجهزة الإلكترونية) الهاتف، الكمبيوتر، الانترنت (ينتج عنه حصول المجرم على فوائد مادية أو معنوية مع تحميل الضحية خسارة   وغالبا ما يكون هدف هذه الجرائم هو القرصنة من أجل سرقة أو إتلاف المعلومات وتكون عادة الانترنت أداة لها أو مسرحا لها,"{""question_type"": ""عرف المصطلح العلمي""}"
arasag,10,عرف مصطلح الجريمة الإلكترونية ,هي عمل غير قانوني يتم بواسطة الوسائل الالكترونية (هاتف، انترنت، حاسوب) هدفها أخذ وسلب الضحية معلوماته وأشيائه السرية و غالبا ما يدفع الضحية مقابل هذه الجريمة، هدفها اتلاف و سرقة المعلومات. ,4,0.0,5.0,cybercrimes,short_answer,7,arabic,,هي كل سلوك غير قانوني يتم باستخدام الأجهزة الإلكترونية) الهاتف، الكمبيوتر، الانترنت (ينتج عنه حصول المجرم على فوائد مادية أو معنوية مع تحميل الضحية خسارة   وغالبا ما يكون هدف هذه الجرائم هو القرصنة من أجل سرقة أو إتلاف المعلومات وتكون عادة الانترنت أداة لها أو مسرحا لها,"{""question_type"": ""عرف المصطلح العلمي""}"
arasag,10,عرف مصطلح الجريمة الإلكترونية ,هي كل جريمة تتم عن طريق استخدام الوسائل الحديثة) هواتف، حاسوب، انترنت (في هدف تحقيق مادي أو معنوي لتنفيذها و هي تلحق أضرار بالضحية و تكبدها خسائر مادية. ,4,0.0,5.0,cybercrimes,short_answer,7,arabic,,هي كل سلوك غير قانوني يتم باستخدام الأجهزة الإلكترونية) الهاتف، الكمبيوتر، الانترنت (ينتج عنه حصول المجرم على فوائد مادية أو معنوية مع تحميل الضحية خسارة   وغالبا ما يكون هدف هذه الجرائم هو القرصنة من أجل سرقة أو إتلاف المعلومات وتكون عادة الانترنت أداة لها أو مسرحا لها,"{""question_type"": ""عرف المصطلح العلمي""}"
arasag,10,عرف مصطلح الجريمة الإلكترونية ,هي ممارسات غير قانونية ترتكب باستعمال أجهزة الكترونية (الحاسب، الانترنت، الهاتف) حيث يهدف منها المجرم، ماديا أو معنويا في المقابل يلحق الضرر بالضحية أبرزها تكون في سبيل قرصنة المعلومات أو تدمير أنظمة الأمان.. ,4,0.0,5.0,cybercrimes,short_answer,7,arabic,,هي كل سلوك غير قانوني يتم باستخدام الأجهزة الإلكترونية) الهاتف، الكمبيوتر، الانترنت (ينتج عنه حصول المجرم على فوائد مادية أو معنوية مع تحميل الضحية خسارة   وغالبا ما يكون هدف هذه الجرائم هو القرصنة من أجل سرقة أو إتلاف المعلومات وتكون عادة الانترنت أداة لها أو مسرحا لها,"{""question_type"": ""عرف المصطلح العلمي""}"
arasag,10,عرف مصطلح الجريمة الإلكترونية ,هي سلوك غير قانوني يقوم به المجرم على الفرد، المنظمات، منظمات حكومية أي على الآخرين من أجل مصالح مادية أو معنوية يكبد الضحية خسائر و د تسمل تخريب أو سرقة و تغيير معلومات.,4,0.0,5.0,cybercrimes,short_answer,7,arabic,,هي كل سلوك غير قانوني يتم باستخدام الأجهزة الإلكترونية) الهاتف، الكمبيوتر، الانترنت (ينتج عنه حصول المجرم على فوائد مادية أو معنوية مع تحميل الضحية خسارة   وغالبا ما يكون هدف هذه الجرائم هو القرصنة من أجل سرقة أو إتلاف المعلومات وتكون عادة الانترنت أداة لها أو مسرحا لها,"{""question_type"": ""عرف المصطلح العلمي""}"
arasag,9,عرف مصطلح أمن المعلومات,  هي الوسائل والأدوات والسياسات والإجراءات المستخدمة لضمان خصوصية و تكامل وتوافر المعلومات ومنع الوصول اليها او حذفها او مسها بدون حق,4,0.0,5.0,cybercrimes,short_answer,7,arabic,,حماية وتأمين كافة الموارد المستخدمة في معالجة المعلومات من منشآت نفسها والأفراد العاملين فيها وأجهزة الحاسب المستخدمة فيها ووسائط المعلومات التي تحتوي على البيانات    وذلك في جميع مراحل تواجد المعلومة (التخزين – النقل – المعالجة),"{""question_type"": ""عرف المصطلح العلمي""}"
arasag,9,عرف مصطلح أمن المعلومات,هو الوسائل التقنية والفنية والإدارية اللازم توفيرها لحماية معالجة المعلومة )تخزينها، نقلها، معالجتها(,3,0.0,5.0,cybercrimes,short_answer,7,arabic,,حماية وتأمين كافة الموارد المستخدمة في معالجة المعلومات من منشآت نفسها والأفراد العاملين فيها وأجهزة الحاسب المستخدمة فيها ووسائط المعلومات التي تحتوي على البيانات    وذلك في جميع مراحل تواجد المعلومة (التخزين – النقل – المعالجة),"{""question_type"": ""عرف المصطلح العلمي""}"
arasag,9,عرف مصطلح أمن المعلومات,هو الوسائل والتقنيات المستعملة في تقوية أنظمة الأمن ،بحيث نحمي المعلومات من السرقة و التخريب و التبديل,3,0.0,5.0,cybercrimes,short_answer,7,arabic,,حماية وتأمين كافة الموارد المستخدمة في معالجة المعلومات من منشآت نفسها والأفراد العاملين فيها وأجهزة الحاسب المستخدمة فيها ووسائط المعلومات التي تحتوي على البيانات    وذلك في جميع مراحل تواجد المعلومة (التخزين – النقل – المعالجة),"{""question_type"": ""عرف المصطلح العلمي""}"
arasag,9,عرف مصطلح أمن المعلومات,هو تأمين المنشأة نفسها وموظفيها وأنظمتها و أجهزتها و الوسائط التي تحتوي على المعلومة في كل مراحل تواجدها وتخزين (نقل ومعالجة),4,0.0,5.0,cybercrimes,short_answer,7,arabic,,حماية وتأمين كافة الموارد المستخدمة في معالجة المعلومات من منشآت نفسها والأفراد العاملين فيها وأجهزة الحاسب المستخدمة فيها ووسائط المعلومات التي تحتوي على البيانات    وذلك في جميع مراحل تواجد المعلومة (التخزين – النقل – المعالجة),"{""question_type"": ""عرف المصطلح العلمي""}"
arasag,9,عرف مصطلح أمن المعلومات,هو حماية المعلومات من التجسس و الاختراق وذلك بوحدة وسائل الكترونية او مادية وذلك للحد من الجريمة الالكترونية,2,0.0,5.0,cybercrimes,short_answer,7,arabic,,حماية وتأمين كافة الموارد المستخدمة في معالجة المعلومات من منشآت نفسها والأفراد العاملين فيها وأجهزة الحاسب المستخدمة فيها ووسائط المعلومات التي تحتوي على البيانات    وذلك في جميع مراحل تواجد المعلومة (التخزين – النقل – المعالجة),"{""question_type"": ""عرف المصطلح العلمي""}"
arasag,9,عرف مصطلح أمن المعلومات,هو حماية وأمن الموارد المستخدمة في معالجة المعلومات وهذا خلال كل مراحل المعالجة)التخزين والنقل والمعالجة(,3,0.0,5.0,cybercrimes,short_answer,7,arabic,,حماية وتأمين كافة الموارد المستخدمة في معالجة المعلومات من منشآت نفسها والأفراد العاملين فيها وأجهزة الحاسب المستخدمة فيها ووسائط المعلومات التي تحتوي على البيانات    وذلك في جميع مراحل تواجد المعلومة (التخزين – النقل – المعالجة),"{""question_type"": ""عرف المصطلح العلمي""}"
arasag,9,عرف مصطلح أمن المعلومات,هو تأمين وحماية كافة الموارد المستخدمة في معالجة المعلومة في كل مراحل معالجتها )التخزين والنقل و المعالجة(,3,0.0,5.0,cybercrimes,short_answer,7,arabic,,حماية وتأمين كافة الموارد المستخدمة في معالجة المعلومات من منشآت نفسها والأفراد العاملين فيها وأجهزة الحاسب المستخدمة فيها ووسائط المعلومات التي تحتوي على البيانات    وذلك في جميع مراحل تواجد المعلومة (التخزين – النقل – المعالجة),"{""question_type"": ""عرف المصطلح العلمي""}"
arasag,9,عرف مصطلح أمن المعلومات,هو تأمين جميع الوسائط المستعملة في معالجة المعلومات حيث تأمن المنشأة نفسها، الأفراد العاملين فيها، واجهزة الحاسب التي فيها و جميع أماكن تواجد البيانات خلال النقل، التخزين، المعالجة.,4,0.0,5.0,cybercrimes,short_answer,7,arabic,,حماية وتأمين كافة الموارد المستخدمة في معالجة المعلومات من منشآت نفسها والأفراد العاملين فيها وأجهزة الحاسب المستخدمة فيها ووسائط المعلومات التي تحتوي على البيانات    وذلك في جميع مراحل تواجد المعلومة (التخزين – النقل – المعالجة),"{""question_type"": ""عرف المصطلح العلمي""}"
arasag,9,عرف مصطلح أمن المعلومات,هو حماية للمعلومات من خطر القرصنة و الاختراق,1,0.0,5.0,cybercrimes,short_answer,7,arabic,,حماية وتأمين كافة الموارد المستخدمة في معالجة المعلومات من منشآت نفسها والأفراد العاملين فيها وأجهزة الحاسب المستخدمة فيها ووسائط المعلومات التي تحتوي على البيانات    وذلك في جميع مراحل تواجد المعلومة (التخزين – النقل – المعالجة),"{""question_type"": ""عرف المصطلح العلمي""}"
arasag,9,عرف مصطلح أمن المعلومات,من الناحية الاكاديمية: هو العلم الذي يبحث في النظريات و الاستراتيجيات توفير الحماية للمعلومات من الأخطار التي تهددها ، من الناحية التقنية: هي الوسائل والأدوات والإجراءات اللازمة لحماية المعلومات من الأخطار الداخلية والخارجية، من الناحية القانونية: هي محل الدراسات اللازمة لضمان سرية وسلامة محتوى المعلومات.,4,0.0,5.0,cybercrimes,short_answer,7,arabic,,حماية وتأمين كافة الموارد المستخدمة في معالجة المعلومات من منشآت نفسها والأفراد العاملين فيها وأجهزة الحاسب المستخدمة فيها ووسائط المعلومات التي تحتوي على البيانات    وذلك في جميع مراحل تواجد المعلومة (التخزين – النقل – المعالجة),"{""question_type"": ""عرف المصطلح العلمي""}"
arasag,9,عرف مصطلح أمن المعلومات,مختلف الوسائل المستعملة لمعالجة المعلومات فمن الناحية الأكاديمية علم يدرس الاستراتيجيات لحماية المعلومات ، ومن الناحية التقنية مختلف الأدوات و الوسائل اللازمة لحماية المعلومات من الداخل و الخارج، من الناحية القانونية الطرق و التشريعات التنظيمية لحماية المعلومات.,4,0.0,5.0,cybercrimes,short_answer,7,arabic,,حماية وتأمين كافة الموارد المستخدمة في معالجة المعلومات من منشآت نفسها والأفراد العاملين فيها وأجهزة الحاسب المستخدمة فيها ووسائط المعلومات التي تحتوي على البيانات    وذلك في جميع مراحل تواجد المعلومة (التخزين – النقل – المعالجة),"{""question_type"": ""عرف المصطلح العلمي""}"
arasag,9,عرف مصطلح أمن المعلومات,هو إستعمال الموارد المتوفرة من أجل حماية المعلومات و البيانات ، من الناحية الأكاديمية : هو علم محاربة الإختراق ، من الناحية التقنية تطوير التقنيات و البرامج لمحاربة الإختراق، من الناحية الإدارية : إستعمال القانون و التشريعات.,4,0.0,5.0,cybercrimes,short_answer,7,arabic,,حماية وتأمين كافة الموارد المستخدمة في معالجة المعلومات من منشآت نفسها والأفراد العاملين فيها وأجهزة الحاسب المستخدمة فيها ووسائط المعلومات التي تحتوي على البيانات    وذلك في جميع مراحل تواجد المعلومة (التخزين – النقل – المعالجة),"{""question_type"": ""عرف المصطلح العلمي""}"
arasag,9,عرف مصطلح أمن المعلومات,الناحية التقنية: يبحث العلم عن النظريات والاستراتيجيات لتوفير الحماية للمعلومات من التهديدات و حظر الاعتداء، الناحية القانونية: تعمل الدولة على توفر نظام حماية المعلومات السرية من الهجومات الداخلية و الخارجية.,3,0.0,5.0,cybercrimes,short_answer,7,arabic,,حماية وتأمين كافة الموارد المستخدمة في معالجة المعلومات من منشآت نفسها والأفراد العاملين فيها وأجهزة الحاسب المستخدمة فيها ووسائط المعلومات التي تحتوي على البيانات    وذلك في جميع مراحل تواجد المعلومة (التخزين – النقل – المعالجة),"{""question_type"": ""عرف المصطلح العلمي""}"
arasag,9,عرف مصطلح أمن المعلومات,هو السبيل والطرق المنهجية لضمان سلامة الأجهزة والمعلومات اثناء العمل بها وكذلك الاليات المتبعة لضمان امنها وامن الافراد المتعلقين بها  ,3,0.0,5.0,cybercrimes,short_answer,7,arabic,,حماية وتأمين كافة الموارد المستخدمة في معالجة المعلومات من منشآت نفسها والأفراد العاملين فيها وأجهزة الحاسب المستخدمة فيها ووسائط المعلومات التي تحتوي على البيانات    وذلك في جميع مراحل تواجد المعلومة (التخزين – النقل – المعالجة),"{""question_type"": ""عرف المصطلح العلمي""}"
arasag,9,عرف مصطلح أمن المعلومات,الناحية الأكاديمية: العلم الذي يستخدم الاستراتيجيات والنظريات لحماية المعلومات، التقنية: الأدوات والوسائل المستعملة لحماية المعلومات من الاعتداءات ، القانونية: التدابير والالتزامات لحماية المعلومات، بشكل عام حماية جميع الموارد المستخدمة في معالجة المعلومة المنشاة العمال والأجهزة ووسائط تخزين البيانات.,4,0.0,5.0,cybercrimes,short_answer,7,arabic,,حماية وتأمين كافة الموارد المستخدمة في معالجة المعلومات من منشآت نفسها والأفراد العاملين فيها وأجهزة الحاسب المستخدمة فيها ووسائط المعلومات التي تحتوي على البيانات    وذلك في جميع مراحل تواجد المعلومة (التخزين – النقل – المعالجة),"{""question_type"": ""عرف المصطلح العلمي""}"
arasag,9,عرف مصطلح أمن المعلومات,هو الحفاظ على جميع الموارد المستخدمة في معالجة المعلومات مرورا بجميع مراحل تشكل المعلومة التخزين النقل والمعالجة,1,0.0,5.0,cybercrimes,short_answer,7,arabic,,حماية وتأمين كافة الموارد المستخدمة في معالجة المعلومات من منشآت نفسها والأفراد العاملين فيها وأجهزة الحاسب المستخدمة فيها ووسائط المعلومات التي تحتوي على البيانات    وذلك في جميع مراحل تواجد المعلومة (التخزين – النقل – المعالجة),"{""question_type"": ""عرف المصطلح العلمي""}"
arasag,9,عرف مصطلح أمن المعلومات,هو حماية وتامين المعلومات من التخريب( سرقة، تغيير)، نظام المعلومات حيث كل منشأة تقوم بحماية نفسها وحماية الموظفين العاملين عليها وحماية الأجهزة والحاسبات الآلية وحماية البيانات المخزنة فيها في كل الأوساط من المخترقين وأي وسيلة تخريب في مختلف مراحل المعلومة ( تخزين نقل معالجة).,5,0.0,5.0,cybercrimes,short_answer,7,arabic,,حماية وتأمين كافة الموارد المستخدمة في معالجة المعلومات من منشآت نفسها والأفراد العاملين فيها وأجهزة الحاسب المستخدمة فيها ووسائط المعلومات التي تحتوي على البيانات    وذلك في جميع مراحل تواجد المعلومة (التخزين – النقل – المعالجة),"{""question_type"": ""عرف المصطلح العلمي""}"
arasag,9,عرف مصطلح أمن المعلومات,أكاديميا: يعتبر العلم الذي يبحث في استراتيجيات حماية المعلومات ، فنيا: هو الوسائل والتقنيات والتدابير اللازمة لضمان حماية المعلومات ، قانونيا: هو الاجراءات الواجب اتخاذها لضمان سرية وسلامة وتوفر المعلومات ومحاربة انشطة الاعتداء عليها ، بصفة عامة هو حماية كل الموارد المستخدمة في معالجة المعلومات في كافة اشكال تواجد المعلومة.,4,0.0,5.0,cybercrimes,short_answer,7,arabic,,حماية وتأمين كافة الموارد المستخدمة في معالجة المعلومات من منشآت نفسها والأفراد العاملين فيها وأجهزة الحاسب المستخدمة فيها ووسائط المعلومات التي تحتوي على البيانات    وذلك في جميع مراحل تواجد المعلومة (التخزين – النقل – المعالجة),"{""question_type"": ""عرف المصطلح العلمي""}"
arasag,9,عرف مصطلح أمن المعلومات,من الناحية الأكاديمية: هي علم الذي يبحث فيه النظريات والاستراتيجيات لضمان حماية أمن المعلومات من المخاطر التي تهددها و أنشطة الاعتداء عليها ، من الناحية التقنية: هي جميع الرسائل والأدوات والاجراءات التي تضمن حماية المعلومات من المخاطر الخارجية والداخلية، من الناحية القانونية: هي الإجراءات و التدابير التي تضمن سلامة وسرية محتوى المعلومات وهكذا فيه الأنشطة التي تهددها ، هي حماية جميع الموارد المستخدمة على المعلومات في جميع مراحل تواجدها.,4,0.0,5.0,cybercrimes,short_answer,7,arabic,,حماية وتأمين كافة الموارد المستخدمة في معالجة المعلومات من منشآت نفسها والأفراد العاملين فيها وأجهزة الحاسب المستخدمة فيها ووسائط المعلومات التي تحتوي على البيانات    وذلك في جميع مراحل تواجد المعلومة (التخزين – النقل – المعالجة),"{""question_type"": ""عرف المصطلح العلمي""}"
arasag,9,عرف مصطلح أمن المعلومات,من الناحية الأكاديمية:هو العلم الذي يهتم بالأساليب و الاستراتيجيات لحماية المعلومات، من الناحية التقنية:هي الأدوات والوسائل المستخدمة لحماية المعلومة، من الناحية القانونية:هي الإجراءات والتدابير اللازمة لحماية و امن المعلومات ,4,0.0,5.0,cybercrimes,short_answer,7,arabic,,حماية وتأمين كافة الموارد المستخدمة في معالجة المعلومات من منشآت نفسها والأفراد العاملين فيها وأجهزة الحاسب المستخدمة فيها ووسائط المعلومات التي تحتوي على البيانات    وذلك في جميع مراحل تواجد المعلومة (التخزين – النقل – المعالجة),"{""question_type"": ""عرف المصطلح العلمي""}"
arasag,9,عرف مصطلح أمن المعلومات,هو حماية كافة المعلومات ومراحل توفرها حفاظا السرية و التوافر و التكامل: الأكاديمية:التقنيات و الاستراتيجيات، التقنية: الأدوات والوسائل و الإجراءات اللازمة، القانونية:الدراسات و التدابير,3,0.0,5.0,cybercrimes,short_answer,7,arabic,,حماية وتأمين كافة الموارد المستخدمة في معالجة المعلومات من منشآت نفسها والأفراد العاملين فيها وأجهزة الحاسب المستخدمة فيها ووسائط المعلومات التي تحتوي على البيانات    وذلك في جميع مراحل تواجد المعلومة (التخزين – النقل – المعالجة),"{""question_type"": ""عرف المصطلح العلمي""}"
arasag,9,عرف مصطلح أمن المعلومات,تعريف أكاديمي هو النظريات و الطرق التي يجب تطبيقها لحماية نظام المعلومات، تعريف تقني هو الوسائل و السياسات المطبقة من اجل حماية نظام المعلومات، تعريف قانوني هي النصوص التشريعية التي من شانها حماية الاشخاص و المؤسسات من القرصنة,4,0.0,5.0,cybercrimes,short_answer,7,arabic,,حماية وتأمين كافة الموارد المستخدمة في معالجة المعلومات من منشآت نفسها والأفراد العاملين فيها وأجهزة الحاسب المستخدمة فيها ووسائط المعلومات التي تحتوي على البيانات    وذلك في جميع مراحل تواجد المعلومة (التخزين – النقل – المعالجة),"{""question_type"": ""عرف المصطلح العلمي""}"
arasag,9,عرف مصطلح أمن المعلومات,الأكاديمي هو العلم الذي يدرس الاستراتيجيات والنظريات لتوفير امن المعلومات، التقني هو الأدوات والإجراءات والوسائل لضمان امن المعلومات، القانونية هي التدابير الأزمة لضمان سلامة وسرية و تدفق المعلومات ومكافحة الاعتداء عليها,3,0.0,5.0,cybercrimes,short_answer,7,arabic,,حماية وتأمين كافة الموارد المستخدمة في معالجة المعلومات من منشآت نفسها والأفراد العاملين فيها وأجهزة الحاسب المستخدمة فيها ووسائط المعلومات التي تحتوي على البيانات    وذلك في جميع مراحل تواجد المعلومة (التخزين – النقل – المعالجة),"{""question_type"": ""عرف المصطلح العلمي""}"
arasag,9,عرف مصطلح أمن المعلومات,هي النظم و الوسائل المتبعة لضمان امن و خصوصية المعلومات و قنوات سيرها ,2,0.0,5.0,cybercrimes,short_answer,7,arabic,,حماية وتأمين كافة الموارد المستخدمة في معالجة المعلومات من منشآت نفسها والأفراد العاملين فيها وأجهزة الحاسب المستخدمة فيها ووسائط المعلومات التي تحتوي على البيانات    وذلك في جميع مراحل تواجد المعلومة (التخزين – النقل – المعالجة),"{""question_type"": ""عرف المصطلح العلمي""}"
arasag,9,عرف مصطلح أمن المعلومات,هو تامين الحماية لأنظمة البيانات حتى لا يتم اختراقها وهي ترتكز على الحماية الادارية و الفنية,4,0.0,5.0,cybercrimes,short_answer,7,arabic,,حماية وتأمين كافة الموارد المستخدمة في معالجة المعلومات من منشآت نفسها والأفراد العاملين فيها وأجهزة الحاسب المستخدمة فيها ووسائط المعلومات التي تحتوي على البيانات    وذلك في جميع مراحل تواجد المعلومة (التخزين – النقل – المعالجة),"{""question_type"": ""عرف المصطلح العلمي""}"
arasag,9,عرف مصطلح أمن المعلومات,هو تامين و حماية جميع الموارد المستعملة في نظم المعلومات بحيث تؤمن المنشاة نفسها و الأشخاص العاملين بها وأجهزة الحاسوب و المعلومات التي تحتوي على البيانات في مختلف مراحل النقل التخزين و المعالجة,5,0.0,5.0,cybercrimes,short_answer,7,arabic,,حماية وتأمين كافة الموارد المستخدمة في معالجة المعلومات من منشآت نفسها والأفراد العاملين فيها وأجهزة الحاسب المستخدمة فيها ووسائط المعلومات التي تحتوي على البيانات    وذلك في جميع مراحل تواجد المعلومة (التخزين – النقل – المعالجة),"{""question_type"": ""عرف المصطلح العلمي""}"
arasag,9,عرف مصطلح أمن المعلومات,هو تأمين وحماية كافة الموارد المستخدمة في معالجة المعلومة في كل مراحل معالجتها (التخزين والنقل و المعالجة),5,0.0,5.0,cybercrimes,short_answer,7,arabic,,حماية وتأمين كافة الموارد المستخدمة في معالجة المعلومات من منشآت نفسها والأفراد العاملين فيها وأجهزة الحاسب المستخدمة فيها ووسائط المعلومات التي تحتوي على البيانات    وذلك في جميع مراحل تواجد المعلومة (التخزين – النقل – المعالجة),"{""question_type"": ""عرف المصطلح العلمي""}"
arasag,9,عرف مصطلح أمن المعلومات,حماية المعلومات و الوقاية من الهجمات التي تهدف الى سرقة هذه المعلومات حيث يتم استعمال تحديد هوية المستخدم  اثبات هوية المستخدم تحديد صلاحياته و مسؤولياته وكذا عدم الانكار و الخصوصية من اجل حماية المعلومات ,3,0.0,5.0,cybercrimes,short_answer,7,arabic,,حماية وتأمين كافة الموارد المستخدمة في معالجة المعلومات من منشآت نفسها والأفراد العاملين فيها وأجهزة الحاسب المستخدمة فيها ووسائط المعلومات التي تحتوي على البيانات    وذلك في جميع مراحل تواجد المعلومة (التخزين – النقل – المعالجة),"{""question_type"": ""عرف المصطلح العلمي""}"
arasag,9,عرف مصطلح أمن المعلومات,هي الاساليب و الطرق المستخدمة في الدفاع عن المعلومات الخاصة بالمستخدمين او الشركات ,1,0.0,5.0,cybercrimes,short_answer,7,arabic,,حماية وتأمين كافة الموارد المستخدمة في معالجة المعلومات من منشآت نفسها والأفراد العاملين فيها وأجهزة الحاسب المستخدمة فيها ووسائط المعلومات التي تحتوي على البيانات    وذلك في جميع مراحل تواجد المعلومة (التخزين – النقل – المعالجة),"{""question_type"": ""عرف المصطلح العلمي""}"
arasag,9,عرف مصطلح أمن المعلومات,هو حماية جميع الموارد المستخدمة في نقل و معالجة و تخزين المعلومات و كذلك المعلومات المستخدمة مع ضمان توفرها و   تكاملها و سريتها ,3,0.0,5.0,cybercrimes,short_answer,7,arabic,,حماية وتأمين كافة الموارد المستخدمة في معالجة المعلومات من منشآت نفسها والأفراد العاملين فيها وأجهزة الحاسب المستخدمة فيها ووسائط المعلومات التي تحتوي على البيانات    وذلك في جميع مراحل تواجد المعلومة (التخزين – النقل – المعالجة),"{""question_type"": ""عرف المصطلح العلمي""}"
arasag,9,عرف مصطلح أمن المعلومات,هو تامين و حماية كافة الموارد المستخدمة في معالجة المعلومات حيث ان المنشاة تؤمن نفسها و كذا الافراد العاملين عليها و اجهزة الحاسوب و الوسطيات التي تحتوي على البيانات وهذا في جميع مراحل تواجد المعلومة) النقل التخزين المعالجة(، اكاديميا العلم الذي يهتم بنظريات لتوفير الحماية للمعلومات ، فنيا هو مختلف الادوات و الوسائل التقنية المستعملة كحماية المعلومات من الاخطار، قانونيا هي مختلف التدابير التشريعات لضمان امن سرية وسلامة المعلومة توفرها و مكافحة اشكال الاجرام عليها ,5,0.0,5.0,cybercrimes,short_answer,7,arabic,,حماية وتأمين كافة الموارد المستخدمة في معالجة المعلومات من منشآت نفسها والأفراد العاملين فيها وأجهزة الحاسب المستخدمة فيها ووسائط المعلومات التي تحتوي على البيانات    وذلك في جميع مراحل تواجد المعلومة (التخزين – النقل – المعالجة),"{""question_type"": ""عرف المصطلح العلمي""}"
arasag,9,عرف مصطلح أمن المعلومات,هو تامين و حماية كافة الموارد المستخدمة في معالجة المعلومات حيث يتم تامين المنشاة و الاشخاص العاملين فيها و الاجهزة المستخدمة و البيانات من الناحية الاكاديمية هي النظريات و الاستراتيجيات لحماية المعلومات ومن الناحية التقنية هي الادوات و الوسائل و الاجراءات اللازمة اجرائها ومن الناحية القانونية هي التدابير و التصريحات لضمان سرية المعلومات و مكافحة الاعتداء عليها ,4,0.0,5.0,cybercrimes,short_answer,7,arabic,,حماية وتأمين كافة الموارد المستخدمة في معالجة المعلومات من منشآت نفسها والأفراد العاملين فيها وأجهزة الحاسب المستخدمة فيها ووسائط المعلومات التي تحتوي على البيانات    وذلك في جميع مراحل تواجد المعلومة (التخزين – النقل – المعالجة),"{""question_type"": ""عرف المصطلح العلمي""}"
arasag,9,عرف مصطلح أمن المعلومات,من الناحية الأكاديمية هو العلم الذي ينظر في نظريات و الاستراتيجيات توفير الحماية للمعلومات ومن الناحية التقنية هي الوسائل الازم توفيرها من اجل حماية المعلومات اما من الناحية القانونية هي الدراسات من اجل توفير الحماية و السرية للمعلومات اي بخلاصة هو حماية المعلومات في جميع أطوارها)النقل التخزين المعالجة (,4,0.0,5.0,cybercrimes,short_answer,7,arabic,,حماية وتأمين كافة الموارد المستخدمة في معالجة المعلومات من منشآت نفسها والأفراد العاملين فيها وأجهزة الحاسب المستخدمة فيها ووسائط المعلومات التي تحتوي على البيانات    وذلك في جميع مراحل تواجد المعلومة (التخزين – النقل – المعالجة),"{""question_type"": ""عرف المصطلح العلمي""}"
arasag,9,عرف مصطلح أمن المعلومات,من الناحية الأكاديمية هي علم يبحث في النظريات و الدراسات لحماية المعلومات من الاحتراق، من الناحية التقنية هي الوسائل و الأدوات  و الإجراءات  اللازمة  لتوفير  حماية المعلومات من الاخطار  الداخلية و الخارجية، من الناحية القانونية هي محل دراسات  و التدابير اللازمة لتوفير سلامة و سرية المعلومات من الاخطار التي تهددها  ,4,0.0,5.0,cybercrimes,short_answer,7,arabic,,حماية وتأمين كافة الموارد المستخدمة في معالجة المعلومات من منشآت نفسها والأفراد العاملين فيها وأجهزة الحاسب المستخدمة فيها ووسائط المعلومات التي تحتوي على البيانات    وذلك في جميع مراحل تواجد المعلومة (التخزين – النقل – المعالجة),"{""question_type"": ""عرف المصطلح العلمي""}"
arasag,9,عرف مصطلح أمن المعلومات,هو العلم الذي يقوم بنظريات و استراتيجيات الحماية للمعلومات من الاخطار التي تهددها ,2,0.0,5.0,cybercrimes,short_answer,7,arabic,,حماية وتأمين كافة الموارد المستخدمة في معالجة المعلومات من منشآت نفسها والأفراد العاملين فيها وأجهزة الحاسب المستخدمة فيها ووسائط المعلومات التي تحتوي على البيانات    وذلك في جميع مراحل تواجد المعلومة (التخزين – النقل – المعالجة),"{""question_type"": ""عرف المصطلح العلمي""}"
arasag,9,عرف مصطلح أمن المعلومات,هي الاستراتيجية و التطبيقات البرمجية للحفاظ على الخصوصية )كلمة السر(و على عدم التعدي على القوانين ,2,0.0,5.0,cybercrimes,short_answer,7,arabic,,حماية وتأمين كافة الموارد المستخدمة في معالجة المعلومات من منشآت نفسها والأفراد العاملين فيها وأجهزة الحاسب المستخدمة فيها ووسائط المعلومات التي تحتوي على البيانات    وذلك في جميع مراحل تواجد المعلومة (التخزين – النقل – المعالجة),"{""question_type"": ""عرف المصطلح العلمي""}"
arasag,9,عرف مصطلح أمن المعلومات,هي مجموعة من التدابير الامنية المتخذة من ادوات و سياسات و اشياء اخرى لتامين المعلومة في تخزينها و نقلها و توفرها  ,3,0.0,5.0,cybercrimes,short_answer,7,arabic,,حماية وتأمين كافة الموارد المستخدمة في معالجة المعلومات من منشآت نفسها والأفراد العاملين فيها وأجهزة الحاسب المستخدمة فيها ووسائط المعلومات التي تحتوي على البيانات    وذلك في جميع مراحل تواجد المعلومة (التخزين – النقل – المعالجة),"{""question_type"": ""عرف المصطلح العلمي""}"
arasag,9,عرف مصطلح أمن المعلومات,هي تاميم و حماية الموارد المستخدمة في معالجة المعلومات فيجب على المنشاة تامين نفسها و تامين الأجهزة المستخدمة و وسائط و المعلومات التي تحتوي على بيانات تخصها في مختلف مراحل تواجد المعلومة (تخزين – نقل – معالجة(,5,0.0,5.0,cybercrimes,short_answer,7,arabic,,حماية وتأمين كافة الموارد المستخدمة في معالجة المعلومات من منشآت نفسها والأفراد العاملين فيها وأجهزة الحاسب المستخدمة فيها ووسائط المعلومات التي تحتوي على البيانات    وذلك في جميع مراحل تواجد المعلومة (التخزين – النقل – المعالجة),"{""question_type"": ""عرف المصطلح العلمي""}"
arasag,9,عرف مصطلح أمن المعلومات,أكاديميا هو العلم الذي يقوم بإيجاد استراتيجيات تسمح بتطوير الأنظمة المعلوماتية، تقنيا هي مجموعة الأدوات المستعملة لتعزيز الدفاعات الامنية الإلكترونية قانونيا هي محل الدراسات التشريعية للحد من الجريمة الالكترونية,4,0.0,5.0,cybercrimes,short_answer,7,arabic,,حماية وتأمين كافة الموارد المستخدمة في معالجة المعلومات من منشآت نفسها والأفراد العاملين فيها وأجهزة الحاسب المستخدمة فيها ووسائط المعلومات التي تحتوي على البيانات    وذلك في جميع مراحل تواجد المعلومة (التخزين – النقل – المعالجة),"{""question_type"": ""عرف المصطلح العلمي""}"
arasag,9,عرف مصطلح أمن المعلومات,هي توفير الحماية و الامن و السرية للبيانات و الوسائل التي نقوم بالعمل عليها و صيانتها من كل اعتداء و ذلك خلال كل فتراتها )نقل تخزين تعديل(,4,0.0,5.0,cybercrimes,short_answer,7,arabic,,حماية وتأمين كافة الموارد المستخدمة في معالجة المعلومات من منشآت نفسها والأفراد العاملين فيها وأجهزة الحاسب المستخدمة فيها ووسائط المعلومات التي تحتوي على البيانات    وذلك في جميع مراحل تواجد المعلومة (التخزين – النقل – المعالجة),"{""question_type"": ""عرف المصطلح العلمي""}"
arasag,9,عرف مصطلح أمن المعلومات,توفير و ضمان حماية المعلومات من المخاطر الداخلية و الخارجية التي تهددها بالإضافة الى توفير الوسائل و الأدوات و التدابير اللازمة لضمان سرية و سلمية المعلومات,4,0.0,5.0,cybercrimes,short_answer,7,arabic,,حماية وتأمين كافة الموارد المستخدمة في معالجة المعلومات من منشآت نفسها والأفراد العاملين فيها وأجهزة الحاسب المستخدمة فيها ووسائط المعلومات التي تحتوي على البيانات    وذلك في جميع مراحل تواجد المعلومة (التخزين – النقل – المعالجة),"{""question_type"": ""عرف المصطلح العلمي""}"
arasag,9,عرف مصطلح أمن المعلومات,توفير كافة الوسائل و الأدوات لحماية المعلومات و تجنب الأضرار التي تعيقها حيث تعيد المنشأة نفسها و موظفيها  وحواسبها وبياناتها,3,0.0,5.0,cybercrimes,short_answer,7,arabic,,حماية وتأمين كافة الموارد المستخدمة في معالجة المعلومات من منشآت نفسها والأفراد العاملين فيها وأجهزة الحاسب المستخدمة فيها ووسائط المعلومات التي تحتوي على البيانات    وذلك في جميع مراحل تواجد المعلومة (التخزين – النقل – المعالجة),"{""question_type"": ""عرف المصطلح العلمي""}"
arasag,9,عرف مصطلح أمن المعلومات,هو كل ما يتعلق بكيفية الحفاظ على معلومات الافراد سواء من الناحية التقنية الادارية او القانونية,2,0.0,5.0,cybercrimes,short_answer,7,arabic,,حماية وتأمين كافة الموارد المستخدمة في معالجة المعلومات من منشآت نفسها والأفراد العاملين فيها وأجهزة الحاسب المستخدمة فيها ووسائط المعلومات التي تحتوي على البيانات    وذلك في جميع مراحل تواجد المعلومة (التخزين – النقل – المعالجة),"{""question_type"": ""عرف المصطلح العلمي""}"
arasag,9,عرف مصطلح أمن المعلومات,هو حماية و تامين كافة الموارد المستخدمة ف معالجة المعلومات حيث تأمن المنشاة وتأمن الأفراد العاملين فيها و اجهزة الحاسب المستخدمة فيها و وسائط المعلومات الت تحتوي عل بيانات المنشاة و ذلك ف جميع مراحل تواجد المعلومات ) الخزين- النقل- المعالجة(,5,0.0,5.0,cybercrimes,short_answer,7,arabic,,حماية وتأمين كافة الموارد المستخدمة في معالجة المعلومات من منشآت نفسها والأفراد العاملين فيها وأجهزة الحاسب المستخدمة فيها ووسائط المعلومات التي تحتوي على البيانات    وذلك في جميع مراحل تواجد المعلومة (التخزين – النقل – المعالجة),"{""question_type"": ""عرف المصطلح العلمي""}"
arasag,9,عرف مصطلح أمن المعلومات,مختلف الطرق و الاجراءات المتخذة لحماية المعلومات اثناء نقلها و معالجتها و انشائها,2,0.0,5.0,cybercrimes,short_answer,7,arabic,,حماية وتأمين كافة الموارد المستخدمة في معالجة المعلومات من منشآت نفسها والأفراد العاملين فيها وأجهزة الحاسب المستخدمة فيها ووسائط المعلومات التي تحتوي على البيانات    وذلك في جميع مراحل تواجد المعلومة (التخزين – النقل – المعالجة),"{""question_type"": ""عرف المصطلح العلمي""}"
arasag,9,عرف مصطلح أمن المعلومات,هو توفير الحماية اللازمة للمعلومات و البيانات الخاصة من مخاطر و التهديدات الامنية للمعلومات عن طريق تحصين المنشأ و الموظفين و الأجهزة المستخدمة و وسائل معالجة المعلومات(استقبال-تخزين-نشر),4,0.0,5.0,cybercrimes,short_answer,7,arabic,,حماية وتأمين كافة الموارد المستخدمة في معالجة المعلومات من منشآت نفسها والأفراد العاملين فيها وأجهزة الحاسب المستخدمة فيها ووسائط المعلومات التي تحتوي على البيانات    وذلك في جميع مراحل تواجد المعلومة (التخزين – النقل – المعالجة),"{""question_type"": ""عرف المصطلح العلمي""}"
arasag,9,عرف مصطلح أمن المعلومات,هو توفير الوسائل و الخبرات من اجل ضمان سرية المعلومة و امانها اثناء تخزينها,1,0.0,5.0,cybercrimes,short_answer,7,arabic,,حماية وتأمين كافة الموارد المستخدمة في معالجة المعلومات من منشآت نفسها والأفراد العاملين فيها وأجهزة الحاسب المستخدمة فيها ووسائط المعلومات التي تحتوي على البيانات    وذلك في جميع مراحل تواجد المعلومة (التخزين – النقل – المعالجة),"{""question_type"": ""عرف المصطلح العلمي""}"
arasag,13,عرف مصطلح الهندسة الاجتماعية النفسية,هي أساليب التلاعب النفسي ) العقلي( لخداع الآخرين بهدف سرقة بياناتهم أو التجسس على معلوماتهم السرية,2,0.0,5.0,cybercrimes,short_answer,7,arabic,,هي ممارسة تستخدم أساليب التلاعب النفسي (العقلي) لإيذاء و خداع الآخرين والحصول على معلومات سرية يتم من خلالها اختراق الأمن بسبل غير تقنية عن طريق الهاتف أو البريد الالكتروني أو صفحات الانترنت أو وجها لوجه,"{""question_type"": ""عرف المصطلح العلمي""}"
arasag,13,عرف مصطلح الهندسة الاجتماعية النفسية,هي التلاعب بعقل الإنسان وتفكيره فيقوم باحتيال وخداع الإنسان من النواحي,2,0.0,5.0,cybercrimes,short_answer,7,arabic,,هي ممارسة تستخدم أساليب التلاعب النفسي (العقلي) لإيذاء و خداع الآخرين والحصول على معلومات سرية يتم من خلالها اختراق الأمن بسبل غير تقنية عن طريق الهاتف أو البريد الالكتروني أو صفحات الانترنت أو وجها لوجه,"{""question_type"": ""عرف المصطلح العلمي""}"
arasag,13,عرف مصطلح الهندسة الاجتماعية النفسية,هي عملية تقوم على التلاعب النفسي)العقلي( لإيذاء الآخرين وخداعهم للحصول على معلومات سرية,2,0.0,5.0,cybercrimes,short_answer,7,arabic,,هي ممارسة تستخدم أساليب التلاعب النفسي (العقلي) لإيذاء و خداع الآخرين والحصول على معلومات سرية يتم من خلالها اختراق الأمن بسبل غير تقنية عن طريق الهاتف أو البريد الالكتروني أو صفحات الانترنت أو وجها لوجه,"{""question_type"": ""عرف المصطلح العلمي""}"
arasag,13,عرف مصطلح الهندسة الاجتماعية النفسية,هي التفاعل المباشر مع الناس لإستخراج المعلومات منهم وليس عن طريق وسائل معقدة وتتم عن طريق الهاتف؛ وجها لوجه؛ البريد الإلكتروني.,4,0.0,5.0,cybercrimes,short_answer,7,arabic,,هي ممارسة تستخدم أساليب التلاعب النفسي (العقلي) لإيذاء و خداع الآخرين والحصول على معلومات سرية يتم من خلالها اختراق الأمن بسبل غير تقنية عن طريق الهاتف أو البريد الالكتروني أو صفحات الانترنت أو وجها لوجه,"{""question_type"": ""عرف المصطلح العلمي""}"
arasag,13,عرف مصطلح الهندسة الاجتماعية النفسية,هي ممارسة تستخدم التلاعب بالأفكار و الإغراق أو التهديد والضغط على لآخرين للحصول على معلومات سرية.,2,0.0,5.0,cybercrimes,short_answer,7,arabic,,هي ممارسة تستخدم أساليب التلاعب النفسي (العقلي) لإيذاء و خداع الآخرين والحصول على معلومات سرية يتم من خلالها اختراق الأمن بسبل غير تقنية عن طريق الهاتف أو البريد الالكتروني أو صفحات الانترنت أو وجها لوجه,"{""question_type"": ""عرف المصطلح العلمي""}"
arasag,13,عرف مصطلح الهندسة الاجتماعية النفسية,مناهج و أساليب نفسية لإغراء وإيقاع بالأشخاص و توهيمهم بمصداقيتهم وقصد فهم مثل ارسال بريد الكتروني يحمل موقع لتأكيد الهوية الشخصية وهو ليس بالموقع الأصلي للإطاحة و سرقة البيانات الشخصية للأشخاص.,2,0.0,5.0,cybercrimes,short_answer,7,arabic,,هي ممارسة تستخدم أساليب التلاعب النفسي (العقلي) لإيذاء و خداع الآخرين والحصول على معلومات سرية يتم من خلالها اختراق الأمن بسبل غير تقنية عن طريق الهاتف أو البريد الالكتروني أو صفحات الانترنت أو وجها لوجه,"{""question_type"": ""عرف المصطلح العلمي""}"
arasag,13,عرف مصطلح الهندسة الاجتماعية النفسية,هي ممارسة تقوم باستعمال التحريج الجانب النفسي بسرقة المعلومات و الأرقام السرية الخاصة بالأشخاص وتعتبر من أبرز وأهم الجرائم البشرية مثل موقع  حيث قام مجموعة من المخربين اختراق الموقع أي عند دخول المستخدم ينقله إلى موقع مشابه لسرقة الأرقام السرية منه,2,0.0,5.0,cybercrimes,short_answer,7,arabic,,هي ممارسة تستخدم أساليب التلاعب النفسي (العقلي) لإيذاء و خداع الآخرين والحصول على معلومات سرية يتم من خلالها اختراق الأمن بسبل غير تقنية عن طريق الهاتف أو البريد الالكتروني أو صفحات الانترنت أو وجها لوجه,"{""question_type"": ""عرف المصطلح العلمي""}"
arasag,13,عرف مصطلح الهندسة الاجتماعية النفسية,هي ممارسة جميع أساليب التلاعب النفسي و العقلي لخداع لآخرين والوصول إلى فوائد مادية آو معنوية للمستخدم,2,0.0,5.0,cybercrimes,short_answer,7,arabic,,هي ممارسة تستخدم أساليب التلاعب النفسي (العقلي) لإيذاء و خداع الآخرين والحصول على معلومات سرية يتم من خلالها اختراق الأمن بسبل غير تقنية عن طريق الهاتف أو البريد الالكتروني أو صفحات الانترنت أو وجها لوجه,"{""question_type"": ""عرف المصطلح العلمي""}"
arasag,13,عرف مصطلح الهندسة الاجتماعية النفسية,هي استعمال أساليب و أدوات التلاعب النفسي(العقلي) لارتكاب الجرائم.,2,0.0,5.0,cybercrimes,short_answer,7,arabic,,هي ممارسة تستخدم أساليب التلاعب النفسي (العقلي) لإيذاء و خداع الآخرين والحصول على معلومات سرية يتم من خلالها اختراق الأمن بسبل غير تقنية عن طريق الهاتف أو البريد الالكتروني أو صفحات الانترنت أو وجها لوجه,"{""question_type"": ""عرف المصطلح العلمي""}"
arasag,13,عرف مصطلح الهندسة الاجتماعية النفسية,أساليب الخداع وإيذاء الآخرين للحصول على معلومات سرية للإختراق ليس بطريقة تقنية لا توجد تقنية تمنع ذلك تستخدم في شؤون الحياة.,3,0.0,5.0,cybercrimes,short_answer,7,arabic,,هي ممارسة تستخدم أساليب التلاعب النفسي (العقلي) لإيذاء و خداع الآخرين والحصول على معلومات سرية يتم من خلالها اختراق الأمن بسبل غير تقنية عن طريق الهاتف أو البريد الالكتروني أو صفحات الانترنت أو وجها لوجه,"{""question_type"": ""عرف المصطلح العلمي""}"
arasag,13,عرف مصطلح الهندسة الاجتماعية النفسية,هي ممارسة تستخدم أساليب التلاعب النفسي)العقلي(لإيذاء وخداع والحصول على المعلومات، من خلال البريد الإلكتروني أو الهاتف أو وجه لوجه أو المواقع.,5,0.0,5.0,cybercrimes,short_answer,7,arabic,,هي ممارسة تستخدم أساليب التلاعب النفسي (العقلي) لإيذاء و خداع الآخرين والحصول على معلومات سرية يتم من خلالها اختراق الأمن بسبل غير تقنية عن طريق الهاتف أو البريد الالكتروني أو صفحات الانترنت أو وجها لوجه,"{""question_type"": ""عرف المصطلح العلمي""}"
arasag,13,عرف مصطلح الهندسة الاجتماعية النفسية,هي التلاعب بنفسية وعقل الضحية مع إغرائها من أجل الحصول على معلومات معينة,2,0.0,5.0,cybercrimes,short_answer,7,arabic,,هي ممارسة تستخدم أساليب التلاعب النفسي (العقلي) لإيذاء و خداع الآخرين والحصول على معلومات سرية يتم من خلالها اختراق الأمن بسبل غير تقنية عن طريق الهاتف أو البريد الالكتروني أو صفحات الانترنت أو وجها لوجه,"{""question_type"": ""عرف المصطلح العلمي""}"
arasag,13,عرف مصطلح الهندسة الاجتماعية النفسية,هي ممارسة الخداع على العقل من أجل الحصول على معلومات سرية,2,0.0,5.0,cybercrimes,short_answer,7,arabic,,هي ممارسة تستخدم أساليب التلاعب النفسي (العقلي) لإيذاء و خداع الآخرين والحصول على معلومات سرية يتم من خلالها اختراق الأمن بسبل غير تقنية عن طريق الهاتف أو البريد الالكتروني أو صفحات الانترنت أو وجها لوجه,"{""question_type"": ""عرف المصطلح العلمي""}"
arasag,13,عرف مصطلح الهندسة الاجتماعية النفسية,هي ممارسة تعتمد على استخدام أساليب التلاعب النفسي)العقلي(لإيذاء وخداع الآخرين من أجل الحصول على معلومات سرية,2,0.0,5.0,cybercrimes,short_answer,7,arabic,,هي ممارسة تستخدم أساليب التلاعب النفسي (العقلي) لإيذاء و خداع الآخرين والحصول على معلومات سرية يتم من خلالها اختراق الأمن بسبل غير تقنية عن طريق الهاتف أو البريد الالكتروني أو صفحات الانترنت أو وجها لوجه,"{""question_type"": ""عرف المصطلح العلمي""}"
arasag,13,عرف مصطلح الهندسة الاجتماعية النفسية,هي ممارسة تستخدم أساليب التلاعب العقلي والنفسي لإيذاء الآخرين ومن أجل تسهيل سرقة المعلومات السرية منهم,3,0.0,5.0,cybercrimes,short_answer,7,arabic,,هي ممارسة تستخدم أساليب التلاعب النفسي (العقلي) لإيذاء و خداع الآخرين والحصول على معلومات سرية يتم من خلالها اختراق الأمن بسبل غير تقنية عن طريق الهاتف أو البريد الالكتروني أو صفحات الانترنت أو وجها لوجه,"{""question_type"": ""عرف المصطلح العلمي""}"
arasag,13,عرف مصطلح الهندسة الاجتماعية النفسية,هي ممارسة تعتمد على أساليب الخداع والتحايل لغرض اختراق كلمات سرية أو معلومات أشخاص وأبرز مثال على ذلك موقع  يجر المستخدمين الى منتجات مزورة لموقع اصلي من اجل الظفر بمعلوماتهم كلمة المرور و غيرها.,2,0.0,5.0,cybercrimes,short_answer,7,arabic,,هي ممارسة تستخدم أساليب التلاعب النفسي (العقلي) لإيذاء و خداع الآخرين والحصول على معلومات سرية يتم من خلالها اختراق الأمن بسبل غير تقنية عن طريق الهاتف أو البريد الالكتروني أو صفحات الانترنت أو وجها لوجه,"{""question_type"": ""عرف المصطلح العلمي""}"
arasag,13,عرف مصطلح الهندسة الاجتماعية النفسية,هي طريقة التلاعب النفسي لخداع الآخرين وسرقة المعلومات منه: وتكون عبر الهاتف؛ عبر البريد الالكتروني؛ وجها لوجه,4,0.0,5.0,cybercrimes,short_answer,7,arabic,,هي ممارسة تستخدم أساليب التلاعب النفسي (العقلي) لإيذاء و خداع الآخرين والحصول على معلومات سرية يتم من خلالها اختراق الأمن بسبل غير تقنية عن طريق الهاتف أو البريد الالكتروني أو صفحات الانترنت أو وجها لوجه,"{""question_type"": ""عرف المصطلح العلمي""}"
arasag,13,عرف مصطلح الهندسة الاجتماعية النفسية,هي ممارسة تستخدم أسلوب التلاعب النفسي)العقلي(لإيذاء وخداع الآخرين والحصول على معلومات سرية.، طرقها: الهاتف/ البريد الإلكتروني، وجها لوجه و صفحات الانترنت.,5,0.0,5.0,cybercrimes,short_answer,7,arabic,,هي ممارسة تستخدم أساليب التلاعب النفسي (العقلي) لإيذاء و خداع الآخرين والحصول على معلومات سرية يتم من خلالها اختراق الأمن بسبل غير تقنية عن طريق الهاتف أو البريد الالكتروني أو صفحات الانترنت أو وجها لوجه,"{""question_type"": ""عرف المصطلح العلمي""}"
arasag,13,عرف مصطلح الهندسة الاجتماعية النفسية,"هو ممارسة أساليب التلاعب النفسي )العقلي(لتمويه المستخدم, تعتبر شكل من أشكال تقنيات الاختراق في الجريمة الالكترونية على الانترنت بحيث يستعمل المحتال عبارات يموه بها المستخدم ",3,0.0,5.0,cybercrimes,short_answer,7,arabic,,هي ممارسة تستخدم أساليب التلاعب النفسي (العقلي) لإيذاء و خداع الآخرين والحصول على معلومات سرية يتم من خلالها اختراق الأمن بسبل غير تقنية عن طريق الهاتف أو البريد الالكتروني أو صفحات الانترنت أو وجها لوجه,"{""question_type"": ""عرف المصطلح العلمي""}"
arasag,13,عرف مصطلح الهندسة الاجتماعية النفسية,هي ممارسة استخدام التلاعب العقلي و نفسي في خداع الاشخاص و ايذائهم للحصول على معلومات سرية,2,0.0,5.0,cybercrimes,short_answer,7,arabic,,هي ممارسة تستخدم أساليب التلاعب النفسي (العقلي) لإيذاء و خداع الآخرين والحصول على معلومات سرية يتم من خلالها اختراق الأمن بسبل غير تقنية عن طريق الهاتف أو البريد الالكتروني أو صفحات الانترنت أو وجها لوجه,"{""question_type"": ""عرف المصطلح العلمي""}"
arasag,13,عرف مصطلح الهندسة الاجتماعية النفسية,جمع معلومات عن الضحية عن طريق التلاعب النفسي والايهام عن طريق رسائل الكترونية كاذبة يتحصل من خلالها المخترق على معلومات شخصية تسمح له بالولوج الى حسابات الضحية  ,4,0.0,5.0,cybercrimes,short_answer,7,arabic,,هي ممارسة تستخدم أساليب التلاعب النفسي (العقلي) لإيذاء و خداع الآخرين والحصول على معلومات سرية يتم من خلالها اختراق الأمن بسبل غير تقنية عن طريق الهاتف أو البريد الالكتروني أو صفحات الانترنت أو وجها لوجه,"{""question_type"": ""عرف المصطلح العلمي""}"
arasag,13,عرف مصطلح الهندسة الاجتماعية النفسية,هي مجال مبني على سياسة الاغراء و الاحتيال. قد يستعمل على مستوى الانترنت أو حتى مجالات أخرى من الحياة.لا يستلزم أن يكون الشخص محترف في الجريمة الالكترونية,3,0.0,5.0,cybercrimes,short_answer,7,arabic,,هي ممارسة تستخدم أساليب التلاعب النفسي (العقلي) لإيذاء و خداع الآخرين والحصول على معلومات سرية يتم من خلالها اختراق الأمن بسبل غير تقنية عن طريق الهاتف أو البريد الالكتروني أو صفحات الانترنت أو وجها لوجه,"{""question_type"": ""عرف المصطلح العلمي""}"
arasag,13,عرف مصطلح الهندسة الاجتماعية النفسية,هي طريقة تعتمد على التلاعب النفسي والعقلي للخداع و الإيذاء و للحصول على معلومات سرية,2,0.0,5.0,cybercrimes,short_answer,7,arabic,,هي ممارسة تستخدم أساليب التلاعب النفسي (العقلي) لإيذاء و خداع الآخرين والحصول على معلومات سرية يتم من خلالها اختراق الأمن بسبل غير تقنية عن طريق الهاتف أو البريد الالكتروني أو صفحات الانترنت أو وجها لوجه,"{""question_type"": ""عرف المصطلح العلمي""}"
arasag,13,عرف مصطلح الهندسة الاجتماعية النفسية,هي ممارسة أساليب  التلاعب النفسي لإيذاء و خداع أشخاص لسرقة معلومات سرية,2,0.0,5.0,cybercrimes,short_answer,7,arabic,,هي ممارسة تستخدم أساليب التلاعب النفسي (العقلي) لإيذاء و خداع الآخرين والحصول على معلومات سرية يتم من خلالها اختراق الأمن بسبل غير تقنية عن طريق الهاتف أو البريد الالكتروني أو صفحات الانترنت أو وجها لوجه,"{""question_type"": ""عرف المصطلح العلمي""}"
arasag,13,عرف مصطلح الهندسة الاجتماعية النفسية,"هي طريقة تستعمل فيه أساليب التلاعب الذهني من أجل الحصول على المعلومات الشخصية للضحية دون استعمال تقنيات الكترونية عن طريق الهاتف ,الفضاءات الاجتماعية أو وجها لوجه",4,0.0,5.0,cybercrimes,short_answer,7,arabic,,هي ممارسة تستخدم أساليب التلاعب النفسي (العقلي) لإيذاء و خداع الآخرين والحصول على معلومات سرية يتم من خلالها اختراق الأمن بسبل غير تقنية عن طريق الهاتف أو البريد الالكتروني أو صفحات الانترنت أو وجها لوجه,"{""question_type"": ""عرف المصطلح العلمي""}"
arasag,13,عرف مصطلح الهندسة الاجتماعية النفسية,هي وسيلة يعتمدها المخترقون لإسقاط أنظمة إلكترونية تعتمد فيها على الجانب البشري للحصول على معلومات شخصية أو متعلقة بالنظام لتساعد المخترق على تكسير أمن النظام لأن الأشخاص يثقون بالآخرين و الهندسة الإجتماعية لا تتطلب مهارة تقنية و لا يمكن إيقافها,3,0.0,5.0,cybercrimes,short_answer,7,arabic,,هي ممارسة تستخدم أساليب التلاعب النفسي (العقلي) لإيذاء و خداع الآخرين والحصول على معلومات سرية يتم من خلالها اختراق الأمن بسبل غير تقنية عن طريق الهاتف أو البريد الالكتروني أو صفحات الانترنت أو وجها لوجه,"{""question_type"": ""عرف المصطلح العلمي""}"
arasag,13,عرف مصطلح الهندسة الاجتماعية النفسية,هي سياسة تستعمل أسلوب التلاعب و الخداع العقلي من أجل الحصول على معلومات شخصية خصوصية,2,0.0,5.0,cybercrimes,short_answer,7,arabic,,هي ممارسة تستخدم أساليب التلاعب النفسي (العقلي) لإيذاء و خداع الآخرين والحصول على معلومات سرية يتم من خلالها اختراق الأمن بسبل غير تقنية عن طريق الهاتف أو البريد الالكتروني أو صفحات الانترنت أو وجها لوجه,"{""question_type"": ""عرف المصطلح العلمي""}"
arasag,13,عرف مصطلح الهندسة الاجتماعية النفسية,هي تقنية حديثة تعتمد على التلاعب بالجانب النفسي و العقلي للضحية من أجل سرقة المعلومات,2,0.0,5.0,cybercrimes,short_answer,7,arabic,,هي ممارسة تستخدم أساليب التلاعب النفسي (العقلي) لإيذاء و خداع الآخرين والحصول على معلومات سرية يتم من خلالها اختراق الأمن بسبل غير تقنية عن طريق الهاتف أو البريد الالكتروني أو صفحات الانترنت أو وجها لوجه,"{""question_type"": ""عرف المصطلح العلمي""}"
arasag,13,عرف مصطلح الهندسة الاجتماعية النفسية,هي إستغلال الجانب النفسي للضحية من أجل التأثير عليه و ذلك يكون أمهل لتطبيق الجريمة الإلكترونية,2,0.0,5.0,cybercrimes,short_answer,7,arabic,,هي ممارسة تستخدم أساليب التلاعب النفسي (العقلي) لإيذاء و خداع الآخرين والحصول على معلومات سرية يتم من خلالها اختراق الأمن بسبل غير تقنية عن طريق الهاتف أو البريد الالكتروني أو صفحات الانترنت أو وجها لوجه,"{""question_type"": ""عرف المصطلح العلمي""}"
arasag,13,عرف مصطلح الهندسة الاجتماعية النفسية,"هي جريمة تعتمد على الخداع النفسي, العقلي, و التلاعب بأشخاص من أجل سرقة المعلومات قد تصل السرقة الى سرقة معلوماتهم الشخصية كرقم السري، و يكمن صعوبتها في كون الأشخاص يثقون في بعضهم لا يمكن القضاء عليها بطرق تقنية لا تعتمد على وسيلة تقنية.",3,0.0,5.0,cybercrimes,short_answer,7,arabic,,هي ممارسة تستخدم أساليب التلاعب النفسي (العقلي) لإيذاء و خداع الآخرين والحصول على معلومات سرية يتم من خلالها اختراق الأمن بسبل غير تقنية عن طريق الهاتف أو البريد الالكتروني أو صفحات الانترنت أو وجها لوجه,"{""question_type"": ""عرف المصطلح العلمي""}"
arasag,13,عرف مصطلح الهندسة الاجتماعية النفسية,هي طريقة إختراق تستخدم في استغلال اشخاص آخرين و خداعهم معنوية للحصول على معلومات مهمة و بالتالي اختراقه,1,0.0,5.0,cybercrimes,short_answer,7,arabic,,هي ممارسة تستخدم أساليب التلاعب النفسي (العقلي) لإيذاء و خداع الآخرين والحصول على معلومات سرية يتم من خلالها اختراق الأمن بسبل غير تقنية عن طريق الهاتف أو البريد الالكتروني أو صفحات الانترنت أو وجها لوجه,"{""question_type"": ""عرف المصطلح العلمي""}"
arasag,13,عرف مصطلح الهندسة الاجتماعية النفسية,"هي الطرق و الوسائل المستخدمة لإيهام و خداع المستخدمين قصد الوصول إلى أهدافه كالحصول على معلومات الضحية, يستخدم مثلا الإغراء و الإستفادة من نقاط ضعف الشخص",2,0.0,5.0,cybercrimes,short_answer,7,arabic,,هي ممارسة تستخدم أساليب التلاعب النفسي (العقلي) لإيذاء و خداع الآخرين والحصول على معلومات سرية يتم من خلالها اختراق الأمن بسبل غير تقنية عن طريق الهاتف أو البريد الالكتروني أو صفحات الانترنت أو وجها لوجه,"{""question_type"": ""عرف المصطلح العلمي""}"
arasag,13,عرف مصطلح الهندسة الاجتماعية النفسية,"هي إستخدام التلاعب النفسي, العقلي, للإيذاء و خداع الاخرين والحصول على معلوماتهم",2,0.0,5.0,cybercrimes,short_answer,7,arabic,,هي ممارسة تستخدم أساليب التلاعب النفسي (العقلي) لإيذاء و خداع الآخرين والحصول على معلومات سرية يتم من خلالها اختراق الأمن بسبل غير تقنية عن طريق الهاتف أو البريد الالكتروني أو صفحات الانترنت أو وجها لوجه,"{""question_type"": ""عرف المصطلح العلمي""}"
arasag,13,عرف مصطلح الهندسة الاجتماعية النفسية,هو التلاعب بعقول الناس و إستغلال حسن نيتهم للحصول على معلومات يمكن ان تستعمل لاحقا في عمليات اختراق,3,0.0,5.0,cybercrimes,short_answer,7,arabic,,هي ممارسة تستخدم أساليب التلاعب النفسي (العقلي) لإيذاء و خداع الآخرين والحصول على معلومات سرية يتم من خلالها اختراق الأمن بسبل غير تقنية عن طريق الهاتف أو البريد الالكتروني أو صفحات الانترنت أو وجها لوجه,"{""question_type"": ""عرف المصطلح العلمي""}"
arasag,13,عرف مصطلح الهندسة الاجتماعية النفسية,"هي ممارسة تستخدم التلاعب النفسي )العقلي(لإيذاء و خداع المستخدم من أجل سرقة و إتلاف  الهوية بدون استخدام البرمجيات , ويكون هذا التلاعب بواسطة الهاتف المحمول أو ارسال رسائل عبر البريد الإلكتروني أو خاصة تكون وجها  ",4,0.0,5.0,cybercrimes,short_answer,7,arabic,,هي ممارسة تستخدم أساليب التلاعب النفسي (العقلي) لإيذاء و خداع الآخرين والحصول على معلومات سرية يتم من خلالها اختراق الأمن بسبل غير تقنية عن طريق الهاتف أو البريد الالكتروني أو صفحات الانترنت أو وجها لوجه,"{""question_type"": ""عرف المصطلح العلمي""}"
arasag,13,عرف مصطلح الهندسة الاجتماعية النفسية,"يقصد به الاعتداء الفكري و النفسي و العقلي على الأشخاص , حيث أن العنصر البشري هو الجانب الرئيسي في حفظ الأمن و ذلك من أجل الاستحواذ على بياناتهم , حيث أن الناس يصدقون الآخرين و لا توجد تقنيات لمحاربة هذه التقنية",2,0.0,5.0,cybercrimes,short_answer,7,arabic,,هي ممارسة تستخدم أساليب التلاعب النفسي (العقلي) لإيذاء و خداع الآخرين والحصول على معلومات سرية يتم من خلالها اختراق الأمن بسبل غير تقنية عن طريق الهاتف أو البريد الالكتروني أو صفحات الانترنت أو وجها لوجه,"{""question_type"": ""عرف المصطلح العلمي""}"
arasag,13,عرف مصطلح الهندسة الاجتماعية النفسية,هي طريقة التعامل بالنفس المتمثل في إختراق العقل للحصول على معلومات شخصية من شخص آخر. و هي من احد,1,0.0,5.0,cybercrimes,short_answer,7,arabic,,هي ممارسة تستخدم أساليب التلاعب النفسي (العقلي) لإيذاء و خداع الآخرين والحصول على معلومات سرية يتم من خلالها اختراق الأمن بسبل غير تقنية عن طريق الهاتف أو البريد الالكتروني أو صفحات الانترنت أو وجها لوجه,"{""question_type"": ""عرف المصطلح العلمي""}"
arasag,13,عرف مصطلح الهندسة الاجتماعية النفسية,هي فن القدرة على معرفة ما يريده الشخص المعين و إغرائه فيما يحب هو لغرض معين نريده.,0,0.0,5.0,cybercrimes,short_answer,7,arabic,,هي ممارسة تستخدم أساليب التلاعب النفسي (العقلي) لإيذاء و خداع الآخرين والحصول على معلومات سرية يتم من خلالها اختراق الأمن بسبل غير تقنية عن طريق الهاتف أو البريد الالكتروني أو صفحات الانترنت أو وجها لوجه,"{""question_type"": ""عرف المصطلح العلمي""}"
arasag,13,عرف مصطلح الهندسة الاجتماعية النفسية,هي إيهام الأشخاص قصد النصب و الاحتيال عليهم و يكون ذلك بسبب الثقة الزائدة أو أساليب الاقناع تكون فعالة ,3,0.0,5.0,cybercrimes,short_answer,7,arabic,,هي ممارسة تستخدم أساليب التلاعب النفسي (العقلي) لإيذاء و خداع الآخرين والحصول على معلومات سرية يتم من خلالها اختراق الأمن بسبل غير تقنية عن طريق الهاتف أو البريد الالكتروني أو صفحات الانترنت أو وجها لوجه,"{""question_type"": ""عرف المصطلح العلمي""}"
arasag,13,عرف مصطلح الهندسة الاجتماعية النفسية,هي ممارسة تستخدم أساليب التلاعب النفسي من اجل الحصول على معلومات سرية مثل ما حدث في موقع يتم عن طريق الهاتف.,4,0.0,5.0,cybercrimes,short_answer,7,arabic,,هي ممارسة تستخدم أساليب التلاعب النفسي (العقلي) لإيذاء و خداع الآخرين والحصول على معلومات سرية يتم من خلالها اختراق الأمن بسبل غير تقنية عن طريق الهاتف أو البريد الالكتروني أو صفحات الانترنت أو وجها لوجه,"{""question_type"": ""عرف المصطلح العلمي""}"
arasag,13,عرف مصطلح الهندسة الاجتماعية النفسية,هي استعمال أساليب التأثير النفسي لخداع الضحية للحول على معلومات سرية ,2,0.0,5.0,cybercrimes,short_answer,7,arabic,,هي ممارسة تستخدم أساليب التلاعب النفسي (العقلي) لإيذاء و خداع الآخرين والحصول على معلومات سرية يتم من خلالها اختراق الأمن بسبل غير تقنية عن طريق الهاتف أو البريد الالكتروني أو صفحات الانترنت أو وجها لوجه,"{""question_type"": ""عرف المصطلح العلمي""}"
arasag,13,عرف مصطلح الهندسة الاجتماعية النفسية,هي ممارسة أساليب التلاعب النفسي لإيذاء و خداع الناس للحصول على معلومات سرية ولا توجد تقنية لمنع دلك ,3,0.0,5.0,cybercrimes,short_answer,7,arabic,,هي ممارسة تستخدم أساليب التلاعب النفسي (العقلي) لإيذاء و خداع الآخرين والحصول على معلومات سرية يتم من خلالها اختراق الأمن بسبل غير تقنية عن طريق الهاتف أو البريد الالكتروني أو صفحات الانترنت أو وجها لوجه,"{""question_type"": ""عرف المصطلح العلمي""}"
arasag,13,عرف مصطلح الهندسة الاجتماعية النفسية,هي ممارسة أساليب التلاعب النفسي لسرقة المعلومات,1,0.0,5.0,cybercrimes,short_answer,7,arabic,,هي ممارسة تستخدم أساليب التلاعب النفسي (العقلي) لإيذاء و خداع الآخرين والحصول على معلومات سرية يتم من خلالها اختراق الأمن بسبل غير تقنية عن طريق الهاتف أو البريد الالكتروني أو صفحات الانترنت أو وجها لوجه,"{""question_type"": ""عرف المصطلح العلمي""}"
arasag,13,عرف مصطلح الهندسة الاجتماعية النفسية,استخدام أساليب التلاعب النفسي لأخذ المعلومات ويتم عن طريق وسائل التواصل الاجتماعي أو الهاتف أو وجها لوجه,3,0.0,5.0,cybercrimes,short_answer,7,arabic,,هي ممارسة تستخدم أساليب التلاعب النفسي (العقلي) لإيذاء و خداع الآخرين والحصول على معلومات سرية يتم من خلالها اختراق الأمن بسبل غير تقنية عن طريق الهاتف أو البريد الالكتروني أو صفحات الانترنت أو وجها لوجه,"{""question_type"": ""عرف المصطلح العلمي""}"
arasag,13,عرف مصطلح الهندسة الاجتماعية النفسية,مصطلح يستخدم لوصف شخص من الناحية النفسية لدراسة نقاطه السلبية ,2,0.0,5.0,cybercrimes,short_answer,7,arabic,,هي ممارسة تستخدم أساليب التلاعب النفسي (العقلي) لإيذاء و خداع الآخرين والحصول على معلومات سرية يتم من خلالها اختراق الأمن بسبل غير تقنية عن طريق الهاتف أو البريد الالكتروني أو صفحات الانترنت أو وجها لوجه,"{""question_type"": ""عرف المصطلح العلمي""}"
arasag,13,عرف مصطلح الهندسة الاجتماعية النفسية,هي ممارسة أساليب التلاعب النفسي لإيذاء و خداع الناس للحصول على معلومات سرية ك البريد الالكتروني و سرقة الهوية ,3,0.0,5.0,cybercrimes,short_answer,7,arabic,,هي ممارسة تستخدم أساليب التلاعب النفسي (العقلي) لإيذاء و خداع الآخرين والحصول على معلومات سرية يتم من خلالها اختراق الأمن بسبل غير تقنية عن طريق الهاتف أو البريد الالكتروني أو صفحات الانترنت أو وجها لوجه,"{""question_type"": ""عرف المصطلح العلمي""}"
arasag,13,عرف مصطلح الهندسة الاجتماعية النفسية,هي هندسة لا تتطلب أجهزة الكترونية تعمل على تضليل و خداع الأشخاص,2,0.0,5.0,cybercrimes,short_answer,7,arabic,,هي ممارسة تستخدم أساليب التلاعب النفسي (العقلي) لإيذاء و خداع الآخرين والحصول على معلومات سرية يتم من خلالها اختراق الأمن بسبل غير تقنية عن طريق الهاتف أو البريد الالكتروني أو صفحات الانترنت أو وجها لوجه,"{""question_type"": ""عرف المصطلح العلمي""}"
arasag,13,عرف مصطلح الهندسة الاجتماعية النفسية,هي كل وسائل الخداع تجاه شخص لخداعه وسرقة معلوماته الخاصة,3,0.0,5.0,cybercrimes,short_answer,7,arabic,,هي ممارسة تستخدم أساليب التلاعب النفسي (العقلي) لإيذاء و خداع الآخرين والحصول على معلومات سرية يتم من خلالها اختراق الأمن بسبل غير تقنية عن طريق الهاتف أو البريد الالكتروني أو صفحات الانترنت أو وجها لوجه,"{""question_type"": ""عرف المصطلح العلمي""}"
arasag,14,عرف مصطلح تبييض أو غسيل الأموال , هي استعمال أموال ذات مصادر غير قانونية في نشاطات قانونية,2,0.0,5.0,cybercrimes,short_answer,7,arabic,,إضفاء صفة المشروعية على الأموال القذرة المتأتية غالبا من التجارة غير المشروعة في المخدرات أو غيرها   بتوظيفها في نشاطات وهمية على الانترنت,"{""question_type"": ""عرف المصطلح العلمي""}"
arasag,14,عرف مصطلح تبييض أو غسيل الأموال ,يكون عن طريق الشراء عبر مختلف المواقع الالكترونية وتحويل الاموال,1,0.0,5.0,cybercrimes,short_answer,7,arabic,,إضفاء صفة المشروعية على الأموال القذرة المتأتية غالبا من التجارة غير المشروعة في المخدرات أو غيرها   بتوظيفها في نشاطات وهمية على الانترنت,"{""question_type"": ""عرف المصطلح العلمي""}"
arasag,14,عرف مصطلح تبييض أو غسيل الأموال ,هو القيام بتغطية الأعمال الغير القانونية ,1,0.0,5.0,cybercrimes,short_answer,7,arabic,,إضفاء صفة المشروعية على الأموال القذرة المتأتية غالبا من التجارة غير المشروعة في المخدرات أو غيرها   بتوظيفها في نشاطات وهمية على الانترنت,"{""question_type"": ""عرف المصطلح العلمي""}"
arasag,14,عرف مصطلح تبييض أو غسيل الأموال ,هو استخدام الانترنت في تكسير المواقع المخصصة للجانب المالي ليتمكن من الدخول في نظامها لتغيير عملها فيستطيع بذلك تبييض الأموال و حتى سرقتها,0,0.0,5.0,cybercrimes,short_answer,7,arabic,,إضفاء صفة المشروعية على الأموال القذرة المتأتية غالبا من التجارة غير المشروعة في المخدرات أو غيرها   بتوظيفها في نشاطات وهمية على الانترنت,"{""question_type"": ""عرف المصطلح العلمي""}"
arasag,14,عرف مصطلح تبييض أو غسيل الأموال ,هو عبارة عن جريمة تجارة المخدرات عبر الأنترنت,0,0.0,5.0,cybercrimes,short_answer,7,arabic,,إضفاء صفة المشروعية على الأموال القذرة المتأتية غالبا من التجارة غير المشروعة في المخدرات أو غيرها   بتوظيفها في نشاطات وهمية على الانترنت,"{""question_type"": ""عرف المصطلح العلمي""}"
arasag,14,عرف مصطلح تبييض أو غسيل الأموال ,هو سلوك غير قانوني و يعتبر جريمة مالية حيث يتم عبر الأنترنت عبر جرائم منظمة أو تغيير البيانات أو سطو على أرقام البطاقات ,0,0.0,5.0,cybercrimes,short_answer,7,arabic,,إضفاء صفة المشروعية على الأموال القذرة المتأتية غالبا من التجارة غير المشروعة في المخدرات أو غيرها   بتوظيفها في نشاطات وهمية على الانترنت,"{""question_type"": ""عرف المصطلح العلمي""}"
arasag,14,عرف مصطلح تبييض أو غسيل الأموال ,بطاقات إئتمان وهمية، إنتحال شخصية لسرقة المال، برمجة عملات وهمية.,0,0.0,5.0,cybercrimes,short_answer,7,arabic,,إضفاء صفة المشروعية على الأموال القذرة المتأتية غالبا من التجارة غير المشروعة في المخدرات أو غيرها   بتوظيفها في نشاطات وهمية على الانترنت,"{""question_type"": ""عرف المصطلح العلمي""}"
arasag,14,عرف مصطلح تبييض أو غسيل الأموال ,و هي إرجاع الأموال الغير قانونية (مسروقة) عن طريق الشبكة الإلكترونية تحويلها إلى أموال قانونية عن طريق وضعها في مخازين إلكترونية مثل المالديف .,2,0.0,5.0,cybercrimes,short_answer,7,arabic,,إضفاء صفة المشروعية على الأموال القذرة المتأتية غالبا من التجارة غير المشروعة في المخدرات أو غيرها   بتوظيفها في نشاطات وهمية على الانترنت,"{""question_type"": ""عرف المصطلح العلمي""}"
arasag,14,عرف مصطلح تبييض أو غسيل الأموال ,يتم تزوير الأموال بصفة مشابهة أو تشهد هذه الظاهرة ظهور عظيم في الآونة الأخيرة و لا يكشف عن ذلك إلا الأجهزة الخاصة الموجودة في البنوك أو المصالح المالية. ,0,0.0,5.0,cybercrimes,short_answer,7,arabic,,إضفاء صفة المشروعية على الأموال القذرة المتأتية غالبا من التجارة غير المشروعة في المخدرات أو غيرها   بتوظيفها في نشاطات وهمية على الانترنت,"{""question_type"": ""عرف المصطلح العلمي""}"
arasag,14,عرف مصطلح تبييض أو غسيل الأموال ,إستعمالات جماعات المافيا للأنترنت لتنفيذ خططهم في تزوير الأموال و التعامل بها و تحويلها و هي نوع من أنواع الجرائم المالية .,1,0.0,5.0,cybercrimes,short_answer,7,arabic,,إضفاء صفة المشروعية على الأموال القذرة المتأتية غالبا من التجارة غير المشروعة في المخدرات أو غيرها   بتوظيفها في نشاطات وهمية على الانترنت,"{""question_type"": ""عرف المصطلح العلمي""}"
arasag,14,عرف مصطلح تبييض أو غسيل الأموال ,هو إستعمال أموال مكتسبة بطريقة غير شرعية (مخدرات و سرقات) في أعمال و استثمارات كبيرة و تعتمد الانترنت مكان لنقل هذه الأموال و غسلها بطريقة صحيحة بين المصاريف و البنوك فهي تتعامل بينها عن طريق الانترنت .,4,0.0,5.0,cybercrimes,short_answer,7,arabic,,إضفاء صفة المشروعية على الأموال القذرة المتأتية غالبا من التجارة غير المشروعة في المخدرات أو غيرها   بتوظيفها في نشاطات وهمية على الانترنت,"{""question_type"": ""عرف المصطلح العلمي""}"
arasag,14,عرف مصطلح تبييض أو غسيل الأموال ,يعتبر من الجرائم المادية التي تكون بواسطة الانترنت .,0,0.0,5.0,cybercrimes,short_answer,7,arabic,,إضفاء صفة المشروعية على الأموال القذرة المتأتية غالبا من التجارة غير المشروعة في المخدرات أو غيرها   بتوظيفها في نشاطات وهمية على الانترنت,"{""question_type"": ""عرف المصطلح العلمي""}"
arasag,14,عرف مصطلح تبييض أو غسيل الأموال ,هو تحويل الأموال الغير قانونية و مجهولة المصدر من حساب الى حساب آخر ليتم إبراز مصدرها لتصبح أموال قانونية على الانترنت.,1,0.0,5.0,cybercrimes,short_answer,7,arabic,,إضفاء صفة المشروعية على الأموال القذرة المتأتية غالبا من التجارة غير المشروعة في المخدرات أو غيرها   بتوظيفها في نشاطات وهمية على الانترنت,"{""question_type"": ""عرف المصطلح العلمي""}"
arasag,14,عرف مصطلح تبييض أو غسيل الأموال ,هي تحويل الأموال إلى حسابات في الخارج تحت غطاء شراء شيء ما لكن ليس بقيمته الحقيقية بل بأضعاف.,1,0.0,5.0,cybercrimes,short_answer,7,arabic,,إضفاء صفة المشروعية على الأموال القذرة المتأتية غالبا من التجارة غير المشروعة في المخدرات أو غيرها   بتوظيفها في نشاطات وهمية على الانترنت,"{""question_type"": ""عرف المصطلح العلمي""}"
arasag,14,عرف مصطلح تبييض أو غسيل الأموال ,يتم سنويا غسيل ما يقارب 1600 مليار دولار من الأموال، و يقصد به المال الغير منتج أو مكتسب بطريقة قانونية، أي أنه ليس من منتجي الأوراق النقدية .,1,0.0,5.0,cybercrimes,short_answer,7,arabic,,إضفاء صفة المشروعية على الأموال القذرة المتأتية غالبا من التجارة غير المشروعة في المخدرات أو غيرها   بتوظيفها في نشاطات وهمية على الانترنت,"{""question_type"": ""عرف المصطلح العلمي""}"
arasag,14,عرف مصطلح تبييض أو غسيل الأموال ,هذا راجع إلى جماعة كانت لديهم شركة للغسيل و هم في الأصل مافيا المخدرات يستعملون أموال الشركة للتجارة بالمخدرات (إخفاء حقيقتهم وراء الأنترنت).,2,0.0,5.0,cybercrimes,short_answer,7,arabic,,إضفاء صفة المشروعية على الأموال القذرة المتأتية غالبا من التجارة غير المشروعة في المخدرات أو غيرها   بتوظيفها في نشاطات وهمية على الانترنت,"{""question_type"": ""عرف المصطلح العلمي""}"
arasag,14,عرف مصطلح تبييض أو غسيل الأموال ,هي عملية تزوير الأموال أي سرقة الأموال من البريد الإلكتروني .,0,0.0,5.0,cybercrimes,short_answer,7,arabic,,إضفاء صفة المشروعية على الأموال القذرة المتأتية غالبا من التجارة غير المشروعة في المخدرات أو غيرها   بتوظيفها في نشاطات وهمية على الانترنت,"{""question_type"": ""عرف المصطلح العلمي""}"
arasag,14,عرف مصطلح تبييض أو غسيل الأموال ,هو طريقة كان يستعملها المافيا في أمريكا، لكي تصبح أمواله الغير شرعية أموال شرعية و ذلك بواسطة الغسالة التي كان يملكها فيقوم بتشريع الأموال كأنه ربحها بواسطة غسالة و هي أيضا تنطبق بالأنترنت .,0,0.0,5.0,cybercrimes,short_answer,7,arabic,,إضفاء صفة المشروعية على الأموال القذرة المتأتية غالبا من التجارة غير المشروعة في المخدرات أو غيرها   بتوظيفها في نشاطات وهمية على الانترنت,"{""question_type"": ""عرف المصطلح العلمي""}"
arasag,14,عرف مصطلح تبييض أو غسيل الأموال ,هي إحدى الجرائم المالية الإلكترونية .,0,0.0,5.0,cybercrimes,short_answer,7,arabic,,إضفاء صفة المشروعية على الأموال القذرة المتأتية غالبا من التجارة غير المشروعة في المخدرات أو غيرها   بتوظيفها في نشاطات وهمية على الانترنت,"{""question_type"": ""عرف المصطلح العلمي""}"
arasag,14,عرف مصطلح تبييض أو غسيل الأموال ,هو مصطلح يقصد به إستعمال أموال تم الحصول عليها بطريقة غير قانونية و إستعمالها في مشاريع قانونية و خيرية .,4,0.0,5.0,cybercrimes,short_answer,7,arabic,,إضفاء صفة المشروعية على الأموال القذرة المتأتية غالبا من التجارة غير المشروعة في المخدرات أو غيرها   بتوظيفها في نشاطات وهمية على الانترنت,"{""question_type"": ""عرف المصطلح العلمي""}"
arasag,14,عرف مصطلح تبييض أو غسيل الأموال ,إستخدام الانترنت في تزوير الأموال .,0,0.0,5.0,cybercrimes,short_answer,7,arabic,,إضفاء صفة المشروعية على الأموال القذرة المتأتية غالبا من التجارة غير المشروعة في المخدرات أو غيرها   بتوظيفها في نشاطات وهمية على الانترنت,"{""question_type"": ""عرف المصطلح العلمي""}"
arasag,14,عرف مصطلح تبييض أو غسيل الأموال ,هي الأموال الناتجة عن التجارة بالمخدرات عبر الانترنت .,0,0.0,5.0,cybercrimes,short_answer,7,arabic,,إضفاء صفة المشروعية على الأموال القذرة المتأتية غالبا من التجارة غير المشروعة في المخدرات أو غيرها   بتوظيفها في نشاطات وهمية على الانترنت,"{""question_type"": ""عرف المصطلح العلمي""}"
arasag,14,عرف مصطلح تبييض أو غسيل الأموال ,إستثمار الأموال الغير مشروعة في أعمال مشروعة .,1,0.0,5.0,cybercrimes,short_answer,7,arabic,,إضفاء صفة المشروعية على الأموال القذرة المتأتية غالبا من التجارة غير المشروعة في المخدرات أو غيرها   بتوظيفها في نشاطات وهمية على الانترنت,"{""question_type"": ""عرف المصطلح العلمي""}"
arasag,14,عرف مصطلح تبييض أو غسيل الأموال ,هي نوع من الجرائم الإلكترونية المالية تتم عند بيع المخدرات أو المواد المصنوعة عبر لأنترنت ثم إدخال الأموال المتحصل عليها إلى البنوك و إخراجها .,2,0.0,5.0,cybercrimes,short_answer,7,arabic,,إضفاء صفة المشروعية على الأموال القذرة المتأتية غالبا من التجارة غير المشروعة في المخدرات أو غيرها   بتوظيفها في نشاطات وهمية على الانترنت,"{""question_type"": ""عرف المصطلح العلمي""}"
arasag,14,عرف مصطلح تبييض أو غسيل الأموال ,إمتلاك أموال غير قانونية و إدخالها في نظام أو مؤسسة لإرجاعه أموال قانونية .,3,0.0,5.0,cybercrimes,short_answer,7,arabic,,إضفاء صفة المشروعية على الأموال القذرة المتأتية غالبا من التجارة غير المشروعة في المخدرات أو غيرها   بتوظيفها في نشاطات وهمية على الانترنت,"{""question_type"": ""عرف المصطلح العلمي""}"
arasag,14,عرف مصطلح تبييض أو غسيل الأموال ,هو مصطلح يطلق على عملية التمويه بأن الأموال ذو الأرباح المتحصل عليها شرعية من نشاط شرعي )مصانع(، و في الحقيقة هي أموال غير شرعية من تجارة غير شرعية )تجارة مخدرات على الأنترنت(,4,0.0,5.0,cybercrimes,short_answer,7,arabic,,إضفاء صفة المشروعية على الأموال القذرة المتأتية غالبا من التجارة غير المشروعة في المخدرات أو غيرها   بتوظيفها في نشاطات وهمية على الانترنت,"{""question_type"": ""عرف المصطلح العلمي""}"
arasag,14,عرف مصطلح تبييض أو غسيل الأموال ,يتم الحصول على الأموال من خلال سرقة و إختراق البنوك و بعد ذلك إستغلال هذه الأموال المسروقة في أغراض سلمية .,2,0.0,5.0,cybercrimes,short_answer,7,arabic,,إضفاء صفة المشروعية على الأموال القذرة المتأتية غالبا من التجارة غير المشروعة في المخدرات أو غيرها   بتوظيفها في نشاطات وهمية على الانترنت,"{""question_type"": ""عرف المصطلح العلمي""}"
arasag,14,عرف مصطلح تبييض أو غسيل الأموال ,هو نوع من أنواع الجريمة المالية التي تكون الأنترنت أداة للجريمة : ظهرت في الولايات المتحدة الأمريكية نسبة لشركة غسيل الأموال للمافيا، حيث في محاكمة زعيم المافيا تم حجز جميع الأموال  الناتجة عن بيع المخدرات .,3,0.0,5.0,cybercrimes,short_answer,7,arabic,,إضفاء صفة المشروعية على الأموال القذرة المتأتية غالبا من التجارة غير المشروعة في المخدرات أو غيرها   بتوظيفها في نشاطات وهمية على الانترنت,"{""question_type"": ""عرف المصطلح العلمي""}"
arasag,14,عرف مصطلح تبييض أو غسيل الأموال ,هو سرقة أموال الضحايا و إستخراجها بشراء منتوجات من مواقع التسوق و أخذها بدون عواقب إعادة بيعها في الواقع .,2,0.0,5.0,cybercrimes,short_answer,7,arabic,,إضفاء صفة المشروعية على الأموال القذرة المتأتية غالبا من التجارة غير المشروعة في المخدرات أو غيرها   بتوظيفها في نشاطات وهمية على الانترنت,"{""question_type"": ""عرف المصطلح العلمي""}"
arasag,14,عرف مصطلح تبييض أو غسيل الأموال ,هي من الجرائم المالية التي ترتكب في الانترنت حيث يعمل المجرم بتغيير البيانات و الاحصائيات لدس مدخول شخص,0,0.0,5.0,cybercrimes,short_answer,7,arabic,,إضفاء صفة المشروعية على الأموال القذرة المتأتية غالبا من التجارة غير المشروعة في المخدرات أو غيرها   بتوظيفها في نشاطات وهمية على الانترنت,"{""question_type"": ""عرف المصطلح العلمي""}"
arasag,14,عرف مصطلح تبييض أو غسيل الأموال ,استغلال و تدوير أموال ذات مصدر غير شرعي في استثمارات قانونية لجعلها ذات مظهر قانوني. ,4,0.0,5.0,cybercrimes,short_answer,7,arabic,,إضفاء صفة المشروعية على الأموال القذرة المتأتية غالبا من التجارة غير المشروعة في المخدرات أو غيرها   بتوظيفها في نشاطات وهمية على الانترنت,"{""question_type"": ""عرف المصطلح العلمي""}"
arasag,14,عرف مصطلح تبييض أو غسيل الأموال ,لحصول على أموال غير شرعية واستعمالها لغرض شرعي أو إيداعها على حسابات مالية عن طريق الانترنت. ,3,0.0,5.0,cybercrimes,short_answer,7,arabic,,إضفاء صفة المشروعية على الأموال القذرة المتأتية غالبا من التجارة غير المشروعة في المخدرات أو غيرها   بتوظيفها في نشاطات وهمية على الانترنت,"{""question_type"": ""عرف المصطلح العلمي""}"
arasag,14,عرف مصطلح تبييض أو غسيل الأموال ,استعمال الأموال التي تمسكها بطرق غير شرعية في مشاريع ضخمة وتصرح غالبا على أنها أموال مقترضة من البنك. ,3,0.0,5.0,cybercrimes,short_answer,7,arabic,,إضفاء صفة المشروعية على الأموال القذرة المتأتية غالبا من التجارة غير المشروعة في المخدرات أو غيرها   بتوظيفها في نشاطات وهمية على الانترنت,"{""question_type"": ""عرف المصطلح العلمي""}"
arasag,14,عرف مصطلح تبييض أو غسيل الأموال ,هو إضفاء الشرعية القانونية على الأموال المحرمة عن طريق إيداعها في البنوك متعددة.,2,0.0,5.0,cybercrimes,short_answer,7,arabic,,إضفاء صفة المشروعية على الأموال القذرة المتأتية غالبا من التجارة غير المشروعة في المخدرات أو غيرها   بتوظيفها في نشاطات وهمية على الانترنت,"{""question_type"": ""عرف المصطلح العلمي""}"
arasag,14,عرف مصطلح تبييض أو غسيل الأموال ,هواعطاء مشروعية قانونية لأموال تم الحصول عليها بطريقة غير شرعية و غير قانونية مثل تجارة المخدرات و هذا باللجوء عادة الى المصارف.,3,0.0,5.0,cybercrimes,short_answer,7,arabic,,إضفاء صفة المشروعية على الأموال القذرة المتأتية غالبا من التجارة غير المشروعة في المخدرات أو غيرها   بتوظيفها في نشاطات وهمية على الانترنت,"{""question_type"": ""عرف المصطلح العلمي""}"
arasag,14,عرف مصطلح تبييض أو غسيل الأموال ,جني الأموال عن طريق أساليب غير مشروعة كتزوير البطاقات الائتمانية و تخزينها في البنوك. ,0,0.0,5.0,cybercrimes,short_answer,7,arabic,,إضفاء صفة المشروعية على الأموال القذرة المتأتية غالبا من التجارة غير المشروعة في المخدرات أو غيرها   بتوظيفها في نشاطات وهمية على الانترنت,"{""question_type"": ""عرف المصطلح العلمي""}"
arasag,14,عرف مصطلح تبييض أو غسيل الأموال ,يستعمل مجرمو الكمبيوتر الانترنت لغسيل اموالهم او تبييضها بواسطة تجارة المخدرات التي أصبحت جريمة من الجرائم الالكترونية حيث اصبحت هناك مواقع للتجارة بالمخدرات و العقاقير الغير شرعية.,1,0.0,5.0,cybercrimes,short_answer,7,arabic,,إضفاء صفة المشروعية على الأموال القذرة المتأتية غالبا من التجارة غير المشروعة في المخدرات أو غيرها   بتوظيفها في نشاطات وهمية على الانترنت,"{""question_type"": ""عرف المصطلح العلمي""}"
arasag,14,عرف مصطلح تبييض أو غسيل الأموال ,هو تحويل الأموال غير الشرعية إلى أموال شرعية ، وذلك عبر محاولة ادخالها إلى البنوك المركزية لإعتبارها جهة تعمل بالاموال الشرعية ، و هذا عبر تغيير أو إضافة بيانات في قاعدة البيانات ، و أيضا استعمال بطاقات الائتمان و الاشتراك في تحويل أموال من الضحية الى المجرم .,3,0.0,5.0,cybercrimes,short_answer,7,arabic,,إضفاء صفة المشروعية على الأموال القذرة المتأتية غالبا من التجارة غير المشروعة في المخدرات أو غيرها   بتوظيفها في نشاطات وهمية على الانترنت,"{""question_type"": ""عرف المصطلح العلمي""}"
arasag,14,عرف مصطلح تبييض أو غسيل الأموال ,هو مصطلح ظهر في عام 1931 من قبل مافيا .,0,0.0,5.0,cybercrimes,short_answer,7,arabic,,إضفاء صفة المشروعية على الأموال القذرة المتأتية غالبا من التجارة غير المشروعة في المخدرات أو غيرها   بتوظيفها في نشاطات وهمية على الانترنت,"{""question_type"": ""عرف المصطلح العلمي""}"
arasag,14,عرف مصطلح تبييض أو غسيل الأموال ,هو مصطلح اشتق من اسم لشركة مافيا كانت تقوم بالمتاجرة بالمخدرات فقامت المحكمة بمصادرة تلك الأموال و ترتكز على تحويل الأرصدة و تضخيمها و ذلك من خلال التحويلات الى العملات الصعبة من و الى داخل البلاد و ذلك باستخدام طرق غير مشروعة مثل مصادرة الأسلعة و المتاجرة بها، المخدرات...,3,0.0,5.0,cybercrimes,short_answer,7,arabic,,إضفاء صفة المشروعية على الأموال القذرة المتأتية غالبا من التجارة غير المشروعة في المخدرات أو غيرها   بتوظيفها في نشاطات وهمية على الانترنت,"{""question_type"": ""عرف المصطلح العلمي""}"
arasag,14,عرف مصطلح تبييض أو غسيل الأموال ,القيام بإرجاع الأموال المتحصل عليها بطرق غير قانونية على أنهما أموال متحصل عليها بطرق قانونية بالتحايل على بعض المواقع او بطرق مختلفة كشراء العملات الافتراضية مثلا.,2,0.0,5.0,cybercrimes,short_answer,7,arabic,,إضفاء صفة المشروعية على الأموال القذرة المتأتية غالبا من التجارة غير المشروعة في المخدرات أو غيرها   بتوظيفها في نشاطات وهمية على الانترنت,"{""question_type"": ""عرف المصطلح العلمي""}"
arasag,14,عرف مصطلح تبييض أو غسيل الأموال ,غالبا ما تتمثل في تجارة المخدرات و الممنوعات عبر مواقع الأنترنت من أجل تدوير أموال تجارة الممنوعات إلى الحسابات البنكية دون فرض رقابة عليها أو معرفة مصدرها. ,2,0.0,5.0,cybercrimes,short_answer,7,arabic,,إضفاء صفة المشروعية على الأموال القذرة المتأتية غالبا من التجارة غير المشروعة في المخدرات أو غيرها   بتوظيفها في نشاطات وهمية على الانترنت,"{""question_type"": ""عرف المصطلح العلمي""}"
arasag,14,عرف مصطلح تبييض أو غسيل الأموال ,تصنف في فئة الجرائم المالية ،وهي جعل الأموال المكتسبة بطرق غير قانونية كأموال مكتسبة بطرق قانونية وذلك باستثمارها في مشاريع غلى الانترنت )مواقع البيع والشراء( وذلك للفت الانتباه و تشتيت النظر على مالكها.,5,0.0,5.0,cybercrimes,short_answer,7,arabic,,إضفاء صفة المشروعية على الأموال القذرة المتأتية غالبا من التجارة غير المشروعة في المخدرات أو غيرها   بتوظيفها في نشاطات وهمية على الانترنت,"{""question_type"": ""عرف المصطلح العلمي""}"
arasag,14,عرف مصطلح تبييض أو غسيل الأموال ,عند سرقة عدد كبير من الاموال و بعدها يتم حساباتها كانها دخلت من طرف اخر و تحويلها.,2,0.0,5.0,cybercrimes,short_answer,7,arabic,,إضفاء صفة المشروعية على الأموال القذرة المتأتية غالبا من التجارة غير المشروعة في المخدرات أو غيرها   بتوظيفها في نشاطات وهمية على الانترنت,"{""question_type"": ""عرف المصطلح العلمي""}"
arasag,14,عرف مصطلح تبييض أو غسيل الأموال ,تزوير هذه الأخيرة و إصدار أوراق نقدية بصفة غير قانونية و هي جريمة تم تجريمها و يعاقب عليها.,0,0.0,5.0,cybercrimes,short_answer,7,arabic,,إضفاء صفة المشروعية على الأموال القذرة المتأتية غالبا من التجارة غير المشروعة في المخدرات أو غيرها   بتوظيفها في نشاطات وهمية على الانترنت,"{""question_type"": ""عرف المصطلح العلمي""}"
arasag,14,عرف مصطلح تبييض أو غسيل الأموال ,يتم بواسطة  سلب المستخدمين حساباتهم المالية و سرقة أموالهم و ارسالها إلى شخص آخر فقد يكون الشخص المسروق في بلد و السارق في بلد و المعامل الذي يملك الحساب في بلد آخر. ,0,0.0,5.0,cybercrimes,short_answer,7,arabic,,إضفاء صفة المشروعية على الأموال القذرة المتأتية غالبا من التجارة غير المشروعة في المخدرات أو غيرها   بتوظيفها في نشاطات وهمية على الانترنت,"{""question_type"": ""عرف المصطلح العلمي""}"
arasag,14,عرف مصطلح تبييض أو غسيل الأموال ,هي عملية الشراء على الأنترنت بالأموال التي نتجت عن عملية غير قانونية كالمتاجرة بالمخدرات و الأسلحة : أصحاب هذه الأموال هدفهم الشراء و من ثم بيع ما اشتروا و هكذا يصبح لديهم مصدر قانوني للأموال و ههذا البيع و من ثم تصبح أموالهم نظيفة. ,4,0.0,5.0,cybercrimes,short_answer,7,arabic,,إضفاء صفة المشروعية على الأموال القذرة المتأتية غالبا من التجارة غير المشروعة في المخدرات أو غيرها   بتوظيفها في نشاطات وهمية على الانترنت,"{""question_type"": ""عرف المصطلح العلمي""}"
arasag,14,عرف مصطلح تبييض أو غسيل الأموال ,هي جريمة معلوماتية إلكترونية يتم من خلالها تغيير بيانات و تزويرها حيث تعتبر جريمة مالية و منه كذلك تزوير معاملات وهمية و كل هذا لإثبات. وجود قيم مالية نظيفة في عالم المعلومات و منه تبيض الأموال المتسخة الحقيقية. ,4,0.0,5.0,cybercrimes,short_answer,7,arabic,,إضفاء صفة المشروعية على الأموال القذرة المتأتية غالبا من التجارة غير المشروعة في المخدرات أو غيرها   بتوظيفها في نشاطات وهمية على الانترنت,"{""question_type"": ""عرف المصطلح العلمي""}"
arasag,14,عرف مصطلح تبييض أو غسيل الأموال ,هي تحويل الأموال المسروقة أو المجنية عن طريق تجارة المخدرات أو من المعاملات الغير قانونية إلى البنوك أو خلطها مع الأموال العادية فلا يمكن تمييزها. ,4,0.0,5.0,cybercrimes,short_answer,7,arabic,,إضفاء صفة المشروعية على الأموال القذرة المتأتية غالبا من التجارة غير المشروعة في المخدرات أو غيرها   بتوظيفها في نشاطات وهمية على الانترنت,"{""question_type"": ""عرف المصطلح العلمي""}"
arasag,14,عرف مصطلح تبييض أو غسيل الأموال ,يقوم المجرمون الذين يحصلون على الأموال بطريقة غير قانونية وغير شرعية كمجرمي المخدرات و بإدخال هذه الأموال عبر حاسبات الكترونية بطريقة احتيالية على أساس انها من مشاريع قانونية و كذلك بتغيير العملة بهذه الحاسبات. ,5,0.0,5.0,cybercrimes,short_answer,7,arabic,,إضفاء صفة المشروعية على الأموال القذرة المتأتية غالبا من التجارة غير المشروعة في المخدرات أو غيرها   بتوظيفها في نشاطات وهمية على الانترنت,"{""question_type"": ""عرف المصطلح العلمي""}"
arasag,14,عرف مصطلح تبييض أو غسيل الأموال ,تحويل أموال مكتسبة بطريقة غير شرعية إلى أموال شرعية عبر استغلالها في القيام بمعاملات تجارية إلكترونية أو تحويلها عبر البنوك. ,5,0.0,5.0,cybercrimes,short_answer,7,arabic,,إضفاء صفة المشروعية على الأموال القذرة المتأتية غالبا من التجارة غير المشروعة في المخدرات أو غيرها   بتوظيفها في نشاطات وهمية على الانترنت,"{""question_type"": ""عرف المصطلح العلمي""}"
arasag,14,عرف مصطلح تبييض أو غسيل الأموال ,تغيير سجلات وبيانات وإرجاع أموال المتحصل عليها بطرق غير قانونية عبر تغيير في العائد المادي أو نقلها إلى حساب وهمي. ,4,0.0,5.0,cybercrimes,short_answer,7,arabic,,إضفاء صفة المشروعية على الأموال القذرة المتأتية غالبا من التجارة غير المشروعة في المخدرات أو غيرها   بتوظيفها في نشاطات وهمية على الانترنت,"{""question_type"": ""عرف المصطلح العلمي""}"
arasag,12,عرف مصطلح القياس الحيوي,هو العلم الذي يختص في استخدام إحصاء صفات الإنسان الحيوية للتأكد من هويته من خلال صفاته الفريدة,4,0.0,5.0,cybercrimes,short_answer,7,arabic,,هو العلم الذي يستخدم التحليل الإحصائي لصفات الإنسان الحيوية وذلك للتأكد من هويته الشخصية باستخدام صفاته الفريدة وهي صفات سلوكية وصفات فيزيائية,"{""question_type"": ""عرف المصطلح العلمي""}"
arasag,12,عرف مصطلح القياس الحيوي,هو العلم الذي يستخدم التحليل الاحصائي المتمثل في استخدام أجزاء من جسم الانسان للتعرف والتأكد من هوية المستخدم مثل بصمة اليد -بصمة الاصبع الوجه الشبكة العينية الصوت الإمضاء اليدوي,4,0.0,5.0,cybercrimes,short_answer,7,arabic,,هو العلم الذي يستخدم التحليل الإحصائي لصفات الإنسان الحيوية وذلك للتأكد من هويته الشخصية باستخدام صفاته الفريدة وهي صفات سلوكية وصفات فيزيائية,"{""question_type"": ""عرف المصطلح العلمي""}"
arasag,12,عرف مصطلح القياس الحيوي,هو العلم الذي يهتم ب إحصاء الصفات الحيوية للانسان من اجل اثبات هويتهم ,4,0.0,5.0,cybercrimes,short_answer,7,arabic,,هو العلم الذي يستخدم التحليل الإحصائي لصفات الإنسان الحيوية وذلك للتأكد من هويته الشخصية باستخدام صفاته الفريدة وهي صفات سلوكية وصفات فيزيائية,"{""question_type"": ""عرف المصطلح العلمي""}"
arasag,12,عرف مصطلح القياس الحيوي,هو تحليل احصائي الصفات السلوكية و الفيزيائية للمستخدم لإثبات هويته,4,0.0,5.0,cybercrimes,short_answer,7,arabic,,هو العلم الذي يستخدم التحليل الإحصائي لصفات الإنسان الحيوية وذلك للتأكد من هويته الشخصية باستخدام صفاته الفريدة وهي صفات سلوكية وصفات فيزيائية,"{""question_type"": ""عرف المصطلح العلمي""}"
arasag,12,عرف مصطلح القياس الحيوي,هو وسيلة لمعرفة هوية شخص ما يعني كل معلوماته  في وسيلة واحدة,1,0.0,5.0,cybercrimes,short_answer,7,arabic,,هو العلم الذي يستخدم التحليل الإحصائي لصفات الإنسان الحيوية وذلك للتأكد من هويته الشخصية باستخدام صفاته الفريدة وهي صفات سلوكية وصفات فيزيائية,"{""question_type"": ""عرف المصطلح العلمي""}"
arasag,12,عرف مصطلح القياس الحيوي,هو العلم الذي يختص في التحليل الاحصائي لصفات الإنسان ومن خلاله يمكن التعرف على هويته,4,0.0,5.0,cybercrimes,short_answer,7,arabic,,هو العلم الذي يستخدم التحليل الإحصائي لصفات الإنسان الحيوية وذلك للتأكد من هويته الشخصية باستخدام صفاته الفريدة وهي صفات سلوكية وصفات فيزيائية,"{""question_type"": ""عرف المصطلح العلمي""}"
arasag,12,عرف مصطلح القياس الحيوي,"هو استعمال الصفات الشخصية في تحديد الهوية و ينقسم ال قسمين: القياس الحيوي الفيزيائي و السلوكي، الفيزيائية يستعمل الصفات الفيزيائية مثل :بصمة الاصبع وبصمة اليد و الحمض النووي و الوجه وكذا قزحية العين، السلوكية: الصفات المتعلقة بالسلوك التوقيع اليدوي الصوت, ضربات لوحة المفاتيح.",5,0.0,5.0,cybercrimes,short_answer,7,arabic,,هو العلم الذي يستخدم التحليل الإحصائي لصفات الإنسان الحيوية وذلك للتأكد من هويته الشخصية باستخدام صفاته الفريدة وهي صفات سلوكية وصفات فيزيائية,"{""question_type"": ""عرف المصطلح العلمي""}"
arasag,12,عرف مصطلح القياس الحيوي,هو استعمال آليات فحص الهوية و هذه الاليات تقوم بفحص اعضاء من جسم الانسان امور خاصة كالصوت,2,0.0,5.0,cybercrimes,short_answer,7,arabic,,هو العلم الذي يستخدم التحليل الإحصائي لصفات الإنسان الحيوية وذلك للتأكد من هويته الشخصية باستخدام صفاته الفريدة وهي صفات سلوكية وصفات فيزيائية,"{""question_type"": ""عرف المصطلح العلمي""}"
arasag,12,عرف مصطلح القياس الحيوي,علم يستعمل التحليل الاحصائي للصفات الحيوية لأشخاص لتحديد هويتهم,4,0.0,5.0,cybercrimes,short_answer,7,arabic,,هو العلم الذي يستخدم التحليل الإحصائي لصفات الإنسان الحيوية وذلك للتأكد من هويته الشخصية باستخدام صفاته الفريدة وهي صفات سلوكية وصفات فيزيائية,"{""question_type"": ""عرف المصطلح العلمي""}"
arasag,12,عرف مصطلح القياس الحيوي,هو خطر النظام للتعرض للاختراق,0,0.0,5.0,cybercrimes,short_answer,7,arabic,,هو العلم الذي يستخدم التحليل الإحصائي لصفات الإنسان الحيوية وذلك للتأكد من هويته الشخصية باستخدام صفاته الفريدة وهي صفات سلوكية وصفات فيزيائية,"{""question_type"": ""عرف المصطلح العلمي""}"
arasag,12,عرف مصطلح القياس الحيوي,هو العلم الذي يستخدم التحليل الاحصائي لصفات الإنسان الحيوية و ذلك للتأكد من هويته الشخصية,4,0.0,5.0,cybercrimes,short_answer,7,arabic,,هو العلم الذي يستخدم التحليل الإحصائي لصفات الإنسان الحيوية وذلك للتأكد من هويته الشخصية باستخدام صفاته الفريدة وهي صفات سلوكية وصفات فيزيائية,"{""question_type"": ""عرف المصطلح العلمي""}"
arasag,12,عرف مصطلح القياس الحيوي,هي كلمة اغريقية تعني الحياة والقياس و هو علم يختص بتحليل إحصائي لصفات الانسان الحيوية حيث يستعمل لنتأكد من الهوية الشخصية  ,4,0.0,5.0,cybercrimes,short_answer,7,arabic,,هو العلم الذي يستخدم التحليل الإحصائي لصفات الإنسان الحيوية وذلك للتأكد من هويته الشخصية باستخدام صفاته الفريدة وهي صفات سلوكية وصفات فيزيائية,"{""question_type"": ""عرف المصطلح العلمي""}"
arasag,12,عرف مصطلح القياس الحيوي,هو مجموعة من الوسائل والبرامج المستخدمة لقياس واختبار الانسان من الناحية الفيزيائية (بصمة اليد او الاصبع، الحمض النووي،)أو السلوكية (الصوت، الامضاء) و هو مستعمل من أجل تأمين وحفظ سرية  ,4,0.0,5.0,cybercrimes,short_answer,7,arabic,,هو العلم الذي يستخدم التحليل الإحصائي لصفات الإنسان الحيوية وذلك للتأكد من هويته الشخصية باستخدام صفاته الفريدة وهي صفات سلوكية وصفات فيزيائية,"{""question_type"": ""عرف المصطلح العلمي""}"
arasag,12,عرف مصطلح القياس الحيوي,هو علم يستخدم التحليل الاحصائى لصفات الإنسان الحيوية للحصول على الهوية الشخصية,4,0.0,5.0,cybercrimes,short_answer,7,arabic,,هو العلم الذي يستخدم التحليل الإحصائي لصفات الإنسان الحيوية وذلك للتأكد من هويته الشخصية باستخدام صفاته الفريدة وهي صفات سلوكية وصفات فيزيائية,"{""question_type"": ""عرف المصطلح العلمي""}"
arasag,12,عرف مصطلح القياس الحيوي,هو مصطلح إغريقي يقوم على إستعمال القياسات الحيوية (الصفات) للأفراد كأسلوب حماية ينقسم الى قياسات سلوكية وفيزيائية ، قياس فيزيائي : البصمات(اليد العين والإصبع )،الحمض النووي ، قياس سلوكي : الصوت ، التوقيع اليدوي ، ضربات لوحة المفاتيح.,4,0.0,5.0,cybercrimes,short_answer,7,arabic,,هو العلم الذي يستخدم التحليل الإحصائي لصفات الإنسان الحيوية وذلك للتأكد من هويته الشخصية باستخدام صفاته الفريدة وهي صفات سلوكية وصفات فيزيائية,"{""question_type"": ""عرف المصطلح العلمي""}"
arasag,12,عرف مصطلح القياس الحيوي,تتمثل في صفات الانسان من حيث الوجه و العينين و اليدين و سلوك الشخص الذي قام به حيث صفات  الانسان هي قياسات  حيوية و قياسات سلوكية ،فهو العلم الذي يستخدم للتحليل الإحصائي.,4,0.0,5.0,cybercrimes,short_answer,7,arabic,,هو العلم الذي يستخدم التحليل الإحصائي لصفات الإنسان الحيوية وذلك للتأكد من هويته الشخصية باستخدام صفاته الفريدة وهي صفات سلوكية وصفات فيزيائية,"{""question_type"": ""عرف المصطلح العلمي""}"
arasag,12,عرف مصطلح القياس الحيوي,وهو استعمال اليات لفحص الهوية وهذه الاليات تقوم بفحص اعضاء من جسم الانسان او تفحص امور خاصة كالصوت,2,0.0,5.0,cybercrimes,short_answer,7,arabic,,هو العلم الذي يستخدم التحليل الإحصائي لصفات الإنسان الحيوية وذلك للتأكد من هويته الشخصية باستخدام صفاته الفريدة وهي صفات سلوكية وصفات فيزيائية,"{""question_type"": ""عرف المصطلح العلمي""}"
arasag,12,عرف مصطلح القياس الحيوي,هي نظام أو برنامج يستخدم التحليل الاحصائي لصفات الانسان الحيوية وذلك للحصول على الهوية الشخصية,2,0.0,5.0,cybercrimes,short_answer,7,arabic,,هو العلم الذي يستخدم التحليل الإحصائي لصفات الإنسان الحيوية وذلك للتأكد من هويته الشخصية باستخدام صفاته الفريدة وهي صفات سلوكية وصفات فيزيائية,"{""question_type"": ""عرف المصطلح العلمي""}"
arasag,12,عرف مصطلح القياس الحيوي,هو العلم الذي يستخدم التحليل الاحصائي لصفات الانسان لتحديد هوية الأشخاص باستعمال صفاتهم الفريدة,4,0.0,5.0,cybercrimes,short_answer,7,arabic,,هو العلم الذي يستخدم التحليل الإحصائي لصفات الإنسان الحيوية وذلك للتأكد من هويته الشخصية باستخدام صفاته الفريدة وهي صفات سلوكية وصفات فيزيائية,"{""question_type"": ""عرف المصطلح العلمي""}"
arasag,12,عرف مصطلح القياس الحيوي,القياس الجبري Bio Metrics) ) هو عبارة عن مجموع كلمتين bio تعني الحياة metrics وتعني القياس حيث يقوم الناس بالقياس باستخدام التحليل الاحصائي لصفات الانسان من اجل التعرف على هويته الشخصية.,4,0.0,5.0,cybercrimes,short_answer,7,arabic,,هو العلم الذي يستخدم التحليل الإحصائي لصفات الإنسان الحيوية وذلك للتأكد من هويته الشخصية باستخدام صفاته الفريدة وهي صفات سلوكية وصفات فيزيائية,"{""question_type"": ""عرف المصطلح العلمي""}"
arasag,12,عرف مصطلح القياس الحيوي,العلم الذي يستخدم التحليل الاحصائي لصفات الانسان الحيوية وذلك للتأكد من هويته الشخصية,4,0.0,5.0,cybercrimes,short_answer,7,arabic,,هو العلم الذي يستخدم التحليل الإحصائي لصفات الإنسان الحيوية وذلك للتأكد من هويته الشخصية باستخدام صفاته الفريدة وهي صفات سلوكية وصفات فيزيائية,"{""question_type"": ""عرف المصطلح العلمي""}"
arasag,12,عرف مصطلح القياس الحيوي,كلمة إغريقية تتكون من bio الحياة و metrics القياس ، العلم الذي يستخدم التحليل الاحصائي لصفات الإنسان الحيوية لتحديد هوية الأشخاص باستعمال صفاتهم الفردية     ,4,0.0,5.0,cybercrimes,short_answer,7,arabic,,هو العلم الذي يستخدم التحليل الإحصائي لصفات الإنسان الحيوية وذلك للتأكد من هويته الشخصية باستخدام صفاته الفريدة وهي صفات سلوكية وصفات فيزيائية,"{""question_type"": ""عرف المصطلح العلمي""}"
arasag,12,عرف مصطلح القياس الحيوي,هو تقنيات التعرف على شخص من خلال صفاته الفردية كالبصمة وقزحية العين,4,0.0,5.0,cybercrimes,short_answer,7,arabic,,هو العلم الذي يستخدم التحليل الإحصائي لصفات الإنسان الحيوية وذلك للتأكد من هويته الشخصية باستخدام صفاته الفريدة وهي صفات سلوكية وصفات فيزيائية,"{""question_type"": ""عرف المصطلح العلمي""}"
arasag,12,عرف مصطلح القياس الحيوي,هو كلمة اغريقية مكونة من كلمتين bio وتعني الحياة metrice و تعني القياس، وهو علم يختص بتحليل الصفات الحيوية للإنسان كصفاته الاخلاقية و الفيزيائية,3,0.0,5.0,cybercrimes,short_answer,7,arabic,,هو العلم الذي يستخدم التحليل الإحصائي لصفات الإنسان الحيوية وذلك للتأكد من هويته الشخصية باستخدام صفاته الفريدة وهي صفات سلوكية وصفات فيزيائية,"{""question_type"": ""عرف المصطلح العلمي""}"
arasag,12,عرف مصطلح القياس الحيوي,هو طريقة من طرق حماية امن المعلومات و يتمثل في عدة صفات سلوكية تكون فريدة من شخص لاخر كبصمة الاصبع  ,3,0.0,5.0,cybercrimes,short_answer,7,arabic,,هو العلم الذي يستخدم التحليل الإحصائي لصفات الإنسان الحيوية وذلك للتأكد من هويته الشخصية باستخدام صفاته الفريدة وهي صفات سلوكية وصفات فيزيائية,"{""question_type"": ""عرف المصطلح العلمي""}"
arasag,12,عرف مصطلح القياس الحيوي,هو علم يدرس حالة الانسان الفريدة التي تميز شخصا عن اخر,1,0.0,5.0,cybercrimes,short_answer,7,arabic,,هو العلم الذي يستخدم التحليل الإحصائي لصفات الإنسان الحيوية وذلك للتأكد من هويته الشخصية باستخدام صفاته الفريدة وهي صفات سلوكية وصفات فيزيائية,"{""question_type"": ""عرف المصطلح العلمي""}"
arasag,12,عرف مصطلح القياس الحيوي,هو تحليل احصائي للصفات الحيوية للانسان و تحديد هويته باستخدام مميزاته الفريدة,3,0.0,5.0,cybercrimes,short_answer,7,arabic,,هو العلم الذي يستخدم التحليل الإحصائي لصفات الإنسان الحيوية وذلك للتأكد من هويته الشخصية باستخدام صفاته الفريدة وهي صفات سلوكية وصفات فيزيائية,"{""question_type"": ""عرف المصطلح العلمي""}"
arasag,12,عرف مصطلح القياس الحيوي,هو قياس الخصائص الحيوية و المميزة عند كل شخص مثل البصمة و القزحية,2,0.0,5.0,cybercrimes,short_answer,7,arabic,,هو العلم الذي يستخدم التحليل الإحصائي لصفات الإنسان الحيوية وذلك للتأكد من هويته الشخصية باستخدام صفاته الفريدة وهي صفات سلوكية وصفات فيزيائية,"{""question_type"": ""عرف المصطلح العلمي""}"
arasag,12,عرف مصطلح القياس الحيوي,هو علم يستخدم التحليل الاحصائي لصفات الانسان اتجاه هويته باستخدام الصفات الفريدة ,2,0.0,5.0,cybercrimes,short_answer,7,arabic,,هو العلم الذي يستخدم التحليل الإحصائي لصفات الإنسان الحيوية وذلك للتأكد من هويته الشخصية باستخدام صفاته الفريدة وهي صفات سلوكية وصفات فيزيائية,"{""question_type"": ""عرف المصطلح العلمي""}"
arasag,12,عرف مصطلح القياس الحيوي,هي طريقة يتم بواسطتها التعرف وهم اكثر امنا من كلمات المرور تنقسم الى قسمين: صفات سلوكية كالتعرف على بصمة اليد والصوت، صفات جسمية كبصمة اليد و الاصبع قزحية العين و  ADN ,2,0.0,5.0,cybercrimes,short_answer,7,arabic,,هو العلم الذي يستخدم التحليل الإحصائي لصفات الإنسان الحيوية وذلك للتأكد من هويته الشخصية باستخدام صفاته الفريدة وهي صفات سلوكية وصفات فيزيائية,"{""question_type"": ""عرف المصطلح العلمي""}"
arasag,12,عرف مصطلح القياس الحيوي,هو علم يعتمد على تحليل الصفات الفريدة للانسان هدفه التاكد من هوية الشخص,4,0.0,5.0,cybercrimes,short_answer,7,arabic,,هو العلم الذي يستخدم التحليل الإحصائي لصفات الإنسان الحيوية وذلك للتأكد من هويته الشخصية باستخدام صفاته الفريدة وهي صفات سلوكية وصفات فيزيائية,"{""question_type"": ""عرف المصطلح العلمي""}"
arasag,12,عرف مصطلح القياس الحيوي,هو علم يستخدم التغيرات الصادرة على صفات الانسان الحيوية و بذلك لتسهيل اثبات هويته الشخصية باستعمال صفاته و سلوكاته,3,0.0,5.0,cybercrimes,short_answer,7,arabic,,هو العلم الذي يستخدم التحليل الإحصائي لصفات الإنسان الحيوية وذلك للتأكد من هويته الشخصية باستخدام صفاته الفريدة وهي صفات سلوكية وصفات فيزيائية,"{""question_type"": ""عرف المصطلح العلمي""}"
arasag,12,عرف مصطلح القياس الحيوي,هو عبارة عن استعمال قياسات حيوية فيزيائية او سلوكية من اجل الحماية او الوقاية ,3,0.0,5.0,cybercrimes,short_answer,7,arabic,,هو العلم الذي يستخدم التحليل الإحصائي لصفات الإنسان الحيوية وذلك للتأكد من هويته الشخصية باستخدام صفاته الفريدة وهي صفات سلوكية وصفات فيزيائية,"{""question_type"": ""عرف المصطلح العلمي""}"
arasag,12,عرف مصطلح القياس الحيوي,هو قياس يسمح بالتعرف على هوية المستخدم عن طريق الاعضاء  الموجودة في جسم الانسان كبصمة الاصبع اليد او قزحية العين  وكذلك دراسة سلوك الانسان من اجل التاكد من هويته ,3,0.0,5.0,cybercrimes,short_answer,7,arabic,,هو العلم الذي يستخدم التحليل الإحصائي لصفات الإنسان الحيوية وذلك للتأكد من هويته الشخصية باستخدام صفاته الفريدة وهي صفات سلوكية وصفات فيزيائية,"{""question_type"": ""عرف المصطلح العلمي""}"
arasag,12,عرف مصطلح القياس الحيوي,هوعلم يهتم بدراسة الاحصاء القياسي للصفات البيولوجية الخاصة بكل انسان ,3,0.0,5.0,cybercrimes,short_answer,7,arabic,,هو العلم الذي يستخدم التحليل الإحصائي لصفات الإنسان الحيوية وذلك للتأكد من هويته الشخصية باستخدام صفاته الفريدة وهي صفات سلوكية وصفات فيزيائية,"{""question_type"": ""عرف المصطلح العلمي""}"
arasag,12,عرف مصطلح القياس الحيوي,هو العلم الدقيق الذي يقوم على التحليل الاحصائي لصفات الانسان و سلوكياته حيث نميز صنفين صفات فيزيائية و صفات سلوكية ، الفيزيائية هي كل ماتعلق بجزء من الجسم كبصمة قزحية العين، السلوكية ما تعلق بسلوكيات الفرد كالصوت التوقيع ضربات لوحة المفاتيح ,5,0.0,5.0,cybercrimes,short_answer,7,arabic,,هو العلم الذي يستخدم التحليل الإحصائي لصفات الإنسان الحيوية وذلك للتأكد من هويته الشخصية باستخدام صفاته الفريدة وهي صفات سلوكية وصفات فيزيائية,"{""question_type"": ""عرف المصطلح العلمي""}"
arasag,12,عرف مصطلح القياس الحيوي,هو علم يقوم بالتحليل الاحصائي لصفات الانسان الفريدة لتأكيد هوية المستخدمين مثل الوجه بصمة اليد قزحية العين ,4,0.0,5.0,cybercrimes,short_answer,7,arabic,,هو العلم الذي يستخدم التحليل الإحصائي لصفات الإنسان الحيوية وذلك للتأكد من هويته الشخصية باستخدام صفاته الفريدة وهي صفات سلوكية وصفات فيزيائية,"{""question_type"": ""عرف المصطلح العلمي""}"
arasag,12,عرف مصطلح القياس الحيوي,هو عملية تحليل لصفات الانسان من اجل التعرف على هويته ,2,0.0,5.0,cybercrimes,short_answer,7,arabic,,هو العلم الذي يستخدم التحليل الإحصائي لصفات الإنسان الحيوية وذلك للتأكد من هويته الشخصية باستخدام صفاته الفريدة وهي صفات سلوكية وصفات فيزيائية,"{""question_type"": ""عرف المصطلح العلمي""}"
arasag,12,عرف مصطلح القياس الحيوي,هو العلم الذي يستخدم صفات الانسان الفريدة للتاكد من هويتهم ,3,0.0,5.0,cybercrimes,short_answer,7,arabic,,هو العلم الذي يستخدم التحليل الإحصائي لصفات الإنسان الحيوية وذلك للتأكد من هويته الشخصية باستخدام صفاته الفريدة وهي صفات سلوكية وصفات فيزيائية,"{""question_type"": ""عرف المصطلح العلمي""}"
arasag,12,عرف مصطلح القياس الحيوي,هو معيار لقياس ,0,0.0,5.0,cybercrimes,short_answer,7,arabic,,هو العلم الذي يستخدم التحليل الإحصائي لصفات الإنسان الحيوية وذلك للتأكد من هويته الشخصية باستخدام صفاته الفريدة وهي صفات سلوكية وصفات فيزيائية,"{""question_type"": ""عرف المصطلح العلمي""}"
arasag,12,عرف مصطلح القياس الحيوي,هو يعمل على احصاء صفات الانسان المختلفة و ادخالها في قاعدة البيانات مما يسهل الكثير العمليات و حماية المعلومات الخاصة و منها فئتين: القياس الحيوي الفيزيائي (بصمة الاصبع بصمة اليد..)، القياس الحيوي السلوكي (الصوت امضاء الكتروني) ,4,0.0,5.0,cybercrimes,short_answer,7,arabic,,هو العلم الذي يستخدم التحليل الإحصائي لصفات الإنسان الحيوية وذلك للتأكد من هويته الشخصية باستخدام صفاته الفريدة وهي صفات سلوكية وصفات فيزيائية,"{""question_type"": ""عرف المصطلح العلمي""}"
arasag,12,عرف مصطلح القياس الحيوي,هي عبارة عن صفات سلوكية وصفات فيزيائية متعلقة بالفر لمعرفة الهوية و التحقق منها,2,0.0,5.0,cybercrimes,short_answer,7,arabic,,هو العلم الذي يستخدم التحليل الإحصائي لصفات الإنسان الحيوية وذلك للتأكد من هويته الشخصية باستخدام صفاته الفريدة وهي صفات سلوكية وصفات فيزيائية,"{""question_type"": ""عرف المصطلح العلمي""}"
arasag,12,عرف مصطلح القياس الحيوي,هو علم يقوم) بدراسة(بالدراسة الاحصائية لصفات الانسان لتحديد هويته الشخصية باستخدام الصفات الفريدة له,4,0.0,5.0,cybercrimes,short_answer,7,arabic,,هو العلم الذي يستخدم التحليل الإحصائي لصفات الإنسان الحيوية وذلك للتأكد من هويته الشخصية باستخدام صفاته الفريدة وهي صفات سلوكية وصفات فيزيائية,"{""question_type"": ""عرف المصطلح العلمي""}"
arasag,12,عرف مصطلح القياس الحيوي,هي مجموعة من الصفات و الخصائص التي يتمتع بها الانسان كصوته و لون عينيه او بصماته و غيرها تستعمل لتحقيق الخصوصية و امن الانظمة الالكترونية ,4,0.0,5.0,cybercrimes,short_answer,7,arabic,,هو العلم الذي يستخدم التحليل الإحصائي لصفات الإنسان الحيوية وذلك للتأكد من هويته الشخصية باستخدام صفاته الفريدة وهي صفات سلوكية وصفات فيزيائية,"{""question_type"": ""عرف المصطلح العلمي""}"
arasag,12,عرف مصطلح القياس الحيوي,هو العلم الذي يقوم على التحليل الاحصائي للصفات الحيوية للعضوية قصد الوصول الثبات الهوية بصفة مؤكدة,3,0.0,5.0,cybercrimes,short_answer,7,arabic,,هو العلم الذي يستخدم التحليل الإحصائي لصفات الإنسان الحيوية وذلك للتأكد من هويته الشخصية باستخدام صفاته الفريدة وهي صفات سلوكية وصفات فيزيائية,"{""question_type"": ""عرف المصطلح العلمي""}"
arasag,12,عرف مصطلح القياس الحيوي,هو العلم الذي يدرس صفات الانسان الحيوية و الاهتمام بدراسة الصفات الفريدة,2,0.0,5.0,cybercrimes,short_answer,7,arabic,,هو العلم الذي يستخدم التحليل الإحصائي لصفات الإنسان الحيوية وذلك للتأكد من هويته الشخصية باستخدام صفاته الفريدة وهي صفات سلوكية وصفات فيزيائية,"{""question_type"": ""عرف المصطلح العلمي""}"
arasag,12,عرف مصطلح القياس الحيوي,علم احصائي لسلوك الانسان يتكون من (bio)علم و قياس (metric),2,0.0,5.0,cybercrimes,short_answer,7,arabic,,هو العلم الذي يستخدم التحليل الإحصائي لصفات الإنسان الحيوية وذلك للتأكد من هويته الشخصية باستخدام صفاته الفريدة وهي صفات سلوكية وصفات فيزيائية,"{""question_type"": ""عرف المصطلح العلمي""}"
arasag,12,عرف مصطلح القياس الحيوي,هو اساليب تحديد الهوية مثل القياس البيو متري,1,0.0,5.0,cybercrimes,short_answer,7,arabic,,هو العلم الذي يستخدم التحليل الإحصائي لصفات الإنسان الحيوية وذلك للتأكد من هويته الشخصية باستخدام صفاته الفريدة وهي صفات سلوكية وصفات فيزيائية,"{""question_type"": ""عرف المصطلح العلمي""}"
arasag,12,عرف مصطلح القياس الحيوي,هو العلم الذي يستخدم التحليل الاحصائى لصفات الانسان الحيوية وذلك للتعرف على شخصيتهم باستخدام صفاتهم الفريدة,4,0.0,5.0,cybercrimes,short_answer,7,arabic,,هو العلم الذي يستخدم التحليل الإحصائي لصفات الإنسان الحيوية وذلك للتأكد من هويته الشخصية باستخدام صفاته الفريدة وهي صفات سلوكية وصفات فيزيائية,"{""question_type"": ""عرف المصطلح العلمي""}"
arasag,12,عرف مصطلح القياس الحيوي,هو التحليل الاحصائي للإنسان  (صفاته) يستخدم للتاكد من هويته الشخصية,3,0.0,5.0,cybercrimes,short_answer,7,arabic,,هو العلم الذي يستخدم التحليل الإحصائي لصفات الإنسان الحيوية وذلك للتأكد من هويته الشخصية باستخدام صفاته الفريدة وهي صفات سلوكية وصفات فيزيائية,"{""question_type"": ""عرف المصطلح العلمي""}"
arasag,12,عرف مصطلح القياس الحيوي,هو وسيلة حماية حيث تستعمل الصفات السلوكية و الجسمية الجل زيادة الامن داخل المؤسسات و حماية الخصوصية,2,0.0,5.0,cybercrimes,short_answer,7,arabic,,هو العلم الذي يستخدم التحليل الإحصائي لصفات الإنسان الحيوية وذلك للتأكد من هويته الشخصية باستخدام صفاته الفريدة وهي صفات سلوكية وصفات فيزيائية,"{""question_type"": ""عرف المصطلح العلمي""}"
arasag,12,عرف مصطلح القياس الحيوي,هو عبارة عن دراسة بواسطة الاحصاء الحيوي لصفات الانسان النفسية و الحركية من اجل تعزيز المستوى الامني,4,0.0,5.0,cybercrimes,short_answer,7,arabic,,هو العلم الذي يستخدم التحليل الإحصائي لصفات الإنسان الحيوية وذلك للتأكد من هويته الشخصية باستخدام صفاته الفريدة وهي صفات سلوكية وصفات فيزيائية,"{""question_type"": ""عرف المصطلح العلمي""}"
arasag,11,عرف مصطلح الجريمة المنظمة على الانترنت,هي جريمة يقوم بها أفراد أو جماعات بعد تخطيط وتنظيم بهدف سرقة بيانات أو أموال أو ابتزاز أشخاص آخرين,4,0.0,5.0,cybercrimes,short_answer,7,arabic,,هي عنف منظم تقوم به جماعات ترتكب أفعالا تخترق بها القانون للحصول على مكاسب مالية، بطرق وأساليب غير مشروعة تنفذ بعد تدبير وتنظيم,"{""question_type"": ""عرف المصطلح العلمي""}"
arasag,11,عرف مصطلح الجريمة المنظمة على الانترنت,هي سلوك غير قانوني يقوم فيه النصب احتيال أو ابتزاز الناس حيث تتميز شركات ومؤسسات,1,0.0,5.0,cybercrimes,short_answer,7,arabic,,هي عنف منظم تقوم به جماعات ترتكب أفعالا تخترق بها القانون للحصول على مكاسب مالية، بطرق وأساليب غير مشروعة تنفذ بعد تدبير وتنظيم,"{""question_type"": ""عرف المصطلح العلمي""}"
arasag,11,عرف مصطلح الجريمة المنظمة على الانترنت,عنف منظم تقوم به جماعات منظمة هدفها اختراق الآمن للحصول على الكسب المادي(المالي) وتكون هذه الجريمة بعد التنظيم و التجهيز,4,0.0,5.0,cybercrimes,short_answer,7,arabic,,هي عنف منظم تقوم به جماعات ترتكب أفعالا تخترق بها القانون للحصول على مكاسب مالية، بطرق وأساليب غير مشروعة تنفذ بعد تدبير وتنظيم,"{""question_type"": ""عرف المصطلح العلمي""}"
arasag,11,عرف مصطلح الجريمة المنظمة على الانترنت,هي الجرائم التي تعتمد على الذكاء والتخطيط؛ تكون غير مباشرة عن طريق سلسلة أحداث منظمة تشمل عدة أطراف وعدة ضحايا ، تكون هذه الجرائم معقدة بحيث لا يمكن الكشف عنها حتى فوات الأوان.,2,0.0,5.0,cybercrimes,short_answer,7,arabic,,هي عنف منظم تقوم به جماعات ترتكب أفعالا تخترق بها القانون للحصول على مكاسب مالية، بطرق وأساليب غير مشروعة تنفذ بعد تدبير وتنظيم,"{""question_type"": ""عرف المصطلح العلمي""}"
arasag,11,عرف مصطلح الجريمة المنظمة على الانترنت,هي جريمة ترتكب من طرف أفراد أو منظمات عن عمد مع تنظيم وتدبير مسبق(التنظيم والكسب المادي),4,0.0,5.0,cybercrimes,short_answer,7,arabic,,هي عنف منظم تقوم به جماعات ترتكب أفعالا تخترق بها القانون للحصول على مكاسب مالية، بطرق وأساليب غير مشروعة تنفذ بعد تدبير وتنظيم,"{""question_type"": ""عرف المصطلح العلمي""}"
arasag,11,عرف مصطلح الجريمة المنظمة على الانترنت,هي جماعات أو منظمات تقوم باختراق القانون من أجل كسب المال، لها خاصيتين: - تنظيم ، كسب المال .,4,0.0,5.0,cybercrimes,short_answer,7,arabic,,هي عنف منظم تقوم به جماعات ترتكب أفعالا تخترق بها القانون للحصول على مكاسب مالية، بطرق وأساليب غير مشروعة تنفذ بعد تدبير وتنظيم,"{""question_type"": ""عرف المصطلح العلمي""}"
arasag,11,عرف مصطلح الجريمة المنظمة على الانترنت,هي عنف منظم تقوم به جماعات تخترق بها القانون لمكاسب مالية(التنظيم/الكسب المادي),4,0.0,5.0,cybercrimes,short_answer,7,arabic,,هي عنف منظم تقوم به جماعات ترتكب أفعالا تخترق بها القانون للحصول على مكاسب مالية، بطرق وأساليب غير مشروعة تنفذ بعد تدبير وتنظيم,"{""question_type"": ""عرف المصطلح العلمي""}"
arasag,11,عرف مصطلح الجريمة المنظمة على الانترنت,أساليب الخداع و إيذاء للأخرين للحصول على معلومات سرية مثلا...,3,0.0,5.0,cybercrimes,short_answer,7,arabic,,هي عنف منظم تقوم به جماعات ترتكب أفعالا تخترق بها القانون للحصول على مكاسب مالية، بطرق وأساليب غير مشروعة تنفذ بعد تدبير وتنظيم,"{""question_type"": ""عرف المصطلح العلمي""}"
arasag,11,عرف مصطلح الجريمة المنظمة على الانترنت, جريمة هي سلوك غير قانوني يتم باستخدام الأنترنت للحصول على فوائد ومعلومات مادية أو معنوية للمستخدم مثال: سرقة أو اِتلاف المعلومات,0,0.0,5.0,cybercrimes,short_answer,7,arabic,,هي عنف منظم تقوم به جماعات ترتكب أفعالا تخترق بها القانون للحصول على مكاسب مالية، بطرق وأساليب غير مشروعة تنفذ بعد تدبير وتنظيم,"{""question_type"": ""عرف المصطلح العلمي""}"
arasag,11,عرف مصطلح الجريمة المنظمة على الانترنت,هي جريمة تقوم بها مجموعة من الأشخاص بعد التدبير والتنظيم المحكم. وغالبا ما يكون هدفها الربح المادي.,4,0.0,5.0,cybercrimes,short_answer,7,arabic,,هي عنف منظم تقوم به جماعات ترتكب أفعالا تخترق بها القانون للحصول على مكاسب مالية، بطرق وأساليب غير مشروعة تنفذ بعد تدبير وتنظيم,"{""question_type"": ""عرف المصطلح العلمي""}"
arasag,11,عرف مصطلح الجريمة المنظمة على الانترنت,عنف منظم يسعى من خلاله تحقيق مطالب مالية غير شرعية تقع على الأنترنت.,3,0.0,5.0,cybercrimes,short_answer,7,arabic,,هي عنف منظم تقوم به جماعات ترتكب أفعالا تخترق بها القانون للحصول على مكاسب مالية، بطرق وأساليب غير مشروعة تنفذ بعد تدبير وتنظيم,"{""question_type"": ""عرف المصطلح العلمي""}"
arasag,11,عرف مصطلح الجريمة المنظمة على الانترنت,تابعة للجرائم المالية وهي متكونة من جزئين اساسين وهما التنظيم والكسب المادي,4,0.0,5.0,cybercrimes,short_answer,7,arabic,,هي عنف منظم تقوم به جماعات ترتكب أفعالا تخترق بها القانون للحصول على مكاسب مالية، بطرق وأساليب غير مشروعة تنفذ بعد تدبير وتنظيم,"{""question_type"": ""عرف المصطلح العلمي""}"
arasag,11,عرف مصطلح الجريمة المنظمة على الانترنت,-هي جريمة تكون فيها لإنترنت محل الجريمة حيث يمكن من خلال ذلك سرقة المعلومات؛ البيانات؛ لأموال.. تعتمد على التنظيم و الجانب المادي.,4,0.0,5.0,cybercrimes,short_answer,7,arabic,,هي عنف منظم تقوم به جماعات ترتكب أفعالا تخترق بها القانون للحصول على مكاسب مالية، بطرق وأساليب غير مشروعة تنفذ بعد تدبير وتنظيم,"{""question_type"": ""عرف المصطلح العلمي""}"
arasag,11,عرف مصطلح الجريمة المنظمة على الانترنت,هو إتقان عدة جهات من آجل عملية إختراق وتكون من آجل مكسب مادي وتكون منظمة.,2,0.0,5.0,cybercrimes,short_answer,7,arabic,,هي عنف منظم تقوم به جماعات ترتكب أفعالا تخترق بها القانون للحصول على مكاسب مالية، بطرق وأساليب غير مشروعة تنفذ بعد تدبير وتنظيم,"{""question_type"": ""عرف المصطلح العلمي""}"
arasag,11,عرف مصطلح الجريمة المنظمة على الانترنت,هي عنف منظم تقوم به جماعة ترتكب أفعال تخترق بها القانون للحصول على مكسب مالي، تمتاز بخاصيتين: 1-التنظيم؛ 2-الكسب المادي.,4,0.0,5.0,cybercrimes,short_answer,7,arabic,,هي عنف منظم تقوم به جماعات ترتكب أفعالا تخترق بها القانون للحصول على مكاسب مالية، بطرق وأساليب غير مشروعة تنفذ بعد تدبير وتنظيم,"{""question_type"": ""عرف المصطلح العلمي""}"
arasag,11,عرف مصطلح الجريمة المنظمة على الانترنت,هي نوع من الجرام المالية التي تعتمد على جماعة من المخربون هدفهم سرقة وسطو على أموال الناس,2,0.0,5.0,cybercrimes,short_answer,7,arabic,,هي عنف منظم تقوم به جماعات ترتكب أفعالا تخترق بها القانون للحصول على مكاسب مالية، بطرق وأساليب غير مشروعة تنفذ بعد تدبير وتنظيم,"{""question_type"": ""عرف المصطلح العلمي""}"
arasag,11,عرف مصطلح الجريمة المنظمة على الانترنت,هي عنف منضم تقو م به جماعات منظمة من اجل ويكون ذلك غالبا من أجل السرقة أو الكسب المادي أو التخريب.,2,0.0,5.0,cybercrimes,short_answer,7,arabic,,هي عنف منظم تقوم به جماعات ترتكب أفعالا تخترق بها القانون للحصول على مكاسب مالية، بطرق وأساليب غير مشروعة تنفذ بعد تدبير وتنظيم,"{""question_type"": ""عرف المصطلح العلمي""}"
arasag,11,عرف مصطلح الجريمة المنظمة على الانترنت,هي جريمة تقع على الانترنت كالإرهاب لإلكتروني؛ جرائم الملكية الفكرية...,1,0.0,5.0,cybercrimes,short_answer,7,arabic,,هي عنف منظم تقوم به جماعات ترتكب أفعالا تخترق بها القانون للحصول على مكاسب مالية، بطرق وأساليب غير مشروعة تنفذ بعد تدبير وتنظيم,"{""question_type"": ""عرف المصطلح العلمي""}"
arasag,11,عرف مصطلح الجريمة المنظمة على الانترنت,هي عنف منظم تقوم به جماعات الاجرام التي ترتكب أعمالا غير قانونية (كالاختراق) للحصول على مكاسب مالية,4,0.0,5.0,cybercrimes,short_answer,7,arabic,,هي عنف منظم تقوم به جماعات ترتكب أفعالا تخترق بها القانون للحصول على مكاسب مالية، بطرق وأساليب غير مشروعة تنفذ بعد تدبير وتنظيم,"{""question_type"": ""عرف المصطلح العلمي""}"
arasag,11,عرف مصطلح الجريمة المنظمة على الانترنت,هي من أخطر أنواع الجرائم على الإنترنت لتحقيق ربح مادي و معلوماتي سريع لأنها كما يوحي إسمها هي جريمة تستعمل وسائل غير قانونية و منظمة في نفس الوقت للإختراق الكلي للأنظمة الإلكترونية.,2,0.0,5.0,cybercrimes,short_answer,7,arabic,,هي عنف منظم تقوم به جماعات ترتكب أفعالا تخترق بها القانون للحصول على مكاسب مالية، بطرق وأساليب غير مشروعة تنفذ بعد تدبير وتنظيم,"{""question_type"": ""عرف المصطلح العلمي""}"
arasag,11,عرف مصطلح الجريمة المنظمة على الانترنت,هي تنظيم يقوم به مجموعة من الأشخاص بتنفيذ سلوكات غير قانونية من أجل كسب الأموال و لها خاصيات التنظيم و كسب الأموال و هي أسلوب من اساليب الجرائم الخاصة بالإختراق,4,0.0,5.0,cybercrimes,short_answer,7,arabic,,هي عنف منظم تقوم به جماعات ترتكب أفعالا تخترق بها القانون للحصول على مكاسب مالية، بطرق وأساليب غير مشروعة تنفذ بعد تدبير وتنظيم,"{""question_type"": ""عرف المصطلح العلمي""}"
arasag,11,عرف مصطلح الجريمة المنظمة على الانترنت,هي جريمة تحدث عبر الإنترنت بواسطة مجموعة من المخترقين و الهدف منها القرصنة أو سرقة المعلومات أو تغييرها أو تخريب الأنظمة,2,0.0,5.0,cybercrimes,short_answer,7,arabic,,هي عنف منظم تقوم به جماعات ترتكب أفعالا تخترق بها القانون للحصول على مكاسب مالية، بطرق وأساليب غير مشروعة تنفذ بعد تدبير وتنظيم,"{""question_type"": ""عرف المصطلح العلمي""}"
arasag,11,عرف مصطلح الجريمة المنظمة على الانترنت,هي جريمة تقوم بها جماعة منظمة و منسقة لأهداف مالية  ,2,0.0,5.0,cybercrimes,short_answer,7,arabic,,هي عنف منظم تقوم به جماعات ترتكب أفعالا تخترق بها القانون للحصول على مكاسب مالية، بطرق وأساليب غير مشروعة تنفذ بعد تدبير وتنظيم,"{""question_type"": ""عرف المصطلح العلمي""}"
arasag,11,عرف مصطلح الجريمة المنظمة على الانترنت,هي جريمة تقع على الإنترنت بحيث يستهدف المجرم المعلومات المتواجد فيها منقولة أو مخزنة فيها وهي منظمة جدا و هي أنواع الإختراق قرصنة مواقع معادية التجسس الإلكتروني الإرهاب الإلكتروني,2,0.0,5.0,cybercrimes,short_answer,7,arabic,,هي عنف منظم تقوم به جماعات ترتكب أفعالا تخترق بها القانون للحصول على مكاسب مالية، بطرق وأساليب غير مشروعة تنفذ بعد تدبير وتنظيم,"{""question_type"": ""عرف المصطلح العلمي""}"
arasag,11,عرف مصطلح الجريمة المنظمة على الانترنت,هي عبارة عن عصابة تقوم بتدمير عملية لقيام بسراقة أو ما إلى ذلك عبر الإنترنت,1,0.0,5.0,cybercrimes,short_answer,7,arabic,,هي عنف منظم تقوم به جماعات ترتكب أفعالا تخترق بها القانون للحصول على مكاسب مالية، بطرق وأساليب غير مشروعة تنفذ بعد تدبير وتنظيم,"{""question_type"": ""عرف المصطلح العلمي""}"
arasag,11,عرف مصطلح الجريمة المنظمة على الانترنت,هي الجريمة التي تقع على الإنترنت باستخدام المتصفحات مثل الإرهاب الإلكتروني و المواقع المعادية,0,0.0,5.0,cybercrimes,short_answer,7,arabic,,هي عنف منظم تقوم به جماعات ترتكب أفعالا تخترق بها القانون للحصول على مكاسب مالية، بطرق وأساليب غير مشروعة تنفذ بعد تدبير وتنظيم,"{""question_type"": ""عرف المصطلح العلمي""}"
arasag,11,عرف مصطلح الجريمة المنظمة على الانترنت,"هي الجريمة التي تكون فيه الإنترنت  محل ارتكاب الجريمة, تكون عادة المعلومات الموجودة على الإنترنت الهدف الذي يسعى الوصول إليه المجرم ",0,0.0,5.0,cybercrimes,short_answer,7,arabic,,هي عنف منظم تقوم به جماعات ترتكب أفعالا تخترق بها القانون للحصول على مكاسب مالية، بطرق وأساليب غير مشروعة تنفذ بعد تدبير وتنظيم,"{""question_type"": ""عرف المصطلح العلمي""}"
arasag,11,عرف مصطلح الجريمة المنظمة على الانترنت,هي أن الشبكة تكون محل للجريمة,0,0.0,5.0,cybercrimes,short_answer,7,arabic,,هي عنف منظم تقوم به جماعات ترتكب أفعالا تخترق بها القانون للحصول على مكاسب مالية، بطرق وأساليب غير مشروعة تنفذ بعد تدبير وتنظيم,"{""question_type"": ""عرف المصطلح العلمي""}"
arasag,11,عرف مصطلح الجريمة المنظمة على الانترنت,هي جريمة عنيفة تكون من طرف مجموعة للحصول على المال و تمتاز بالتنظيم والحصول المال ,4,0.0,5.0,cybercrimes,short_answer,7,arabic,,هي عنف منظم تقوم به جماعات ترتكب أفعالا تخترق بها القانون للحصول على مكاسب مالية، بطرق وأساليب غير مشروعة تنفذ بعد تدبير وتنظيم,"{""question_type"": ""عرف المصطلح العلمي""}"
arasag,11,عرف مصطلح الجريمة المنظمة على الانترنت,"هي نوع من أنواع المخترقون ,عبارة عن شخص أو مجموعة أشخاص يقومون بجريمة مدبرة بواسطة الانترنت يتصفون بالنظام و الاجرام لكسب الأموال",3,0.0,5.0,cybercrimes,short_answer,7,arabic,,هي عنف منظم تقوم به جماعات ترتكب أفعالا تخترق بها القانون للحصول على مكاسب مالية، بطرق وأساليب غير مشروعة تنفذ بعد تدبير وتنظيم,"{""question_type"": ""عرف المصطلح العلمي""}"
arasag,11,عرف مصطلح الجريمة المنظمة على الانترنت,هي ممارسة العنف للحصول المجرم على الأموال,0,0.0,5.0,cybercrimes,short_answer,7,arabic,,هي عنف منظم تقوم به جماعات ترتكب أفعالا تخترق بها القانون للحصول على مكاسب مالية، بطرق وأساليب غير مشروعة تنفذ بعد تدبير وتنظيم,"{""question_type"": ""عرف المصطلح العلمي""}"
arasag,11,عرف مصطلح الجريمة المنظمة على الانترنت,سرقة الأموال وتحويلها، استعمال المعلومات لأغراض لا قانونية، التهديدات، التزوير.,2,0.0,5.0,cybercrimes,short_answer,7,arabic,,هي عنف منظم تقوم به جماعات ترتكب أفعالا تخترق بها القانون للحصول على مكاسب مالية، بطرق وأساليب غير مشروعة تنفذ بعد تدبير وتنظيم,"{""question_type"": ""عرف المصطلح العلمي""}"
arasag,11,عرف مصطلح الجريمة المنظمة على الانترنت,جريمة تقع على الإنترنت تتركز على النظام هدفها غالبا اختلاس الأموال. تكون أحيانا تواطؤ بين عمال منظمة و كراكرز,2,0.0,5.0,cybercrimes,short_answer,7,arabic,,هي عنف منظم تقوم به جماعات ترتكب أفعالا تخترق بها القانون للحصول على مكاسب مالية، بطرق وأساليب غير مشروعة تنفذ بعد تدبير وتنظيم,"{""question_type"": ""عرف المصطلح العلمي""}"
arasag,11,عرف مصطلح الجريمة المنظمة على الانترنت,هي تواطد أنظمة و أشخاص على إقتراف جريمة عبر الانترنت,1,0.0,5.0,cybercrimes,short_answer,7,arabic,,هي عنف منظم تقوم به جماعات ترتكب أفعالا تخترق بها القانون للحصول على مكاسب مالية، بطرق وأساليب غير مشروعة تنفذ بعد تدبير وتنظيم,"{""question_type"": ""عرف المصطلح العلمي""}"
arasag,11,عرف مصطلح الجريمة المنظمة على الانترنت,تكون الجريمة المنظمة مثل جريمة العادية و لكن بتنظيم و بطريقة كأنها معمولة من قبل أي يكون تخطيط و تنظيم للعملية ,2,0.0,5.0,cybercrimes,short_answer,7,arabic,,هي عنف منظم تقوم به جماعات ترتكب أفعالا تخترق بها القانون للحصول على مكاسب مالية، بطرق وأساليب غير مشروعة تنفذ بعد تدبير وتنظيم,"{""question_type"": ""عرف المصطلح العلمي""}"
arasag,11,عرف مصطلح الجريمة المنظمة على الانترنت,هو عنف منظم تقوم به جماعات باستخدام طرق غير شرعية للحصول على مكاسب مادية ,3,0.0,5.0,cybercrimes,short_answer,7,arabic,,هي عنف منظم تقوم به جماعات ترتكب أفعالا تخترق بها القانون للحصول على مكاسب مالية، بطرق وأساليب غير مشروعة تنفذ بعد تدبير وتنظيم,"{""question_type"": ""عرف المصطلح العلمي""}"
arasag,11,عرف مصطلح الجريمة المنظمة على الانترنت,هي عبارة عن تنظيمات إجرامية تستعمل الإنترنت للتواصل و التخطيط للجرائم,2,0.0,5.0,cybercrimes,short_answer,7,arabic,,هي عنف منظم تقوم به جماعات ترتكب أفعالا تخترق بها القانون للحصول على مكاسب مالية، بطرق وأساليب غير مشروعة تنفذ بعد تدبير وتنظيم,"{""question_type"": ""عرف المصطلح العلمي""}"
arasag,11,عرف مصطلح الجريمة المنظمة على الانترنت,"هي مجموعة من الاشخاص يقوم بعمل تخريبي بطريقة منظمة سواء التسلل الى المعلومات لتغييرها,اتلافها او سرقة ارقام الاشتراكات و الحسابات , لديها خاصيتين : التنظيم و الكسب المادي اي انها تستفيد ماديا من جرائمها ",4,0.0,5.0,cybercrimes,short_answer,7,arabic,,هي عنف منظم تقوم به جماعات ترتكب أفعالا تخترق بها القانون للحصول على مكاسب مالية، بطرق وأساليب غير مشروعة تنفذ بعد تدبير وتنظيم,"{""question_type"": ""عرف المصطلح العلمي""}"
arasag,11,عرف مصطلح الجريمة المنظمة على الانترنت,ترتكز على التنظيم و الذكاء و الدقة و سرعة الهجمة حيث يقوم المجرم باستخدام الانترنت لإكتشاف ثغرات أو التنويه و التلاعب بمستخدميها للوصول الى اهدافه و تحميل الضحايا خسائر كبيرة,3,0.0,5.0,cybercrimes,short_answer,7,arabic,,هي عنف منظم تقوم به جماعات ترتكب أفعالا تخترق بها القانون للحصول على مكاسب مالية، بطرق وأساليب غير مشروعة تنفذ بعد تدبير وتنظيم,"{""question_type"": ""عرف المصطلح العلمي""}"
arasag,11,عرف مصطلح الجريمة المنظمة على الانترنت,"هي سلوك غير قانوني يتم بواسطة الأجهزة الإلكترونية (الهواتف, الأنترنت) لفوائد مادية أو معنوية, و تحصيل الضحية خسائر كبيرة و قد تكون خسائر مادية ,و غالبا ما يكون الهدف منها هي القرصنة من أجل سرقة و إتلاف المعلومات الشخصية  ",2,0.0,5.0,cybercrimes,short_answer,7,arabic,,هي عنف منظم تقوم به جماعات ترتكب أفعالا تخترق بها القانون للحصول على مكاسب مالية، بطرق وأساليب غير مشروعة تنفذ بعد تدبير وتنظيم,"{""question_type"": ""عرف المصطلح العلمي""}"
arasag,11,عرف مصطلح الجريمة المنظمة على الانترنت,تكون عن طريق جماعة أو شخص ,2,0.0,5.0,cybercrimes,short_answer,7,arabic,,هي عنف منظم تقوم به جماعات ترتكب أفعالا تخترق بها القانون للحصول على مكاسب مالية، بطرق وأساليب غير مشروعة تنفذ بعد تدبير وتنظيم,"{""question_type"": ""عرف المصطلح العلمي""}"
arasag,11,عرف مصطلح الجريمة المنظمة على الانترنت,"من الجرائم المالية, تقع بواسطة الإنترنت, حيث يقوم شخص أو مجموعة من الأشخاص بالقيام بعمل غير قانوني مقابل الحصول على الأجر ,تتميز بسهولة تنظيمها على شبكة الإنترنت و الكسب المالي",3,0.0,5.0,cybercrimes,short_answer,7,arabic,,هي عنف منظم تقوم به جماعات ترتكب أفعالا تخترق بها القانون للحصول على مكاسب مالية، بطرق وأساليب غير مشروعة تنفذ بعد تدبير وتنظيم,"{""question_type"": ""عرف المصطلح العلمي""}"
arasag,11,عرف مصطلح الجريمة المنظمة على الانترنت,هي الجرائم التي هدفها كسب المال بطريقة منظمة المتمثلة في اختراق شركات,2,0.0,5.0,cybercrimes,short_answer,7,arabic,,هي عنف منظم تقوم به جماعات ترتكب أفعالا تخترق بها القانون للحصول على مكاسب مالية، بطرق وأساليب غير مشروعة تنفذ بعد تدبير وتنظيم,"{""question_type"": ""عرف المصطلح العلمي""}"
arasag,11,عرف مصطلح الجريمة المنظمة على الانترنت,هي استدراج الضحايا بطرق ذكية تكسب بها ثقة الضحايا ففي الظاهر تكون عبارة عن مغريات نهايتها تكون سلبية,1,0.0,5.0,cybercrimes,short_answer,7,arabic,,هي عنف منظم تقوم به جماعات ترتكب أفعالا تخترق بها القانون للحصول على مكاسب مالية، بطرق وأساليب غير مشروعة تنفذ بعد تدبير وتنظيم,"{""question_type"": ""عرف المصطلح العلمي""}"
arasag,11,عرف مصطلح الجريمة المنظمة على الانترنت,هي عنف منظم تقوم به جماعات من اجل كسب الأموال وتعتمد على التنظيم و كسب الأموال,5,0.0,5.0,cybercrimes,short_answer,7,arabic,,هي عنف منظم تقوم به جماعات ترتكب أفعالا تخترق بها القانون للحصول على مكاسب مالية، بطرق وأساليب غير مشروعة تنفذ بعد تدبير وتنظيم,"{""question_type"": ""عرف المصطلح العلمي""}"
arasag,11,عرف مصطلح الجريمة المنظمة على الانترنت,هي سلوك غير قانوني تقوم على التنظيم بهدف رقة المعلومات او تغييرها,4,0.0,5.0,cybercrimes,short_answer,7,arabic,,هي عنف منظم تقوم به جماعات ترتكب أفعالا تخترق بها القانون للحصول على مكاسب مالية، بطرق وأساليب غير مشروعة تنفذ بعد تدبير وتنظيم,"{""question_type"": ""عرف المصطلح العلمي""}"
arasag,11,عرف مصطلح الجريمة المنظمة على الانترنت,هي عنف منظم تقوم به جماعة لسرقة الأموال بطرق غير شرعية,4,0.0,5.0,cybercrimes,short_answer,7,arabic,,هي عنف منظم تقوم به جماعات ترتكب أفعالا تخترق بها القانون للحصول على مكاسب مالية، بطرق وأساليب غير مشروعة تنفذ بعد تدبير وتنظيم,"{""question_type"": ""عرف المصطلح العلمي""}"
arasag,11,عرف مصطلح الجريمة المنظمة على الانترنت,هي عنف منظم تقوم به جماعة للحصول على الكسب المادي و ذلك بالاختراق,4,0.0,5.0,cybercrimes,short_answer,7,arabic,,هي عنف منظم تقوم به جماعات ترتكب أفعالا تخترق بها القانون للحصول على مكاسب مالية، بطرق وأساليب غير مشروعة تنفذ بعد تدبير وتنظيم,"{""question_type"": ""عرف المصطلح العلمي""}"
arasag,11,عرف مصطلح الجريمة المنظمة على الانترنت,هي عنف منظم تقوم به جماعة عبر الوسائل الالكترونية للاختراق بشكل منظم من اجل سرقة المعلومات,3,0.0,5.0,cybercrimes,short_answer,7,arabic,,هي عنف منظم تقوم به جماعات ترتكب أفعالا تخترق بها القانون للحصول على مكاسب مالية، بطرق وأساليب غير مشروعة تنفذ بعد تدبير وتنظيم,"{""question_type"": ""عرف المصطلح العلمي""}"
arasag,11,عرف مصطلح الجريمة المنظمة على الانترنت,هي جريمة مالية تتم بعد مرحلتين التخطيط ثم الكسب المالي,3,0.0,5.0,cybercrimes,short_answer,7,arabic,,هي عنف منظم تقوم به جماعات ترتكب أفعالا تخترق بها القانون للحصول على مكاسب مالية، بطرق وأساليب غير مشروعة تنفذ بعد تدبير وتنظيم,"{""question_type"": ""عرف المصطلح العلمي""}"
arasag,11,عرف مصطلح الجريمة المنظمة على الانترنت,التنظيم تقوم به جماعات بهدف الوصول إلى غرض مادي وتعرف بالتنظيم و الغرض المادي,3,0.0,5.0,cybercrimes,short_answer,7,arabic,,هي عنف منظم تقوم به جماعات ترتكب أفعالا تخترق بها القانون للحصول على مكاسب مالية، بطرق وأساليب غير مشروعة تنفذ بعد تدبير وتنظيم,"{""question_type"": ""عرف المصطلح العلمي""}"
arasag,38,ما هي الأصناف الرئيسية للبرمجيات الماكرة,الفيروسات، الدود، احصنة طروادة و برامج الانزال .,5,0.0,5.0,cybercrimes,short_answer,7,arabic,,   الفيروسات ، والدود ، وأحصنة طروادة، وبرامج الإنزال,"{""question_type"": ""اٍشرح""}"
arasag,38,ما هي الأصناف الرئيسية للبرمجيات الماكرة,الفيروسات، الدود، أحصنة طروادة .,4,0.0,5.0,cybercrimes,short_answer,7,arabic,,   الفيروسات ، والدود ، وأحصنة طروادة، وبرامج الإنزال,"{""question_type"": ""اٍشرح""}"
arasag,38,ما هي الأصناف الرئيسية للبرمجيات الماكرة,الدود تتم بالبحث عن الثغرات في البرنامج و من ثم إختراقه ، أحصنة طروادة ، يكون البرنامج على أساس بريء و ما إن يتم تشغيله حتى يحترق الجهاز ، برامج الإنزال : هي برامج تتم بمحاربة برامج مكافحة الفيروسات للإحتراق.,4,0.0,5.0,cybercrimes,short_answer,7,arabic,,   الفيروسات ، والدود ، وأحصنة طروادة، وبرامج الإنزال,"{""question_type"": ""اٍشرح""}"
arasag,38,ما هي الأصناف الرئيسية للبرمجيات الماكرة,أحصنة طروادة ، الدود ، يعتمد على التشفير ، يقوم بمراوغة برامج مكافحة الفيروسات من أجل نقل و تركيب فيروسات .,2,0.0,5.0,cybercrimes,short_answer,7,arabic,,   الفيروسات ، والدود ، وأحصنة طروادة، وبرامج الإنزال,"{""question_type"": ""اٍشرح""}"
arasag,38,ما هي الأصناف الرئيسية للبرمجيات الماكرة,فيروسات ، الدود,3,0.0,5.0,cybercrimes,short_answer,7,arabic,,   الفيروسات ، والدود ، وأحصنة طروادة، وبرامج الإنزال,"{""question_type"": ""اٍشرح""}"
arasag,38,ما هي الأصناف الرئيسية للبرمجيات الماكرة,الفيروس الدود حصان طروادة,3,0.0,5.0,cybercrimes,short_answer,7,arabic,,   الفيروسات ، والدود ، وأحصنة طروادة، وبرامج الإنزال,"{""question_type"": ""اٍشرح""}"
arasag,38,ما هي الأصناف الرئيسية للبرمجيات الماكرة,الفيروسات، الدود، حصان طروادة، المنزلات. ,4,0.0,5.0,cybercrimes,short_answer,7,arabic,,   الفيروسات ، والدود ، وأحصنة طروادة، وبرامج الإنزال,"{""question_type"": ""اٍشرح""}"
arasag,38,ما هي الأصناف الرئيسية للبرمجيات الماكرة,يظهر أنه برنامج نافع كأحصنة طروادة. يأتي في بعض الأحيان داخل طيات البرامج القرصنة crack. بمجرد الدخول فيها تدخل في برمجيات الحاسوب. ,1,0.0,5.0,cybercrimes,short_answer,7,arabic,,   الفيروسات ، والدود ، وأحصنة طروادة، وبرامج الإنزال,"{""question_type"": ""اٍشرح""}"
arasag,38,ما هي الأصناف الرئيسية للبرمجيات الماكرة,"الفيروسات ,أحصنة طروادة , الدود .",4,0.0,5.0,cybercrimes,short_answer,7,arabic,,   الفيروسات ، والدود ، وأحصنة طروادة، وبرامج الإنزال,"{""question_type"": ""اٍشرح""}"
arasag,38,ما هي الأصناف الرئيسية للبرمجيات الماكرة,الفيروسات و هي برامج خبيثة تقوم بالاقتران بالبرامج الاخرى و عند تشغيل تتكاثر، الدود تقوم باستهداف مباشرة ثغرات الامنية في النظام ، أحصنة طروادة شكلها مسالم و لكنها باطنها خبيث، برامج التنزيل تقوم بعمل الفيروسات و عند العمل على الحاسوب تقوم بالتفعيل و نشر الفيروسات.,5,0.0,5.0,cybercrimes,short_answer,7,arabic,,   الفيروسات ، والدود ، وأحصنة طروادة، وبرامج الإنزال,"{""question_type"": ""اٍشرح""}"
arasag,38,ما هي الأصناف الرئيسية للبرمجيات الماكرة,الفيروسات ، الاعراء بالرسائل ،اقتحام و التسلسل.,1,0.0,5.0,cybercrimes,short_answer,7,arabic,,   الفيروسات ، والدود ، وأحصنة طروادة، وبرامج الإنزال,"{""question_type"": ""اٍشرح""}"
arasag,38,ما هي الأصناف الرئيسية للبرمجيات الماكرة,الفيروسات الالكترونية، الدود، أحصنة طروادة، أنظمة تحميل و نشر الفيروسات و مراوغة مضادات الفيروس. ,4,0.0,5.0,cybercrimes,short_answer,7,arabic,,   الفيروسات ، والدود ، وأحصنة طروادة، وبرامج الإنزال,"{""question_type"": ""اٍشرح""}"
arasag,2,  ماهي أشكال المضايقات التي يمكن أن يتعرض لها مستخدم وسائل التواصل الاجتماعي(فايسبوك، ...) ؟,  المعاكسات والاحراج، السب والقذف، التشهير ، التهديد المعنوي والمادي باستخدام صور غير لائقة,4,0.0,5.0,cybercrimes,short_answer,7,arabic,,المعاكسات، السب والقذف، التشهير، تخويف أو تهديد، نشر صور غير لائقة,"{""question_type"": ""اٍشرح""}"
arasag,2,  ماهي أشكال المضايقات التي يمكن أن يتعرض لها مستخدم وسائل التواصل الاجتماعي(فايسبوك، ...) ؟,التشهير، السب والشتم، نشر صور سيئة، الابتزاز، الاستغلال، القذف,5,0.0,5.0,cybercrimes,short_answer,7,arabic,,المعاكسات، السب والقذف، التشهير، تخويف أو تهديد، نشر صور غير لائقة,"{""question_type"": ""اٍشرح""}"
arasag,2,  ماهي أشكال المضايقات التي يمكن أن يتعرض لها مستخدم وسائل التواصل الاجتماعي(فايسبوك، ...) ؟,الابتزاز والتهديد، التشهير ، نشر صور مختلة للمستخدم,3,0.0,5.0,cybercrimes,short_answer,7,arabic,,المعاكسات، السب والقذف، التشهير، تخويف أو تهديد، نشر صور غير لائقة,"{""question_type"": ""اٍشرح""}"
arasag,2,  ماهي أشكال المضايقات التي يمكن أن يتعرض لها مستخدم وسائل التواصل الاجتماعي(فايسبوك، ...) ؟,المعاكسات، السب والقذف، التهديد والتخويف ، التشهير، نشر صور غير لائقة، الابتزاز وسرقة الهوية,5,0.0,5.0,cybercrimes,short_answer,7,arabic,,المعاكسات، السب والقذف، التشهير، تخويف أو تهديد، نشر صور غير لائقة,"{""question_type"": ""اٍشرح""}"
arasag,2,  ماهي أشكال المضايقات التي يمكن أن يتعرض لها مستخدم وسائل التواصل الاجتماعي(فايسبوك، ...) ؟,الابتزاز، التهديد بوضع صور فاضحة على الانترنت ، التعرض لمضايقات في مظهر المستخدم.,2,0.0,5.0,cybercrimes,short_answer,7,arabic,,المعاكسات، السب والقذف، التشهير، تخويف أو تهديد، نشر صور غير لائقة,"{""question_type"": ""اٍشرح""}"
arasag,2,  ماهي أشكال المضايقات التي يمكن أن يتعرض لها مستخدم وسائل التواصل الاجتماعي(فايسبوك، ...) ؟,القرصنة ، التشهير ، السب و الشتم، نشر الصور غير اللائقة، المعاكسات.,5,0.0,5.0,cybercrimes,short_answer,7,arabic,,المعاكسات، السب والقذف، التشهير، تخويف أو تهديد، نشر صور غير لائقة,"{""question_type"": ""اٍشرح""}"
arasag,2,  ماهي أشكال المضايقات التي يمكن أن يتعرض لها مستخدم وسائل التواصل الاجتماعي(فايسبوك، ...) ؟,القرصنة، التهديد، السب والقذف، التسلل والتظليل، التشهير، التخويف، نشر الصور غير لائقة، الاختراق مع اخذ كلمة السر.  ,5,0.0,5.0,cybercrimes,short_answer,7,arabic,,المعاكسات، السب والقذف، التشهير، تخويف أو تهديد، نشر صور غير لائقة,"{""question_type"": ""اٍشرح""}"
arasag,2,  ماهي أشكال المضايقات التي يمكن أن يتعرض لها مستخدم وسائل التواصل الاجتماعي(فايسبوك، ...) ؟,نشر صور غير لائقة ، السب الشتم و القذف، التهديد و التخويف، سرقة البريد الالكتروني و التجسس و انتهاك الشخصية  .,5,0.0,5.0,cybercrimes,short_answer,7,arabic,,المعاكسات، السب والقذف، التشهير، تخويف أو تهديد، نشر صور غير لائقة,"{""question_type"": ""اٍشرح""}"
arasag,2,  ماهي أشكال المضايقات التي يمكن أن يتعرض لها مستخدم وسائل التواصل الاجتماعي(فايسبوك، ...) ؟,المعاكسات، نشر صور غير لائقة ، السب و القذف، التشهير.,4,0.0,5.0,cybercrimes,short_answer,7,arabic,,المعاكسات، السب والقذف، التشهير، تخويف أو تهديد، نشر صور غير لائقة,"{""question_type"": ""اٍشرح""}"
arasag,2,  ماهي أشكال المضايقات التي يمكن أن يتعرض لها مستخدم وسائل التواصل الاجتماعي(فايسبوك، ...) ؟,التخويف عبر الرسائل، نشر الصور عبر مختلف المواقع، التهديدات.,3,0.0,5.0,cybercrimes,short_answer,7,arabic,,المعاكسات، السب والقذف، التشهير، تخويف أو تهديد، نشر صور غير لائقة,"{""question_type"": ""اٍشرح""}"
arasag,2,  ماهي أشكال المضايقات التي يمكن أن يتعرض لها مستخدم وسائل التواصل الاجتماعي(فايسبوك، ...) ؟,السب التهديد، الابتزاز، التشهير سواء بمعلومات او صور ,4,0.0,5.0,cybercrimes,short_answer,7,arabic,,المعاكسات، السب والقذف، التشهير، تخويف أو تهديد، نشر صور غير لائقة,"{""question_type"": ""اٍشرح""}"
arasag,2,  ماهي أشكال المضايقات التي يمكن أن يتعرض لها مستخدم وسائل التواصل الاجتماعي(فايسبوك، ...) ؟,التحرش-السب والقذف-صور غير اخلاقية-نشر أفكار منحرفة ومحتوى فاسد,5,0.0,5.0,cybercrimes,short_answer,7,arabic,,المعاكسات، السب والقذف، التشهير، تخويف أو تهديد، نشر صور غير لائقة,"{""question_type"": ""اٍشرح""}"
arasag,2,  ماهي أشكال المضايقات التي يمكن أن يتعرض لها مستخدم وسائل التواصل الاجتماعي(فايسبوك، ...) ؟,ـنشر صوره بغير حق و ابتزازه، التشهير و القذف و الشتم و السب، إنتهاك الخصوصية.,5,0.0,5.0,cybercrimes,short_answer,7,arabic,,المعاكسات، السب والقذف، التشهير، تخويف أو تهديد، نشر صور غير لائقة,"{""question_type"": ""اٍشرح""}"
arasag,2,  ماهي أشكال المضايقات التي يمكن أن يتعرض لها مستخدم وسائل التواصل الاجتماعي(فايسبوك، ...) ؟,السب و القذف ـ التخويف و التهديد ـ التحرش بالأطفال و المراهقين ـ نشر الصور الغير لائقة التي تخص المستخدم ـ التجسس .,5,0.0,5.0,cybercrimes,short_answer,7,arabic,,المعاكسات، السب والقذف، التشهير، تخويف أو تهديد، نشر صور غير لائقة,"{""question_type"": ""اٍشرح""}"
arasag,2,  ماهي أشكال المضايقات التي يمكن أن يتعرض لها مستخدم وسائل التواصل الاجتماعي(فايسبوك، ...) ؟,"ـسرقة معلومات المستخدم ( صور, ملفات …) و الأموال، السب و الشتم و الكلام البغض، نشر صور و معلومات غير لائقة.",4,0.0,5.0,cybercrimes,short_answer,7,arabic,,المعاكسات، السب والقذف، التشهير، تخويف أو تهديد، نشر صور غير لائقة,"{""question_type"": ""اٍشرح""}"
arasag,2,  ماهي أشكال المضايقات التي يمكن أن يتعرض لها مستخدم وسائل التواصل الاجتماعي(فايسبوك، ...) ؟,"المعاكسات , التهديد , السب و الشتم , نشر صور غير لائقة , التشهير .",5,0.0,5.0,cybercrimes,short_answer,7,arabic,,المعاكسات، السب والقذف، التشهير، تخويف أو تهديد، نشر صور غير لائقة,"{""question_type"": ""اٍشرح""}"
arasag,2,  ماهي أشكال المضايقات التي يمكن أن يتعرض لها مستخدم وسائل التواصل الاجتماعي(فايسبوك، ...) ؟,"التهديد , التجسس , سرقة المعلومات",2,0.0,5.0,cybercrimes,short_answer,7,arabic,,المعاكسات، السب والقذف، التشهير، تخويف أو تهديد، نشر صور غير لائقة,"{""question_type"": ""اٍشرح""}"
arasag,2,  ماهي أشكال المضايقات التي يمكن أن يتعرض لها مستخدم وسائل التواصل الاجتماعي(فايسبوك، ...) ؟,المعاكسات ـ المضايقات ـ السب و القذف ـ التشهير ـ تخويف و تهديد ـ نشر صور غير لائقة .,5,0.0,5.0,cybercrimes,short_answer,7,arabic,,المعاكسات، السب والقذف، التشهير، تخويف أو تهديد، نشر صور غير لائقة,"{""question_type"": ""اٍشرح""}"
arasag,2,  ماهي أشكال المضايقات التي يمكن أن يتعرض لها مستخدم وسائل التواصل الاجتماعي(فايسبوك، ...) ؟,التهديد و التخويف ـ السب و القذف ـ التشهير ـ نشر صور غير لائقة ـ المعاكسات,5,0.0,5.0,cybercrimes,short_answer,7,arabic,,المعاكسات، السب والقذف، التشهير، تخويف أو تهديد، نشر صور غير لائقة,"{""question_type"": ""اٍشرح""}"
arasag,2,  ماهي أشكال المضايقات التي يمكن أن يتعرض لها مستخدم وسائل التواصل الاجتماعي(فايسبوك، ...) ؟, المعاكسات ، السب والقذف، التشهير ، التهديد بنشر الصور و المعلومات الشخصية,4,0.0,5.0,cybercrimes,short_answer,7,arabic,,المعاكسات، السب والقذف، التشهير، تخويف أو تهديد، نشر صور غير لائقة,"{""question_type"": ""اٍشرح""}"
arasag,2,  ماهي أشكال المضايقات التي يمكن أن يتعرض لها مستخدم وسائل التواصل الاجتماعي(فايسبوك، ...) ؟,التشهير، السب والشتم،نشر صور سيئة، تشويه السمعة،الاستغلال، القذف,5,0.0,5.0,cybercrimes,short_answer,7,arabic,,المعاكسات، السب والقذف، التشهير، تخويف أو تهديد، نشر صور غير لائقة,"{""question_type"": ""اٍشرح""}"
arasag,2,  ماهي أشكال المضايقات التي يمكن أن يتعرض لها مستخدم وسائل التواصل الاجتماعي(فايسبوك، ...) ؟,الابتزاز والتهديد، التشهير و القذف والشتم ،سرقة الهوية، نشر صور مختلة للمستخدم و التهديد بها، الارهاب الالكتروني،التحرش و استغلال الاطفال,4,0.0,5.0,cybercrimes,short_answer,7,arabic,,المعاكسات، السب والقذف، التشهير، تخويف أو تهديد، نشر صور غير لائقة,"{""question_type"": ""اٍشرح""}"
arasag,2,  ماهي أشكال المضايقات التي يمكن أن يتعرض لها مستخدم وسائل التواصل الاجتماعي(فايسبوك، ...) ؟,السب والشتم ، التشهير، نشر صور غير لائقة,4,0.0,5.0,cybercrimes,short_answer,7,arabic,,المعاكسات، السب والقذف، التشهير، تخويف أو تهديد، نشر صور غير لائقة,"{""question_type"": ""اٍشرح""}"
arasag,2,  ماهي أشكال المضايقات التي يمكن أن يتعرض لها مستخدم وسائل التواصل الاجتماعي(فايسبوك، ...) ؟,السب و الاحتيال، التجسس و سرقة المعلومات، التشهير و التهديد، نشر صور فاضحة، المعاكسات والقذف,5,0.0,5.0,cybercrimes,short_answer,7,arabic,,المعاكسات، السب والقذف، التشهير، تخويف أو تهديد، نشر صور غير لائقة,"{""question_type"": ""اٍشرح""}"
arasag,2,  ماهي أشكال المضايقات التي يمكن أن يتعرض لها مستخدم وسائل التواصل الاجتماعي(فايسبوك، ...) ؟,المضايقات و  المعاكسات، السب والقذف، التشهير و التهديد بنشر صور فاضحة، الابتزاز,5,0.0,5.0,cybercrimes,short_answer,7,arabic,,المعاكسات، السب والقذف، التشهير، تخويف أو تهديد، نشر صور غير لائقة,"{""question_type"": ""اٍشرح""}"
arasag,2,  ماهي أشكال المضايقات التي يمكن أن يتعرض لها مستخدم وسائل التواصل الاجتماعي(فايسبوك، ...) ؟,انتحال الشخصيات ،الابتزاز، نشر الصور الخاصة,2,0.0,5.0,cybercrimes,short_answer,7,arabic,,المعاكسات، السب والقذف، التشهير، تخويف أو تهديد، نشر صور غير لائقة,"{""question_type"": ""اٍشرح""}"
arasag,2,  ماهي أشكال المضايقات التي يمكن أن يتعرض لها مستخدم وسائل التواصل الاجتماعي(فايسبوك، ...) ؟,السب والشتم ،التعدي الالكتروني ،الابتزاز،التحرش,4,0.0,5.0,cybercrimes,short_answer,7,arabic,,المعاكسات، السب والقذف، التشهير، تخويف أو تهديد، نشر صور غير لائقة,"{""question_type"": ""اٍشرح""}"
arasag,2,  ماهي أشكال المضايقات التي يمكن أن يتعرض لها مستخدم وسائل التواصل الاجتماعي(فايسبوك، ...) ؟,المضايقات و الاحراج، نشر صور غير لائقة، السب و القذف، التشهير، التهديد و التخويف,5,0.0,5.0,cybercrimes,short_answer,7,arabic,,المعاكسات، السب والقذف، التشهير، تخويف أو تهديد، نشر صور غير لائقة,"{""question_type"": ""اٍشرح""}"
arasag,2,  ماهي أشكال المضايقات التي يمكن أن يتعرض لها مستخدم وسائل التواصل الاجتماعي(فايسبوك، ...) ؟,التحرش، السب و القذف، نشر الصور الغير لائقة، الاحتيال و السرقة,4,0.0,5.0,cybercrimes,short_answer,7,arabic,,المعاكسات، السب والقذف، التشهير، تخويف أو تهديد، نشر صور غير لائقة,"{""question_type"": ""اٍشرح""}"
arasag,2,  ماهي أشكال المضايقات التي يمكن أن يتعرض لها مستخدم وسائل التواصل الاجتماعي(فايسبوك، ...) ؟,التعدي الالكتروني، التعدي المعادي الديني و السياسي و الشخصي، الارهاب ,1,0.0,5.0,cybercrimes,short_answer,7,arabic,,المعاكسات، السب والقذف، التشهير، تخويف أو تهديد، نشر صور غير لائقة,"{""question_type"": ""اٍشرح""}"
arasag,2,  ماهي أشكال المضايقات التي يمكن أن يتعرض لها مستخدم وسائل التواصل الاجتماعي(فايسبوك، ...) ؟, السب والشتم، و التهديدات بالرسائل و نشر صوره الخاصة و التعدي عليها ,3,0.0,5.0,cybercrimes,short_answer,7,arabic,,المعاكسات، السب والقذف، التشهير، تخويف أو تهديد، نشر صور غير لائقة,"{""question_type"": ""اٍشرح""}"
arasag,2,  ماهي أشكال المضايقات التي يمكن أن يتعرض لها مستخدم وسائل التواصل الاجتماعي(فايسبوك، ...) ؟,التشهير  و السب والشتم،، نشر صور غير لائقة، الاعتداءات الالكترونية ,4,0.0,5.0,cybercrimes,short_answer,7,arabic,,المعاكسات، السب والقذف، التشهير، تخويف أو تهديد، نشر صور غير لائقة,"{""question_type"": ""اٍشرح""}"
arasag,2,  ماهي أشكال المضايقات التي يمكن أن يتعرض لها مستخدم وسائل التواصل الاجتماعي(فايسبوك، ...) ؟,التهديد، السب والشتم، القذف و التشهير، نشر صوره الرسائل العشوائية,5,0.0,5.0,cybercrimes,short_answer,7,arabic,,المعاكسات، السب والقذف، التشهير، تخويف أو تهديد، نشر صور غير لائقة,"{""question_type"": ""اٍشرح""}"
arasag,2,  ماهي أشكال المضايقات التي يمكن أن يتعرض لها مستخدم وسائل التواصل الاجتماعي(فايسبوك، ...) ؟, التهديد والتخويف  ، السب و الشتم القذف نشر صور غير لائقة، الإحراج و هذا كله يدخل في نطاق التعدي الالكتروني ,5,0.0,5.0,cybercrimes,short_answer,7,arabic,,المعاكسات، السب والقذف، التشهير، تخويف أو تهديد، نشر صور غير لائقة,"{""question_type"": ""اٍشرح""}"
arasag,2,  ماهي أشكال المضايقات التي يمكن أن يتعرض لها مستخدم وسائل التواصل الاجتماعي(فايسبوك، ...) ؟,التهديد نشر صور غير لائقة، الشتم و القذف، التهديد والتخويف  ,4,0.0,5.0,cybercrimes,short_answer,7,arabic,,المعاكسات، السب والقذف، التشهير، تخويف أو تهديد، نشر صور غير لائقة,"{""question_type"": ""اٍشرح""}"
arasag,2,  ماهي أشكال المضايقات التي يمكن أن يتعرض لها مستخدم وسائل التواصل الاجتماعي(فايسبوك، ...) ؟,التشهير، نشر صور غير لائقة، السب و الشتم، التخويف  و تهديد الآخرين ,5,0.0,5.0,cybercrimes,short_answer,7,arabic,,المعاكسات، السب والقذف، التشهير، تخويف أو تهديد، نشر صور غير لائقة,"{""question_type"": ""اٍشرح""}"
arasag,2,  ماهي أشكال المضايقات التي يمكن أن يتعرض لها مستخدم وسائل التواصل الاجتماعي(فايسبوك، ...) ؟,المضايقات – المعاكسات، السب و الشتم –التشهير و الابتزاز، نشر صور غير لائقة-التحذير و التهديد و التخويف ,5,0.0,5.0,cybercrimes,short_answer,7,arabic,,المعاكسات، السب والقذف، التشهير، تخويف أو تهديد، نشر صور غير لائقة,"{""question_type"": ""اٍشرح""}"
arasag,2,  ماهي أشكال المضايقات التي يمكن أن يتعرض لها مستخدم وسائل التواصل الاجتماعي(فايسبوك، ...) ؟,السب و القذف، التشهير، نشر صور غير لائقة، انتحال شخصية و استخدامها لأغراض غير شرعية ,4,0.0,5.0,cybercrimes,short_answer,7,arabic,,المعاكسات، السب والقذف، التشهير، تخويف أو تهديد، نشر صور غير لائقة,"{""question_type"": ""اٍشرح""}"
arasag,2,  ماهي أشكال المضايقات التي يمكن أن يتعرض لها مستخدم وسائل التواصل الاجتماعي(فايسبوك، ...) ؟,التشهير، الابتزاز، استخدام صور البروفيل او سرقتها، الأشخاص غير مرغوب فيهم ,3,0.0,5.0,cybercrimes,short_answer,7,arabic,,المعاكسات، السب والقذف، التشهير، تخويف أو تهديد، نشر صور غير لائقة,"{""question_type"": ""اٍشرح""}"
arasag,2,  ماهي أشكال المضايقات التي يمكن أن يتعرض لها مستخدم وسائل التواصل الاجتماعي(فايسبوك، ...) ؟,الابتزاز، التهديد ، التشهير ، التحايل ر نشر افكار معادية للدين ، النصب ,4,0.0,5.0,cybercrimes,short_answer,7,arabic,,المعاكسات، السب والقذف، التشهير، تخويف أو تهديد، نشر صور غير لائقة,"{""question_type"": ""اٍشرح""}"
arasag,2,  ماهي أشكال المضايقات التي يمكن أن يتعرض لها مستخدم وسائل التواصل الاجتماعي(فايسبوك، ...) ؟,يمكن ان يتعرض الاشخاص للمضايقات و السب و القذف و كذا التشهير و الابتزاز,4,0.0,5.0,cybercrimes,short_answer,7,arabic,,المعاكسات، السب والقذف، التشهير، تخويف أو تهديد، نشر صور غير لائقة,"{""question_type"": ""اٍشرح""}"
arasag,2,  ماهي أشكال المضايقات التي يمكن أن يتعرض لها مستخدم وسائل التواصل الاجتماعي(فايسبوك، ...) ؟,الاغراق بالرسائل الهندسة الاجتماعية النفسية التشهير التخويف,3,0.0,5.0,cybercrimes,short_answer,7,arabic,,المعاكسات، السب والقذف، التشهير، تخويف أو تهديد، نشر صور غير لائقة,"{""question_type"": ""اٍشرح""}"
arasag,2,  ماهي أشكال المضايقات التي يمكن أن يتعرض لها مستخدم وسائل التواصل الاجتماعي(فايسبوك، ...) ؟,الابتزاز – التشهير- التهديد – اغراة الاطفال و القصر – وكذلك محاولة تغير المعتقدات و الأفكار,5,0.0,5.0,cybercrimes,short_answer,7,arabic,,المعاكسات، السب والقذف، التشهير، تخويف أو تهديد، نشر صور غير لائقة,"{""question_type"": ""اٍشرح""}"
arasag,2,  ماهي أشكال المضايقات التي يمكن أن يتعرض لها مستخدم وسائل التواصل الاجتماعي(فايسبوك، ...) ؟,السب و القذف و الشتم، نشر صور غير لائقة و نشر فيديوهات غير لائقة، التهديد و التخويف بإرسال الرسائل,5,0.0,5.0,cybercrimes,short_answer,7,arabic,,المعاكسات، السب والقذف، التشهير، تخويف أو تهديد، نشر صور غير لائقة,"{""question_type"": ""اٍشرح""}"
arasag,2,  ماهي أشكال المضايقات التي يمكن أن يتعرض لها مستخدم وسائل التواصل الاجتماعي(فايسبوك، ...) ؟,عبر الفايسبوك بريد الكتروني واتساب تويتر فايبر، السب الشتم التهديد نشر صور الفاضحة,2,0.0,5.0,cybercrimes,short_answer,7,arabic,,المعاكسات، السب والقذف، التشهير، تخويف أو تهديد، نشر صور غير لائقة,"{""question_type"": ""اٍشرح""}"
arasag,2,  ماهي أشكال المضايقات التي يمكن أن يتعرض لها مستخدم وسائل التواصل الاجتماعي(فايسبوك، ...) ؟,المعاكسة الترهيب التشهير نشر صور غير لائقة عن الضحية و غيرها,4,0.0,5.0,cybercrimes,short_answer,7,arabic,,المعاكسات، السب والقذف، التشهير، تخويف أو تهديد، نشر صور غير لائقة,"{""question_type"": ""اٍشرح""}"
arasag,2,  ماهي أشكال المضايقات التي يمكن أن يتعرض لها مستخدم وسائل التواصل الاجتماعي(فايسبوك، ...) ؟,التشهير السب الشتم و المضايقة القذف  نشر صوره الشخصية,4,0.0,5.0,cybercrimes,short_answer,7,arabic,,المعاكسات، السب والقذف، التشهير، تخويف أو تهديد، نشر صور غير لائقة,"{""question_type"": ""اٍشرح""}"
arasag,2,  ماهي أشكال المضايقات التي يمكن أن يتعرض لها مستخدم وسائل التواصل الاجتماعي(فايسبوك، ...) ؟,التحرش الاغواء  الصور غير اللائقة ( خصوصية الفرد) الابتزاز التشهير السب و القذف,4,0.0,5.0,cybercrimes,short_answer,7,arabic,,المعاكسات، السب والقذف، التشهير، تخويف أو تهديد، نشر صور غير لائقة,"{""question_type"": ""اٍشرح""}"
arasag,37,ما نوع الجريمة الإلكترونية التي قد تكون أنت  ضحيتها عبر بريد إلكتروني يخبرك بأن شخصا يريد أن يتقاسم معك جوائز أو أموالا؟,النصب والاحتيال والابتزاز وهي جرائم تقع على الانترنت وتدخل ضمن الهندسة الاجتماعية النفسية,3,0.0,5.0,cybercrimes,short_answer,7,arabic,,جرائم النصب والاحتيال تصنف في المجموعة الأولى التي تقع على الانترنت أي أن الشبكة تكون محلا لها,"{""question_type"": ""اٍشرح""}"
arasag,37,ما نوع الجريمة الإلكترونية التي قد تكون أنت  ضحيتها عبر بريد إلكتروني يخبرك بأن شخصا يريد أن يتقاسم معك جوائز أو أموالا؟,الهندسة الاِجتماعية النفسية تصنف في الجرائم التي تقوم في الانترنت,0,0.0,5.0,cybercrimes,short_answer,7,arabic,,جرائم النصب والاحتيال تصنف في المجموعة الأولى التي تقع على الانترنت أي أن الشبكة تكون محلا لها,"{""question_type"": ""اٍشرح""}"
arasag,37,ما نوع الجريمة الإلكترونية التي قد تكون أنت  ضحيتها عبر بريد إلكتروني يخبرك بأن شخصا يريد أن يتقاسم معك جوائز أو أموالا؟,جرائم النصب والاحتيال، التصنيف: جرائم تقع على الانترنت.,2,0.0,5.0,cybercrimes,short_answer,7,arabic,,جرائم النصب والاحتيال تصنف في المجموعة الأولى التي تقع على الانترنت أي أن الشبكة تكون محلا لها,"{""question_type"": ""اٍشرح""}"
arasag,37,ما نوع الجريمة الإلكترونية التي قد تكون أنت  ضحيتها عبر بريد إلكتروني يخبرك بأن شخصا يريد أن يتقاسم معك جوائز أو أموالا؟,هي جرائم الإختراق، التصنيف العام: جرائم تقع على الأنترنت.,1,0.0,5.0,cybercrimes,short_answer,7,arabic,,جرائم النصب والاحتيال تصنف في المجموعة الأولى التي تقع على الانترنت أي أن الشبكة تكون محلا لها,"{""question_type"": ""اٍشرح""}"
arasag,37,ما نوع الجريمة الإلكترونية التي قد تكون أنت  ضحيتها عبر بريد إلكتروني يخبرك بأن شخصا يريد أن يتقاسم معك جوائز أو أموالا؟,التعدي الإلكتروني أصنفها في الجرائم التي تقع بواسطة الإنترنت,3,0.0,5.0,cybercrimes,short_answer,7,arabic,,جرائم النصب والاحتيال تصنف في المجموعة الأولى التي تقع على الانترنت أي أن الشبكة تكون محلا لها,"{""question_type"": ""اٍشرح""}"
arasag,37,ما نوع الجريمة الإلكترونية التي قد تكون أنت  ضحيتها عبر بريد إلكتروني يخبرك بأن شخصا يريد أن يتقاسم معك جوائز أو أموالا؟,الهندسة الاجتماعية النفسية؛ فإذا صدقها المستخدم فيستطيع من خلالها أخذ المعلومات والبيانات وحتى الرقم السري للمستخدم واختراقه، جرائم التجسس الالكتروني.,1,0.0,5.0,cybercrimes,short_answer,7,arabic,,جرائم النصب والاحتيال تصنف في المجموعة الأولى التي تقع على الانترنت أي أن الشبكة تكون محلا لها,"{""question_type"": ""اٍشرح""}"
arasag,37,ما نوع الجريمة الإلكترونية التي قد تكون أنت  ضحيتها عبر بريد إلكتروني يخبرك بأن شخصا يريد أن يتقاسم معك جوائز أو أموالا؟,جريمة: عمليات الاِحتيال والنصب والتهديد تصنف ضمن الجرائم التي تقع بواسطة الاِنترنت.,4,0.0,5.0,cybercrimes,short_answer,7,arabic,,جرائم النصب والاحتيال تصنف في المجموعة الأولى التي تقع على الانترنت أي أن الشبكة تكون محلا لها,"{""question_type"": ""اٍشرح""}"
arasag,37,ما نوع الجريمة الإلكترونية التي قد تكون أنت  ضحيتها عبر بريد إلكتروني يخبرك بأن شخصا يريد أن يتقاسم معك جوائز أو أموالا؟,جرائم النصب ولإحتيال، بالنسبة للتصنيف العام: الجرائم المالية.,3,0.0,5.0,cybercrimes,short_answer,7,arabic,,جرائم النصب والاحتيال تصنف في المجموعة الأولى التي تقع على الانترنت أي أن الشبكة تكون محلا لها,"{""question_type"": ""اٍشرح""}"
arasag,37,ما نوع الجريمة الإلكترونية التي قد تكون أنت  ضحيتها عبر بريد إلكتروني يخبرك بأن شخصا يريد أن يتقاسم معك جوائز أو أموالا؟,نصب واِحتيال، تصنيفها العام: جريمة منظمة بواسطة الإنترنت,4,0.0,5.0,cybercrimes,short_answer,7,arabic,,جرائم النصب والاحتيال تصنف في المجموعة الأولى التي تقع على الانترنت أي أن الشبكة تكون محلا لها,"{""question_type"": ""اٍشرح""}"
arasag,37,ما نوع الجريمة الإلكترونية التي قد تكون أنت  ضحيتها عبر بريد إلكتروني يخبرك بأن شخصا يريد أن يتقاسم معك جوائز أو أموالا؟,القرصنة، التصنيف العام: عن طريق الشبكة اِذا الشبكة هي آداة الجريمة.,2,0.0,5.0,cybercrimes,short_answer,7,arabic,,جرائم النصب والاحتيال تصنف في المجموعة الأولى التي تقع على الانترنت أي أن الشبكة تكون محلا لها,"{""question_type"": ""اٍشرح""}"
arasag,37,ما نوع الجريمة الإلكترونية التي قد تكون أنت  ضحيتها عبر بريد إلكتروني يخبرك بأن شخصا يريد أن يتقاسم معك جوائز أو أموالا؟,جرائم القرصنة، تصنيفها جرائم تقع على الأنترنت )الشبكة هي محل الجريمة(,3,0.0,5.0,cybercrimes,short_answer,7,arabic,,جرائم النصب والاحتيال تصنف في المجموعة الأولى التي تقع على الانترنت أي أن الشبكة تكون محلا لها,"{""question_type"": ""اٍشرح""}"
arasag,37,ما نوع الجريمة الإلكترونية التي قد تكون أنت  ضحيتها عبر بريد إلكتروني يخبرك بأن شخصا يريد أن يتقاسم معك جوائز أو أموالا؟,جريمة التجسس وإنتهاك الخصوصية، تصنيفها: جريمة تقع بواسطة الأنترنت.,2,0.0,5.0,cybercrimes,short_answer,7,arabic,,جرائم النصب والاحتيال تصنف في المجموعة الأولى التي تقع على الانترنت أي أن الشبكة تكون محلا لها,"{""question_type"": ""اٍشرح""}"
arasag,37,ما نوع الجريمة الإلكترونية التي قد تكون أنت  ضحيتها عبر بريد إلكتروني يخبرك بأن شخصا يريد أن يتقاسم معك جوائز أو أموالا؟,الجرائم التي تقع بواسطة الأنترنت.,2,0.0,5.0,cybercrimes,short_answer,7,arabic,,جرائم النصب والاحتيال تصنف في المجموعة الأولى التي تقع على الانترنت أي أن الشبكة تكون محلا لها,"{""question_type"": ""اٍشرح""}"
arasag,37,ما نوع الجريمة الإلكترونية التي قد تكون أنت  ضحيتها عبر بريد إلكتروني يخبرك بأن شخصا يريد أن يتقاسم معك جوائز أو أموالا؟,الإغراق بالرسائل تصنيفها هو جريمة تقع بواسطة الإنترنت,2,0.0,5.0,cybercrimes,short_answer,7,arabic,,جرائم النصب والاحتيال تصنف في المجموعة الأولى التي تقع على الانترنت أي أن الشبكة تكون محلا لها,"{""question_type"": ""اٍشرح""}"
arasag,37,ما نوع الجريمة الإلكترونية التي قد تكون أنت  ضحيتها عبر بريد إلكتروني يخبرك بأن شخصا يريد أن يتقاسم معك جوائز أو أموالا؟,جرائم الإختراق فهي تستعمل وسيلة الإغراء بالرسائل,0,0.0,5.0,cybercrimes,short_answer,7,arabic,,جرائم النصب والاحتيال تصنف في المجموعة الأولى التي تقع على الانترنت أي أن الشبكة تكون محلا لها,"{""question_type"": ""اٍشرح""}"
arasag,37,ما نوع الجريمة الإلكترونية التي قد تكون أنت  ضحيتها عبر بريد إلكتروني يخبرك بأن شخصا يريد أن يتقاسم معك جوائز أو أموالا؟,جرائم النصب و الإحتيال,2,0.0,5.0,cybercrimes,short_answer,7,arabic,,جرائم النصب والاحتيال تصنف في المجموعة الأولى التي تقع على الانترنت أي أن الشبكة تكون محلا لها,"{""question_type"": ""اٍشرح""}"
arasag,37,ما نوع الجريمة الإلكترونية التي قد تكون أنت  ضحيتها عبر بريد إلكتروني يخبرك بأن شخصا يريد أن يتقاسم معك جوائز أو أموالا؟,النصب و الإحتيال و هي تصنف بالنسبة للتصنيف العام كجريمة بواسطة الأنترنت,3,0.0,5.0,cybercrimes,short_answer,7,arabic,,جرائم النصب والاحتيال تصنف في المجموعة الأولى التي تقع على الانترنت أي أن الشبكة تكون محلا لها,"{""question_type"": ""اٍشرح""}"
arasag,37,ما نوع الجريمة الإلكترونية التي قد تكون أنت  ضحيتها عبر بريد إلكتروني يخبرك بأن شخصا يريد أن يتقاسم معك جوائز أو أموالا؟,الجريمة منظمة تصنيفها تقع على الإنترنت,0,0.0,5.0,cybercrimes,short_answer,7,arabic,,جرائم النصب والاحتيال تصنف في المجموعة الأولى التي تقع على الانترنت أي أن الشبكة تكون محلا لها,"{""question_type"": ""اٍشرح""}"
arasag,37,ما نوع الجريمة الإلكترونية التي قد تكون أنت  ضحيتها عبر بريد إلكتروني يخبرك بأن شخصا يريد أن يتقاسم معك جوائز أو أموالا؟,جريمة النصب و الإحتيال,2,0.0,5.0,cybercrimes,short_answer,7,arabic,,جرائم النصب والاحتيال تصنف في المجموعة الأولى التي تقع على الانترنت أي أن الشبكة تكون محلا لها,"{""question_type"": ""اٍشرح""}"
arasag,37,ما نوع الجريمة الإلكترونية التي قد تكون أنت  ضحيتها عبر بريد إلكتروني يخبرك بأن شخصا يريد أن يتقاسم معك جوائز أو أموالا؟,جرائم الهندسة الإجتماعية لأنه كيف لشخص مجهول أن يتقاسم الجوائز مع شخص لا يعرفه أي أنه يستعمل هذه الحيل ليتحصل على معلومات ,1,0.0,5.0,cybercrimes,short_answer,7,arabic,,جرائم النصب والاحتيال تصنف في المجموعة الأولى التي تقع على الانترنت أي أن الشبكة تكون محلا لها,"{""question_type"": ""اٍشرح""}"
arasag,37,ما نوع الجريمة الإلكترونية التي قد تكون أنت  ضحيتها عبر بريد إلكتروني يخبرك بأن شخصا يريد أن يتقاسم معك جوائز أو أموالا؟,جرائم الاختراق و التي تسمى جريمة الاغراق بالرسائل الالكترونية و يتم تصنيفها في الجرائم التي تقع على الأنترنت ,0,0.0,5.0,cybercrimes,short_answer,7,arabic,,جرائم النصب والاحتيال تصنف في المجموعة الأولى التي تقع على الانترنت أي أن الشبكة تكون محلا لها,"{""question_type"": ""اٍشرح""}"
arasag,37,ما نوع الجريمة الإلكترونية التي قد تكون أنت  ضحيتها عبر بريد إلكتروني يخبرك بأن شخصا يريد أن يتقاسم معك جوائز أو أموالا؟,جرائم الاحتيال، تصنيفها العام : ضمن الجرائم التي تكون شبكة أداة لوقوعها.,2,0.0,5.0,cybercrimes,short_answer,7,arabic,,جرائم النصب والاحتيال تصنف في المجموعة الأولى التي تقع على الانترنت أي أن الشبكة تكون محلا لها,"{""question_type"": ""اٍشرح""}"
arasag,37,ما نوع الجريمة الإلكترونية التي قد تكون أنت  ضحيتها عبر بريد إلكتروني يخبرك بأن شخصا يريد أن يتقاسم معك جوائز أو أموالا؟,تعتبر هذه الجريمة من النوع الذي يحصل بواسطة الأنترنت فهي تعتمد على الثقة وتعتمد على أي خبرة أو ذكاء في عمليات الإختراق,2,0.0,5.0,cybercrimes,short_answer,7,arabic,,جرائم النصب والاحتيال تصنف في المجموعة الأولى التي تقع على الانترنت أي أن الشبكة تكون محلا لها,"{""question_type"": ""اٍشرح""}"
arasag,37,ما نوع الجريمة الإلكترونية التي قد تكون أنت  ضحيتها عبر بريد إلكتروني يخبرك بأن شخصا يريد أن يتقاسم معك جوائز أو أموالا؟,نوع الجريمة :أحصنة طروادة، التصنيف بالنسبة للتصنيف العام : هندسة اجتماعية نفسية بواسطة الأنترنت.,1,0.0,5.0,cybercrimes,short_answer,7,arabic,,جرائم النصب والاحتيال تصنف في المجموعة الأولى التي تقع على الانترنت أي أن الشبكة تكون محلا لها,"{""question_type"": ""اٍشرح""}"
arasag,37,ما نوع الجريمة الإلكترونية التي قد تكون أنت  ضحيتها عبر بريد إلكتروني يخبرك بأن شخصا يريد أن يتقاسم معك جوائز أو أموالا؟,"جريمة التحايل ,من أجل سرقة المعلومات الشخصية لأنه الذي يجعل شخص لا يعرفك يتقاسم معك مبلغا من المال أو جائزة ,يختارك عشوائيا ,إلا لغرض الإستفادة من سرقة معلوماتك الشخصية وحتى قد يكون رقم بطاقتك الانتمائية، و هذا ما يسمى بالتلاعب النفسي, إذن تصنف إلى الهندسة النفسية و التلاعب العقلي.",2,0.0,5.0,cybercrimes,short_answer,7,arabic,,جرائم النصب والاحتيال تصنف في المجموعة الأولى التي تقع على الانترنت أي أن الشبكة تكون محلا لها,"{""question_type"": ""اٍشرح""}"
arasag,37,ما نوع الجريمة الإلكترونية التي قد تكون أنت  ضحيتها عبر بريد إلكتروني يخبرك بأن شخصا يريد أن يتقاسم معك جوائز أو أموالا؟,نوعها : جرائم الإختراق التي تتم بالتحايل على المستخدمين من أجل الحصول على بياناتهم، تصنيفها : جرائم تقع على شبكة الأنترنت.,1,0.0,5.0,cybercrimes,short_answer,7,arabic,,جرائم النصب والاحتيال تصنف في المجموعة الأولى التي تقع على الانترنت أي أن الشبكة تكون محلا لها,"{""question_type"": ""اٍشرح""}"
arasag,37,ما نوع الجريمة الإلكترونية التي قد تكون أنت  ضحيتها عبر بريد إلكتروني يخبرك بأن شخصا يريد أن يتقاسم معك جوائز أو أموالا؟,الإحتيال,1,0.0,5.0,cybercrimes,short_answer,7,arabic,,جرائم النصب والاحتيال تصنف في المجموعة الأولى التي تقع على الانترنت أي أن الشبكة تكون محلا لها,"{""question_type"": ""اٍشرح""}"
arasag,37,ما نوع الجريمة الإلكترونية التي قد تكون أنت  ضحيتها عبر بريد إلكتروني يخبرك بأن شخصا يريد أن يتقاسم معك جوائز أو أموالا؟,"هي جريمة الهندسة النفسية ,و تصنف مع جرائم النصب و الاحتيال",3,0.0,5.0,cybercrimes,short_answer,7,arabic,,جرائم النصب والاحتيال تصنف في المجموعة الأولى التي تقع على الانترنت أي أن الشبكة تكون محلا لها,"{""question_type"": ""اٍشرح""}"
arasag,37,ما نوع الجريمة الإلكترونية التي قد تكون أنت  ضحيتها عبر بريد إلكتروني يخبرك بأن شخصا يريد أن يتقاسم معك جوائز أو أموالا؟,هذه الجريمة تصنف ضمن الهندسة الإجتماعية النفسية قد يكون هذا البريد الإلكتروني ,0,0.0,5.0,cybercrimes,short_answer,7,arabic,,جرائم النصب والاحتيال تصنف في المجموعة الأولى التي تقع على الانترنت أي أن الشبكة تكون محلا لها,"{""question_type"": ""اٍشرح""}"
arasag,37,ما نوع الجريمة الإلكترونية التي قد تكون أنت  ضحيتها عبر بريد إلكتروني يخبرك بأن شخصا يريد أن يتقاسم معك جوائز أو أموالا؟,هي جريمة تحفزك على إعطاء بعض المعلومات التي تساعد المجرم على اتمام جريمته وهي جريمة السطو على الأموال تقع على الإنترنت,1,0.0,5.0,cybercrimes,short_answer,7,arabic,,جرائم النصب والاحتيال تصنف في المجموعة الأولى التي تقع على الانترنت أي أن الشبكة تكون محلا لها,"{""question_type"": ""اٍشرح""}"
arasag,37,ما نوع الجريمة الإلكترونية التي قد تكون أنت  ضحيتها عبر بريد إلكتروني يخبرك بأن شخصا يريد أن يتقاسم معك جوائز أو أموالا؟,و تصنف كجريمة نصب و احتلال,2,0.0,5.0,cybercrimes,short_answer,7,arabic,,جرائم النصب والاحتيال تصنف في المجموعة الأولى التي تقع على الانترنت أي أن الشبكة تكون محلا لها,"{""question_type"": ""اٍشرح""}"
arasag,37,ما نوع الجريمة الإلكترونية التي قد تكون أنت  ضحيتها عبر بريد إلكتروني يخبرك بأن شخصا يريد أن يتقاسم معك جوائز أو أموالا؟,جريمة استعمال انترنت  ,1,0.0,5.0,cybercrimes,short_answer,7,arabic,,جرائم النصب والاحتيال تصنف في المجموعة الأولى التي تقع على الانترنت أي أن الشبكة تكون محلا لها,"{""question_type"": ""اٍشرح""}"
arasag,37,ما نوع الجريمة الإلكترونية التي قد تكون أنت  ضحيتها عبر بريد إلكتروني يخبرك بأن شخصا يريد أن يتقاسم معك جوائز أو أموالا؟,جرائم الاختراق عبر الإغراق بالرسائل و نصنفها التي تقع على الانترنت ,2,0.0,5.0,cybercrimes,short_answer,7,arabic,,جرائم النصب والاحتيال تصنف في المجموعة الأولى التي تقع على الانترنت أي أن الشبكة تكون محلا لها,"{""question_type"": ""اٍشرح""}"
arasag,37,ما نوع الجريمة الإلكترونية التي قد تكون أنت  ضحيتها عبر بريد إلكتروني يخبرك بأن شخصا يريد أن يتقاسم معك جوائز أو أموالا؟,تصنف ضمن جرام الاختراق كجريمة نفسية ,0,0.0,5.0,cybercrimes,short_answer,7,arabic,,جرائم النصب والاحتيال تصنف في المجموعة الأولى التي تقع على الانترنت أي أن الشبكة تكون محلا لها,"{""question_type"": ""اٍشرح""}"
arasag,37,ما نوع الجريمة الإلكترونية التي قد تكون أنت  ضحيتها عبر بريد إلكتروني يخبرك بأن شخصا يريد أن يتقاسم معك جوائز أو أموالا؟,جريمة الهندسة النفسية تصنف في جرائم الانترنت,0,0.0,5.0,cybercrimes,short_answer,7,arabic,,جرائم النصب والاحتيال تصنف في المجموعة الأولى التي تقع على الانترنت أي أن الشبكة تكون محلا لها,"{""question_type"": ""اٍشرح""}"
arasag,37,ما نوع الجريمة الإلكترونية التي قد تكون أنت  ضحيتها عبر بريد إلكتروني يخبرك بأن شخصا يريد أن يتقاسم معك جوائز أو أموالا؟,جريمة الحصول على الرقم السري للبطاقة المالية و سرقة أمواله ,0,0.0,5.0,cybercrimes,short_answer,7,arabic,,جرائم النصب والاحتيال تصنف في المجموعة الأولى التي تقع على الانترنت أي أن الشبكة تكون محلا لها,"{""question_type"": ""اٍشرح""}"
arasag,37,ما نوع الجريمة الإلكترونية التي قد تكون أنت  ضحيتها عبر بريد إلكتروني يخبرك بأن شخصا يريد أن يتقاسم معك جوائز أو أموالا؟,ضمن جرائم الانترنت التي تكون محل الجريمة وفي التصنيف الخاص جرام الأشخاص و نصب الأموال ,4,0.0,5.0,cybercrimes,short_answer,7,arabic,,جرائم النصب والاحتيال تصنف في المجموعة الأولى التي تقع على الانترنت أي أن الشبكة تكون محلا لها,"{""question_type"": ""اٍشرح""}"
arasag,43,ماهي الأسس التي يجب إتباعها للحد من انتشار الجريمة الإلكترونية؟,ماديا: توفير العتاد اللازم لتأمين مصادر المعلومة (كاميرات وأجهزة إنذار)، تقنيا: استخدام تحديد وتأكيد الهوية و صلاحيات المرور، إداريا: تحديد قوانين و سياسات تحمي المعلومة.,1,0.0,5.0,cybercrimes,short_answer,7,arabic,,ثقافة أمن المعلومات، التشريع القانوني، التربية وثقافة الوعي واستعمال وسائل الحماية الفنية، الإدارية والمادية ,"{""question_type"": ""اٍشرح""}"
arasag,43,ماهي الأسس التي يجب إتباعها للحد من انتشار الجريمة الإلكترونية؟,تطبيق وسائل الحماية: المادية و الفنية و الإدارية، توعية الناس و العاملين في المؤسسات.,2,0.0,5.0,cybercrimes,short_answer,7,arabic,,ثقافة أمن المعلومات، التشريع القانوني، التربية وثقافة الوعي واستعمال وسائل الحماية الفنية، الإدارية والمادية ,"{""question_type"": ""اٍشرح""}"
arasag,43,ماهي الأسس التي يجب إتباعها للحد من انتشار الجريمة الإلكترونية؟,ثقافة الأمن المعلوماتي، التوعية و التشريع القانوني,3,0.0,5.0,cybercrimes,short_answer,7,arabic,,ثقافة أمن المعلومات، التشريع القانوني، التربية وثقافة الوعي واستعمال وسائل الحماية الفنية، الإدارية والمادية ,"{""question_type"": ""اٍشرح""}"
arasag,43,ماهي الأسس التي يجب إتباعها للحد من انتشار الجريمة الإلكترونية؟,ثقافة أمن المعلومات، التشريع القانوني، التربية و ثقافة الوعي، اقامة دورات تجريبية و محاضرات للتحدث عن مخاطر الجريمة الالكترونية,4,0.0,5.0,cybercrimes,short_answer,7,arabic,,ثقافة أمن المعلومات، التشريع القانوني، التربية وثقافة الوعي واستعمال وسائل الحماية الفنية، الإدارية والمادية ,"{""question_type"": ""اٍشرح""}"
arasag,43,ماهي الأسس التي يجب إتباعها للحد من انتشار الجريمة الإلكترونية؟,يجب توعية و نشر ثقافة أمن المعلومات بين شرائح المجتمع و توعية الموظفين و استخدام وسائل الحماية مثل القياس الحيوي، و تطبيق القوانين ,4,0.0,5.0,cybercrimes,short_answer,7,arabic,,ثقافة أمن المعلومات، التشريع القانوني، التربية وثقافة الوعي واستعمال وسائل الحماية الفنية، الإدارية والمادية ,"{""question_type"": ""اٍشرح""}"
arasag,43,ماهي الأسس التي يجب إتباعها للحد من انتشار الجريمة الإلكترونية؟,ثقافة أمن المعلومات، التشريع القانوني، التربية و ثقافة الوعي .,4,0.0,5.0,cybercrimes,short_answer,7,arabic,,ثقافة أمن المعلومات، التشريع القانوني، التربية وثقافة الوعي واستعمال وسائل الحماية الفنية، الإدارية والمادية ,"{""question_type"": ""اٍشرح""}"
arasag,43,ماهي الأسس التي يجب إتباعها للحد من انتشار الجريمة الإلكترونية؟,توعية الموظفين ، تطبيق قوانين صارمة لمن يفعل ذلك، دعم سياسة الأمن في وقت مبكر,4,0.0,5.0,cybercrimes,short_answer,7,arabic,,ثقافة أمن المعلومات، التشريع القانوني، التربية وثقافة الوعي واستعمال وسائل الحماية الفنية، الإدارية والمادية ,"{""question_type"": ""اٍشرح""}"
arasag,43,ماهي الأسس التي يجب إتباعها للحد من انتشار الجريمة الإلكترونية؟,الوقاية خير من العلاج، دائما الإحساس بعدم الأمن ، معاقبة كل من يرتكب جريمة إلكترونية، إقامة جدار ناري لكل آلة إلكترونية .,1,0.0,5.0,cybercrimes,short_answer,7,arabic,,ثقافة أمن المعلومات، التشريع القانوني، التربية وثقافة الوعي واستعمال وسائل الحماية الفنية، الإدارية والمادية ,"{""question_type"": ""اٍشرح""}"
arasag,43,ماهي الأسس التي يجب إتباعها للحد من انتشار الجريمة الإلكترونية؟,وسائل حماية مادية ، وسائل حماية فنية، وسائل حماية إدارية ،توعية و تثقيف الموظفين بأمن المعلومات .,1,0.0,5.0,cybercrimes,short_answer,7,arabic,,ثقافة أمن المعلومات، التشريع القانوني، التربية وثقافة الوعي واستعمال وسائل الحماية الفنية، الإدارية والمادية ,"{""question_type"": ""اٍشرح""}"
arasag,43,ماهي الأسس التي يجب إتباعها للحد من انتشار الجريمة الإلكترونية؟,ثقافة أمن المعلومات ، التربية، التوعية، التشريع القانوني ووضع قوانين صارمة للحد من الجريمة الالكترونية.,4,0.0,5.0,cybercrimes,short_answer,7,arabic,,ثقافة أمن المعلومات، التشريع القانوني، التربية وثقافة الوعي واستعمال وسائل الحماية الفنية، الإدارية والمادية ,"{""question_type"": ""اٍشرح""}"
arasag,43,ماهي الأسس التي يجب إتباعها للحد من انتشار الجريمة الإلكترونية؟,وسائل الحماية المادية: كاميرات المراقبة، الأقفال ، وسائل الحماية الفنية: كلمات المرور ، مضادات الفيروسات، القياس الحيوي، وسائل الحماية الإدارية: القوانين التي تضبط الواجبات و المسؤوليات ، توعية العامل البشري: تنظيم التكوين و التربصات .,3,0.0,5.0,cybercrimes,short_answer,7,arabic,,ثقافة أمن المعلومات، التشريع القانوني، التربية وثقافة الوعي واستعمال وسائل الحماية الفنية، الإدارية والمادية ,"{""question_type"": ""اٍشرح""}"
arasag,43,ماهي الأسس التي يجب إتباعها للحد من انتشار الجريمة الإلكترونية؟,أسس حسية و مادية: مثل كاميرات المراقبة ، أسس إدارية: تكون من طرف المنشأة، أسس توعوية: توعية الجميع بها ، إستخدام المقياس الحيوي أو كلمات المرور .,2,0.0,5.0,cybercrimes,short_answer,7,arabic,,ثقافة أمن المعلومات، التشريع القانوني، التربية وثقافة الوعي واستعمال وسائل الحماية الفنية، الإدارية والمادية ,"{""question_type"": ""اٍشرح""}"
arasag,43,ماهي الأسس التي يجب إتباعها للحد من انتشار الجريمة الإلكترونية؟,ثقافة أمن المعلومات ، التشريع القانوني، التربية و التوعية على جميع شرائح المجتمع ، إستعمال جميع وسائل الحماية ) فنية، مادية و إدارية(,5,0.0,5.0,cybercrimes,short_answer,7,arabic,,ثقافة أمن المعلومات، التشريع القانوني، التربية وثقافة الوعي واستعمال وسائل الحماية الفنية، الإدارية والمادية ,"{""question_type"": ""اٍشرح""}"
arasag,43,ماهي الأسس التي يجب إتباعها للحد من انتشار الجريمة الإلكترونية؟,تعليم الطلاب و الموظفين بأهمية الأمن المعلوماتي بمحاضرات قصيرة و الحضور يكون إجباري .,1,0.0,5.0,cybercrimes,short_answer,7,arabic,,ثقافة أمن المعلومات، التشريع القانوني، التربية وثقافة الوعي واستعمال وسائل الحماية الفنية، الإدارية والمادية ,"{""question_type"": ""اٍشرح""}"
arasag,43,ماهي الأسس التي يجب إتباعها للحد من انتشار الجريمة الإلكترونية؟,ثقافة الوعي، ثقافة الضمان المعلوماتي، تشريع القانون .,3,0.0,5.0,cybercrimes,short_answer,7,arabic,,ثقافة أمن المعلومات، التشريع القانوني، التربية وثقافة الوعي واستعمال وسائل الحماية الفنية، الإدارية والمادية ,"{""question_type"": ""اٍشرح""}"
arasag,43,ماهي الأسس التي يجب إتباعها للحد من انتشار الجريمة الإلكترونية؟,الأمن المعلوماتي ، التشريع القانوني، التربية و ثقافة الوعي .,4,0.0,5.0,cybercrimes,short_answer,7,arabic,,ثقافة أمن المعلومات، التشريع القانوني، التربية وثقافة الوعي واستعمال وسائل الحماية الفنية، الإدارية والمادية ,"{""question_type"": ""اٍشرح""}"
arasag,43,ماهي الأسس التي يجب إتباعها للحد من انتشار الجريمة الإلكترونية؟,تطبيق القوانين و التشريعات ، التوعية و التحسيس من مخاطرها و كيفية تجنبها .,3,0.0,5.0,cybercrimes,short_answer,7,arabic,,ثقافة أمن المعلومات، التشريع القانوني، التربية وثقافة الوعي واستعمال وسائل الحماية الفنية، الإدارية والمادية ,"{""question_type"": ""اٍشرح""}"
arasag,43,ماهي الأسس التي يجب إتباعها للحد من انتشار الجريمة الإلكترونية؟,مادية، فنية، إدارية .,0,0.0,5.0,cybercrimes,short_answer,7,arabic,,ثقافة أمن المعلومات، التشريع القانوني، التربية وثقافة الوعي واستعمال وسائل الحماية الفنية، الإدارية والمادية ,"{""question_type"": ""اٍشرح""}"
arasag,43,ماهي الأسس التي يجب إتباعها للحد من انتشار الجريمة الإلكترونية؟,توعية الأفراد بها، وضع قوانين ردعية ضدها، وضع حواجز أمنية قوية .,2,0.0,5.0,cybercrimes,short_answer,7,arabic,,ثقافة أمن المعلومات، التشريع القانوني، التربية وثقافة الوعي واستعمال وسائل الحماية الفنية، الإدارية والمادية ,"{""question_type"": ""اٍشرح""}"
arasag,43,ماهي الأسس التي يجب إتباعها للحد من انتشار الجريمة الإلكترونية؟,الأمن المعلوماتي، وعي و إخبار الناس، إثبات قوانين .,2,0.0,5.0,cybercrimes,short_answer,7,arabic,,ثقافة أمن المعلومات، التشريع القانوني، التربية وثقافة الوعي واستعمال وسائل الحماية الفنية، الإدارية والمادية ,"{""question_type"": ""اٍشرح""}"
arasag,43,ماهي الأسس التي يجب إتباعها للحد من انتشار الجريمة الإلكترونية؟,نشر ثقافة أمن المعلومات ، القوانين التشريعية بمحاربة الجريمة الإلكترونية و تطبيقها، دعم سياسة الأمن في الشركات في وقت مبكر ، إستخدام مختلف وسائل حماية النظام و معلومات مادية ، فنية و إدارية .,5,0.0,5.0,cybercrimes,short_answer,7,arabic,,ثقافة أمن المعلومات، التشريع القانوني، التربية وثقافة الوعي واستعمال وسائل الحماية الفنية، الإدارية والمادية ,"{""question_type"": ""اٍشرح""}"
arasag,43,ماهي الأسس التي يجب إتباعها للحد من انتشار الجريمة الإلكترونية؟,نظام أمن المعلومات ، القياس الحيوي .,1,0.0,5.0,cybercrimes,short_answer,7,arabic,,ثقافة أمن المعلومات، التشريع القانوني، التربية وثقافة الوعي واستعمال وسائل الحماية الفنية، الإدارية والمادية ,"{""question_type"": ""اٍشرح""}"
arasag,43,ماهي الأسس التي يجب إتباعها للحد من انتشار الجريمة الإلكترونية؟,وضع عقوبات سجن ، وصع برامج حماية، إضافة تعريفات و تحديد و إثبات الهوية حتى يتم الوصول إلى المجرم بسهولة .,2,0.0,5.0,cybercrimes,short_answer,7,arabic,,ثقافة أمن المعلومات، التشريع القانوني، التربية وثقافة الوعي واستعمال وسائل الحماية الفنية، الإدارية والمادية ,"{""question_type"": ""اٍشرح""}"
arasag,43,ماهي الأسس التي يجب إتباعها للحد من انتشار الجريمة الإلكترونية؟,استعمال وسائل ضد الجريمة الالكترونية مثل وسائل الحماية المادية، الفنية و الإدارية، تحسيس الموظفين و تقديم لهم حصص لتوعيتهم.,2,0.0,5.0,cybercrimes,short_answer,7,arabic,,ثقافة أمن المعلومات، التشريع القانوني، التربية وثقافة الوعي واستعمال وسائل الحماية الفنية، الإدارية والمادية ,"{""question_type"": ""اٍشرح""}"
arasag,43,ماهي الأسس التي يجب إتباعها للحد من انتشار الجريمة الإلكترونية؟,وسائل فنية وسائل مادية: تجهيزات شبكة نظام المعلومات، توعية مسؤولية النظام.,2,0.0,5.0,cybercrimes,short_answer,7,arabic,,ثقافة أمن المعلومات، التشريع القانوني، التربية وثقافة الوعي واستعمال وسائل الحماية الفنية، الإدارية والمادية ,"{""question_type"": ""اٍشرح""}"
arasag,43,ماهي الأسس التي يجب إتباعها للحد من انتشار الجريمة الإلكترونية؟,توعية المستخدمين للحاسوب او الاجهزة الالكترونية حول أمن المعلومات، تطبيق قوانين حول المجرمين أو المخترقين غير الشرعيين، التربية و الأخلاق.,4,0.0,5.0,cybercrimes,short_answer,7,arabic,,ثقافة أمن المعلومات، التشريع القانوني، التربية وثقافة الوعي واستعمال وسائل الحماية الفنية، الإدارية والمادية ,"{""question_type"": ""اٍشرح""}"
arasag,43,ماهي الأسس التي يجب إتباعها للحد من انتشار الجريمة الإلكترونية؟,ثقافة الأمن الإلكتروني، تشريعات قانونية، التربية و ثقافة الوعي. ,4,0.0,5.0,cybercrimes,short_answer,7,arabic,,ثقافة أمن المعلومات، التشريع القانوني، التربية وثقافة الوعي واستعمال وسائل الحماية الفنية، الإدارية والمادية ,"{""question_type"": ""اٍشرح""}"
arasag,43,ماهي الأسس التي يجب إتباعها للحد من انتشار الجريمة الإلكترونية؟,يجب نشر ثقافة أمن المعلومات عبر مختلف أقطار المجتمع و تشريع القوانين الردعية للحديث من الجريمة و كذا نشر ثقافة الوعي و التربية بين أفراد المجتمع. ,4,0.0,5.0,cybercrimes,short_answer,7,arabic,,ثقافة أمن المعلومات، التشريع القانوني، التربية وثقافة الوعي واستعمال وسائل الحماية الفنية، الإدارية والمادية ,"{""question_type"": ""اٍشرح""}"
arasag,43,ماهي الأسس التي يجب إتباعها للحد من انتشار الجريمة الإلكترونية؟,"نشر الوعي في المجتمع حول الجريمة الإلكترونية, القيام بتأمين المعلومات , عدم الثقة العمياء بالاخرين , إصدار عقوبات صارمة لمرتكبي الجريمة الالكترونية.",4,0.0,5.0,cybercrimes,short_answer,7,arabic,,ثقافة أمن المعلومات، التشريع القانوني، التربية وثقافة الوعي واستعمال وسائل الحماية الفنية، الإدارية والمادية ,"{""question_type"": ""اٍشرح""}"
arasag,43,ماهي الأسس التي يجب إتباعها للحد من انتشار الجريمة الإلكترونية؟,"توفير الدفاعات اللازمة ,نشر الوعي بخطورة الجرائم الإلكترونية, عدم فتح الرسائل من مجهولين.",2,0.0,5.0,cybercrimes,short_answer,7,arabic,,ثقافة أمن المعلومات، التشريع القانوني، التربية وثقافة الوعي واستعمال وسائل الحماية الفنية، الإدارية والمادية ,"{""question_type"": ""اٍشرح""}"
arasag,43,ماهي الأسس التي يجب إتباعها للحد من انتشار الجريمة الإلكترونية؟,"نشر ثقافة أمن المعلوماتية , تشريع قوانين صارمة لمعاقبة المجرمين , التوعية من المخاطر و عدم صمت الضحايا. ",4,0.0,5.0,cybercrimes,short_answer,7,arabic,,ثقافة أمن المعلومات، التشريع القانوني، التربية وثقافة الوعي واستعمال وسائل الحماية الفنية، الإدارية والمادية ,"{""question_type"": ""اٍشرح""}"
arasag,43,ماهي الأسس التي يجب إتباعها للحد من انتشار الجريمة الإلكترونية؟,التربية و ثقافة الوعي لجميع شرائح المجتمع، ثقافة أمن المعلومات، التشريع القانوني.,4,0.0,5.0,cybercrimes,short_answer,7,arabic,,ثقافة أمن المعلومات، التشريع القانوني، التربية وثقافة الوعي واستعمال وسائل الحماية الفنية، الإدارية والمادية ,"{""question_type"": ""اٍشرح""}"
arasag,43,ماهي الأسس التي يجب إتباعها للحد من انتشار الجريمة الإلكترونية؟,الثقافة والتوعية بأخطار الجريمة الالكترونية، الأمن المعلوماتي وضرورة تطبيقه، تثقيف الموظفون و الإداريون و اقامة برامج تدريبية للأمن، تطبيق وسائل الحماية الادارية و المادية.,4,0.0,5.0,cybercrimes,short_answer,7,arabic,,ثقافة أمن المعلومات، التشريع القانوني، التربية وثقافة الوعي واستعمال وسائل الحماية الفنية، الإدارية والمادية ,"{""question_type"": ""اٍشرح""}"
arasag,43,ماهي الأسس التي يجب إتباعها للحد من انتشار الجريمة الإلكترونية؟,توفير أمن تقني ،مادي وإداري .,1,0.0,5.0,cybercrimes,short_answer,7,arabic,,ثقافة أمن المعلومات، التشريع القانوني، التربية وثقافة الوعي واستعمال وسائل الحماية الفنية، الإدارية والمادية ,"{""question_type"": ""اٍشرح""}"
arasag,43,ماهي الأسس التي يجب إتباعها للحد من انتشار الجريمة الإلكترونية؟,ثقافة التأمين المعلوماتي و الأجهزة الالكترونية ، الاشتراك في جماعات تعمل على تأمين و تطوير الأنظمة ، تخصيص الشركات لدورات تدريبية في الامن المعلوماتي لعمالها ، تحصين و تأمين الأنظمة المعلوماتية ، التوعية ، إلزام العمال بحضور محاضرات و دورات في الأمن المعلوماتي .,4,0.0,5.0,cybercrimes,short_answer,7,arabic,,ثقافة أمن المعلومات، التشريع القانوني، التربية وثقافة الوعي واستعمال وسائل الحماية الفنية، الإدارية والمادية ,"{""question_type"": ""اٍشرح""}"
arasag,43,ماهي الأسس التي يجب إتباعها للحد من انتشار الجريمة الإلكترونية؟,نشر الوعي الفكري للتقليل من استغلال المخترقين لجهل الضحايا . تطبيق قانون العقوبات ضد المخترقين . نشر ثقافة التبليغ على الجرائم الالكترونية. تشجيع المخترقين على استعمال قدراتهم في تطوير الأمن المعلوماتي و ذلك بالمكافئات.,4,0.0,5.0,cybercrimes,short_answer,7,arabic,,ثقافة أمن المعلومات، التشريع القانوني، التربية وثقافة الوعي واستعمال وسائل الحماية الفنية، الإدارية والمادية ,"{""question_type"": ""اٍشرح""}"
arasag,43,ماهي الأسس التي يجب إتباعها للحد من انتشار الجريمة الإلكترونية؟,عدم فتح بريد الكتروني من شخص مجهول، عدم فتح الروابط المرفقة بالرسائل الإلكترونية، تغير كلمة المرور بشكل دومي عدم وضع نفس كلمة المرور في حسابات مختلفة، عدم الضغط على أي زر يحث على حفظ كلمة المرور. ,1,0.0,5.0,cybercrimes,short_answer,7,arabic,,ثقافة أمن المعلومات، التشريع القانوني، التربية وثقافة الوعي واستعمال وسائل الحماية الفنية، الإدارية والمادية ,"{""question_type"": ""اٍشرح""}"
arasag,43,ماهي الأسس التي يجب إتباعها للحد من انتشار الجريمة الإلكترونية؟,ثقافة أمن المعلومات (تأمين جميع الموارد المستخدمة في معالجة البيانات ضد المخاطر التي امن الملومات ، التوعية و التدريب ، التشريع القانوني.,4,0.0,5.0,cybercrimes,short_answer,7,arabic,,ثقافة أمن المعلومات، التشريع القانوني، التربية وثقافة الوعي واستعمال وسائل الحماية الفنية، الإدارية والمادية ,"{""question_type"": ""اٍشرح""}"
arasag,43,ماهي الأسس التي يجب إتباعها للحد من انتشار الجريمة الإلكترونية؟,ثقافة امن المعلومات (تامين جميع الموارد المستخدمة في معالجة البيانات ضد المخاطر التي تصيبها و انشطة الاعتداء عليها)، صياغة تشريعات قانونية و تطبيقها ضد من يخالفها، تربية ونشر ثقافة الوعي لدى العامل البشري و الحرص على تحذيره من المخاطر التي تصادفه عبر شبكة الانترنت. ,4,0.0,5.0,cybercrimes,short_answer,7,arabic,,ثقافة أمن المعلومات، التشريع القانوني، التربية وثقافة الوعي واستعمال وسائل الحماية الفنية، الإدارية والمادية ,"{""question_type"": ""اٍشرح""}"
arasag,43,ماهي الأسس التي يجب إتباعها للحد من انتشار الجريمة الإلكترونية؟,التوعية ، السرية، تطبيق القانون تطوير البرامج.,2,0.0,5.0,cybercrimes,short_answer,7,arabic,,ثقافة أمن المعلومات، التشريع القانوني، التربية وثقافة الوعي واستعمال وسائل الحماية الفنية، الإدارية والمادية ,"{""question_type"": ""اٍشرح""}"
arasag,43,ماهي الأسس التي يجب إتباعها للحد من انتشار الجريمة الإلكترونية؟,توعية الأشخاص بمخاطر الجريمة الإلكترونية، تطبيق أمن المعلومات،. حماية الأنظمة المعلوماتية و البيانات،. توعية المؤسسات باستخدام و دعم سياسة الأمن في وقت مبكر، تطبيق الحماية بأصنافها الثلاثة ) مادية، فنية، إدارية( ,4,0.0,5.0,cybercrimes,short_answer,7,arabic,,ثقافة أمن المعلومات، التشريع القانوني، التربية وثقافة الوعي واستعمال وسائل الحماية الفنية، الإدارية والمادية ,"{""question_type"": ""اٍشرح""}"
arasag,43,ماهي الأسس التي يجب إتباعها للحد من انتشار الجريمة الإلكترونية؟,استعمال أساليب الوقاية المادية (كاميرات، نظام النذار..) ، التقنية( القياس الحيوي..) الإدارية ، التوعية البشرية. ,3,0.0,5.0,cybercrimes,short_answer,7,arabic,,ثقافة أمن المعلومات، التشريع القانوني، التربية وثقافة الوعي واستعمال وسائل الحماية الفنية، الإدارية والمادية ,"{""question_type"": ""اٍشرح""}"
arasag,43,ماهي الأسس التي يجب إتباعها للحد من انتشار الجريمة الإلكترونية؟,توفير الأمن العام وذلك من خلال : توعية الموظفين بالأمن العام، استعمال القياس:أسس مادية. فنية و إدارية.,3,0.0,5.0,cybercrimes,short_answer,7,arabic,,ثقافة أمن المعلومات، التشريع القانوني، التربية وثقافة الوعي واستعمال وسائل الحماية الفنية، الإدارية والمادية ,"{""question_type"": ""اٍشرح""}"
arasag,43,ماهي الأسس التي يجب إتباعها للحد من انتشار الجريمة الإلكترونية؟,نشر ثقافة الوعي الالكتروني، تنفيذ و تطبيق التشريعات و القوانين. ,2,0.0,5.0,cybercrimes,short_answer,7,arabic,,ثقافة أمن المعلومات، التشريع القانوني، التربية وثقافة الوعي واستعمال وسائل الحماية الفنية، الإدارية والمادية ,"{""question_type"": ""اٍشرح""}"
arasag,41,ماهي أركان  تأمين المعلومات إزاء الانتهاكات المحتملة  من  مستخدمي النظام المعلوماتي؟,الحصول على نظام امن جيد.,0,0.0,5.0,cybercrimes,short_answer,7,arabic,,تحديد هوية المستخدم، إثبات هوية المستخدم،  صلاحيات المستخدم، تحديد مسئوليات المستخدم، الخصوصية  و عدم الإنكار ,"{""question_type"": ""اٍشرح""}"
arasag,41,ماهي أركان  تأمين المعلومات إزاء الانتهاكات المحتملة  من  مستخدمي النظام المعلوماتي؟,تحديد هوية المستخدم، تثبيت هوية المستخدم ، تحديد صلاحيته، تحديد مسؤولياته، عدم الإنكار ، الخصوصية .,5,0.0,5.0,cybercrimes,short_answer,7,arabic,,تحديد هوية المستخدم، إثبات هوية المستخدم،  صلاحيات المستخدم، تحديد مسئوليات المستخدم، الخصوصية  و عدم الإنكار ,"{""question_type"": ""اٍشرح""}"
arasag,41,ماهي أركان  تأمين المعلومات إزاء الانتهاكات المحتملة  من  مستخدمي النظام المعلوماتي؟,التوفر : في هذه الحالة المعلومة يجب ان تكون متواجدة دائما في النظام، التكامل: يجب أن تصل المعلومة كاملة بدون اي نقص  او حذف، السرية: المعلومة عليها أن تكون سرية لا يستطيع التوصل إليها غير المعنيين بها.,1,0.0,5.0,cybercrimes,short_answer,7,arabic,,تحديد هوية المستخدم، إثبات هوية المستخدم،  صلاحيات المستخدم، تحديد مسئوليات المستخدم، الخصوصية  و عدم الإنكار ,"{""question_type"": ""اٍشرح""}"
arasag,41,ماهي أركان  تأمين المعلومات إزاء الانتهاكات المحتملة  من  مستخدمي النظام المعلوماتي؟,  استعمال نظام الدخول (اسم المستخدم، كلمة السر)، استعمال سياسات (المسموحات والممنوعات).,0,0.0,5.0,cybercrimes,short_answer,7,arabic,,تحديد هوية المستخدم، إثبات هوية المستخدم،  صلاحيات المستخدم، تحديد مسئوليات المستخدم، الخصوصية  و عدم الإنكار ,"{""question_type"": ""اٍشرح""}"
arasag,41,ماهي أركان  تأمين المعلومات إزاء الانتهاكات المحتملة  من  مستخدمي النظام المعلوماتي؟,السرية-التحقق من الهوية- تأكيد الهوية –معرفة الاجراءات -الموافقة عليها,2,0.0,5.0,cybercrimes,short_answer,7,arabic,,تحديد هوية المستخدم، إثبات هوية المستخدم،  صلاحيات المستخدم، تحديد مسئوليات المستخدم، الخصوصية  و عدم الإنكار ,"{""question_type"": ""اٍشرح""}"
arasag,41,ماهي أركان  تأمين المعلومات إزاء الانتهاكات المحتملة  من  مستخدمي النظام المعلوماتي؟,ـالتوفر ، السرية.,0,0.0,5.0,cybercrimes,short_answer,7,arabic,,تحديد هوية المستخدم، إثبات هوية المستخدم،  صلاحيات المستخدم، تحديد مسئوليات المستخدم، الخصوصية  و عدم الإنكار ,"{""question_type"": ""اٍشرح""}"
arasag,41,ماهي أركان  تأمين المعلومات إزاء الانتهاكات المحتملة  من  مستخدمي النظام المعلوماتي؟,تعريف هويتهم ، إثبات هويتهم ، عدم الإنكار ، الخصوصية.,4,0.0,5.0,cybercrimes,short_answer,7,arabic,,تحديد هوية المستخدم، إثبات هوية المستخدم،  صلاحيات المستخدم، تحديد مسئوليات المستخدم، الخصوصية  و عدم الإنكار ,"{""question_type"": ""اٍشرح""}"
arasag,41,ماهي أركان  تأمين المعلومات إزاء الانتهاكات المحتملة  من  مستخدمي النظام المعلوماتي؟,تحديد هوية المستخدم، اثبات هوية المستخدم، تحديد الخصوصية، تحديد مسؤولياته، عدم الإنكار، الخصوصية ,5,0.0,5.0,cybercrimes,short_answer,7,arabic,,تحديد هوية المستخدم، إثبات هوية المستخدم،  صلاحيات المستخدم، تحديد مسئوليات المستخدم، الخصوصية  و عدم الإنكار ,"{""question_type"": ""اٍشرح""}"
arasag,41,ماهي أركان  تأمين المعلومات إزاء الانتهاكات المحتملة  من  مستخدمي النظام المعلوماتي؟,تحديد هوية المستخدم، تثبيت هوية المستخدم، تحديد صلاحيته، تحديد مسؤولياته، عدم الإنكار، الخصوصية ,5,0.0,5.0,cybercrimes,short_answer,7,arabic,,تحديد هوية المستخدم، إثبات هوية المستخدم،  صلاحيات المستخدم، تحديد مسئوليات المستخدم، الخصوصية  و عدم الإنكار ,"{""question_type"": ""اٍشرح""}"
arasag,41,ماهي أركان  تأمين المعلومات إزاء الانتهاكات المحتملة  من  مستخدمي النظام المعلوماتي؟,التوفر، التكامل، السرية,0,0.0,5.0,cybercrimes,short_answer,7,arabic,,تحديد هوية المستخدم، إثبات هوية المستخدم،  صلاحيات المستخدم، تحديد مسئوليات المستخدم، الخصوصية  و عدم الإنكار ,"{""question_type"": ""اٍشرح""}"
arasag,41,ماهي أركان  تأمين المعلومات إزاء الانتهاكات المحتملة  من  مستخدمي النظام المعلوماتي؟,التخزين، النقل، المعالجة,0,0.0,5.0,cybercrimes,short_answer,7,arabic,,تحديد هوية المستخدم، إثبات هوية المستخدم،  صلاحيات المستخدم، تحديد مسئوليات المستخدم، الخصوصية  و عدم الإنكار ,"{""question_type"": ""اٍشرح""}"
arasag,41,ماهي أركان  تأمين المعلومات إزاء الانتهاكات المحتملة  من  مستخدمي النظام المعلوماتي؟,التكافؤ، التكامل,0,0.0,5.0,cybercrimes,short_answer,7,arabic,,تحديد هوية المستخدم، إثبات هوية المستخدم،  صلاحيات المستخدم، تحديد مسئوليات المستخدم، الخصوصية  و عدم الإنكار ,"{""question_type"": ""اٍشرح""}"
arasag,41,ماهي أركان  تأمين المعلومات إزاء الانتهاكات المحتملة  من  مستخدمي النظام المعلوماتي؟,تحديد هوية المستخدم، اثبات هوية المستخدم، تحديد صلاحيات المستخدم، تحديد مسؤوليات  المستخدم، عدم الانكار، الخصوصية ,5,0.0,5.0,cybercrimes,short_answer,7,arabic,,تحديد هوية المستخدم، إثبات هوية المستخدم،  صلاحيات المستخدم، تحديد مسئوليات المستخدم، الخصوصية  و عدم الإنكار ,"{""question_type"": ""اٍشرح""}"
arasag,41,ماهي أركان  تأمين المعلومات إزاء الانتهاكات المحتملة  من  مستخدمي النظام المعلوماتي؟,تحديد الهوية، اثبات الهوية، عدم الإنكار، تحديد صلاحيات المستخدم، تحديد مسؤوليات المستخدم، السرية,5,0.0,5.0,cybercrimes,short_answer,7,arabic,,تحديد هوية المستخدم، إثبات هوية المستخدم،  صلاحيات المستخدم، تحديد مسئوليات المستخدم، الخصوصية  و عدم الإنكار ,"{""question_type"": ""اٍشرح""}"
arasag,41,ماهي أركان  تأمين المعلومات إزاء الانتهاكات المحتملة  من  مستخدمي النظام المعلوماتي؟,عدم الانكار، تسجيل الدخول، اثبات الدخول، تحديد المهام ,4,0.0,5.0,cybercrimes,short_answer,7,arabic,,تحديد هوية المستخدم، إثبات هوية المستخدم،  صلاحيات المستخدم، تحديد مسئوليات المستخدم، الخصوصية  و عدم الإنكار ,"{""question_type"": ""اٍشرح""}"
arasag,41,ماهي أركان  تأمين المعلومات إزاء الانتهاكات المحتملة  من  مستخدمي النظام المعلوماتي؟,تكامل المعلومات، توفير الامن و كذا عدم حجب المعلومات بحجة توفير الامن و سرية المعلومات,0,0.0,5.0,cybercrimes,short_answer,7,arabic,,تحديد هوية المستخدم، إثبات هوية المستخدم،  صلاحيات المستخدم، تحديد مسئوليات المستخدم، الخصوصية  و عدم الإنكار ,"{""question_type"": ""اٍشرح""}"
arasag,41,ماهي أركان  تأمين المعلومات إزاء الانتهاكات المحتملة  من  مستخدمي النظام المعلوماتي؟,تحديد هوية المستخدم تأكيدها تحديد صلاحياته عدم الانكار الخصوصية,4,0.0,5.0,cybercrimes,short_answer,7,arabic,,تحديد هوية المستخدم، إثبات هوية المستخدم،  صلاحيات المستخدم، تحديد مسئوليات المستخدم، الخصوصية  و عدم الإنكار ,"{""question_type"": ""اٍشرح""}"
arasag,41,ماهي أركان  تأمين المعلومات إزاء الانتهاكات المحتملة  من  مستخدمي النظام المعلوماتي؟,التكامل = تكامل النظام الامني بشكل عام، السرية = سرية المعلومات وامانها، التوفير = توفير الامن دائما,0,0.0,5.0,cybercrimes,short_answer,7,arabic,,تحديد هوية المستخدم، إثبات هوية المستخدم،  صلاحيات المستخدم، تحديد مسئوليات المستخدم، الخصوصية  و عدم الإنكار ,"{""question_type"": ""اٍشرح""}"
arasag,41,ماهي أركان  تأمين المعلومات إزاء الانتهاكات المحتملة  من  مستخدمي النظام المعلوماتي؟,التوفير – التكامل – السرية، التعريف بهوية المستخدم – اثبات هوية المستخدم، الخصوصية – صالحية مسؤوليات المستخدم,4,0.0,5.0,cybercrimes,short_answer,7,arabic,,تحديد هوية المستخدم، إثبات هوية المستخدم،  صلاحيات المستخدم، تحديد مسئوليات المستخدم، الخصوصية  و عدم الإنكار ,"{""question_type"": ""اٍشرح""}"
arasag,8,بماذا تقاس قوة سلسلة الأمن للنظام المعلوماتي ؟,تقاس بقوة اضعف حلقة فيها و هي الجانب البشري,5,0.0,5.0,cybercrimes,short_answer,7,arabic,,تقاس بقوة أضعف حلقة فيها وهي الإنسان (العنصر البشري) .,"{""question_type"": ""اٍشرح""}"
arasag,8,بماذا تقاس قوة سلسلة الأمن للنظام المعلوماتي ؟,"تقاس بأضعف سلسلة أو حلقه فيه ""الاِنسان عادة"" ",5,0.0,5.0,cybercrimes,short_answer,7,arabic,,تقاس بقوة أضعف حلقة فيها وهي الإنسان (العنصر البشري) .,"{""question_type"": ""اٍشرح""}"
arasag,8,بماذا تقاس قوة سلسلة الأمن للنظام المعلوماتي ؟,تقاس بإعتبار أضعف حلقة في النظام المعلوماتي بحيث؛ إذا أثبت أن أضعف جزء في الأمن المعلوماتي يمكن التصدي للمخترقين فيعتبر هذا النظام جاهز لاِستعمال.,2,0.0,5.0,cybercrimes,short_answer,7,arabic,,تقاس بقوة أضعف حلقة فيها وهي الإنسان (العنصر البشري) .,"{""question_type"": ""اٍشرح""}"
arasag,8,بماذا تقاس قوة سلسلة الأمن للنظام المعلوماتي ؟,تقاس سلسة الأمن للنظام للنظام المعلوماتي بأضعف حلقة غيه أو أضعف نقطة فيه,2,0.0,5.0,cybercrimes,short_answer,7,arabic,,تقاس بقوة أضعف حلقة فيها وهي الإنسان (العنصر البشري) .,"{""question_type"": ""اٍشرح""}"
arasag,8,بماذا تقاس قوة سلسلة الأمن للنظام المعلوماتي ؟,   التوفر؛ التكامل والتسوية والمتعلقة بالمستخدم بتحديد هويته تحديد صلاحياته ومسؤولياته؛  عدم لإنكار و الخصوصية.,0,0.0,5.0,cybercrimes,short_answer,7,arabic,,تقاس بقوة أضعف حلقة فيها وهي الإنسان (العنصر البشري) .,"{""question_type"": ""اٍشرح""}"
arasag,8,بماذا تقاس قوة سلسلة الأمن للنظام المعلوماتي ؟,تقاس بالحلقة الأضعف؛ مهما كان النظام المعلوماتي آمن إلا أي ثغرة فيه تؤدي إلى كسر النظام لأمني.,3,0.0,5.0,cybercrimes,short_answer,7,arabic,,تقاس بقوة أضعف حلقة فيها وهي الإنسان (العنصر البشري) .,"{""question_type"": ""اٍشرح""}"
arasag,8,بماذا تقاس قوة سلسلة الأمن للنظام المعلوماتي ؟,تقاس قوة سلسلة الأمن بأضعف قوة يمكن ان تحصل,1,0.0,5.0,cybercrimes,short_answer,7,arabic,,تقاس بقوة أضعف حلقة فيها وهي الإنسان (العنصر البشري) .,"{""question_type"": ""اٍشرح""}"
arasag,8,بماذا تقاس قوة سلسلة الأمن للنظام المعلوماتي ؟,تقاس قوة الأمن بأضعف حلقة فيه,2,0.0,5.0,cybercrimes,short_answer,7,arabic,,تقاس بقوة أضعف حلقة فيها وهي الإنسان (العنصر البشري) .,"{""question_type"": ""اٍشرح""}"
arasag,8,بماذا تقاس قوة سلسلة الأمن للنظام المعلوماتي ؟,بقوة أضعف حلقة فيها.,2,0.0,5.0,cybercrimes,short_answer,7,arabic,,تقاس بقوة أضعف حلقة فيها وهي الإنسان (العنصر البشري) .,"{""question_type"": ""اٍشرح""}"
arasag,8,بماذا تقاس قوة سلسلة الأمن للنظام المعلوماتي ؟,البرامج المضادة للإختراق,0,0.0,5.0,cybercrimes,short_answer,7,arabic,,تقاس بقوة أضعف حلقة فيها وهي الإنسان (العنصر البشري) .,"{""question_type"": ""اٍشرح""}"
arasag,8,بماذا تقاس قوة سلسلة الأمن للنظام المعلوماتي ؟,-تقاس قوة سلسلة الأمن للنظام المعلوماتي بقوة أضعف حلقة في السلسلة,2,0.0,5.0,cybercrimes,short_answer,7,arabic,,تقاس بقوة أضعف حلقة فيها وهي الإنسان (العنصر البشري) .,"{""question_type"": ""اٍشرح""}"
arasag,8,بماذا تقاس قوة سلسلة الأمن للنظام المعلوماتي ؟,تقاس قوة سلسلة الأمن للنظام المعلوماتي بأضعف وأصغر جزء من النظام (إذا كان يحتوي على ثغرات أمن),2,0.0,5.0,cybercrimes,short_answer,7,arabic,,تقاس بقوة أضعف حلقة فيها وهي الإنسان (العنصر البشري) .,"{""question_type"": ""اٍشرح""}"
arasag,8,بماذا تقاس قوة سلسلة الأمن للنظام المعلوماتي ؟,التكاسل الخصوصية,0,0.0,5.0,cybercrimes,short_answer,7,arabic,,تقاس بقوة أضعف حلقة فيها وهي الإنسان (العنصر البشري) .,"{""question_type"": ""اٍشرح""}"
arasag,8,بماذا تقاس قوة سلسلة الأمن للنظام المعلوماتي ؟,سرعة إجابة النظام المعلوماتي و عدم توقفه في فترات متزامنة و كثرة مستخدميه,0,0.0,5.0,cybercrimes,short_answer,7,arabic,,تقاس بقوة أضعف حلقة فيها وهي الإنسان (العنصر البشري) .,"{""question_type"": ""اٍشرح""}"
arasag,8,بماذا تقاس قوة سلسلة الأمن للنظام المعلوماتي ؟,تقاس سلسلة الأمن بقياس مدى سهولة اختراق النظام و عدد الثغرات الموجودة في النظام,0,0.0,5.0,cybercrimes,short_answer,7,arabic,,تقاس بقوة أضعف حلقة فيها وهي الإنسان (العنصر البشري) .,"{""question_type"": ""اٍشرح""}"
arasag,8,بماذا تقاس قوة سلسلة الأمن للنظام المعلوماتي ؟,بعدد التقنيات التي تم إستخدامها في النظام المعلوماتي بتطبيق سياسة أمن المعلومات,0,0.0,5.0,cybercrimes,short_answer,7,arabic,,تقاس بقوة أضعف حلقة فيها وهي الإنسان (العنصر البشري) .,"{""question_type"": ""اٍشرح""}"
arasag,8,بماذا تقاس قوة سلسلة الأمن للنظام المعلوماتي ؟,تقاس قوة سلسلة الأمن بالمقياس الفكري,0,0.0,5.0,cybercrimes,short_answer,7,arabic,,تقاس بقوة أضعف حلقة فيها وهي الإنسان (العنصر البشري) .,"{""question_type"": ""اٍشرح""}"
arasag,8,بماذا تقاس قوة سلسلة الأمن للنظام المعلوماتي ؟,"النظام المعلوماتي : مادية ,الإنسان ,استراتيجيا,معنويا… و تقاس قوة سلسلة الأمن للنظام المعلوماتي بتحديد هوية المستخدم ,إثبات هوية المستخدم ,تحديد صلاحيات المستخدم ,تحديد لصلاحيات مسؤوليات المستخدم",0,0.0,5.0,cybercrimes,short_answer,7,arabic,,تقاس بقوة أضعف حلقة فيها وهي الإنسان (العنصر البشري) .,"{""question_type"": ""اٍشرح""}"
arasag,8,بماذا تقاس قوة سلسلة الأمن للنظام المعلوماتي ؟,بإمكانية الحفاظ على الجوانب المادية و البيانات و الشبكات والبرمجيات الخاصة بها من الاعتداءات و القرصنة بمختلف أنواعها واتخاذ الإجراءات اللازمة لحماية العنصر البشري (الإنسان) .,1,0.0,5.0,cybercrimes,short_answer,7,arabic,,تقاس بقوة أضعف حلقة فيها وهي الإنسان (العنصر البشري) .,"{""question_type"": ""اٍشرح""}"
arasag,8,بماذا تقاس قوة سلسلة الأمن للنظام المعلوماتي ؟,بواسطة تنظيم مسابقات يشارك فيها مخترقون ذوي قبعات بيضاء محاولة إختراق ذلك النظام,0,0.0,5.0,cybercrimes,short_answer,7,arabic,,تقاس بقوة أضعف حلقة فيها وهي الإنسان (العنصر البشري) .,"{""question_type"": ""اٍشرح""}"
arasag,8,بماذا تقاس قوة سلسلة الأمن للنظام المعلوماتي ؟,تقاس قوة سلسلة الأمن بأضعف حلقة فيها ألا وهو الانسان,5,0.0,5.0,cybercrimes,short_answer,7,arabic,,تقاس بقوة أضعف حلقة فيها وهي الإنسان (العنصر البشري) .,"{""question_type"": ""اٍشرح""}"
arasag,8,بماذا تقاس قوة سلسلة الأمن للنظام المعلوماتي ؟,تقاس قوة سلسلة الأمن للنظام المعلوماتي بالحلقة الأضعف فيه غالبا ما تكون العامل السري,5,0.0,5.0,cybercrimes,short_answer,7,arabic,,تقاس بقوة أضعف حلقة فيها وهي الإنسان (العنصر البشري) .,"{""question_type"": ""اٍشرح""}"
arasag,8,بماذا تقاس قوة سلسلة الأمن للنظام المعلوماتي ؟,تقاس قوة سلسلة الأمن للنظام المعلوماتي بأضعف حلقة فيها يجب أن يكون الأمن شامل و لإجرام العاملين بها و نظام معالجة البيانات,2,0.0,5.0,cybercrimes,short_answer,7,arabic,,تقاس بقوة أضعف حلقة فيها وهي الإنسان (العنصر البشري) .,"{""question_type"": ""اٍشرح""}"
arasag,8,بماذا تقاس قوة سلسلة الأمن للنظام المعلوماتي ؟,تقاس بقوة الجانب البشري و مدى وعيه بأمن المعلومات,4,0.0,5.0,cybercrimes,short_answer,7,arabic,,تقاس بقوة أضعف حلقة فيها وهي الإنسان (العنصر البشري) .,"{""question_type"": ""اٍشرح""}"
arasag,8,بماذا تقاس قوة سلسلة الأمن للنظام المعلوماتي ؟,تقاس بأضعف حلقة فيه ,2,0.0,5.0,cybercrimes,short_answer,7,arabic,,تقاس بقوة أضعف حلقة فيها وهي الإنسان (العنصر البشري) .,"{""question_type"": ""اٍشرح""}"
arasag,8,بماذا تقاس قوة سلسلة الأمن للنظام المعلوماتي ؟,تقاس بعدم وجود ثغرات كثيرة و وجود مضاد الفيروسات و كل التدبيرات اللازمة للحد من هجمات المخترقين ,0,0.0,5.0,cybercrimes,short_answer,7,arabic,,تقاس بقوة أضعف حلقة فيها وهي الإنسان (العنصر البشري) .,"{""question_type"": ""اٍشرح""}"
arasag,8,بماذا تقاس قوة سلسلة الأمن للنظام المعلوماتي ؟,تقاس بأضعف حلقة فيها,2,0.0,5.0,cybercrimes,short_answer,7,arabic,,تقاس بقوة أضعف حلقة فيها وهي الإنسان (العنصر البشري) .,"{""question_type"": ""اٍشرح""}"
arasag,8,بماذا تقاس قوة سلسلة الأمن للنظام المعلوماتي ؟,تقاس بقوة  أضعف حلقة فيها,2,0.0,5.0,cybercrimes,short_answer,7,arabic,,تقاس بقوة أضعف حلقة فيها وهي الإنسان (العنصر البشري) .,"{""question_type"": ""اٍشرح""}"
arasag,8,بماذا تقاس قوة سلسلة الأمن للنظام المعلوماتي ؟,تقاس بقوة  أضعف حلقة فيها التي هي الإنسان ,5,0.0,5.0,cybercrimes,short_answer,7,arabic,,تقاس بقوة أضعف حلقة فيها وهي الإنسان (العنصر البشري) .,"{""question_type"": ""اٍشرح""}"
arasag,8,بماذا تقاس قوة سلسلة الأمن للنظام المعلوماتي ؟,بأضعف جزء فيها ,1,0.0,5.0,cybercrimes,short_answer,7,arabic,,تقاس بقوة أضعف حلقة فيها وهي الإنسان (العنصر البشري) .,"{""question_type"": ""اٍشرح""}"
arasag,8,بماذا تقاس قوة سلسلة الأمن للنظام المعلوماتي ؟,تقاس بالحلقة الأضعف,2,0.0,5.0,cybercrimes,short_answer,7,arabic,,تقاس بقوة أضعف حلقة فيها وهي الإنسان (العنصر البشري) .,"{""question_type"": ""اٍشرح""}"
arasag,39,ما هي الخصائص التي يتمتع بها  قراصنة الأنظمة؟,مستوى ذكاء عالي ، كفاءات تقنية.,3,0.0,5.0,cybercrimes,short_answer,7,arabic,,ذكاء و قدرة عاليتين على كتابة وتصميم البرامج، وفهم عميق لكيفية عمل الحاسب الآلي والقدرة على اختراق أنظمة الأمان وتكسيرها,"{""question_type"": ""اٍشرح""}"
arasag,39,ما هي الخصائص التي يتمتع بها  قراصنة الأنظمة؟,قدرة و موهبة عاليتين على كتابة وتصميم البرامج، لديهم معرفة كلية بمكونات الكمبيوتر، لديهم القدرة على اختراق انظمة التشغيل و التلاعب ببرمجته، لديهم القدرة على تكسير انظمة الأمان.,4,0.0,5.0,cybercrimes,short_answer,7,arabic,,ذكاء و قدرة عاليتين على كتابة وتصميم البرامج، وفهم عميق لكيفية عمل الحاسب الآلي والقدرة على اختراق أنظمة الأمان وتكسيرها,"{""question_type"": ""اٍشرح""}"
arasag,39,ما هي الخصائص التي يتمتع بها  قراصنة الأنظمة؟,الذكاء و الموهبة العاليتين والدراية الكبيرة بالبرمجة وأنظمة التشغيل و كيفية اختراقهما,5,0.0,5.0,cybercrimes,short_answer,7,arabic,,ذكاء و قدرة عاليتين على كتابة وتصميم البرامج، وفهم عميق لكيفية عمل الحاسب الآلي والقدرة على اختراق أنظمة الأمان وتكسيرها,"{""question_type"": ""اٍشرح""}"
arasag,39,ما هي الخصائص التي يتمتع بها  قراصنة الأنظمة؟,بموهبة و قدرة عالية في كتابة و تصميم البرامج مما يجعلهم فهم كيفية عمل الحساب الآلي و يسهل عليهم إختراق الأنظمة ؛,4,0.0,5.0,cybercrimes,short_answer,7,arabic,,ذكاء و قدرة عاليتين على كتابة وتصميم البرامج، وفهم عميق لكيفية عمل الحاسب الآلي والقدرة على اختراق أنظمة الأمان وتكسيرها,"{""question_type"": ""اٍشرح""}"
arasag,39,ما هي الخصائص التي يتمتع بها  قراصنة الأنظمة؟,القدرات الخارقة في اختراق الانظمة، الذكاء الحاد و الفطنة، تمكنهم من عدم ترك أثر للجريمة المرتكبة، استخدام الخداع و التضليل، امتلاك المهارة الفنية,4,0.0,5.0,cybercrimes,short_answer,7,arabic,,ذكاء و قدرة عاليتين على كتابة وتصميم البرامج، وفهم عميق لكيفية عمل الحاسب الآلي والقدرة على اختراق أنظمة الأمان وتكسيرها,"{""question_type"": ""اٍشرح""}"
arasag,39,ما هي الخصائص التي يتمتع بها  قراصنة الأنظمة؟,بموهبة و القدرة على اختراق الجهاز على مدى علمهم بمحتوى الحاسب و كيفية عمله و بالتالي يمكنهم الاختراق و التجسس و التحكم بالأنظمة ,4,0.0,5.0,cybercrimes,short_answer,7,arabic,,ذكاء و قدرة عاليتين على كتابة وتصميم البرامج، وفهم عميق لكيفية عمل الحاسب الآلي والقدرة على اختراق أنظمة الأمان وتكسيرها,"{""question_type"": ""اٍشرح""}"
arasag,39,ما هي الخصائص التي يتمتع بها  قراصنة الأنظمة؟,الذكاء و القدرة على إختراق الأنظمة أو الشبكات و ذلك دون ترك أثر ، يدرسون البرمجة بحيث يستطيعون التحكم في الأجهزة ، سرقة أو إتلاف أو حذف المعلومات ، تحميل برامج أو فيروسات .,4,0.0,5.0,cybercrimes,short_answer,7,arabic,,ذكاء و قدرة عاليتين على كتابة وتصميم البرامج، وفهم عميق لكيفية عمل الحاسب الآلي والقدرة على اختراق أنظمة الأمان وتكسيرها,"{""question_type"": ""اٍشرح""}"
arasag,39,ما هي الخصائص التي يتمتع بها  قراصنة الأنظمة؟,برمجة و كتابة البرامج ، التحكم في تقنيات الحاسب الآلي، الذكاء الخداع و التضليل .,4,0.0,5.0,cybercrimes,short_answer,7,arabic,,ذكاء و قدرة عاليتين على كتابة وتصميم البرامج، وفهم عميق لكيفية عمل الحاسب الآلي والقدرة على اختراق أنظمة الأمان وتكسيرها,"{""question_type"": ""اٍشرح""}"
arasag,39,ما هي الخصائص التي يتمتع بها  قراصنة الأنظمة؟,الذكاء، المهارة في طلب المعلومات دون دراية أحد، أجهزة متطورة .,2,0.0,5.0,cybercrimes,short_answer,7,arabic,,ذكاء و قدرة عاليتين على كتابة وتصميم البرامج، وفهم عميق لكيفية عمل الحاسب الآلي والقدرة على اختراق أنظمة الأمان وتكسيرها,"{""question_type"": ""اٍشرح""}"
arasag,39,ما هي الخصائص التي يتمتع بها  قراصنة الأنظمة؟,موهبة و قدرة عاليتين في إختراق البرامج و الأنظمة و الشبكات و كتابة و تصميم البرامج و العلم على كيفية عمل الحاسوب، و يقومون بدراسة البرمجة مما يسهل عليهم إختراق الأنظمة و تغييرها .,5,0.0,5.0,cybercrimes,short_answer,7,arabic,,ذكاء و قدرة عاليتين على كتابة وتصميم البرامج، وفهم عميق لكيفية عمل الحاسب الآلي والقدرة على اختراق أنظمة الأمان وتكسيرها,"{""question_type"": ""اٍشرح""}"
arasag,39,ما هي الخصائص التي يتمتع بها  قراصنة الأنظمة؟,قدرة و موهبة عاليتين في تصميم و كتابة الأنظمة، فهم عميق في كيفية عمل الحاسب الآلي، حرية التعبير و إبداء الرأي.,4,0.0,5.0,cybercrimes,short_answer,7,arabic,,ذكاء و قدرة عاليتين على كتابة وتصميم البرامج، وفهم عميق لكيفية عمل الحاسب الآلي والقدرة على اختراق أنظمة الأمان وتكسيرها,"{""question_type"": ""اٍشرح""}"
arasag,39,ما هي الخصائص التي يتمتع بها  قراصنة الأنظمة؟,القدرة على إختراق الأنظمة، الذكاء و القدرة عليه في فهم البرامج الإلكترونية و كيفية عملها، إعادة تصميم البرامج.,4,0.0,5.0,cybercrimes,short_answer,7,arabic,,ذكاء و قدرة عاليتين على كتابة وتصميم البرامج، وفهم عميق لكيفية عمل الحاسب الآلي والقدرة على اختراق أنظمة الأمان وتكسيرها,"{""question_type"": ""اٍشرح""}"
arasag,39,ما هي الخصائص التي يتمتع بها  قراصنة الأنظمة؟,قدرتهم على كسر أنظمة الأمان لأهداف تخريبية و سرقة أسرار الناس و خصوصياتهم .,2,0.0,5.0,cybercrimes,short_answer,7,arabic,,ذكاء و قدرة عاليتين على كتابة وتصميم البرامج، وفهم عميق لكيفية عمل الحاسب الآلي والقدرة على اختراق أنظمة الأمان وتكسيرها,"{""question_type"": ""اٍشرح""}"
arasag,39,ما هي الخصائص التي يتمتع بها  قراصنة الأنظمة؟,الذكاء، خبرة في إستخدام برامج الكمبيوتر، خبرة في التحايل و استخدام مهارات القرصنة ,4,0.0,5.0,cybercrimes,short_answer,7,arabic,,ذكاء و قدرة عاليتين على كتابة وتصميم البرامج، وفهم عميق لكيفية عمل الحاسب الآلي والقدرة على اختراق أنظمة الأمان وتكسيرها,"{""question_type"": ""اٍشرح""}"
arasag,39,ما هي الخصائص التي يتمتع بها  قراصنة الأنظمة؟,الذكاء، معرفة كيفية عمل نظام الكمبيوتر و أجزائه، العمل في الخفاء، عدم ترك آثار الجريمة .,2,0.0,5.0,cybercrimes,short_answer,7,arabic,,ذكاء و قدرة عاليتين على كتابة وتصميم البرامج، وفهم عميق لكيفية عمل الحاسب الآلي والقدرة على اختراق أنظمة الأمان وتكسيرها,"{""question_type"": ""اٍشرح""}"
arasag,39,ما هي الخصائص التي يتمتع بها  قراصنة الأنظمة؟,التنظيم و كسب المال ، حيث أنه منظم من طرف جماعة قصد كسب المال بطريقة غير قانونية .,1,0.0,5.0,cybercrimes,short_answer,7,arabic,,ذكاء و قدرة عاليتين على كتابة وتصميم البرامج، وفهم عميق لكيفية عمل الحاسب الآلي والقدرة على اختراق أنظمة الأمان وتكسيرها,"{""question_type"": ""اٍشرح""}"
arasag,39,ما هي الخصائص التي يتمتع بها  قراصنة الأنظمة؟,هم مخترقون غير أخلاقيون من القبعة الرمادية ، مهمتهم الدخول أو إختراق موقع أو نظام دون إذن و نشر ما وجدوه من وثائق و معلومات .,1,0.0,5.0,cybercrimes,short_answer,7,arabic,,ذكاء و قدرة عاليتين على كتابة وتصميم البرامج، وفهم عميق لكيفية عمل الحاسب الآلي والقدرة على اختراق أنظمة الأمان وتكسيرها,"{""question_type"": ""اٍشرح""}"
arasag,39,ما هي الخصائص التي يتمتع بها  قراصنة الأنظمة؟,الذكاء و القدرة على كتابة و تصميم برامج خاصة ، فهم عميق لكيفية عمل الحاسب الآلي و بالتالي تسهل عليهم إختراقه ، عدم ترك أي آثار و التضليل عند القيام بالقرصنة . ,4,0.0,5.0,cybercrimes,short_answer,7,arabic,,ذكاء و قدرة عاليتين على كتابة وتصميم البرامج، وفهم عميق لكيفية عمل الحاسب الآلي والقدرة على اختراق أنظمة الأمان وتكسيرها,"{""question_type"": ""اٍشرح""}"
arasag,39,ما هي الخصائص التي يتمتع بها  قراصنة الأنظمة؟,التنظيم و سرقة الأموال .,1,0.0,5.0,cybercrimes,short_answer,7,arabic,,ذكاء و قدرة عاليتين على كتابة وتصميم البرامج، وفهم عميق لكيفية عمل الحاسب الآلي والقدرة على اختراق أنظمة الأمان وتكسيرها,"{""question_type"": ""اٍشرح""}"
arasag,39,ما هي الخصائص التي يتمتع بها  قراصنة الأنظمة؟,الفهم و مهارات في تصميم برامج لإختراق الأنظمة بسهولة و هم أشخاص أذكياء جدا . ,4,0.0,5.0,cybercrimes,short_answer,7,arabic,,ذكاء و قدرة عاليتين على كتابة وتصميم البرامج، وفهم عميق لكيفية عمل الحاسب الآلي والقدرة على اختراق أنظمة الأمان وتكسيرها,"{""question_type"": ""اٍشرح""}"
arasag,39,ما هي الخصائص التي يتمتع بها  قراصنة الأنظمة؟,مهارات عالية في كتابة و تصميم البرامج، فهم عميق لأسس الحاسب الآلي، الذكاء .,4,0.0,5.0,cybercrimes,short_answer,7,arabic,,ذكاء و قدرة عاليتين على كتابة وتصميم البرامج، وفهم عميق لكيفية عمل الحاسب الآلي والقدرة على اختراق أنظمة الأمان وتكسيرها,"{""question_type"": ""اٍشرح""}"
arasag,39,ما هي الخصائص التي يتمتع بها  قراصنة الأنظمة؟,معرفة جميع خبايا الأنظمة و طرق إختراقها ، معرفة كيفية العثور على ثغرات في الأنظمة و كيفية سد هذه الثغرات و معرفة خبايا الشبكات .,4,0.0,5.0,cybercrimes,short_answer,7,arabic,,ذكاء و قدرة عاليتين على كتابة وتصميم البرامج، وفهم عميق لكيفية عمل الحاسب الآلي والقدرة على اختراق أنظمة الأمان وتكسيرها,"{""question_type"": ""اٍشرح""}"
arasag,39,ما هي الخصائص التي يتمتع بها  قراصنة الأنظمة؟,هم خبراء، فهم كيفية إستخدام الحاسب ، مما يسهل إختراق أنظمتها .,3,0.0,5.0,cybercrimes,short_answer,7,arabic,,ذكاء و قدرة عاليتين على كتابة وتصميم البرامج، وفهم عميق لكيفية عمل الحاسب الآلي والقدرة على اختراق أنظمة الأمان وتكسيرها,"{""question_type"": ""اٍشرح""}"
arasag,39,ما هي الخصائص التي يتمتع بها  قراصنة الأنظمة؟,الذكاء، المهارة، المعرفة العالية بالبرمجيات .,3,0.0,5.0,cybercrimes,short_answer,7,arabic,,ذكاء و قدرة عاليتين على كتابة وتصميم البرامج، وفهم عميق لكيفية عمل الحاسب الآلي والقدرة على اختراق أنظمة الأمان وتكسيرها,"{""question_type"": ""اٍشرح""}"
arasag,39,ما هي الخصائص التي يتمتع بها  قراصنة الأنظمة؟,فهم عميق لأنظمة المعلوماتية و مهارات الذكاء، الخدع و الإحتيال .,3,0.0,5.0,cybercrimes,short_answer,7,arabic,,ذكاء و قدرة عاليتين على كتابة وتصميم البرامج، وفهم عميق لكيفية عمل الحاسب الآلي والقدرة على اختراق أنظمة الأمان وتكسيرها,"{""question_type"": ""اٍشرح""}"
arasag,39,ما هي الخصائص التي يتمتع بها  قراصنة الأنظمة؟,القدرة على إجتياز أنظمة الحماية، و تصميم البرمجيات الخبيثة، كما لهم الفهم العميق لكيفية عمل الأنظمة .,4,0.0,5.0,cybercrimes,short_answer,7,arabic,,ذكاء و قدرة عاليتين على كتابة وتصميم البرامج، وفهم عميق لكيفية عمل الحاسب الآلي والقدرة على اختراق أنظمة الأمان وتكسيرها,"{""question_type"": ""اٍشرح""}"
arasag,39,ما هي الخصائص التي يتمتع بها  قراصنة الأنظمة؟,بقدرة عالية على تصميم البرامج و فهم عميق في مجال الكمبيوتر مما يسهل عليهم القرصنة و أشخاص أذكياء .,4,0.0,5.0,cybercrimes,short_answer,7,arabic,,ذكاء و قدرة عاليتين على كتابة وتصميم البرامج، وفهم عميق لكيفية عمل الحاسب الآلي والقدرة على اختراق أنظمة الأمان وتكسيرها,"{""question_type"": ""اٍشرح""}"
arasag,39,ما هي الخصائص التي يتمتع بها  قراصنة الأنظمة؟,خبرة فنية و موهبة، ذكاء، خبرة في كتابة برامج .,2,0.0,5.0,cybercrimes,short_answer,7,arabic,,ذكاء و قدرة عاليتين على كتابة وتصميم البرامج، وفهم عميق لكيفية عمل الحاسب الآلي والقدرة على اختراق أنظمة الأمان وتكسيرها,"{""question_type"": ""اٍشرح""}"
arasag,39,ما هي الخصائص التي يتمتع بها  قراصنة الأنظمة؟,القدرة العالية على كتابة البرامج و تصميمها، الفهم العميق لآلية أنظمة التشغيل، التحكم العالي في التقنيات و برامج الإختراق .,4,0.0,5.0,cybercrimes,short_answer,7,arabic,,ذكاء و قدرة عاليتين على كتابة وتصميم البرامج، وفهم عميق لكيفية عمل الحاسب الآلي والقدرة على اختراق أنظمة الأمان وتكسيرها,"{""question_type"": ""اٍشرح""}"
arasag,39,ما هي الخصائص التي يتمتع بها  قراصنة الأنظمة؟,القدرة على إعداد و تصميم البرامج، معرفة طريقة عمل الحاسب الآلي ، القدرة على إختراق مختلف أنواع البرامج و الأنظمة .,4,0.0,5.0,cybercrimes,short_answer,7,arabic,,ذكاء و قدرة عاليتين على كتابة وتصميم البرامج، وفهم عميق لكيفية عمل الحاسب الآلي والقدرة على اختراق أنظمة الأمان وتكسيرها,"{""question_type"": ""اٍشرح""}"
arasag,39,ما هي الخصائص التي يتمتع بها  قراصنة الأنظمة؟,إمكانيات و قدرات و كفاءات عالية في فهم تصميم البرامج و عملها و الفهم العميق لعمل الحاسوب و أنظمة التشغيل و الأمن مما يسهل عليهم إختراقها .,4,0.0,5.0,cybercrimes,short_answer,7,arabic,,ذكاء و قدرة عاليتين على كتابة وتصميم البرامج، وفهم عميق لكيفية عمل الحاسب الآلي والقدرة على اختراق أنظمة الأمان وتكسيرها,"{""question_type"": ""اٍشرح""}"
arasag,39,ما هي الخصائص التي يتمتع بها  قراصنة الأنظمة؟,التخفي ، التخويف ،السيطرة، التهديد ، السرية و المعلومات .,0,0.0,5.0,cybercrimes,short_answer,7,arabic,,ذكاء و قدرة عاليتين على كتابة وتصميم البرامج، وفهم عميق لكيفية عمل الحاسب الآلي والقدرة على اختراق أنظمة الأمان وتكسيرها,"{""question_type"": ""اٍشرح""}"
arasag,39,ما هي الخصائص التي يتمتع بها  قراصنة الأنظمة؟,يتميزون قراصنة الأنظمة بأنهم يؤمنون بحرية الرأي العام والتعبير,0,0.0,5.0,cybercrimes,short_answer,7,arabic,,ذكاء و قدرة عاليتين على كتابة وتصميم البرامج، وفهم عميق لكيفية عمل الحاسب الآلي والقدرة على اختراق أنظمة الأمان وتكسيرها,"{""question_type"": ""اٍشرح""}"
arasag,39,ما هي الخصائص التي يتمتع بها  قراصنة الأنظمة؟,الخبرة،  دوافع موجهة. ,0,0.0,5.0,cybercrimes,short_answer,7,arabic,,ذكاء و قدرة عاليتين على كتابة وتصميم البرامج، وفهم عميق لكيفية عمل الحاسب الآلي والقدرة على اختراق أنظمة الأمان وتكسيرها,"{""question_type"": ""اٍشرح""}"
arasag,39,ما هي الخصائص التي يتمتع بها  قراصنة الأنظمة؟,الذكاء المعلوماتي، يؤمنون بالحرية حرية وحرية الرأي والتعبير.,1,0.0,5.0,cybercrimes,short_answer,7,arabic,,ذكاء و قدرة عاليتين على كتابة وتصميم البرامج، وفهم عميق لكيفية عمل الحاسب الآلي والقدرة على اختراق أنظمة الأمان وتكسيرها,"{""question_type"": ""اٍشرح""}"
arasag,39,ما هي الخصائص التي يتمتع بها  قراصنة الأنظمة؟,الموهبة والقدرات العاليتين لفهم و تصميم البرمجيات و الفهم العميق لآلية الكمبيوتر التي تمكنهم من إختراق الأجهزة والبرامج. ,4,0.0,5.0,cybercrimes,short_answer,7,arabic,,ذكاء و قدرة عاليتين على كتابة وتصميم البرامج، وفهم عميق لكيفية عمل الحاسب الآلي والقدرة على اختراق أنظمة الأمان وتكسيرها,"{""question_type"": ""اٍشرح""}"
arasag,39,ما هي الخصائص التي يتمتع بها  قراصنة الأنظمة؟,الذكاء و القدرة والموهبة الكبيرة في كتابة و تصميم البرامج و الفهم العميق للأنظمة و الحاسب مايساعدهم في الإختراق. ,5,0.0,5.0,cybercrimes,short_answer,7,arabic,,ذكاء و قدرة عاليتين على كتابة وتصميم البرامج، وفهم عميق لكيفية عمل الحاسب الآلي والقدرة على اختراق أنظمة الأمان وتكسيرها,"{""question_type"": ""اٍشرح""}"
arasag,39,ما هي الخصائص التي يتمتع بها  قراصنة الأنظمة؟,تقوم بإختراق المواقع اي قرصنتها و الإطلاع المعلومات السرية و سرقتها.,0,0.0,5.0,cybercrimes,short_answer,7,arabic,,ذكاء و قدرة عاليتين على كتابة وتصميم البرامج، وفهم عميق لكيفية عمل الحاسب الآلي والقدرة على اختراق أنظمة الأمان وتكسيرها,"{""question_type"": ""اٍشرح""}"
arasag,39,ما هي الخصائص التي يتمتع بها  قراصنة الأنظمة؟,"الموعبة و القدرة العالية على اختراق الأنظمة و الأجهزة, الذكاء العالي, المعرفة العميقة بأجهزة الحاسوب, القدرة على كتابة و تصميم برامج الحاسوب.",5,0.0,5.0,cybercrimes,short_answer,7,arabic,,ذكاء و قدرة عاليتين على كتابة وتصميم البرامج، وفهم عميق لكيفية عمل الحاسب الآلي والقدرة على اختراق أنظمة الأمان وتكسيرها,"{""question_type"": ""اٍشرح""}"
arasag,39,ما هي الخصائص التي يتمتع بها  قراصنة الأنظمة؟,"قمة الذكاء , الفهم العميق لكيفية عمل البرامج و الانظمة و الاجهزة , القدرة العالية و الموهبة الفريدة لكتابة برامج يعمل على تخريب و تعطيل الأجهزة و سرقة و تشطيب المعلومات .",5,0.0,5.0,cybercrimes,short_answer,7,arabic,,ذكاء و قدرة عاليتين على كتابة وتصميم البرامج، وفهم عميق لكيفية عمل الحاسب الآلي والقدرة على اختراق أنظمة الأمان وتكسيرها,"{""question_type"": ""اٍشرح""}"
arasag,39,ما هي الخصائص التي يتمتع بها  قراصنة الأنظمة؟,"الذكاء , الشر , التمكن من فهم كيفية عمل الأنظمة و طريقة برمجتها.",4,0.0,5.0,cybercrimes,short_answer,7,arabic,,ذكاء و قدرة عاليتين على كتابة وتصميم البرامج، وفهم عميق لكيفية عمل الحاسب الآلي والقدرة على اختراق أنظمة الأمان وتكسيرها,"{""question_type"": ""اٍشرح""}"
arasag,39,ما هي الخصائص التي يتمتع بها  قراصنة الأنظمة؟,موهبة و قدرة عاليتين في فهم و تصميم البرامج و الأنظمة، لديهم القدرة على اختراق الانظمة و تغييرها بواسطة الانترنت، لديهم ذكاء خارق في فهم البرامج وكيفية عملها.,4,0.0,5.0,cybercrimes,short_answer,7,arabic,,ذكاء و قدرة عاليتين على كتابة وتصميم البرامج، وفهم عميق لكيفية عمل الحاسب الآلي والقدرة على اختراق أنظمة الأمان وتكسيرها,"{""question_type"": ""اٍشرح""}"
arasag,39,ما هي الخصائص التي يتمتع بها  قراصنة الأنظمة؟,لهم مواهب و قدرات عالية لكتابة و تصميم برامج الاختراق ، الفهم العميق لكيفية عمل الحايب الالي ، يسهل عليهم إختراق الأنظمة و تغييرها .,5,0.0,5.0,cybercrimes,short_answer,7,arabic,,ذكاء و قدرة عاليتين على كتابة وتصميم البرامج، وفهم عميق لكيفية عمل الحاسب الآلي والقدرة على اختراق أنظمة الأمان وتكسيرها,"{""question_type"": ""اٍشرح""}"
arasag,39,ما هي الخصائص التي يتمتع بها  قراصنة الأنظمة؟,ذكاء واسع و تمكن في البرمجيات الحاسب الالي ، كما أن لهم قدرة التلاعب بالضحية و قدرة عالية في معرفة الحاسب الالي .,4,0.0,5.0,cybercrimes,short_answer,7,arabic,,ذكاء و قدرة عاليتين على كتابة وتصميم البرامج، وفهم عميق لكيفية عمل الحاسب الآلي والقدرة على اختراق أنظمة الأمان وتكسيرها,"{""question_type"": ""اٍشرح""}"
arasag,39,ما هي الخصائص التي يتمتع بها  قراصنة الأنظمة؟,يتميزون بطبعهم الشرير ، لهم القدرة على قراءة و كتابة و تطوير برامج الى جانب الفهم العميق للآلات الحاسبة ، يعرفون أنهم لا ينفعون إلا من يدفع لهم اي انه يقوم بالقرصنة لغرض شخصي ، كالمال أو سرقة معلومات او برامج تحتوي على كراك في داخلها .,4,0.0,5.0,cybercrimes,short_answer,7,arabic,,ذكاء و قدرة عاليتين على كتابة وتصميم البرامج، وفهم عميق لكيفية عمل الحاسب الآلي والقدرة على اختراق أنظمة الأمان وتكسيرها,"{""question_type"": ""اٍشرح""}"
arasag,39,ما هي الخصائص التي يتمتع بها  قراصنة الأنظمة؟,بالذكاء الفائق و لهم القدرة على فهم كيفية عمل أنظمة الحاسوب و اكتشاف الثغرات الأمنية يستطيعون اختراق عدة تكثيفات و طرق صعبة ( التجسس ، نشر الفيروسات ...) وذلك للوصول الى عنايتهم ، يتمتعون بالدهاء و يستعملون الحيل و التظليل مما يصعب إيجادهم و اكتشافهم.,5,0.0,5.0,cybercrimes,short_answer,7,arabic,,ذكاء و قدرة عاليتين على كتابة وتصميم البرامج، وفهم عميق لكيفية عمل الحاسب الآلي والقدرة على اختراق أنظمة الأمان وتكسيرها,"{""question_type"": ""اٍشرح""}"
arasag,39,ما هي الخصائص التي يتمتع بها  قراصنة الأنظمة؟,بالذكاء للتمكن من اكتشاف الثغرات ، القدرة على إقناع الضحايا و استغلال المواقف، و يسقطون الضحية في الفخ و قبل هذا يقومون بدراسة و تقييم الوضع قبل محاولة الاختراق، وهم يؤمنون بأنهم قادرون على اسقاط أي نظام كان فهم يؤمنون بأنه لا توجد حماية كاملة و أن الثغرات موجودة دائما.,4,0.0,5.0,cybercrimes,short_answer,7,arabic,,ذكاء و قدرة عاليتين على كتابة وتصميم البرامج، وفهم عميق لكيفية عمل الحاسب الآلي والقدرة على اختراق أنظمة الأمان وتكسيرها,"{""question_type"": ""اٍشرح""}"
arasag,39,ما هي الخصائص التي يتمتع بها  قراصنة الأنظمة؟,نسبة ذكاء عالية، لديهم مؤهلات جيدة في تصميم و برمجة المواقع، لا يتركون أثرا وراءهم بعد تنفيذ الجريمة.,4,0.0,5.0,cybercrimes,short_answer,7,arabic,,ذكاء و قدرة عاليتين على كتابة وتصميم البرامج، وفهم عميق لكيفية عمل الحاسب الآلي والقدرة على اختراق أنظمة الأمان وتكسيرها,"{""question_type"": ""اٍشرح""}"
arasag,39,ما هي الخصائص التي يتمتع بها  قراصنة الأنظمة؟,مواقع احتيال الشخصية ، ثغرات ،تسجيل نقرات.,0,0.0,5.0,cybercrimes,short_answer,7,arabic,,ذكاء و قدرة عاليتين على كتابة وتصميم البرامج، وفهم عميق لكيفية عمل الحاسب الآلي والقدرة على اختراق أنظمة الأمان وتكسيرها,"{""question_type"": ""اٍشرح""}"
arasag,39,ما هي الخصائص التي يتمتع بها  قراصنة الأنظمة؟,القدرة والموهبة العلية على تصميم و كتابة المواقع و البرامج، الفهم العميق لكيفية الية الحاسب، القدرة على اختراق انظمة الامان و تكسير حواجزها.,5,0.0,5.0,cybercrimes,short_answer,7,arabic,,ذكاء و قدرة عاليتين على كتابة وتصميم البرامج، وفهم عميق لكيفية عمل الحاسب الآلي والقدرة على اختراق أنظمة الأمان وتكسيرها,"{""question_type"": ""اٍشرح""}"
arasag,39,ما هي الخصائص التي يتمتع بها  قراصنة الأنظمة؟,الفهم العميق لكيفية عمل الحاسب الالي، قدرة و موهبة عاليتين على تصميم البرامج كتابتها، قمة الذكاء والقدرة على التضليل والخداع. ,4,0.0,5.0,cybercrimes,short_answer,7,arabic,,ذكاء و قدرة عاليتين على كتابة وتصميم البرامج، وفهم عميق لكيفية عمل الحاسب الآلي والقدرة على اختراق أنظمة الأمان وتكسيرها,"{""question_type"": ""اٍشرح""}"
arasag,39,ما هي الخصائص التي يتمتع بها  قراصنة الأنظمة؟,الفهم العالي و المهارة و القدرة على تخيل كيفية عمل البرامج و الحاسوب، يمتلكون الموهبة في اختراع برمجيات جديدة.,4,0.0,5.0,cybercrimes,short_answer,7,arabic,,ذكاء و قدرة عاليتين على كتابة وتصميم البرامج، وفهم عميق لكيفية عمل الحاسب الآلي والقدرة على اختراق أنظمة الأمان وتكسيرها,"{""question_type"": ""اٍشرح""}"
arasag,39,ما هي الخصائص التي يتمتع بها  قراصنة الأنظمة؟,قدراتهم العالية و تمكنهم العالي في بتطوير الأنظمة، و كذا معرفتهم الدقيقة بمكونات الحاسوب، و إمكانياتهم العالية في إختراق الأنظمة الإلكترونية.,5,0.0,5.0,cybercrimes,short_answer,7,arabic,,ذكاء و قدرة عاليتين على كتابة وتصميم البرامج، وفهم عميق لكيفية عمل الحاسب الآلي والقدرة على اختراق أنظمة الأمان وتكسيرها,"{""question_type"": ""اٍشرح""}"
arasag,39,ما هي الخصائص التي يتمتع بها  قراصنة الأنظمة؟,فهم عميق لكيفيةعمل الحاسب، قدرة عالية في كتابة البرامج، موهبة في تصميم البرامج. ,4,0.0,5.0,cybercrimes,short_answer,7,arabic,,ذكاء و قدرة عاليتين على كتابة وتصميم البرامج، وفهم عميق لكيفية عمل الحاسب الآلي والقدرة على اختراق أنظمة الأمان وتكسيرها,"{""question_type"": ""اٍشرح""}"
arasag,39,ما هي الخصائص التي يتمتع بها  قراصنة الأنظمة؟,القبعات السوداء :القدرة على اختراق الأنظمة و البرامج الغير مجانية و اعطائها رقم لكس تعمل كسر الأنظمة الأمنية، سرقة البرامج و توزيعها مجانا لهدف، القبعات البيضاء: حل المشاكل و بناء الأشياء والإيمان بالعمل التطوعي، معرفة كيفية عمل الأنظمة و البرامج للمساعدة في تطويرها.,4,0.0,5.0,cybercrimes,short_answer,7,arabic,,ذكاء و قدرة عاليتين على كتابة وتصميم البرامج، وفهم عميق لكيفية عمل الحاسب الآلي والقدرة على اختراق أنظمة الأمان وتكسيرها,"{""question_type"": ""اٍشرح""}"
arasag,39,ما هي الخصائص التي يتمتع بها  قراصنة الأنظمة؟,الذكاء الخارق، يتقنون البرمجة، يتقنون تقنيات معلوماتية. ,4,0.0,5.0,cybercrimes,short_answer,7,arabic,,ذكاء و قدرة عاليتين على كتابة وتصميم البرامج، وفهم عميق لكيفية عمل الحاسب الآلي والقدرة على اختراق أنظمة الأمان وتكسيرها,"{""question_type"": ""اٍشرح""}"
arasag,39,ما هي الخصائص التي يتمتع بها  قراصنة الأنظمة؟,يتمتع قراصنة الأنظمة بالذكاء و الحيلة و الفهم الجيد للحواسيب و أنظمة تشغيلها و كيفية تصميمها.. ,4,0.0,5.0,cybercrimes,short_answer,7,arabic,,ذكاء و قدرة عاليتين على كتابة وتصميم البرامج، وفهم عميق لكيفية عمل الحاسب الآلي والقدرة على اختراق أنظمة الأمان وتكسيرها,"{""question_type"": ""اٍشرح""}"
arasag,39,ما هي الخصائص التي يتمتع بها  قراصنة الأنظمة؟,قدرة عالية على كتابة و تصميم البرامح، فهم عميق لكيفية عمل الحاسوب. ,4,0.0,5.0,cybercrimes,short_answer,7,arabic,,ذكاء و قدرة عاليتين على كتابة وتصميم البرامج، وفهم عميق لكيفية عمل الحاسب الآلي والقدرة على اختراق أنظمة الأمان وتكسيرها,"{""question_type"": ""اٍشرح""}"
arasag,46,ماهي الطرق المستعملة في الهندسة الاجتماعية النفسية ؟,  تستخدم فيها طرق وأساليب التلاعب العقلي والنفسي لكسب ثقة الضحايا وخداعهم والحصول على معلومات سرية منهم، فهي تمكن من الاختراق بسبل غير تقنية.,1,0.0,5.0,cybercrimes,short_answer,7,arabic,,استخدام أساليب التلاعب النفسي عن طريق - الهاتف - صفحات الانترنت-   البريد الالكتروني وجها لوجه.,"{""question_type"": ""اٍشرح""}"
arasag,46,ماهي الطرق المستعملة في الهندسة الاجتماعية النفسية ؟,يتم التلاعب وخداع الضحايا بطرق كثيرة : وجها لوجه، في الكمبيوتر ، عبر الهاتف، عبر وسائل التواصل الاجتماعي.,5,0.0,5.0,cybercrimes,short_answer,7,arabic,,استخدام أساليب التلاعب النفسي عن طريق - الهاتف - صفحات الانترنت-   البريد الالكتروني وجها لوجه.,"{""question_type"": ""اٍشرح""}"
arasag,46,ماهي الطرق المستعملة في الهندسة الاجتماعية النفسية ؟,التلاعب وخداع الآخرين لسرعة معلوماتهم السرية حيث ان الناس يثقون بالآخرين وتكون بعدة طرق : وجها لوجه، باستعمال الهاتف أو مواقع التواصل الاجتماعي.,4,0.0,5.0,cybercrimes,short_answer,7,arabic,,استخدام أساليب التلاعب النفسي عن طريق - الهاتف - صفحات الانترنت-   البريد الالكتروني وجها لوجه.,"{""question_type"": ""اٍشرح""}"
arasag,46,ماهي الطرق المستعملة في الهندسة الاجتماعية النفسية ؟,التوكل على الغير، امكانية الاختراق بدون استعمال طرق تقنية.,1,0.0,5.0,cybercrimes,short_answer,7,arabic,,استخدام أساليب التلاعب النفسي عن طريق - الهاتف - صفحات الانترنت-   البريد الالكتروني وجها لوجه.,"{""question_type"": ""اٍشرح""}"
arasag,46,ماهي الطرق المستعملة في الهندسة الاجتماعية النفسية ؟,نشر رسائل الإيميل الكاذبة، الاحتيال والحصول على  كلمة المرور وجها لوجه.,2,0.0,5.0,cybercrimes,short_answer,7,arabic,,استخدام أساليب التلاعب النفسي عن طريق - الهاتف - صفحات الانترنت-   البريد الالكتروني وجها لوجه.,"{""question_type"": ""اٍشرح""}"
arasag,46,ماهي الطرق المستعملة في الهندسة الاجتماعية النفسية ؟,هي ممارسة تستعمل الايذاء النفسي والعقلي للحصول على المعلومات السرية ,0,0.0,5.0,cybercrimes,short_answer,7,arabic,,استخدام أساليب التلاعب النفسي عن طريق - الهاتف - صفحات الانترنت-   البريد الالكتروني وجها لوجه.,"{""question_type"": ""اٍشرح""}"
arasag,46,ماهي الطرق المستعملة في الهندسة الاجتماعية النفسية ؟,ممارسة تستخدم اسلوب التلاعب النفسي للحصول على معلومات السرية,1,0.0,5.0,cybercrimes,short_answer,7,arabic,,استخدام أساليب التلاعب النفسي عن طريق - الهاتف - صفحات الانترنت-   البريد الالكتروني وجها لوجه.,"{""question_type"": ""اٍشرح""}"
arasag,46,ماهي الطرق المستعملة في الهندسة الاجتماعية النفسية ؟,التضليل و التسلل ، استعمال التلاعب و الاحتيال المباشر على الأشخاص، تغيير شكل الموقع.,1,0.0,5.0,cybercrimes,short_answer,7,arabic,,استخدام أساليب التلاعب النفسي عن طريق - الهاتف - صفحات الانترنت-   البريد الالكتروني وجها لوجه.,"{""question_type"": ""اٍشرح""}"
arasag,46,ماهي الطرق المستعملة في الهندسة الاجتماعية النفسية ؟,ارسال بريد الكتروني زائف يطلب منك تغيير كلمة سرك او يرسلك الى موقع مخترق، التنكر كاحد من اقربائك للحصول على معلومات شخصية منك.,1,0.0,5.0,cybercrimes,short_answer,7,arabic,,استخدام أساليب التلاعب النفسي عن طريق - الهاتف - صفحات الانترنت-   البريد الالكتروني وجها لوجه.,"{""question_type"": ""اٍشرح""}"
arasag,46,ماهي الطرق المستعملة في الهندسة الاجتماعية النفسية ؟,تعتمد على اساليب التلاعب النفسي للاخرين باستعمال الهاتف او البريد او وجه لوجه دون الرجوع الى الوسائل الالكترونية، محلها الثقة بالاخرين، لا توجد تقنية للكشف عن المجرم، اختراق النظام لا يحتاج الى تقنية، وجودها في الحياة اليومية.,4,0.0,5.0,cybercrimes,short_answer,7,arabic,,استخدام أساليب التلاعب النفسي عن طريق - الهاتف - صفحات الانترنت-   البريد الالكتروني وجها لوجه.,"{""question_type"": ""اٍشرح""}"
arasag,46,ماهي الطرق المستعملة في الهندسة الاجتماعية النفسية ؟,"لتلاعب النفسي والعقلي للضحية بدون تدخل مباشر، تستعمل اساليب الاغراء و الاحتيال مثلا: ""رسالة تخبرك بأنك فزت بسيارة"" ، جعل الضحية يثق في المصدر و يتم سرقة معلوماته الشخصية.",2,0.0,5.0,cybercrimes,short_answer,7,arabic,,استخدام أساليب التلاعب النفسي عن طريق - الهاتف - صفحات الانترنت-   البريد الالكتروني وجها لوجه.,"{""question_type"": ""اٍشرح""}"
arasag,46,ماهي الطرق المستعملة في الهندسة الاجتماعية النفسية ؟,ممارسة أساليب التلاعب النفسي )العقلي( على الأشخاص) الضحايا(من أجل الحصول على معلوماتهم الشخصية,1,0.0,5.0,cybercrimes,short_answer,7,arabic,,استخدام أساليب التلاعب النفسي عن طريق - الهاتف - صفحات الانترنت-   البريد الالكتروني وجها لوجه.,"{""question_type"": ""اٍشرح""}"
arasag,46,ماهي الطرق المستعملة في الهندسة الاجتماعية النفسية ؟,استعمال أساليب غير قانونية  للتلاعب بالضحية كمثال استعمال صوت طفل يبكي من أجل التأثير على الضحية و ايهامه بأن المخترق في حالة مستعجلة او حرجة ,1,0.0,5.0,cybercrimes,short_answer,7,arabic,,استخدام أساليب التلاعب النفسي عن طريق - الهاتف - صفحات الانترنت-   البريد الالكتروني وجها لوجه.,"{""question_type"": ""اٍشرح""}"
arasag,46,ماهي الطرق المستعملة في الهندسة الاجتماعية النفسية ؟,الهاتف النقال، البريد الالكتروني صفحات الانترنت، مواقع التواصل الاجتماعي، وجه لوجه.,5,0.0,5.0,cybercrimes,short_answer,7,arabic,,استخدام أساليب التلاعب النفسي عن طريق - الهاتف - صفحات الانترنت-   البريد الالكتروني وجها لوجه.,"{""question_type"": ""اٍشرح""}"
arasag,46,ماهي الطرق المستعملة في الهندسة الاجتماعية النفسية ؟,نشر ثقافة الأمن المعلوماتي، نشر ثقافة الوعي.,0,0.0,5.0,cybercrimes,short_answer,7,arabic,,استخدام أساليب التلاعب النفسي عن طريق - الهاتف - صفحات الانترنت-   البريد الالكتروني وجها لوجه.,"{""question_type"": ""اٍشرح""}"
arasag,46,ماهي الطرق المستعملة في الهندسة الاجتماعية النفسية ؟,هي التأثير على الشخص باستخدام طرق نفسية عبر الهاتف أو وجه لوجه أو عبر البريد الإلكتروني أو عبر صفحات الأنترنت و ذلك للحصول على معلومات منه .,5,0.0,5.0,cybercrimes,short_answer,7,arabic,,استخدام أساليب التلاعب النفسي عن طريق - الهاتف - صفحات الانترنت-   البريد الالكتروني وجها لوجه.,"{""question_type"": ""اٍشرح""}"
arasag,46,ماهي الطرق المستعملة في الهندسة الاجتماعية النفسية ؟,ـ الثقة بالغير ـ تتبع سلوك الأشخاص لمعرفة الأشياء التي يمكننا استعمالها للتفوق على كلمة السر الخاصة بهم مثلا .,1,0.0,5.0,cybercrimes,short_answer,7,arabic,,استخدام أساليب التلاعب النفسي عن طريق - الهاتف - صفحات الانترنت-   البريد الالكتروني وجها لوجه.,"{""question_type"": ""اٍشرح""}"
arasag,46,ماهي الطرق المستعملة في الهندسة الاجتماعية النفسية ؟,التأثير و تضليل المستخدمين و جعلهم يدخلون معلوماتهم الشخصية بكل ثقة مكتسبة من الرسائل المبعوثة لهم مثال : من فضلك أكد هويتك ولأسباب أمنية ادخل بياناتك الشخصية في الخانات التالية.,1,0.0,5.0,cybercrimes,short_answer,7,arabic,,استخدام أساليب التلاعب النفسي عن طريق - الهاتف - صفحات الانترنت-   البريد الالكتروني وجها لوجه.,"{""question_type"": ""اٍشرح""}"
arasag,46,ماهي الطرق المستعملة في الهندسة الاجتماعية النفسية ؟,إنشاء و إرسال مواقع غير أصلية بهدف إختراق حساب شخصي ما و استولاء على أمواله .,0,0.0,5.0,cybercrimes,short_answer,7,arabic,,استخدام أساليب التلاعب النفسي عن طريق - الهاتف - صفحات الانترنت-   البريد الالكتروني وجها لوجه.,"{""question_type"": ""اٍشرح""}"
arasag,46,ماهي الطرق المستعملة في الهندسة الاجتماعية النفسية ؟,ـ الثقة بالغير ، الهاتف، الانترنت ، وجه لوجه، البريد الالكتروني ، وسائل التواصل الاجتماعي.,5,0.0,5.0,cybercrimes,short_answer,7,arabic,,استخدام أساليب التلاعب النفسي عن طريق - الهاتف - صفحات الانترنت-   البريد الالكتروني وجها لوجه.,"{""question_type"": ""اٍشرح""}"
arasag,46,ماهي الطرق المستعملة في الهندسة الاجتماعية النفسية ؟,ـالهاتف ، وجه لوجه ، البريد الالكتروني ، وسائل التواصل الاجتماعي.,5,0.0,5.0,cybercrimes,short_answer,7,arabic,,استخدام أساليب التلاعب النفسي عن طريق - الهاتف - صفحات الانترنت-   البريد الالكتروني وجها لوجه.,"{""question_type"": ""اٍشرح""}"
arasag,46,ماهي الطرق المستعملة في الهندسة الاجتماعية النفسية ؟,التلاعب النفسي و العاطفي، الرسائل الاغرائية,1,0.0,5.0,cybercrimes,short_answer,7,arabic,,استخدام أساليب التلاعب النفسي عن طريق - الهاتف - صفحات الانترنت-   البريد الالكتروني وجها لوجه.,"{""question_type"": ""اٍشرح""}"
arasag,46,ماهي الطرق المستعملة في الهندسة الاجتماعية النفسية ؟,التاثير على نفسية الفرد فيقوم باعطاء او تسريب المعلومات,0,0.0,5.0,cybercrimes,short_answer,7,arabic,,استخدام أساليب التلاعب النفسي عن طريق - الهاتف - صفحات الانترنت-   البريد الالكتروني وجها لوجه.,"{""question_type"": ""اٍشرح""}"
arasag,46,ماهي الطرق المستعملة في الهندسة الاجتماعية النفسية ؟,التلاعب النفسي من اجل سرقة المعلومات من خلال استعمال الهاتف او وجها لوجه او المحادثة ,4,0.0,5.0,cybercrimes,short_answer,7,arabic,,استخدام أساليب التلاعب النفسي عن طريق - الهاتف - صفحات الانترنت-   البريد الالكتروني وجها لوجه.,"{""question_type"": ""اٍشرح""}"
arasag,46,ماهي الطرق المستعملة في الهندسة الاجتماعية النفسية ؟,الهاتف، البريد الالكتروني، وجها لوجه، مواقع الانترنت,5,0.0,5.0,cybercrimes,short_answer,7,arabic,,استخدام أساليب التلاعب النفسي عن طريق - الهاتف - صفحات الانترنت-   البريد الالكتروني وجها لوجه.,"{""question_type"": ""اٍشرح""}"
arasag,46,ماهي الطرق المستعملة في الهندسة الاجتماعية النفسية ؟,الخداع، انشاء صفحات مزورة,1,0.0,5.0,cybercrimes,short_answer,7,arabic,,استخدام أساليب التلاعب النفسي عن طريق - الهاتف - صفحات الانترنت-   البريد الالكتروني وجها لوجه.,"{""question_type"": ""اٍشرح""}"
arasag,46,ماهي الطرق المستعملة في الهندسة الاجتماعية النفسية ؟,الوسائل البريدية، التوعية، المحاضرات,0,0.0,5.0,cybercrimes,short_answer,7,arabic,,استخدام أساليب التلاعب النفسي عن طريق - الهاتف - صفحات الانترنت-   البريد الالكتروني وجها لوجه.,"{""question_type"": ""اٍشرح""}"
arasag,46,ماهي الطرق المستعملة في الهندسة الاجتماعية النفسية ؟,رسائل الاغراء، الكذب ولا يتم استعمال البرمجيات,2,0.0,5.0,cybercrimes,short_answer,7,arabic,,استخدام أساليب التلاعب النفسي عن طريق - الهاتف - صفحات الانترنت-   البريد الالكتروني وجها لوجه.,"{""question_type"": ""اٍشرح""}"
arasag,46,ماهي الطرق المستعملة في الهندسة الاجتماعية النفسية ؟,وجها لوجه، الهاتف، ارسال الرسائل و ذلك بعد جمع معلومات عن الضحية,4,0.0,5.0,cybercrimes,short_answer,7,arabic,,استخدام أساليب التلاعب النفسي عن طريق - الهاتف - صفحات الانترنت-   البريد الالكتروني وجها لوجه.,"{""question_type"": ""اٍشرح""}"
arasag,46,ماهي الطرق المستعملة في الهندسة الاجتماعية النفسية ؟,ايهام الضحية بانه فاز بمبلغ من المال او هدية، انتحال صفة مؤسسة رسمية وطلب المعلومات من الضحية ,1,0.0,5.0,cybercrimes,short_answer,7,arabic,,استخدام أساليب التلاعب النفسي عن طريق - الهاتف - صفحات الانترنت-   البريد الالكتروني وجها لوجه.,"{""question_type"": ""اٍشرح""}"
arasag,46,ماهي الطرق المستعملة في الهندسة الاجتماعية النفسية ؟,هي مختلف الألاعيب و الخدع النفسية و العقلية التي تهدف للحصول على معلومات ، وجه لوجه عن طريق كلام مزاح استغلال ثقة مفرطة، الهاتف النقال مكالمات رسائل نصية، البريد الالكتروني ,4,0.0,5.0,cybercrimes,short_answer,7,arabic,,استخدام أساليب التلاعب النفسي عن طريق - الهاتف - صفحات الانترنت-   البريد الالكتروني وجها لوجه.,"{""question_type"": ""اٍشرح""}"
arasag,46,ماهي الطرق المستعملة في الهندسة الاجتماعية النفسية ؟,الهاتف، صفحات الانترانت، البريد الالكتروني، مواقع التواصل الاجتماعي، و جها لوجه ,5,0.0,5.0,cybercrimes,short_answer,7,arabic,,استخدام أساليب التلاعب النفسي عن طريق - الهاتف - صفحات الانترنت-   البريد الالكتروني وجها لوجه.,"{""question_type"": ""اٍشرح""}"
arasag,46,ماهي الطرق المستعملة في الهندسة الاجتماعية النفسية ؟,تعتمد على التلاعب العقلي و النفسي للإنسان  من اجل سرقة معلوماته الشخصية و السرية كإنشاء مواقع مشابهة لمواقع اخرى التي تلزم المستخدم على ادخال بياناته الشخصية و ارقام بطاقات الائتمان ,2,0.0,5.0,cybercrimes,short_answer,7,arabic,,استخدام أساليب التلاعب النفسي عن طريق - الهاتف - صفحات الانترنت-   البريد الالكتروني وجها لوجه.,"{""question_type"": ""اٍشرح""}"
arasag,46,ماهي الطرق المستعملة في الهندسة الاجتماعية النفسية ؟,و جها لوجه ، الانترانت، الهاتف النقال، الرسائل ,4,0.0,5.0,cybercrimes,short_answer,7,arabic,,استخدام أساليب التلاعب النفسي عن طريق - الهاتف - صفحات الانترنت-   البريد الالكتروني وجها لوجه.,"{""question_type"": ""اٍشرح""}"
arasag,46,ماهي الطرق المستعملة في الهندسة الاجتماعية النفسية ؟,انشاء صفحات مزورة شبيهة للأصلية ، وضع برنامج رصد المفاتيح ,0,0.0,5.0,cybercrimes,short_answer,7,arabic,,استخدام أساليب التلاعب النفسي عن طريق - الهاتف - صفحات الانترنت-   البريد الالكتروني وجها لوجه.,"{""question_type"": ""اٍشرح""}"
arasag,46,ماهي الطرق المستعملة في الهندسة الاجتماعية النفسية ؟,في الهندسة الاجتماعية النفسية يستخدم المجرم اساليب في التلاعب بالبشر الغير واعي حيث ان خداع البشر اسهل من خداع الحاسب ,1,0.0,5.0,cybercrimes,short_answer,7,arabic,,استخدام أساليب التلاعب النفسي عن طريق - الهاتف - صفحات الانترنت-   البريد الالكتروني وجها لوجه.,"{""question_type"": ""اٍشرح""}"
arasag,46,ماهي الطرق المستعملة في الهندسة الاجتماعية النفسية ؟,عن طريق الابهام و يتم غالبا بالايميلات، يتم ايضا باستعمال الدراسات العلمية في علم النفس، تتم اغلبها بدون تقنيات متطورة,1,0.0,5.0,cybercrimes,short_answer,7,arabic,,استخدام أساليب التلاعب النفسي عن طريق - الهاتف - صفحات الانترنت-   البريد الالكتروني وجها لوجه.,"{""question_type"": ""اٍشرح""}"
arasag,46,ماهي الطرق المستعملة في الهندسة الاجتماعية النفسية ؟,ارسال بريد الكتروني مزيف لتحديث معلومات المستخدم الخاصة (بالمواقع اظهار صفحة ويب مزيفة للمستخدم تطلب من المستخدم، ادخال معلوماته و كلمة السر ,3,0.0,5.0,cybercrimes,short_answer,7,arabic,,استخدام أساليب التلاعب النفسي عن طريق - الهاتف - صفحات الانترنت-   البريد الالكتروني وجها لوجه.,"{""question_type"": ""اٍشرح""}"
arasag,46,ماهي الطرق المستعملة في الهندسة الاجتماعية النفسية ؟,عبر الهاتف، عبر البريد الإلكتروني، وجها لوجه,4,0.0,5.0,cybercrimes,short_answer,7,arabic,,استخدام أساليب التلاعب النفسي عن طريق - الهاتف - صفحات الانترنت-   البريد الالكتروني وجها لوجه.,"{""question_type"": ""اٍشرح""}"
arasag,46,ماهي الطرق المستعملة في الهندسة الاجتماعية النفسية ؟,نعتمد على اساليب التلاعب النقلي  من خلال التأثير على البشر من خلال التأثير المباشر و غيرها من اساليب التلاعب و الخداع قصد الوصول للاختراق و تجاوز الأنظمة الامنية,2,0.0,5.0,cybercrimes,short_answer,7,arabic,,استخدام أساليب التلاعب النفسي عن طريق - الهاتف - صفحات الانترنت-   البريد الالكتروني وجها لوجه.,"{""question_type"": ""اٍشرح""}"
arasag,46,ماهي الطرق المستعملة في الهندسة الاجتماعية النفسية ؟,التلاعب النفسي و العقلي وجها لوجه، التلاعب النفسي عن طريق المواقع المشبوهة وضع الثقة بالآخرين، ارسال رسائل اغواء مشبوهة,4,0.0,5.0,cybercrimes,short_answer,7,arabic,,استخدام أساليب التلاعب النفسي عن طريق - الهاتف - صفحات الانترنت-   البريد الالكتروني وجها لوجه.,"{""question_type"": ""اٍشرح""}"
arasag,46,ماهي الطرق المستعملة في الهندسة الاجتماعية النفسية ؟,اغراء الاشخاص و التلاعب بنفسيتهم و عقولهم و استغلالهم للحصول على معلومات شخصية و سرقتها ,2,0.0,5.0,cybercrimes,short_answer,7,arabic,,استخدام أساليب التلاعب النفسي عن طريق - الهاتف - صفحات الانترنت-   البريد الالكتروني وجها لوجه.,"{""question_type"": ""اٍشرح""}"
arasag,46,ماهي الطرق المستعملة في الهندسة الاجتماعية النفسية ؟,ارسال رسائل من مواقع مزيفة لخداع عدة ضحايا و الحصول على معلوماتهم الشخصية,1,0.0,5.0,cybercrimes,short_answer,7,arabic,,استخدام أساليب التلاعب النفسي عن طريق - الهاتف - صفحات الانترنت-   البريد الالكتروني وجها لوجه.,"{""question_type"": ""اٍشرح""}"
arasag,46,ماهي الطرق المستعملة في الهندسة الاجتماعية النفسية ؟,الهواتف و مواقع التواصل حيث يتعرف المجرم بالضحية فيتعلم سلوكها و معلومات حولها تمكنه من استعمالها لتنفيذ جريمته,3,0.0,5.0,cybercrimes,short_answer,7,arabic,,استخدام أساليب التلاعب النفسي عن طريق - الهاتف - صفحات الانترنت-   البريد الالكتروني وجها لوجه.,"{""question_type"": ""اٍشرح""}"
arasag,46,ماهي الطرق المستعملة في الهندسة الاجتماعية النفسية ؟,التحايل التهديد، كسب الثقة,0,0.0,5.0,cybercrimes,short_answer,7,arabic,,استخدام أساليب التلاعب النفسي عن طريق - الهاتف - صفحات الانترنت-   البريد الالكتروني وجها لوجه.,"{""question_type"": ""اٍشرح""}"
arasag,46,ماهي الطرق المستعملة في الهندسة الاجتماعية النفسية ؟,"يمكن ان تكون عبر الهاتف , وجه لوجه او بطرق تقنية، رسائل الكترونية اغوائية، مواقع انتحال الشخصية",4,0.0,5.0,cybercrimes,short_answer,7,arabic,,استخدام أساليب التلاعب النفسي عن طريق - الهاتف - صفحات الانترنت-   البريد الالكتروني وجها لوجه.,"{""question_type"": ""اٍشرح""}"
arasag,44,ماهي الجرائم المترتبة عن عملية إختراق لموقع  على الشبكة؟,المعلومات التي يحصل عليها المخترق سواء من تبديل او سرقة او تخريب ، تخريب الاجهزة و تعطيلها، تغيير وجه الموقع.,4,0.0,5.0,cybercrimes,short_answer,7,arabic,,تغيير أو سرقة أو  إزالة المعلومات التي يطالها المخترق، تخريب وتعطيل الأجهزة، تغيير وجه المواقع ، تبطئة حركة التصفح وانقطاعها على فترات.,"{""question_type"": ""اٍشرح""}"
arasag,44,ماهي الجرائم المترتبة عن عملية إختراق لموقع  على الشبكة؟,تغيير وجه الموقع، سرقة، تغير أو إتلاف المعلومات ,3,0.0,5.0,cybercrimes,short_answer,7,arabic,,تغيير أو سرقة أو  إزالة المعلومات التي يطالها المخترق، تخريب وتعطيل الأجهزة، تغيير وجه المواقع ، تبطئة حركة التصفح وانقطاعها على فترات.,"{""question_type"": ""اٍشرح""}"
arasag,44,ماهي الجرائم المترتبة عن عملية إختراق لموقع  على الشبكة؟,تغيير واجهة الموقع، سرقة المعلومات الشخصية لمستخدمي الموقع.,2,0.0,5.0,cybercrimes,short_answer,7,arabic,,تغيير أو سرقة أو  إزالة المعلومات التي يطالها المخترق، تخريب وتعطيل الأجهزة، تغيير وجه المواقع ، تبطئة حركة التصفح وانقطاعها على فترات.,"{""question_type"": ""اٍشرح""}"
arasag,44,ماهي الجرائم المترتبة عن عملية إختراق لموقع  على الشبكة؟,تعطيل عمل الشبكة ، سرقة المعلومات الخاصة منها و سرقة الحسابات، تغيير الموقع، التجسس و انتهاك الخصوصية، النصب و الاحتيال,4,0.0,5.0,cybercrimes,short_answer,7,arabic,,تغيير أو سرقة أو  إزالة المعلومات التي يطالها المخترق، تخريب وتعطيل الأجهزة، تغيير وجه المواقع ، تبطئة حركة التصفح وانقطاعها على فترات.,"{""question_type"": ""اٍشرح""}"
arasag,44,ماهي الجرائم المترتبة عن عملية إختراق لموقع  على الشبكة؟,تغيير وجه الموقع ، و امكانية تغيير محتواه أو غلقه  كليا أو استراد المعلومات التي يتحصل عليها ,4,0.0,5.0,cybercrimes,short_answer,7,arabic,,تغيير أو سرقة أو  إزالة المعلومات التي يطالها المخترق، تخريب وتعطيل الأجهزة، تغيير وجه المواقع ، تبطئة حركة التصفح وانقطاعها على فترات.,"{""question_type"": ""اٍشرح""}"
arasag,44,ماهي الجرائم المترتبة عن عملية إختراق لموقع  على الشبكة؟,تغيير واجهة الموقع ، سرقة المعلومات أو إتلافها، تعطيل الموقع .,4,0.0,5.0,cybercrimes,short_answer,7,arabic,,تغيير أو سرقة أو  إزالة المعلومات التي يطالها المخترق، تخريب وتعطيل الأجهزة، تغيير وجه المواقع ، تبطئة حركة التصفح وانقطاعها على فترات.,"{""question_type"": ""اٍشرح""}"
arasag,44,ماهي الجرائم المترتبة عن عملية إختراق لموقع  على الشبكة؟,تغيير محتوى الموقع الإلكتروني، سرقة معلومات خاصة بالمستخدمين,2,0.0,5.0,cybercrimes,short_answer,7,arabic,,تغيير أو سرقة أو  إزالة المعلومات التي يطالها المخترق، تخريب وتعطيل الأجهزة، تغيير وجه المواقع ، تبطئة حركة التصفح وانقطاعها على فترات.,"{""question_type"": ""اٍشرح""}"
arasag,44,ماهي الجرائم المترتبة عن عملية إختراق لموقع  على الشبكة؟,سرقة المعلومات أو تغييرها أو إزالتها، تغيير وجه الموقع، تخريب الجهاز أو تعطيله، تزوير البيانات,4,0.0,5.0,cybercrimes,short_answer,7,arabic,,تغيير أو سرقة أو  إزالة المعلومات التي يطالها المخترق، تخريب وتعطيل الأجهزة، تغيير وجه المواقع ، تبطئة حركة التصفح وانقطاعها على فترات.,"{""question_type"": ""اٍشرح""}"
arasag,44,ماهي الجرائم المترتبة عن عملية إختراق لموقع  على الشبكة؟,جرائم الإختراق، جرائم القرصنة .,0,0.0,5.0,cybercrimes,short_answer,7,arabic,,تغيير أو سرقة أو  إزالة المعلومات التي يطالها المخترق، تخريب وتعطيل الأجهزة، تغيير وجه المواقع ، تبطئة حركة التصفح وانقطاعها على فترات.,"{""question_type"": ""اٍشرح""}"
arasag,44,ماهي الجرائم المترتبة عن عملية إختراق لموقع  على الشبكة؟,لاقتحام و الاختراق لجهاز كمبيوتر او انظمته لمعرفة جميع المعلومات المتعلقة بالأسرار الصناعية لجهاز ما و توفير هذه المعلومات لشركة صناعية أخرى بأموال باهظة,3,0.0,5.0,cybercrimes,short_answer,7,arabic,,تغيير أو سرقة أو  إزالة المعلومات التي يطالها المخترق، تخريب وتعطيل الأجهزة، تغيير وجه المواقع ، تبطئة حركة التصفح وانقطاعها على فترات.,"{""question_type"": ""اٍشرح""}"
arasag,44,ماهي الجرائم المترتبة عن عملية إختراق لموقع  على الشبكة؟,تغير وجه الموقع ، تغيير و سرقة و إزالة الأجهزة أو تخريبها أو تعطيلها .,4,0.0,5.0,cybercrimes,short_answer,7,arabic,,تغيير أو سرقة أو  إزالة المعلومات التي يطالها المخترق، تخريب وتعطيل الأجهزة، تغيير وجه المواقع ، تبطئة حركة التصفح وانقطاعها على فترات.,"{""question_type"": ""اٍشرح""}"
arasag,44,ماهي الجرائم المترتبة عن عملية إختراق لموقع  على الشبكة؟,اختراق موقع من دون صلاحية صاحبه، استعمال خصوصية الموقع أو التنقل في معلوماته دون إذن .,0,0.0,5.0,cybercrimes,short_answer,7,arabic,,تغيير أو سرقة أو  إزالة المعلومات التي يطالها المخترق، تخريب وتعطيل الأجهزة، تغيير وجه المواقع ، تبطئة حركة التصفح وانقطاعها على فترات.,"{""question_type"": ""اٍشرح""}"
arasag,44,ماهي الجرائم المترتبة عن عملية إختراق لموقع  على الشبكة؟,تغيير المحتوى، حجب خدمة الموقع، الحصول على معلومات و أسرار .,4,0.0,5.0,cybercrimes,short_answer,7,arabic,,تغيير أو سرقة أو  إزالة المعلومات التي يطالها المخترق، تخريب وتعطيل الأجهزة، تغيير وجه المواقع ، تبطئة حركة التصفح وانقطاعها على فترات.,"{""question_type"": ""اٍشرح""}"
arasag,44,ماهي الجرائم المترتبة عن عملية إختراق لموقع  على الشبكة؟,تغير الوجه ، سرقة معلومات و كلمات المرور ، تسبب في خسارة أموال و سمعة الموقع .,2,0.0,5.0,cybercrimes,short_answer,7,arabic,,تغيير أو سرقة أو  إزالة المعلومات التي يطالها المخترق، تخريب وتعطيل الأجهزة، تغيير وجه المواقع ، تبطئة حركة التصفح وانقطاعها على فترات.,"{""question_type"": ""اٍشرح""}"
arasag,44,ماهي الجرائم المترتبة عن عملية إختراق لموقع  على الشبكة؟,سرقة جميع المعلومات المهمة، إزالة بعض أو كل البيانات ، إتلافها و تغييرها، تغيير وجه الشبكة ، تشويه السمعة .,4,0.0,5.0,cybercrimes,short_answer,7,arabic,,تغيير أو سرقة أو  إزالة المعلومات التي يطالها المخترق، تخريب وتعطيل الأجهزة، تغيير وجه المواقع ، تبطئة حركة التصفح وانقطاعها على فترات.,"{""question_type"": ""اٍشرح""}"
arasag,44,ماهي الجرائم المترتبة عن عملية إختراق لموقع  على الشبكة؟,سرقة البيانات ، تخريبه أو تعطيله ، تغيير الموقع.,2,0.0,5.0,cybercrimes,short_answer,7,arabic,,تغيير أو سرقة أو  إزالة المعلومات التي يطالها المخترق، تخريب وتعطيل الأجهزة، تغيير وجه المواقع ، تبطئة حركة التصفح وانقطاعها على فترات.,"{""question_type"": ""اٍشرح""}"
arasag,44,ماهي الجرائم المترتبة عن عملية إختراق لموقع  على الشبكة؟,جرائم التعدي الإلكتروني، جرائم القرصنة ، الجرائم المالية، دخول المواقع الممنوعة .,1,0.0,5.0,cybercrimes,short_answer,7,arabic,,تغيير أو سرقة أو  إزالة المعلومات التي يطالها المخترق، تخريب وتعطيل الأجهزة، تغيير وجه المواقع ، تبطئة حركة التصفح وانقطاعها على فترات.,"{""question_type"": ""اٍشرح""}"
arasag,44,ماهي الجرائم المترتبة عن عملية إختراق لموقع  على الشبكة؟,تغيير أو إزالة أو إضافة المعلومات، تغيير واجهة الموقع، سرقة البيانات .,3,0.0,5.0,cybercrimes,short_answer,7,arabic,,تغيير أو سرقة أو  إزالة المعلومات التي يطالها المخترق، تخريب وتعطيل الأجهزة، تغيير وجه المواقع ، تبطئة حركة التصفح وانقطاعها على فترات.,"{""question_type"": ""اٍشرح""}"
arasag,44,ماهي الجرائم المترتبة عن عملية إختراق لموقع  على الشبكة؟,تغيير البيانات و إتلافها و حذفها ، تغيير وجه الموقع و السيطرة عليه .,3,0.0,5.0,cybercrimes,short_answer,7,arabic,,تغيير أو سرقة أو  إزالة المعلومات التي يطالها المخترق، تخريب وتعطيل الأجهزة، تغيير وجه المواقع ، تبطئة حركة التصفح وانقطاعها على فترات.,"{""question_type"": ""اٍشرح""}"
arasag,44,ماهي الجرائم المترتبة عن عملية إختراق لموقع  على الشبكة؟,جريمة سرقة المعلومات، جريمة تعديل المعلومات، جريمة حذف المعلومات .,1,0.0,5.0,cybercrimes,short_answer,7,arabic,,تغيير أو سرقة أو  إزالة المعلومات التي يطالها المخترق، تخريب وتعطيل الأجهزة، تغيير وجه المواقع ، تبطئة حركة التصفح وانقطاعها على فترات.,"{""question_type"": ""اٍشرح""}"
arasag,44,ماهي الجرائم المترتبة عن عملية إختراق لموقع  على الشبكة؟,سرقة ، تغيير أو إزالة المعلومات، تغير وجه الموقع .,3,0.0,5.0,cybercrimes,short_answer,7,arabic,,تغيير أو سرقة أو  إزالة المعلومات التي يطالها المخترق، تخريب وتعطيل الأجهزة، تغيير وجه المواقع ، تبطئة حركة التصفح وانقطاعها على فترات.,"{""question_type"": ""اٍشرح""}"
arasag,44,ماهي الجرائم المترتبة عن عملية إختراق لموقع  على الشبكة؟,تغيير واجهة الموقع ،  حجب خدمة الإغراق بالرسائل .,1,0.0,5.0,cybercrimes,short_answer,7,arabic,,تغيير أو سرقة أو  إزالة المعلومات التي يطالها المخترق، تخريب وتعطيل الأجهزة، تغيير وجه المواقع ، تبطئة حركة التصفح وانقطاعها على فترات.,"{""question_type"": ""اٍشرح""}"
arasag,44,ماهي الجرائم المترتبة عن عملية إختراق لموقع  على الشبكة؟,تغيير وجه الموقع سرقة بيانات الموقع، التحكم في سيرفر الموقع .,3,0.0,5.0,cybercrimes,short_answer,7,arabic,,تغيير أو سرقة أو  إزالة المعلومات التي يطالها المخترق، تخريب وتعطيل الأجهزة، تغيير وجه المواقع ، تبطئة حركة التصفح وانقطاعها على فترات.,"{""question_type"": ""اٍشرح""}"
arasag,44,ماهي الجرائم المترتبة عن عملية إختراق لموقع  على الشبكة؟,الوصول إلى البيانات ، سرقتها أو تعديلها أو حذفها بغير حق ، تشويه الموقع .,3,0.0,5.0,cybercrimes,short_answer,7,arabic,,تغيير أو سرقة أو  إزالة المعلومات التي يطالها المخترق، تخريب وتعطيل الأجهزة، تغيير وجه المواقع ، تبطئة حركة التصفح وانقطاعها على فترات.,"{""question_type"": ""اٍشرح""}"
arasag,44,ماهي الجرائم المترتبة عن عملية إختراق لموقع  على الشبكة؟,سرقة المعلومات، تغيير المعلومات، حذف المعلومات، تغيير وجه الموقع.,3,0.0,5.0,cybercrimes,short_answer,7,arabic,,تغيير أو سرقة أو  إزالة المعلومات التي يطالها المخترق، تخريب وتعطيل الأجهزة، تغيير وجه المواقع ، تبطئة حركة التصفح وانقطاعها على فترات.,"{""question_type"": ""اٍشرح""}"
arasag,44,ماهي الجرائم المترتبة عن عملية إختراق لموقع  على الشبكة؟,سرقة المعلومات ، إتلافها أو تغييرها ، إتلاف و تخريب الأجهزة ، تغيير الموقع ,4,0.0,5.0,cybercrimes,short_answer,7,arabic,,تغيير أو سرقة أو  إزالة المعلومات التي يطالها المخترق، تخريب وتعطيل الأجهزة، تغيير وجه المواقع ، تبطئة حركة التصفح وانقطاعها على فترات.,"{""question_type"": ""اٍشرح""}"
arasag,44,ماهي الجرائم المترتبة عن عملية إختراق لموقع  على الشبكة؟,التجسس و احتيال الخصوصية، تدمير انظمة و تكسيرها، تغيير وجه صفحة,4,0.0,5.0,cybercrimes,short_answer,7,arabic,,تغيير أو سرقة أو  إزالة المعلومات التي يطالها المخترق، تخريب وتعطيل الأجهزة، تغيير وجه المواقع ، تبطئة حركة التصفح وانقطاعها على فترات.,"{""question_type"": ""اٍشرح""}"
arasag,44,ماهي الجرائم المترتبة عن عملية إختراق لموقع  على الشبكة؟,سرقة البيانات و تخريبها. ,1,0.0,5.0,cybercrimes,short_answer,7,arabic,,تغيير أو سرقة أو  إزالة المعلومات التي يطالها المخترق، تخريب وتعطيل الأجهزة، تغيير وجه المواقع ، تبطئة حركة التصفح وانقطاعها على فترات.,"{""question_type"": ""اٍشرح""}"
arasag,44,ماهي الجرائم المترتبة عن عملية إختراق لموقع  على الشبكة؟,الاستيلاء المعلومات لتغييرها أو استعمالها لأغراض غير قانونية، تغيير شكل الموقع.,3,0.0,5.0,cybercrimes,short_answer,7,arabic,,تغيير أو سرقة أو  إزالة المعلومات التي يطالها المخترق، تخريب وتعطيل الأجهزة، تغيير وجه المواقع ، تبطئة حركة التصفح وانقطاعها على فترات.,"{""question_type"": ""اٍشرح""}"
arasag,44,ماهي الجرائم المترتبة عن عملية إختراق لموقع  على الشبكة؟,سرقة المعلومات أو تغييرها أو اتلافها، التجسس، تغيير وجه الموقع ,3,0.0,5.0,cybercrimes,short_answer,7,arabic,,تغيير أو سرقة أو  إزالة المعلومات التي يطالها المخترق، تخريب وتعطيل الأجهزة، تغيير وجه المواقع ، تبطئة حركة التصفح وانقطاعها على فترات.,"{""question_type"": ""اٍشرح""}"
arasag,44,ماهي الجرائم المترتبة عن عملية إختراق لموقع  على الشبكة؟,استغلال عيوب البرامج، انشاء مواقع انتحال الشخصية، تثبيت برامج التجسس كبرنامج تسجيل نقرات لوحة المفاتيح، الاقتحام والتسلل، إغراق الرسائل، الفيروسات. ,2,0.0,5.0,cybercrimes,short_answer,7,arabic,,تغيير أو سرقة أو  إزالة المعلومات التي يطالها المخترق، تخريب وتعطيل الأجهزة، تغيير وجه المواقع ، تبطئة حركة التصفح وانقطاعها على فترات.,"{""question_type"": ""اٍشرح""}"
arasag,44,ماهي الجرائم المترتبة عن عملية إختراق لموقع  على الشبكة؟,"تغيير الموقع, سرقة كلمات مرور المستخدمين, سرقة المعلومات المتبادلة عبر الموقع.",2,0.0,5.0,cybercrimes,short_answer,7,arabic,,تغيير أو سرقة أو  إزالة المعلومات التي يطالها المخترق، تخريب وتعطيل الأجهزة، تغيير وجه المواقع ، تبطئة حركة التصفح وانقطاعها على فترات.,"{""question_type"": ""اٍشرح""}"
arasag,44,ماهي الجرائم المترتبة عن عملية إختراق لموقع  على الشبكة؟,"سرقة المعلومات , تغيير أو حذف المعلومات , تغيير وجه الموقع",3,0.0,5.0,cybercrimes,short_answer,7,arabic,,تغيير أو سرقة أو  إزالة المعلومات التي يطالها المخترق، تخريب وتعطيل الأجهزة، تغيير وجه المواقع ، تبطئة حركة التصفح وانقطاعها على فترات.,"{""question_type"": ""اٍشرح""}"
arasag,44,ماهي الجرائم المترتبة عن عملية إختراق لموقع  على الشبكة؟,"سرقة او اتلاف المعلومات , تعطيل و تخريب و ايقاف الموقع, تغيير واجهة الموقع تغيير و تصميم واجهة الموقع و تبديل المعلومات التي يحتويها .",4,0.0,5.0,cybercrimes,short_answer,7,arabic,,تغيير أو سرقة أو  إزالة المعلومات التي يطالها المخترق، تخريب وتعطيل الأجهزة، تغيير وجه المواقع ، تبطئة حركة التصفح وانقطاعها على فترات.,"{""question_type"": ""اٍشرح""}"
arasag,44,ماهي الجرائم المترتبة عن عملية إختراق لموقع  على الشبكة؟,"تغيير محتوى الصفحات , تغيير البيانات للمستخدمين , سرقة البيانات و المعلومات .",3,0.0,5.0,cybercrimes,short_answer,7,arabic,,تغيير أو سرقة أو  إزالة المعلومات التي يطالها المخترق، تخريب وتعطيل الأجهزة، تغيير وجه المواقع ، تبطئة حركة التصفح وانقطاعها على فترات.,"{""question_type"": ""اٍشرح""}"
arasag,44,ماهي الجرائم المترتبة عن عملية إختراق لموقع  على الشبكة؟,تبطيء حركة التصفح في فترات منتظمة، تعذر الدخول لبيانات المستخدمين، سرقة و تغيير وإتلاف المعلومات  السرية ، تغيير وجه الموقع، تخريب الموقع.,4,0.0,5.0,cybercrimes,short_answer,7,arabic,,تغيير أو سرقة أو  إزالة المعلومات التي يطالها المخترق، تخريب وتعطيل الأجهزة، تغيير وجه المواقع ، تبطئة حركة التصفح وانقطاعها على فترات.,"{""question_type"": ""اٍشرح""}"
arasag,44,ماهي الجرائم المترتبة عن عملية إختراق لموقع  على الشبكة؟,سرقة البيانات ، تخريب او تعديل البيانات ، تغيير صفحات المواقع ، سرقة الهوية و كلمات السر .,4,0.0,5.0,cybercrimes,short_answer,7,arabic,,تغيير أو سرقة أو  إزالة المعلومات التي يطالها المخترق، تخريب وتعطيل الأجهزة، تغيير وجه المواقع ، تبطئة حركة التصفح وانقطاعها على فترات.,"{""question_type"": ""اٍشرح""}"
arasag,44,ماهي الجرائم المترتبة عن عملية إختراق لموقع  على الشبكة؟,انتهاك حرمة الغير ، انتهاك خصوصية المستخدم.,2,0.0,5.0,cybercrimes,short_answer,7,arabic,,تغيير أو سرقة أو  إزالة المعلومات التي يطالها المخترق، تخريب وتعطيل الأجهزة، تغيير وجه المواقع ، تبطئة حركة التصفح وانقطاعها على فترات.,"{""question_type"": ""اٍشرح""}"
arasag,44,ماهي الجرائم المترتبة عن عملية إختراق لموقع  على الشبكة؟,تبطئ حركة التصفح في المواقع و إنقطاعها بشكل منتظم و في بعض الأحيان التعثر للدخول إلى البيانات الشخصية ، الجوسسة و انتهاك الخصوصيات. ,3,0.0,5.0,cybercrimes,short_answer,7,arabic,,تغيير أو سرقة أو  إزالة المعلومات التي يطالها المخترق، تخريب وتعطيل الأجهزة، تغيير وجه المواقع ، تبطئة حركة التصفح وانقطاعها على فترات.,"{""question_type"": ""اٍشرح""}"
arasag,44,ماهي الجرائم المترتبة عن عملية إختراق لموقع  على الشبكة؟,جرائم مالية(سرقة الأموال ، سطو على حسابات وأرقام بطاقات الائتمان)، التعدي الالكتروني ، النهب و الاحتيال الجرائم المرتبطة بتشكيل الهوية الاسلامية و نشر الثقافات و الصور الاباحية مما يأثر على المراهقين و الاطفال .,1,0.0,5.0,cybercrimes,short_answer,7,arabic,,تغيير أو سرقة أو  إزالة المعلومات التي يطالها المخترق، تخريب وتعطيل الأجهزة، تغيير وجه المواقع ، تبطئة حركة التصفح وانقطاعها على فترات.,"{""question_type"": ""اٍشرح""}"
arasag,44,ماهي الجرائم المترتبة عن عملية إختراق لموقع  على الشبكة؟,استغلال بيانات المستخدمين بابتزازهم او نشر هذه البيانات...المقصود في هذه النقطة ان بيانات المستخدم سرية لكن باختراق الموقع لن تصبح سرية، سرقة البيانات ، اختراق زوار الموقع باستخدام حصان طروادة فور دخول المستخدم للموقع ، جريمة نشر صور مسيئة على صفحة الموقع، اغراق الموقع و اسقاطه نهائيا.,3,0.0,5.0,cybercrimes,short_answer,7,arabic,,تغيير أو سرقة أو  إزالة المعلومات التي يطالها المخترق، تخريب وتعطيل الأجهزة، تغيير وجه المواقع ، تبطئة حركة التصفح وانقطاعها على فترات.,"{""question_type"": ""اٍشرح""}"
arasag,44,ماهي الجرائم المترتبة عن عملية إختراق لموقع  على الشبكة؟,سرقة واتلاف و تغيير المعلومات، تركيب برمجيات التتبع و تسجيل نقرات لوحة المفاتيح من أجل سرقة كلمات المرور و رقم البطاقة الائتمانية. ,3,0.0,5.0,cybercrimes,short_answer,7,arabic,,تغيير أو سرقة أو  إزالة المعلومات التي يطالها المخترق، تخريب وتعطيل الأجهزة، تغيير وجه المواقع ، تبطئة حركة التصفح وانقطاعها على فترات.,"{""question_type"": ""اٍشرح""}"
arasag,44,ماهي الجرائم المترتبة عن عملية إختراق لموقع  على الشبكة؟,ازالة ، سرقة ،تغيير المعلومات الموجودة في الموقع، تغيير واجهة الموقع تخريب او حذف الموقع ككل، تباطئ في حركة تصفح الموقع.,5,0.0,5.0,cybercrimes,short_answer,7,arabic,,تغيير أو سرقة أو  إزالة المعلومات التي يطالها المخترق، تخريب وتعطيل الأجهزة، تغيير وجه المواقع ، تبطئة حركة التصفح وانقطاعها على فترات.,"{""question_type"": ""اٍشرح""}"
arasag,44,ماهي الجرائم المترتبة عن عملية إختراق لموقع  على الشبكة؟,التجسس و انهاك الخصوصية دعوة الى عمل غير قانوني مناقضة للدين التحرش بالأطفال و استغلالهم، جرائم الاختراق.,0,0.0,5.0,cybercrimes,short_answer,7,arabic,,تغيير أو سرقة أو  إزالة المعلومات التي يطالها المخترق، تخريب وتعطيل الأجهزة، تغيير وجه المواقع ، تبطئة حركة التصفح وانقطاعها على فترات.,"{""question_type"": ""اٍشرح""}"
arasag,44,ماهي الجرائم المترتبة عن عملية إختراق لموقع  على الشبكة؟,ربط جهاز الضحية بالمحترف وامكانية التحكم في الجهاز، امكانية تغيير الواجهة او تصميم الموقع ، التجسس و انتهاك الخصوصية، سرقة المعلومات و امكانية تغييرها او اتلافها و حوها، امكانية التشهير او الابتزازات الكشف و النهب,4,0.0,5.0,cybercrimes,short_answer,7,arabic,,تغيير أو سرقة أو  إزالة المعلومات التي يطالها المخترق، تخريب وتعطيل الأجهزة، تغيير وجه المواقع ، تبطئة حركة التصفح وانقطاعها على فترات.,"{""question_type"": ""اٍشرح""}"
arasag,44,ماهي الجرائم المترتبة عن عملية إختراق لموقع  على الشبكة؟,الجوسسة، اتلاف المعلومات و أخذها، القرصنة، التحكم في الشبكة، تحميل برمجيات فاسدة. ,3,0.0,5.0,cybercrimes,short_answer,7,arabic,,تغيير أو سرقة أو  إزالة المعلومات التي يطالها المخترق، تخريب وتعطيل الأجهزة، تغيير وجه المواقع ، تبطئة حركة التصفح وانقطاعها على فترات.,"{""question_type"": ""اٍشرح""}"
arasag,44,ماهي الجرائم المترتبة عن عملية إختراق لموقع  على الشبكة؟,تغيير، حذف البيانات، إنتحال شخصية، قرصنة البيانات، نشر البيانات التي في الموقع إلى العالم. ,3,0.0,5.0,cybercrimes,short_answer,7,arabic,,تغيير أو سرقة أو  إزالة المعلومات التي يطالها المخترق، تخريب وتعطيل الأجهزة، تغيير وجه المواقع ، تبطئة حركة التصفح وانقطاعها على فترات.,"{""question_type"": ""اٍشرح""}"
arasag,44,ماهي الجرائم المترتبة عن عملية إختراق لموقع  على الشبكة؟,المعلومات المطالة بالسرقة أو التغيير أو الحذف، البرامج (الأنظمة) و الأجهزة و تخريبها، تغيير وجه الموقع. ,4,0.0,5.0,cybercrimes,short_answer,7,arabic,,تغيير أو سرقة أو  إزالة المعلومات التي يطالها المخترق، تخريب وتعطيل الأجهزة، تغيير وجه المواقع ، تبطئة حركة التصفح وانقطاعها على فترات.,"{""question_type"": ""اٍشرح""}"
arasag,44,ماهي الجرائم المترتبة عن عملية إختراق لموقع  على الشبكة؟,تغيير محتوى الموقع، تستعمل الموقع للوصول الى مواقع أخرى محجوبة، جريمة اختراق. ,2,0.0,5.0,cybercrimes,short_answer,7,arabic,,تغيير أو سرقة أو  إزالة المعلومات التي يطالها المخترق، تخريب وتعطيل الأجهزة، تغيير وجه المواقع ، تبطئة حركة التصفح وانقطاعها على فترات.,"{""question_type"": ""اٍشرح""}"
arasag,44,ماهي الجرائم المترتبة عن عملية إختراق لموقع  على الشبكة؟,تكسير كلمات المرور، سرقة المعلومات، تغيير أو تزوير البيانات، تعطيل أو تخريب البرامج أو الأجهزة.,3,0.0,5.0,cybercrimes,short_answer,7,arabic,,تغيير أو سرقة أو  إزالة المعلومات التي يطالها المخترق، تخريب وتعطيل الأجهزة، تغيير وجه المواقع ، تبطئة حركة التصفح وانقطاعها على فترات.,"{""question_type"": ""اٍشرح""}"
arasag,44,ماهي الجرائم المترتبة عن عملية إختراق لموقع  على الشبكة؟,تغيير وجه الموقع سرقة معلومات خاصة، سرقة الهوية أو البريد الالكتروني،  انشاء موقع احتيال على شخصيات. ,4,0.0,5.0,cybercrimes,short_answer,7,arabic,,تغيير أو سرقة أو  إزالة المعلومات التي يطالها المخترق، تخريب وتعطيل الأجهزة، تغيير وجه المواقع ، تبطئة حركة التصفح وانقطاعها على فترات.,"{""question_type"": ""اٍشرح""}"
arasag,48,ماهي وظيفة برنامج راصد لوحة المفاتيح؟,  التجسس على المستخدمين عن  طريق تسجيل و تسجيل المعلومات و ارسالها بطريقة اوتوماتيكية.,2,0.0,5.0,cybercrimes,short_answer,7,arabic,,تسجيل جميع ضغطات المفاتيح  وبالتالي كل كلمات المرور المدخلة على الكمبيوتر و أرقام البطاقات الائتمانية لغرض السرقة كما يستعمل أيضا لإثبات الهوية كقياس حيوي سلوكي .,"{""question_type"": ""اٍشرح""}"
arasag,48,ماهي وظيفة برنامج راصد لوحة المفاتيح؟,سرقة المعلومات، اختراق الجهاز، اتلاف الجهاز، معرفة كلمة السر، تغير او حذف المعلومات، رصد نقرات المستعمل و بالتالي معرفة جميع المعلومات المكتوبة.,2,0.0,5.0,cybercrimes,short_answer,7,arabic,,تسجيل جميع ضغطات المفاتيح  وبالتالي كل كلمات المرور المدخلة على الكمبيوتر و أرقام البطاقات الائتمانية لغرض السرقة كما يستعمل أيضا لإثبات الهوية كقياس حيوي سلوكي .,"{""question_type"": ""اٍشرح""}"
arasag,48,ماهي وظيفة برنامج راصد لوحة المفاتيح؟,تسجيل كل ما يكتبه المستخدم على لوحة المفاتيح clavier للحصول على كلمة السر مثلا,2,0.0,5.0,cybercrimes,short_answer,7,arabic,,تسجيل جميع ضغطات المفاتيح  وبالتالي كل كلمات المرور المدخلة على الكمبيوتر و أرقام البطاقات الائتمانية لغرض السرقة كما يستعمل أيضا لإثبات الهوية كقياس حيوي سلوكي .,"{""question_type"": ""اٍشرح""}"
arasag,48,ماهي وظيفة برنامج راصد لوحة المفاتيح؟,الحصول على كلمات السر المستخدم فعند اختراق الحاسب الخاص يقوم المخترق بتثبيت برنامج أو فيروس يسمح له برصد جميع ضربات لوحة المفاتيح.,3,0.0,5.0,cybercrimes,short_answer,7,arabic,,تسجيل جميع ضغطات المفاتيح  وبالتالي كل كلمات المرور المدخلة على الكمبيوتر و أرقام البطاقات الائتمانية لغرض السرقة كما يستعمل أيضا لإثبات الهوية كقياس حيوي سلوكي .,"{""question_type"": ""اٍشرح""}"
arasag,48,ماهي وظيفة برنامج راصد لوحة المفاتيح؟,يقوم بتسجيل نقرات لوحة المفاتيح لكي يستطيع المخترق سرقة كلمة المرور ,2,0.0,5.0,cybercrimes,short_answer,7,arabic,,تسجيل جميع ضغطات المفاتيح  وبالتالي كل كلمات المرور المدخلة على الكمبيوتر و أرقام البطاقات الائتمانية لغرض السرقة كما يستعمل أيضا لإثبات الهوية كقياس حيوي سلوكي .,"{""question_type"": ""اٍشرح""}"
arasag,48,ماهي وظيفة برنامج راصد لوحة المفاتيح؟,يقوم بتسجيل جميع  نقرات لوحة المفاتيح و التمكن من معرفة كلمة المرور للحساب الالكتروني و الاستيلاء عليه ,3,0.0,5.0,cybercrimes,short_answer,7,arabic,,تسجيل جميع ضغطات المفاتيح  وبالتالي كل كلمات المرور المدخلة على الكمبيوتر و أرقام البطاقات الائتمانية لغرض السرقة كما يستعمل أيضا لإثبات الهوية كقياس حيوي سلوكي .,"{""question_type"": ""اٍشرح""}"
arasag,48,ماهي وظيفة برنامج راصد لوحة المفاتيح؟,التجسس على الضحية بطريقة غير مشروعة فهو يمكن من الحصول على كل ما يكتبه الضحية بلوحة المفاتيح وبالتالي الحصول على مختلف كلمات السر و المعلومة الخصوصية,3,0.0,5.0,cybercrimes,short_answer,7,arabic,,تسجيل جميع ضغطات المفاتيح  وبالتالي كل كلمات المرور المدخلة على الكمبيوتر و أرقام البطاقات الائتمانية لغرض السرقة كما يستعمل أيضا لإثبات الهوية كقياس حيوي سلوكي .,"{""question_type"": ""اٍشرح""}"
arasag,48,ماهي وظيفة برنامج راصد لوحة المفاتيح؟,التجسس على نقرات لوحة المفاتيح وارسالها للمجرم ليتمكن من معرفة كلمات المرور وفك التشفير,3,0.0,5.0,cybercrimes,short_answer,7,arabic,,تسجيل جميع ضغطات المفاتيح  وبالتالي كل كلمات المرور المدخلة على الكمبيوتر و أرقام البطاقات الائتمانية لغرض السرقة كما يستعمل أيضا لإثبات الهوية كقياس حيوي سلوكي .,"{""question_type"": ""اٍشرح""}"
arasag,48,ماهي وظيفة برنامج راصد لوحة المفاتيح؟,يقوم راصد لوحة المفاتيح بحفظ النقرات على لوحة المفاتيح ليتمكن من الحصول عليها المخترق للكشف على الأرقام السرية والبريد الالكتروني وبعض المعلومات الخاصة,3,0.0,5.0,cybercrimes,short_answer,7,arabic,,تسجيل جميع ضغطات المفاتيح  وبالتالي كل كلمات المرور المدخلة على الكمبيوتر و أرقام البطاقات الائتمانية لغرض السرقة كما يستعمل أيضا لإثبات الهوية كقياس حيوي سلوكي .,"{""question_type"": ""اٍشرح""}"
arasag,48,ماهي وظيفة برنامج راصد لوحة المفاتيح؟,جزء من نظام الحماية بحيث يكشف عن هوية المستخدم بمجرد استعمال لوحة المفاتيح ,2,0.0,5.0,cybercrimes,short_answer,7,arabic,,تسجيل جميع ضغطات المفاتيح  وبالتالي كل كلمات المرور المدخلة على الكمبيوتر و أرقام البطاقات الائتمانية لغرض السرقة كما يستعمل أيضا لإثبات الهوية كقياس حيوي سلوكي .,"{""question_type"": ""اٍشرح""}"
arasag,48,ماهي وظيفة برنامج راصد لوحة المفاتيح؟,يستخدم على مستخدم جهاز الحاسوب من أجل التجسس عليه ومن أجل الحصول على معلومات وهو غير قانوني,2,0.0,5.0,cybercrimes,short_answer,7,arabic,,تسجيل جميع ضغطات المفاتيح  وبالتالي كل كلمات المرور المدخلة على الكمبيوتر و أرقام البطاقات الائتمانية لغرض السرقة كما يستعمل أيضا لإثبات الهوية كقياس حيوي سلوكي .,"{""question_type"": ""اٍشرح""}"
arasag,48,ماهي وظيفة برنامج راصد لوحة المفاتيح؟,يسجل جميع ضغطات لوحة المفاتيح بما فيها الكلمات السرية ,2,0.0,5.0,cybercrimes,short_answer,7,arabic,,تسجيل جميع ضغطات المفاتيح  وبالتالي كل كلمات المرور المدخلة على الكمبيوتر و أرقام البطاقات الائتمانية لغرض السرقة كما يستعمل أيضا لإثبات الهوية كقياس حيوي سلوكي .,"{""question_type"": ""اٍشرح""}"
arasag,48,ماهي وظيفة برنامج راصد لوحة المفاتيح؟,تسجيل كل ما يكتبه المستخدم على لوحة المفاتيح للحصول على كلمة السر مثلا,3,0.0,5.0,cybercrimes,short_answer,7,arabic,,تسجيل جميع ضغطات المفاتيح  وبالتالي كل كلمات المرور المدخلة على الكمبيوتر و أرقام البطاقات الائتمانية لغرض السرقة كما يستعمل أيضا لإثبات الهوية كقياس حيوي سلوكي .,"{""question_type"": ""اٍشرح""}"
arasag,48,ماهي وظيفة برنامج راصد لوحة المفاتيح؟,تقفي اثر كلمات المرور، تسجيل اي مستخدم منفصل لوحة المفاتيح.,2,0.0,5.0,cybercrimes,short_answer,7,arabic,,تسجيل جميع ضغطات المفاتيح  وبالتالي كل كلمات المرور المدخلة على الكمبيوتر و أرقام البطاقات الائتمانية لغرض السرقة كما يستعمل أيضا لإثبات الهوية كقياس حيوي سلوكي .,"{""question_type"": ""اٍشرح""}"
arasag,48,ماهي وظيفة برنامج راصد لوحة المفاتيح؟,حساب ضربات المفاتيح و الوتيرة ليتمكن من إعطاء معلومات حول الشخص,2,0.0,5.0,cybercrimes,short_answer,7,arabic,,تسجيل جميع ضغطات المفاتيح  وبالتالي كل كلمات المرور المدخلة على الكمبيوتر و أرقام البطاقات الائتمانية لغرض السرقة كما يستعمل أيضا لإثبات الهوية كقياس حيوي سلوكي .,"{""question_type"": ""اٍشرح""}"
arasag,48,ماهي وظيفة برنامج راصد لوحة المفاتيح؟,يمكنه رصد جميع الكلمات التي قام المستخدم بكتابتها و بذلك يستطيع معرفة كلمات السر … الخ,2,0.0,5.0,cybercrimes,short_answer,7,arabic,,تسجيل جميع ضغطات المفاتيح  وبالتالي كل كلمات المرور المدخلة على الكمبيوتر و أرقام البطاقات الائتمانية لغرض السرقة كما يستعمل أيضا لإثبات الهوية كقياس حيوي سلوكي .,"{""question_type"": ""اٍشرح""}"
arasag,48,ماهي وظيفة برنامج راصد لوحة المفاتيح؟,وظيفتها تسجيل أي حرف يكتب عن طريق لوحة المفاتيح و يتم عن طريقها سرقة كلمات المرور المكتوبة سابقا عن طريق لوحة و حتى سرقة المعلومات الخاصة بالمستخدم .,3,0.0,5.0,cybercrimes,short_answer,7,arabic,,تسجيل جميع ضغطات المفاتيح  وبالتالي كل كلمات المرور المدخلة على الكمبيوتر و أرقام البطاقات الائتمانية لغرض السرقة كما يستعمل أيضا لإثبات الهوية كقياس حيوي سلوكي .,"{""question_type"": ""اٍشرح""}"
arasag,48,ماهي وظيفة برنامج راصد لوحة المفاتيح؟,يقوم بتسجيل المفاتيح المضغوطة كمعلومات ويرسلها لصاحب البرنامج لكي يتمكن من استعمال هذه المعلومات في قرصنة المستخدم,2,0.0,5.0,cybercrimes,short_answer,7,arabic,,تسجيل جميع ضغطات المفاتيح  وبالتالي كل كلمات المرور المدخلة على الكمبيوتر و أرقام البطاقات الائتمانية لغرض السرقة كما يستعمل أيضا لإثبات الهوية كقياس حيوي سلوكي .,"{""question_type"": ""اٍشرح""}"
arasag,48,ماهي وظيفة برنامج راصد لوحة المفاتيح؟,"اتباع ضربات لوحة مفاتيح المستخدم ونقلها للمخترق, حتى يحصل على جميع الارقام السرية الخاصة به",2,0.0,5.0,cybercrimes,short_answer,7,arabic,,تسجيل جميع ضغطات المفاتيح  وبالتالي كل كلمات المرور المدخلة على الكمبيوتر و أرقام البطاقات الائتمانية لغرض السرقة كما يستعمل أيضا لإثبات الهوية كقياس حيوي سلوكي .,"{""question_type"": ""اٍشرح""}"
arasag,48,ماهي وظيفة برنامج راصد لوحة المفاتيح؟,يقوم بتسجيل النقارات المستخدم على لوحة المفاتيح بغرض كشف كلمات السر ومعلومات شخصية وارسالها إلى المخترق,2,0.0,5.0,cybercrimes,short_answer,7,arabic,,تسجيل جميع ضغطات المفاتيح  وبالتالي كل كلمات المرور المدخلة على الكمبيوتر و أرقام البطاقات الائتمانية لغرض السرقة كما يستعمل أيضا لإثبات الهوية كقياس حيوي سلوكي .,"{""question_type"": ""اٍشرح""}"
arasag,48,ماهي وظيفة برنامج راصد لوحة المفاتيح؟,معرفة الكلمات والحروف المستعملة على تلك لوحة المفاتيح وهذا للحد من الاختراق,0,0.0,5.0,cybercrimes,short_answer,7,arabic,,تسجيل جميع ضغطات المفاتيح  وبالتالي كل كلمات المرور المدخلة على الكمبيوتر و أرقام البطاقات الائتمانية لغرض السرقة كما يستعمل أيضا لإثبات الهوية كقياس حيوي سلوكي .,"{""question_type"": ""اٍشرح""}"
arasag,48,ماهي وظيفة برنامج راصد لوحة المفاتيح؟,التجسس على ضربات لوحة المفاتيح وتسجيلها حيث من خلالها يستطيع الهاكر معرفة كلمة المرور,3,0.0,5.0,cybercrimes,short_answer,7,arabic,,تسجيل جميع ضغطات المفاتيح  وبالتالي كل كلمات المرور المدخلة على الكمبيوتر و أرقام البطاقات الائتمانية لغرض السرقة كما يستعمل أيضا لإثبات الهوية كقياس حيوي سلوكي .,"{""question_type"": ""اٍشرح""}"
arasag,48,ماهي وظيفة برنامج راصد لوحة المفاتيح؟,راصد لوحة المفاتيح  يتم حفظ كل ما تم كتبه أو ضغط عليه في لوحة المفاتيح و يمكن العودة اليه نستطيع من خلاله مثلا حفظ كلمه السر الأشخاص الذين يستعملون الجهاز المحمل براصد ,2,0.0,5.0,cybercrimes,short_answer,7,arabic,,تسجيل جميع ضغطات المفاتيح  وبالتالي كل كلمات المرور المدخلة على الكمبيوتر و أرقام البطاقات الائتمانية لغرض السرقة كما يستعمل أيضا لإثبات الهوية كقياس حيوي سلوكي .,"{""question_type"": ""اٍشرح""}"
arasag,48,ماهي وظيفة برنامج راصد لوحة المفاتيح؟,يستخدم كقياس حيوي سلوكي للتاكد من الهوية، معرفة كلمات السر او ارقام المرور عند الاختراق,5,0.0,5.0,cybercrimes,short_answer,7,arabic,,تسجيل جميع ضغطات المفاتيح  وبالتالي كل كلمات المرور المدخلة على الكمبيوتر و أرقام البطاقات الائتمانية لغرض السرقة كما يستعمل أيضا لإثبات الهوية كقياس حيوي سلوكي .,"{""question_type"": ""اٍشرح""}"
arasag,48,ماهي وظيفة برنامج راصد لوحة المفاتيح؟,التجسس عن طريق ربطه بلوحة المفاتيح التي تخزن الضربات ,3,0.0,5.0,cybercrimes,short_answer,7,arabic,,تسجيل جميع ضغطات المفاتيح  وبالتالي كل كلمات المرور المدخلة على الكمبيوتر و أرقام البطاقات الائتمانية لغرض السرقة كما يستعمل أيضا لإثبات الهوية كقياس حيوي سلوكي .,"{""question_type"": ""اٍشرح""}"
arasag,48,ماهي وظيفة برنامج راصد لوحة المفاتيح؟,تسجيل كل ما يكتبه المستخدم على لوحة المفاتيح تمكن المجرم من استرجاع كل الحروف التي يدخلها الضحية,3,0.0,5.0,cybercrimes,short_answer,7,arabic,,تسجيل جميع ضغطات المفاتيح  وبالتالي كل كلمات المرور المدخلة على الكمبيوتر و أرقام البطاقات الائتمانية لغرض السرقة كما يستعمل أيضا لإثبات الهوية كقياس حيوي سلوكي .,"{""question_type"": ""اٍشرح""}"
arasag,48,ماهي وظيفة برنامج راصد لوحة المفاتيح؟,يعمل هذا البرنامج على تسجيل كل ما يترصده لوحة المفاتيح ,2,0.0,5.0,cybercrimes,short_answer,7,arabic,,تسجيل جميع ضغطات المفاتيح  وبالتالي كل كلمات المرور المدخلة على الكمبيوتر و أرقام البطاقات الائتمانية لغرض السرقة كما يستعمل أيضا لإثبات الهوية كقياس حيوي سلوكي .,"{""question_type"": ""اٍشرح""}"
arasag,48,ماهي وظيفة برنامج راصد لوحة المفاتيح؟,وظيفته التنصت على المفاتيح المضغوطة وارسالها للمخترق، الحصول على كلمات السر المستخدم,2,0.0,5.0,cybercrimes,short_answer,7,arabic,,تسجيل جميع ضغطات المفاتيح  وبالتالي كل كلمات المرور المدخلة على الكمبيوتر و أرقام البطاقات الائتمانية لغرض السرقة كما يستعمل أيضا لإثبات الهوية كقياس حيوي سلوكي .,"{""question_type"": ""اٍشرح""}"
arasag,48,ماهي وظيفة برنامج راصد لوحة المفاتيح؟,يقوم بتسجيل نقرات لوحة المفاتيح لكي يستطيع المخترق سرقة كلمة المرور و يتجسس على الرسائل ,3,0.0,5.0,cybercrimes,short_answer,7,arabic,,تسجيل جميع ضغطات المفاتيح  وبالتالي كل كلمات المرور المدخلة على الكمبيوتر و أرقام البطاقات الائتمانية لغرض السرقة كما يستعمل أيضا لإثبات الهوية كقياس حيوي سلوكي .,"{""question_type"": ""اٍشرح""}"
arasag,48,ماهي وظيفة برنامج راصد لوحة المفاتيح؟,يقوم راصد لوحة المفاتيح بحفظ النقرات على لوحة المفاتيح ليتمكن من الحصول عليها المخترق للكشف على البريد الالكتروني ,2,0.0,5.0,cybercrimes,short_answer,7,arabic,,تسجيل جميع ضغطات المفاتيح  وبالتالي كل كلمات المرور المدخلة على الكمبيوتر و أرقام البطاقات الائتمانية لغرض السرقة كما يستعمل أيضا لإثبات الهوية كقياس حيوي سلوكي .,"{""question_type"": ""اٍشرح""}"
arasag,48,ماهي وظيفة برنامج راصد لوحة المفاتيح؟,وسيلة لمعرفة ما يكتبه مستخدم الحاسوب ويستعملها المخترق لمعرفة  الأرقام السرية وبعض المعلومات الخاصة,2,0.0,5.0,cybercrimes,short_answer,7,arabic,,تسجيل جميع ضغطات المفاتيح  وبالتالي كل كلمات المرور المدخلة على الكمبيوتر و أرقام البطاقات الائتمانية لغرض السرقة كما يستعمل أيضا لإثبات الهوية كقياس حيوي سلوكي .,"{""question_type"": ""اٍشرح""}"
arasag,48,ماهي وظيفة برنامج راصد لوحة المفاتيح؟,برصد كل ما يقوم به على لوحة المفاتيح ومنه يرصد  كلمات السر,2,0.0,5.0,cybercrimes,short_answer,7,arabic,,تسجيل جميع ضغطات المفاتيح  وبالتالي كل كلمات المرور المدخلة على الكمبيوتر و أرقام البطاقات الائتمانية لغرض السرقة كما يستعمل أيضا لإثبات الهوية كقياس حيوي سلوكي .,"{""question_type"": ""اٍشرح""}"
arasag,48,ماهي وظيفة برنامج راصد لوحة المفاتيح؟,يجمع و يعالج ضربات المفاتيح ليمكن مرتكب الجريمة من سرقة الارقام السرية و التجسس عليه ,2,0.0,5.0,cybercrimes,short_answer,7,arabic,,تسجيل جميع ضغطات المفاتيح  وبالتالي كل كلمات المرور المدخلة على الكمبيوتر و أرقام البطاقات الائتمانية لغرض السرقة كما يستعمل أيضا لإثبات الهوية كقياس حيوي سلوكي .,"{""question_type"": ""اٍشرح""}"
arasag,48,ماهي وظيفة برنامج راصد لوحة المفاتيح؟,الحصول على اكثر ما يمكن من كلمات السر للمستخدمين ,1,0.0,5.0,cybercrimes,short_answer,7,arabic,,تسجيل جميع ضغطات المفاتيح  وبالتالي كل كلمات المرور المدخلة على الكمبيوتر و أرقام البطاقات الائتمانية لغرض السرقة كما يستعمل أيضا لإثبات الهوية كقياس حيوي سلوكي .,"{""question_type"": ""اٍشرح""}"
arasag,48,ماهي وظيفة برنامج راصد لوحة المفاتيح؟,هو برنامج ترقب عند النقر في لوحة المفاتيح فان كل المعلومات تنقل الى المخترق أوتوماتيكيا   وبالتالي يمكن معرفته كلمات المرور ,4,0.0,5.0,cybercrimes,short_answer,7,arabic,,تسجيل جميع ضغطات المفاتيح  وبالتالي كل كلمات المرور المدخلة على الكمبيوتر و أرقام البطاقات الائتمانية لغرض السرقة كما يستعمل أيضا لإثبات الهوية كقياس حيوي سلوكي .,"{""question_type"": ""اٍشرح""}"
arasag,48,ماهي وظيفة برنامج راصد لوحة المفاتيح؟,تخزين كامل ضربات لوحة المفاتيح و بذلك تخزين معلومات الحاسوب كالارقام  السرية و البريد الالكتروني والكلمات السرية مما يسهل عملية الاختراق ,3,0.0,5.0,cybercrimes,short_answer,7,arabic,,تسجيل جميع ضغطات المفاتيح  وبالتالي كل كلمات المرور المدخلة على الكمبيوتر و أرقام البطاقات الائتمانية لغرض السرقة كما يستعمل أيضا لإثبات الهوية كقياس حيوي سلوكي .,"{""question_type"": ""اٍشرح""}"
arasag,48,ماهي وظيفة برنامج راصد لوحة المفاتيح؟,يعمل على رصد ضربات لوحة المفاتيح من اجل سرقة كلمات المرور ,3,0.0,5.0,cybercrimes,short_answer,7,arabic,,تسجيل جميع ضغطات المفاتيح  وبالتالي كل كلمات المرور المدخلة على الكمبيوتر و أرقام البطاقات الائتمانية لغرض السرقة كما يستعمل أيضا لإثبات الهوية كقياس حيوي سلوكي .,"{""question_type"": ""اٍشرح""}"
arasag,48,ماهي وظيفة برنامج راصد لوحة المفاتيح؟,تفكيك كلمات السر والشفرات الخاصة بالمستخدمين,2,0.0,5.0,cybercrimes,short_answer,7,arabic,,تسجيل جميع ضغطات المفاتيح  وبالتالي كل كلمات المرور المدخلة على الكمبيوتر و أرقام البطاقات الائتمانية لغرض السرقة كما يستعمل أيضا لإثبات الهوية كقياس حيوي سلوكي .,"{""question_type"": ""اٍشرح""}"
arasag,48,ماهي وظيفة برنامج راصد لوحة المفاتيح؟,قراءة ضغوطات لوحة المفاتيح للمستخدمين من اجل الكشف عن كلمة السر ,3,0.0,5.0,cybercrimes,short_answer,7,arabic,,تسجيل جميع ضغطات المفاتيح  وبالتالي كل كلمات المرور المدخلة على الكمبيوتر و أرقام البطاقات الائتمانية لغرض السرقة كما يستعمل أيضا لإثبات الهوية كقياس حيوي سلوكي .,"{""question_type"": ""اٍشرح""}"
arasag,48,ماهي وظيفة برنامج راصد لوحة المفاتيح؟,برنامج يقوم على مبدا تسجيل ضربات المستخدم على لوحة المفاتيح، يستخدم غالبا من اجل التعرف على كلمة المرور (لسرقة كلمة المرور) لاشخاص اخرين ,3,0.0,5.0,cybercrimes,short_answer,7,arabic,,تسجيل جميع ضغطات المفاتيح  وبالتالي كل كلمات المرور المدخلة على الكمبيوتر و أرقام البطاقات الائتمانية لغرض السرقة كما يستعمل أيضا لإثبات الهوية كقياس حيوي سلوكي .,"{""question_type"": ""اٍشرح""}"
arasag,48,ماهي وظيفة برنامج راصد لوحة المفاتيح؟,الاطلاع على كل ما يدخله المستخدم باستعمال لوحة المفاتيح ,2,0.0,5.0,cybercrimes,short_answer,7,arabic,,تسجيل جميع ضغطات المفاتيح  وبالتالي كل كلمات المرور المدخلة على الكمبيوتر و أرقام البطاقات الائتمانية لغرض السرقة كما يستعمل أيضا لإثبات الهوية كقياس حيوي سلوكي .,"{""question_type"": ""اٍشرح""}"
arasag,48,ماهي وظيفة برنامج راصد لوحة المفاتيح؟,رصد المفاتيح المضغوطة من طرف المستخدم من اجل استخراج كلمات المرور و اسماء المستخدم الحساسة و ارسالها الى المخترق ,3,0.0,5.0,cybercrimes,short_answer,7,arabic,,تسجيل جميع ضغطات المفاتيح  وبالتالي كل كلمات المرور المدخلة على الكمبيوتر و أرقام البطاقات الائتمانية لغرض السرقة كما يستعمل أيضا لإثبات الهوية كقياس حيوي سلوكي .,"{""question_type"": ""اٍشرح""}"
arasag,48,ماهي وظيفة برنامج راصد لوحة المفاتيح؟,برنامج يثبت على اجهزة الحاسب يمكن من  ارسال رمز المفتاح عند الضغط عليه للمخترقين فيسهل عليهم الحصول على كلمات السر و كذا رموز البطاقات الائتمانية و المصرفية ,3,0.0,5.0,cybercrimes,short_answer,7,arabic,,تسجيل جميع ضغطات المفاتيح  وبالتالي كل كلمات المرور المدخلة على الكمبيوتر و أرقام البطاقات الائتمانية لغرض السرقة كما يستعمل أيضا لإثبات الهوية كقياس حيوي سلوكي .,"{""question_type"": ""اٍشرح""}"
arasag,48,ماهي وظيفة برنامج راصد لوحة المفاتيح؟,يسجل كل ضربات لوحة المفاتيح و يرسلها المخترق عبر بريد الإلكتروني مثلا,2,0.0,5.0,cybercrimes,short_answer,7,arabic,,تسجيل جميع ضغطات المفاتيح  وبالتالي كل كلمات المرور المدخلة على الكمبيوتر و أرقام البطاقات الائتمانية لغرض السرقة كما يستعمل أيضا لإثبات الهوية كقياس حيوي سلوكي .,"{""question_type"": ""اٍشرح""}"
arasag,48,ماهي وظيفة برنامج راصد لوحة المفاتيح؟,التجسس على جهاز معين برصد حركة المفاتيح و سرعة الضربة و تسجيل ما يقوم بكتابته الجهاز و ارساله للمخترق حتى يحصل على المعلومات,2,0.0,5.0,cybercrimes,short_answer,7,arabic,,تسجيل جميع ضغطات المفاتيح  وبالتالي كل كلمات المرور المدخلة على الكمبيوتر و أرقام البطاقات الائتمانية لغرض السرقة كما يستعمل أيضا لإثبات الهوية كقياس حيوي سلوكي .,"{""question_type"": ""اٍشرح""}"
arasag,48,ماهي وظيفة برنامج راصد لوحة المفاتيح؟,يرصد الضغطات على ازرار لوعة المفاتيح فيتمكن من خلال هذا ان يعرف ارقام بطاقات الائتمان و كلمات المرور,3,0.0,5.0,cybercrimes,short_answer,7,arabic,,تسجيل جميع ضغطات المفاتيح  وبالتالي كل كلمات المرور المدخلة على الكمبيوتر و أرقام البطاقات الائتمانية لغرض السرقة كما يستعمل أيضا لإثبات الهوية كقياس حيوي سلوكي .,"{""question_type"": ""اٍشرح""}"
arasag,48,ماهي وظيفة برنامج راصد لوحة المفاتيح؟,تسجيل نقرات لوحة المفاتيح لانتقال المعلومات الى المخترق بطريقة اوتوماتيكية مما يسمح له بسرقة الكلمات السرية المعلومات الشخصية للمستخدم,3,0.0,5.0,cybercrimes,short_answer,7,arabic,,تسجيل جميع ضغطات المفاتيح  وبالتالي كل كلمات المرور المدخلة على الكمبيوتر و أرقام البطاقات الائتمانية لغرض السرقة كما يستعمل أيضا لإثبات الهوية كقياس حيوي سلوكي .,"{""question_type"": ""اٍشرح""}"
arasag,48,ماهي وظيفة برنامج راصد لوحة المفاتيح؟,سرقة المعلومات او كلمات السر من الضحايا من خلال ما يكتبونه بلوحة المفاتيح,2,0.0,5.0,cybercrimes,short_answer,7,arabic,,تسجيل جميع ضغطات المفاتيح  وبالتالي كل كلمات المرور المدخلة على الكمبيوتر و أرقام البطاقات الائتمانية لغرض السرقة كما يستعمل أيضا لإثبات الهوية كقياس حيوي سلوكي .,"{""question_type"": ""اٍشرح""}"
arasag,48,ماهي وظيفة برنامج راصد لوحة المفاتيح؟,تسجيل التوقيع و النقر عل لوحة المفاتيح للحصول على المعلومات الشخصية ككلمة المرور مثلا,3,0.0,5.0,cybercrimes,short_answer,7,arabic,,تسجيل جميع ضغطات المفاتيح  وبالتالي كل كلمات المرور المدخلة على الكمبيوتر و أرقام البطاقات الائتمانية لغرض السرقة كما يستعمل أيضا لإثبات الهوية كقياس حيوي سلوكي .,"{""question_type"": ""اٍشرح""}"
arasag,48,ماهي وظيفة برنامج راصد لوحة المفاتيح؟,تسجيل ضغطات على لوحة المفاتيح و بالتالي ارسال المعلومات اوتوماتيكيا الى المخترقين و منها معرفة واختراق الارقام السرية,3,0.0,5.0,cybercrimes,short_answer,7,arabic,,تسجيل جميع ضغطات المفاتيح  وبالتالي كل كلمات المرور المدخلة على الكمبيوتر و أرقام البطاقات الائتمانية لغرض السرقة كما يستعمل أيضا لإثبات الهوية كقياس حيوي سلوكي .,"{""question_type"": ""اٍشرح""}"
arasag,48,ماهي وظيفة برنامج راصد لوحة المفاتيح؟,يقوم بتسجيل ضغطات لوحة المفاتيح و ارسالها للمخترق مما بمكنه كشف كلمات السر,3,0.0,5.0,cybercrimes,short_answer,7,arabic,,تسجيل جميع ضغطات المفاتيح  وبالتالي كل كلمات المرور المدخلة على الكمبيوتر و أرقام البطاقات الائتمانية لغرض السرقة كما يستعمل أيضا لإثبات الهوية كقياس حيوي سلوكي .,"{""question_type"": ""اٍشرح""}"
arasag,48,ماهي وظيفة برنامج راصد لوحة المفاتيح؟,يقوم بتسجيل كل ما يدخله المستخدم عبر لوحة المفاتيح ككلمات السر و معلومات حساسة أخرى فيستغل ذلك المخترق لادراك غايته,2,0.0,5.0,cybercrimes,short_answer,7,arabic,,تسجيل جميع ضغطات المفاتيح  وبالتالي كل كلمات المرور المدخلة على الكمبيوتر و أرقام البطاقات الائتمانية لغرض السرقة كما يستعمل أيضا لإثبات الهوية كقياس حيوي سلوكي .,"{""question_type"": ""اٍشرح""}"
arasag,48,ماهي وظيفة برنامج راصد لوحة المفاتيح؟,يقوم هذا البرنامج بتتبع جميع النقرات على لوحة المفاتيح اذن يتيح للمخترق معرفة جميع الكلمات المكتوبة بما في ذلك المعلومات الخاصة و كلمات السر لكل الحسابات,3,0.0,5.0,cybercrimes,short_answer,7,arabic,,تسجيل جميع ضغطات المفاتيح  وبالتالي كل كلمات المرور المدخلة على الكمبيوتر و أرقام البطاقات الائتمانية لغرض السرقة كما يستعمل أيضا لإثبات الهوية كقياس حيوي سلوكي .,"{""question_type"": ""اٍشرح""}"
arasag,48,ماهي وظيفة برنامج راصد لوحة المفاتيح؟,تسجيل نقرات المستخدم على لوحة المفاتيح و نقل هذه المعلومة للمخترق,2,0.0,5.0,cybercrimes,short_answer,7,arabic,,تسجيل جميع ضغطات المفاتيح  وبالتالي كل كلمات المرور المدخلة على الكمبيوتر و أرقام البطاقات الائتمانية لغرض السرقة كما يستعمل أيضا لإثبات الهوية كقياس حيوي سلوكي .,"{""question_type"": ""اٍشرح""}"
arasag,3, ماهي ابرز طرق انتشار الفيروسات,برامج التنزيل ، تحميل برامج من الأنترنت، دخول مواقع غير موثوقة، فتح ايمايلات من مصادر مجهولة.,5,0.0,5.0,cybercrimes,short_answer,7,arabic,,البريد الإلكتروني و البرامج التي يتم تحميلها من الانترنت خاصة من المواقع المشبوهة,"{""question_type"": ""اٍشرح""}"
arasag,3, ماهي ابرز طرق انتشار الفيروسات,عبر تحميل برنامج Cracking، دخول في بعض المواقع الممنوعة.,3,0.0,5.0,cybercrimes,short_answer,7,arabic,,البريد الإلكتروني و البرامج التي يتم تحميلها من الانترنت خاصة من المواقع المشبوهة,"{""question_type"": ""اٍشرح""}"
arasag,3, ماهي ابرز طرق انتشار الفيروسات,إستعمال أسلوب أحصنة طروادة لإبهام المستعمل أن هذه البرامج تكون مفيدة وغير مضرة سطحيا,1,0.0,5.0,cybercrimes,short_answer,7,arabic,,البريد الإلكتروني و البرامج التي يتم تحميلها من الانترنت خاصة من المواقع المشبوهة,"{""question_type"": ""اٍشرح""}"
arasag,3, ماهي ابرز طرق انتشار الفيروسات,عن طريق فتح مواقع مشتبهة أو عند تحميل برامج، وهو يتضاعف بنفسه، ينتشر بواسطة برامج أخرى.,2,0.0,5.0,cybercrimes,short_answer,7,arabic,,البريد الإلكتروني و البرامج التي يتم تحميلها من الانترنت خاصة من المواقع المشبوهة,"{""question_type"": ""اٍشرح""}"
arasag,3, ماهي ابرز طرق انتشار الفيروسات,البريد الإلكتروني او عن طريق تحميل برامج من الإنترنت,4,0.0,5.0,cybercrimes,short_answer,7,arabic,,البريد الإلكتروني و البرامج التي يتم تحميلها من الانترنت خاصة من المواقع المشبوهة,"{""question_type"": ""اٍشرح""}"
arasag,3, ماهي ابرز طرق انتشار الفيروسات,الدود: تستغل فجوات أنظمة التشغيل للقيام بالهجوم مباشرة، برامج الانزال: اِلقاء فيروسات عن طريق برامج مكافحة الفيروسات.,1,0.0,5.0,cybercrimes,short_answer,7,arabic,,البريد الإلكتروني و البرامج التي يتم تحميلها من الانترنت خاصة من المواقع المشبوهة,"{""question_type"": ""اٍشرح""}"
arasag,3, ماهي ابرز طرق انتشار الفيروسات,عند زيارة مواقع مشبوه فيها، عند استعمال البرامج التي تحتوي على ال Crack.، تقوم الفيروسات؛ بعد دخولها اِلى الكمبيوتر بنسخ نفسها وذلك بالارتباط ببرامج أخرى.,4,0.0,5.0,cybercrimes,short_answer,7,arabic,,البريد الإلكتروني و البرامج التي يتم تحميلها من الانترنت خاصة من المواقع المشبوهة,"{""question_type"": ""اٍشرح""}"
arasag,3, ماهي ابرز طرق انتشار الفيروسات,البريد الإلكتروني؛ تحميل الملفات من الأنترنت,4,0.0,5.0,cybercrimes,short_answer,7,arabic,,البريد الإلكتروني و البرامج التي يتم تحميلها من الانترنت خاصة من المواقع المشبوهة,"{""question_type"": ""اٍشرح""}"
arasag,3, ماهي ابرز طرق انتشار الفيروسات,فتح برامج فيها فيروس مقترن: فيقترن ببرامج أخرى، إدخال قرص فلاش في الحاسوب به فيروس، الدخول على مواقع مشبوهة (إباحية؛ جنسية...)، تحميل برنامج مقرصن.,3,0.0,5.0,cybercrimes,short_answer,7,arabic,,البريد الإلكتروني و البرامج التي يتم تحميلها من الانترنت خاصة من المواقع المشبوهة,"{""question_type"": ""اٍشرح""}"
arasag,3, ماهي ابرز طرق انتشار الفيروسات,الدخول الى المواقع المشبوهة، تحميل البرامج المقرصنة استعمال فلاش فيه فيروسات يساهم في انتشارها، تشغيل البرامج مجهولة المصدر.,3,0.0,5.0,cybercrimes,short_answer,7,arabic,,البريد الإلكتروني و البرامج التي يتم تحميلها من الانترنت خاصة من المواقع المشبوهة,"{""question_type"": ""اٍشرح""}"
arasag,3, ماهي ابرز طرق انتشار الفيروسات,تعمل فيروسات على الإقتران ببرنامج فتعمل عند عمله وهي قادرة على نسخ نفسها باقترانها ببرنامج آخر، برامج الإنزال: قادرة على نرش الفيروسات ونقلها.,1,0.0,5.0,cybercrimes,short_answer,7,arabic,,البريد الإلكتروني و البرامج التي يتم تحميلها من الانترنت خاصة من المواقع المشبوهة,"{""question_type"": ""اٍشرح""}"
arasag,3, ماهي ابرز طرق انتشار الفيروسات,أبرز طرق انتشار الفيروسات تتمثل في: رسائل البريد لإلكتروني، عن طريق أحصنة طروادة، برامج الانزال.,3,0.0,5.0,cybercrimes,short_answer,7,arabic,,البريد الإلكتروني و البرامج التي يتم تحميلها من الانترنت خاصة من المواقع المشبوهة,"{""question_type"": ""اٍشرح""}"
arasag,3, ماهي ابرز طرق انتشار الفيروسات,اقترانه ببرامج أخرى، عند تحميل برامج التي تحتوي على تدخل الفيروسات وتنتشر.,3,0.0,5.0,cybercrimes,short_answer,7,arabic,,البريد الإلكتروني و البرامج التي يتم تحميلها من الانترنت خاصة من المواقع المشبوهة,"{""question_type"": ""اٍشرح""}"
arasag,3, ماهي ابرز طرق انتشار الفيروسات,أبرز طرق انتشار الفيروسات هي زيارة المواقع المشبوهة (المواقع الإباحية و غيرها) تحميل برامج من غير مصدرها الرسمي ,3,0.0,5.0,cybercrimes,short_answer,7,arabic,,البريد الإلكتروني و البرامج التي يتم تحميلها من الانترنت خاصة من المواقع المشبوهة,"{""question_type"": ""اٍشرح""}"
arasag,3, ماهي ابرز طرق انتشار الفيروسات,زيارة المواقع المشبوهة جميع البرامج المقرصنة و التي تحتوي على فيروسات الإختراق و تحميل برنامج الإنزال,4,0.0,5.0,cybercrimes,short_answer,7,arabic,,البريد الإلكتروني و البرامج التي يتم تحميلها من الانترنت خاصة من المواقع المشبوهة,"{""question_type"": ""اٍشرح""}"
arasag,3, ماهي ابرز طرق انتشار الفيروسات,عبر أحصنة طروادة : هو برنامج يبدو مفيد لكنه عكس ذلك إذ فور تشغيله يقوم بنشر الفيروسات في الجهاز، عبر إرسال رسائل إلكترونية مغرية تدعو إلى فتح مواقع تثبت فيروسات على الحاسوب.,2,0.0,5.0,cybercrimes,short_answer,7,arabic,,البريد الإلكتروني و البرامج التي يتم تحميلها من الانترنت خاصة من المواقع المشبوهة,"{""question_type"": ""اٍشرح""}"
arasag,3, ماهي ابرز طرق انتشار الفيروسات,عن طريق الأنترنت بنشر روابط لتحميلها و لكنها لا تبدو أنها لفيروس ، برامج التنزيل و عدم وجود مضاد فيروسات على الأجهزة الإلكترونية.,2,0.0,5.0,cybercrimes,short_answer,7,arabic,,البريد الإلكتروني و البرامج التي يتم تحميلها من الانترنت خاصة من المواقع المشبوهة,"{""question_type"": ""اٍشرح""}"
arasag,3, ماهي ابرز طرق انتشار الفيروسات,تصفح مواقع مشبوهة، برامج الإنزال.,2,0.0,5.0,cybercrimes,short_answer,7,arabic,,البريد الإلكتروني و البرامج التي يتم تحميلها من الانترنت خاصة من المواقع المشبوهة,"{""question_type"": ""اٍشرح""}"
arasag,3, ماهي ابرز طرق انتشار الفيروسات,تحميل برامج عبر الإنترنت، الدخول الى مواقع فيها تحميل للفيروسات بشكل تلقائي.,3,0.0,5.0,cybercrimes,short_answer,7,arabic,,البريد الإلكتروني و البرامج التي يتم تحميلها من الانترنت خاصة من المواقع المشبوهة,"{""question_type"": ""اٍشرح""}"
arasag,3, ماهي ابرز طرق انتشار الفيروسات,"عبر الإنترنت كمواقع غير مؤمنة, تحميل برامج كراك, تحميل برامج ضارة, عبر مواقع تحميل البرامج فقد يتضمن البرنامج فيروس, وعبر البريد الإلكتروني أو الأجهزة ",4,0.0,5.0,cybercrimes,short_answer,7,arabic,,البريد الإلكتروني و البرامج التي يتم تحميلها من الانترنت خاصة من المواقع المشبوهة,"{""question_type"": ""اٍشرح""}"
arasag,3, ماهي ابرز طرق انتشار الفيروسات,من أبرز طرق انتشار الفيروسات : الدود أحصنة الطراودة الفيروس,0,0.0,5.0,cybercrimes,short_answer,7,arabic,,البريد الإلكتروني و البرامج التي يتم تحميلها من الانترنت خاصة من المواقع المشبوهة,"{""question_type"": ""اٍشرح""}"
arasag,3, ماهي ابرز طرق انتشار الفيروسات,عبر المواقع المشبوهة عبر وسائل بريد غير معروفة المصدر يحمل ملفات صور عبر حاسوب آخر ,4,0.0,5.0,cybercrimes,short_answer,7,arabic,,البريد الإلكتروني و البرامج التي يتم تحميلها من الانترنت خاصة من المواقع المشبوهة,"{""question_type"": ""اٍشرح""}"
arasag,3, ماهي ابرز طرق انتشار الفيروسات,تنتشر الفيروسات عادة عبر البريد الالكتروني او عبر البرامج المحملة من الانترنت,4,0.0,5.0,cybercrimes,short_answer,7,arabic,,البريد الإلكتروني و البرامج التي يتم تحميلها من الانترنت خاصة من المواقع المشبوهة,"{""question_type"": ""اٍشرح""}"
arasag,3, ماهي ابرز طرق انتشار الفيروسات,"ابرز طرق الانتشار هي البريد الإلكتروني ,عند تحميل بعض البرامج المقرصنة و عند زيارة بعض المواقع المشبوهة",5,0.0,5.0,cybercrimes,short_answer,7,arabic,,البريد الإلكتروني و البرامج التي يتم تحميلها من الانترنت خاصة من المواقع المشبوهة,"{""question_type"": ""اٍشرح""}"
arasag,3, ماهي ابرز طرق انتشار الفيروسات,"هي شكل حصان طروادة ,حيث يحمل ملف او برنامج يبدو عادي في نهايته فيروس ",0,0.0,5.0,cybercrimes,short_answer,7,arabic,,البريد الإلكتروني و البرامج التي يتم تحميلها من الانترنت خاصة من المواقع المشبوهة,"{""question_type"": ""اٍشرح""}"
arasag,3, ماهي ابرز طرق انتشار الفيروسات,الفيروسات تعتبر برنامج شرير يقوم بتخريب البيانات و يتم انتشارها عن طريق دخول مواقع أو روابط فتحمل أوتوماتيكيا أو عن برامج تكون مقترنة بالفيروس,2,0.0,5.0,cybercrimes,short_answer,7,arabic,,البريد الإلكتروني و البرامج التي يتم تحميلها من الانترنت خاصة من المواقع المشبوهة,"{""question_type"": ""اٍشرح""}"
arasag,3, ماهي ابرز طرق انتشار الفيروسات,زيارة مواقع مشبوهة ، إستخدام البرامج التي تحوى على crack، إصابة الجهاز ببرامج الإنزال.,4,0.0,5.0,cybercrimes,short_answer,7,arabic,,البريد الإلكتروني و البرامج التي يتم تحميلها من الانترنت خاصة من المواقع المشبوهة,"{""question_type"": ""اٍشرح""}"
arasag,3, ماهي ابرز طرق انتشار الفيروسات,الرسائل الإلكترونية التي تحتوي البرامج ، مواقع الإنترنت.,4,0.0,5.0,cybercrimes,short_answer,7,arabic,,البريد الإلكتروني و البرامج التي يتم تحميلها من الانترنت خاصة من المواقع المشبوهة,"{""question_type"": ""اٍشرح""}"
arasag,3, ماهي ابرز طرق انتشار الفيروسات,"تنتشر الفيروسات عبر الاختباء خلف البرامج أو البريد الإلكتروني حيث تنتظر الفرصة المناسبة للهجوم (الفيروس, الدود).بالإضافة إلى حصان طروادة الذي يوهم الشخص أنه برنامج مسالم و بريء ",2,0.0,5.0,cybercrimes,short_answer,7,arabic,,البريد الإلكتروني و البرامج التي يتم تحميلها من الانترنت خاصة من المواقع المشبوهة,"{""question_type"": ""اٍشرح""}"
arasag,3, ماهي ابرز طرق انتشار الفيروسات,إما بتحميل برامج وإطلاع على الروابط المشبوه بها في الأنترنت مثل فيروس أحصنة الطروادة,3,0.0,5.0,cybercrimes,short_answer,7,arabic,,البريد الإلكتروني و البرامج التي يتم تحميلها من الانترنت خاصة من المواقع المشبوهة,"{""question_type"": ""اٍشرح""}"
arasag,3, ماهي ابرز طرق انتشار الفيروسات,عبر التطبيقات، عبر الأجهزة المرتبطة، عبر المواقع، عبر الألعاب المجانية.,2,0.0,5.0,cybercrimes,short_answer,7,arabic,,البريد الإلكتروني و البرامج التي يتم تحميلها من الانترنت خاصة من المواقع المشبوهة,"{""question_type"": ""اٍشرح""}"
arasag,3, ماهي ابرز طرق انتشار الفيروسات,أحصنة طروادة ، برامج الانزال.,0,0.0,5.0,cybercrimes,short_answer,7,arabic,,البريد الإلكتروني و البرامج التي يتم تحميلها من الانترنت خاصة من المواقع المشبوهة,"{""question_type"": ""اٍشرح""}"
arasag,3, ماهي ابرز طرق انتشار الفيروسات,تنتشر الفيروسات عبر الرسائل الإلكترونية و تكون مخفية عبر مفاتيح USB عبر  المواقع أو التحميلات عبر الإنترنت,4,0.0,5.0,cybercrimes,short_answer,7,arabic,,البريد الإلكتروني و البرامج التي يتم تحميلها من الانترنت خاصة من المواقع المشبوهة,"{""question_type"": ""اٍشرح""}"
arasag,3, ماهي ابرز طرق انتشار الفيروسات,فتح المواقع المشبوهة، تنتشر عن طريق الرسائل أحصنة طروادة الإعلانات,3,0.0,5.0,cybercrimes,short_answer,7,arabic,,البريد الإلكتروني و البرامج التي يتم تحميلها من الانترنت خاصة من المواقع المشبوهة,"{""question_type"": ""اٍشرح""}"
arasag,3, ماهي ابرز طرق انتشار الفيروسات,تتثبت مع برامج و تقوم باعادة نسخ نفسها لتقوم بثبت مع برامج اخرى,1,0.0,5.0,cybercrimes,short_answer,7,arabic,,البريد الإلكتروني و البرامج التي يتم تحميلها من الانترنت خاصة من المواقع المشبوهة,"{""question_type"": ""اٍشرح""}"
arasag,3, ماهي ابرز طرق انتشار الفيروسات,ارسال رسائل عبر البريد الالكتروني بشكل هائل الى عدد كبير من العناوين,2,0.0,5.0,cybercrimes,short_answer,7,arabic,,البريد الإلكتروني و البرامج التي يتم تحميلها من الانترنت خاصة من المواقع المشبوهة,"{""question_type"": ""اٍشرح""}"
arasag,3, ماهي ابرز طرق انتشار الفيروسات,البريد الالكتروني، الملفات المحملة من الانترنت,4,0.0,5.0,cybercrimes,short_answer,7,arabic,,البريد الإلكتروني و البرامج التي يتم تحميلها من الانترنت خاصة من المواقع المشبوهة,"{""question_type"": ""اٍشرح""}"
arasag,3, ماهي ابرز طرق انتشار الفيروسات,تنتشر عبر البريد الالكتروني او زيارة بعض المواقع في الانترنت فيقوم بتحميلها الضحية,4,0.0,5.0,cybercrimes,short_answer,7,arabic,,البريد الإلكتروني و البرامج التي يتم تحميلها من الانترنت خاصة من المواقع المشبوهة,"{""question_type"": ""اٍشرح""}"
arasag,3, ماهي ابرز طرق انتشار الفيروسات,الدخول الى المواقع المشبوهة ، البريد الالكتروني، بواسطة الفلاشات,4,0.0,5.0,cybercrimes,short_answer,7,arabic,,البريد الإلكتروني و البرامج التي يتم تحميلها من الانترنت خاصة من المواقع المشبوهة,"{""question_type"": ""اٍشرح""}"
arasag,3, ماهي ابرز طرق انتشار الفيروسات,عند تحميل البرنامج يحمل الفيروس تلقائيا و بمجرد تشغيل البرنامج ينشط الفيروس و يعيد انتاج نفسه للاقتران ببرنامج اخر حتى يصبح الجهاز كله فيروسات ومن نتاجه مسح ذاكرة الحاسوب إتلاف المعلومات,2,0.0,5.0,cybercrimes,short_answer,7,arabic,,البريد الإلكتروني و البرامج التي يتم تحميلها من الانترنت خاصة من المواقع المشبوهة,"{""question_type"": ""اٍشرح""}"
arasag,3, ماهي ابرز طرق انتشار الفيروسات,البريد الالكتروني، تحميل البرامج من الانترنت، الدخول الى مواقع مشبوهة ,5,0.0,5.0,cybercrimes,short_answer,7,arabic,,البريد الإلكتروني و البرامج التي يتم تحميلها من الانترنت خاصة من المواقع المشبوهة,"{""question_type"": ""اٍشرح""}"
arasag,3, ماهي ابرز طرق انتشار الفيروسات,زيارة مواقع الويب غير آمنة و تحميل برامج مفيدة و لكن تحمل في طياتها فيروسات ,2,0.0,5.0,cybercrimes,short_answer,7,arabic,,البريد الإلكتروني و البرامج التي يتم تحميلها من الانترنت خاصة من المواقع المشبوهة,"{""question_type"": ""اٍشرح""}"
arasag,3, ماهي ابرز طرق انتشار الفيروسات,عدم استخدام مضاد الفيروسات، المواقع الإباحية، تحميل برامج الكراك و الباتش,2,0.0,5.0,cybercrimes,short_answer,7,arabic,,البريد الإلكتروني و البرامج التي يتم تحميلها من الانترنت خاصة من المواقع المشبوهة,"{""question_type"": ""اٍشرح""}"
arasag,7,أذكر الصفات الفيزيائية التي تستعمل عادة في القياس الحيوي,بصمة الاصبع/قزحية العين، تفاصيل  الوجه، الحمض النووي.,4,0.0,5.0,cybercrimes,short_answer,7,arabic,,الحمض النووي - قزحية العين - بصمة اليد -  بصمة الإصبع - الوجه ,"{""question_type"": ""اٍشرح""}"
arasag,7,أذكر الصفات الفيزيائية التي تستعمل عادة في القياس الحيوي,الحمض النووي، بصمة الاصبع، بصمة اليد، قزحية العين، شبكية للعين و الوجه,5,0.0,5.0,cybercrimes,short_answer,7,arabic,,الحمض النووي - قزحية العين - بصمة اليد -  بصمة الإصبع - الوجه ,"{""question_type"": ""اٍشرح""}"
arasag,7,أذكر الصفات الفيزيائية التي تستعمل عادة في القياس الحيوي,الحمض النووي ، قزحية العين، بصمة اليد، بصمة الاصبع، الوجه,5,0.0,5.0,cybercrimes,short_answer,7,arabic,,الحمض النووي - قزحية العين - بصمة اليد -  بصمة الإصبع - الوجه ,"{""question_type"": ""اٍشرح""}"
arasag,7,أذكر الصفات الفيزيائية التي تستعمل عادة في القياس الحيوي,الحمض النووي، قزحية العين، الوجه، بصمة اليد .,4,0.0,5.0,cybercrimes,short_answer,7,arabic,,الحمض النووي - قزحية العين - بصمة اليد -  بصمة الإصبع - الوجه ,"{""question_type"": ""اٍشرح""}"
arasag,7,أذكر الصفات الفيزيائية التي تستعمل عادة في القياس الحيوي,بصمة الاصبع، بصمة اليد، الوجه، قزحية العين .,4,0.0,5.0,cybercrimes,short_answer,7,arabic,,الحمض النووي - قزحية العين - بصمة اليد -  بصمة الإصبع - الوجه ,"{""question_type"": ""اٍشرح""}"
arasag,7,أذكر الصفات الفيزيائية التي تستعمل عادة في القياس الحيوي,قارئة البصمة ، قارئة عدسات العين، قارئة الإمضاء الإلكتروني، الصفات: البصمة،  عدسات العين، و الإمضاء و الوجه، و طريق المشي .,2,0.0,5.0,cybercrimes,short_answer,7,arabic,,الحمض النووي - قزحية العين - بصمة اليد -  بصمة الإصبع - الوجه ,"{""question_type"": ""اٍشرح""}"
arasag,7,أذكر الصفات الفيزيائية التي تستعمل عادة في القياس الحيوي,قزحية العين، بصمة الاصبع، بصمة اليد، الوجه، قرنية العين .,4,0.0,5.0,cybercrimes,short_answer,7,arabic,,الحمض النووي - قزحية العين - بصمة اليد -  بصمة الإصبع - الوجه ,"{""question_type"": ""اٍشرح""}"
arasag,7,أذكر الصفات الفيزيائية التي تستعمل عادة في القياس الحيوي,بصمة اليد، بصمة الأصبع، شبكية العين، قرنية العين، الوجه، الصوت، الإمضاء، الحمض النووي .,4,0.0,5.0,cybercrimes,short_answer,7,arabic,,الحمض النووي - قزحية العين - بصمة اليد -  بصمة الإصبع - الوجه ,"{""question_type"": ""اٍشرح""}"
arasag,7,أذكر الصفات الفيزيائية التي تستعمل عادة في القياس الحيوي,بصمة الأصبع ، شكل الأعين، كل الوجه ، شكل اليد ,3,0.0,5.0,cybercrimes,short_answer,7,arabic,,الحمض النووي - قزحية العين - بصمة اليد -  بصمة الإصبع - الوجه ,"{""question_type"": ""اٍشرح""}"
arasag,7,أذكر الصفات الفيزيائية التي تستعمل عادة في القياس الحيوي,بصمات اليد، بصمات الأصبع ، قزحية العين، الوجه ,4,0.0,5.0,cybercrimes,short_answer,7,arabic,,الحمض النووي - قزحية العين - بصمة اليد -  بصمة الإصبع - الوجه ,"{""question_type"": ""اٍشرح""}"
arasag,7,أذكر الصفات الفيزيائية التي تستعمل عادة في القياس الحيوي,البصمة، قزحية العين، شكل اليد .,4,0.0,5.0,cybercrimes,short_answer,7,arabic,,الحمض النووي - قزحية العين - بصمة اليد -  بصمة الإصبع - الوجه ,"{""question_type"": ""اٍشرح""}"
arasag,7,أذكر الصفات الفيزيائية التي تستعمل عادة في القياس الحيوي,قزحة الاعين،بصمة اليد، بصمة الاصبع. ,3,0.0,5.0,cybercrimes,short_answer,7,arabic,,الحمض النووي - قزحية العين - بصمة اليد -  بصمة الإصبع - الوجه ,"{""question_type"": ""اٍشرح""}"
arasag,7,أذكر الصفات الفيزيائية التي تستعمل عادة في القياس الحيوي,بصمة اليد، بصمة الاصبع، قزحة العين، الصوت، الوجه. ,4,0.0,5.0,cybercrimes,short_answer,7,arabic,,الحمض النووي - قزحية العين - بصمة اليد -  بصمة الإصبع - الوجه ,"{""question_type"": ""اٍشرح""}"
arasag,7,أذكر الصفات الفيزيائية التي تستعمل عادة في القياس الحيوي,"البصمة , شبكية العين قزحية العين .",3,0.0,5.0,cybercrimes,short_answer,7,arabic,,الحمض النووي - قزحية العين - بصمة اليد -  بصمة الإصبع - الوجه ,"{""question_type"": ""اٍشرح""}"
arasag,7,أذكر الصفات الفيزيائية التي تستعمل عادة في القياس الحيوي,بصمة اليد، بصمة الاصبع، قزحة العين، الصوت، الوجه،الحمض النووي،شبكة العين.,4,0.0,5.0,cybercrimes,short_answer,7,arabic,,الحمض النووي - قزحية العين - بصمة اليد -  بصمة الإصبع - الوجه ,"{""question_type"": ""اٍشرح""}"
arasag,7,أذكر الصفات الفيزيائية التي تستعمل عادة في القياس الحيوي,الحمض النووي ، البصمة الوراثية و ماسح اليد ، قزحية العين و شبكية العين ,3,0.0,5.0,cybercrimes,short_answer,7,arabic,,الحمض النووي - قزحية العين - بصمة اليد -  بصمة الإصبع - الوجه ,"{""question_type"": ""اٍشرح""}"
arasag,7,أذكر الصفات الفيزيائية التي تستعمل عادة في القياس الحيوي,يستعمل فيها عضو او جزء من عضو الغنسان ،الوجه ، بصمة الاصبع ،خلفية العين ، نسخ الشبكية ، بصمة اليد .,4,0.0,5.0,cybercrimes,short_answer,7,arabic,,الحمض النووي - قزحية العين - بصمة اليد -  بصمة الإصبع - الوجه ,"{""question_type"": ""اٍشرح""}"
arasag,7,أذكر الصفات الفيزيائية التي تستعمل عادة في القياس الحيوي,قزحة العين ، شبكة العين ، بصمة العين ، الحمض النووي .,4,0.0,5.0,cybercrimes,short_answer,7,arabic,,الحمض النووي - قزحية العين - بصمة اليد -  بصمة الإصبع - الوجه ,"{""question_type"": ""اٍشرح""}"
arasag,7,أذكر الصفات الفيزيائية التي تستعمل عادة في القياس الحيوي,البصمة)بصمة الاصبع(، العين)بماسح العين( الصوت ) سماع صوت الشخص المعني(، اليد )ماسح اليد(.,3,0.0,5.0,cybercrimes,short_answer,7,arabic,,الحمض النووي - قزحية العين - بصمة اليد -  بصمة الإصبع - الوجه ,"{""question_type"": ""اٍشرح""}"
arasag,7,أذكر الصفات الفيزيائية التي تستعمل عادة في القياس الحيوي,بصمة الاصبع ،بصمة اليد ، تعرف على الوجه.,4,0.0,5.0,cybercrimes,short_answer,7,arabic,,الحمض النووي - قزحية العين - بصمة اليد -  بصمة الإصبع - الوجه ,"{""question_type"": ""اٍشرح""}"
arasag,7,أذكر الصفات الفيزيائية التي تستعمل عادة في القياس الحيوي,الوجه، بصمة الاصبع، حمض نووي، خزعية العين. ,4,0.0,5.0,cybercrimes,short_answer,7,arabic,,الحمض النووي - قزحية العين - بصمة اليد -  بصمة الإصبع - الوجه ,"{""question_type"": ""اٍشرح""}"
arasag,6,أذكر الصفات السلوكية التي تستخدم عادة في القياس الحيوي,  لدينا صفات السلكية التالية: الصوت، تحليل الحمض النووي ، الإمضاء الإلكتروني، ضربات لوحة المفاتيح.,4,0.0,5.0,cybercrimes,short_answer,7,arabic,,الصوت - التوقيع اليدوي - ضربات لوحة المفاتيح ,"{""question_type"": ""اٍشرح""}"
arasag,6,أذكر الصفات السلوكية التي تستخدم عادة في القياس الحيوي,البصمة ، اليد، القرنية) العين(، الصدفية، السمع) الصوت(,1,0.0,5.0,cybercrimes,short_answer,7,arabic,,الصوت - التوقيع اليدوي - ضربات لوحة المفاتيح ,"{""question_type"": ""اٍشرح""}"
arasag,6,أذكر الصفات السلوكية التي تستخدم عادة في القياس الحيوي,الصوت الذي يعتبر من شائعات العصر حيث يعمل النظام على تحليل الصوت و لكن يجب وجود بيئة هادئة ، الامضاء اليدوي: و يكون نفسه الامضاء التقليدي على شاشة حساسة باستعمال قلم رقمي حيث يقوم النظام بتشفيره، ضربات لوحة المفاتيح.,5,0.0,5.0,cybercrimes,short_answer,7,arabic,,الصوت - التوقيع اليدوي - ضربات لوحة المفاتيح ,"{""question_type"": ""اٍشرح""}"
arasag,6,أذكر الصفات السلوكية التي تستخدم عادة في القياس الحيوي,الصوت، ضربات المفاتيح.,4,0.0,5.0,cybercrimes,short_answer,7,arabic,,الصوت - التوقيع اليدوي - ضربات لوحة المفاتيح ,"{""question_type"": ""اٍشرح""}"
arasag,6,أذكر الصفات السلوكية التي تستخدم عادة في القياس الحيوي,الصوت ، التوقيع اليدوي ، ضربات لوحة المفاتيح.,5,0.0,5.0,cybercrimes,short_answer,7,arabic,,الصوت - التوقيع اليدوي - ضربات لوحة المفاتيح ,"{""question_type"": ""اٍشرح""}"
arasag,6,أذكر الصفات السلوكية التي تستخدم عادة في القياس الحيوي,ـالصوت : يتم التعرف على المستخدم عن طريق الصوت الخاص به، الإمضاء اليدوي : امضاء خاص متعرف عليه من طرف البرنامج لكل مستخدم، ضربات لوحة المفاتيح : يتم تسجيل ضربات لوحة المفاتيح الخاصة بالمستخدم  ,3,0.0,5.0,cybercrimes,short_answer,7,arabic,,الصوت - التوقيع اليدوي - ضربات لوحة المفاتيح ,"{""question_type"": ""اٍشرح""}"
arasag,6,أذكر الصفات السلوكية التي تستخدم عادة في القياس الحيوي,الحمض النووي ، شفرة العين ، شفرة الأصابع.,0,0.0,5.0,cybercrimes,short_answer,7,arabic,,الصوت - التوقيع اليدوي - ضربات لوحة المفاتيح ,"{""question_type"": ""اٍشرح""}"
arasag,6,أذكر الصفات السلوكية التي تستخدم عادة في القياس الحيوي,ـالصوت : حيث يتم تحليل الصوت في بيئة هادئة عبر ميكروفون ، التوقيع اليدوي : حيث يتم تحليل التوقيع اليدوي في شاشات لمس، ضربات لوحة المفاتيح : يتم تحليل نقرات المستخدم عبر أجهزة موصولة بلوحة المفاتيح.,5,0.0,5.0,cybercrimes,short_answer,7,arabic,,الصوت - التوقيع اليدوي - ضربات لوحة المفاتيح ,"{""question_type"": ""اٍشرح""}"
arasag,6,أذكر الصفات السلوكية التي تستخدم عادة في القياس الحيوي,التعرف على بصمة اليدين ، التعرف على الأعين.,0,0.0,5.0,cybercrimes,short_answer,7,arabic,,الصوت - التوقيع اليدوي - ضربات لوحة المفاتيح ,"{""question_type"": ""اٍشرح""}"
arasag,6,أذكر الصفات السلوكية التي تستخدم عادة في القياس الحيوي,الصوت، تحليل الحمض النووي ,3,0.0,5.0,cybercrimes,short_answer,7,arabic,,الصوت - التوقيع اليدوي - ضربات لوحة المفاتيح ,"{""question_type"": ""اٍشرح""}"
arasag,6,أذكر الصفات السلوكية التي تستخدم عادة في القياس الحيوي,البصمة ، اليد، القرنية) العين(، الصدفية، السمع) الصوت(،  ,1,0.0,5.0,cybercrimes,short_answer,7,arabic,,الصوت - التوقيع اليدوي - ضربات لوحة المفاتيح ,"{""question_type"": ""اٍشرح""}"
arasag,6,أذكر الصفات السلوكية التي تستخدم عادة في القياس الحيوي,الامضاء الالكتروني، الصوت,4,0.0,5.0,cybercrimes,short_answer,7,arabic,,الصوت - التوقيع اليدوي - ضربات لوحة المفاتيح ,"{""question_type"": ""اٍشرح""}"
arasag,6,أذكر الصفات السلوكية التي تستخدم عادة في القياس الحيوي, الصوت ، الامضاء اليدوي، ضربات لوحة المفاتيح,5,0.0,5.0,cybercrimes,short_answer,7,arabic,,الصوت - التوقيع اليدوي - ضربات لوحة المفاتيح ,"{""question_type"": ""اٍشرح""}"
arasag,6,أذكر الصفات السلوكية التي تستخدم عادة في القياس الحيوي,الصوت، ضربات المفاتيح، التوقيع الالكتروني,5,0.0,5.0,cybercrimes,short_answer,7,arabic,,الصوت - التوقيع اليدوي - ضربات لوحة المفاتيح ,"{""question_type"": ""اٍشرح""}"
arasag,6,أذكر الصفات السلوكية التي تستخدم عادة في القياس الحيوي, الصوت، بصمة الخط، التوقيع ,4,0.0,5.0,cybercrimes,short_answer,7,arabic,,الصوت - التوقيع اليدوي - ضربات لوحة المفاتيح ,"{""question_type"": ""اٍشرح""}"
arasag,6,أذكر الصفات السلوكية التي تستخدم عادة في القياس الحيوي,الصوت، الإمضاء الالكتروني، ضربات لوحه المفاتيح ,5,0.0,5.0,cybercrimes,short_answer,7,arabic,,الصوت - التوقيع اليدوي - ضربات لوحة المفاتيح ,"{""question_type"": ""اٍشرح""}"
arasag,6,أذكر الصفات السلوكية التي تستخدم عادة في القياس الحيوي,الامضاء، المعرفة الصوتية، رصد ضربات لوحة المفاتيح ,5,0.0,5.0,cybercrimes,short_answer,7,arabic,,الصوت - التوقيع اليدوي - ضربات لوحة المفاتيح ,"{""question_type"": ""اٍشرح""}"
arasag,6,أذكر الصفات السلوكية التي تستخدم عادة في القياس الحيوي,سرعة و طريقة الضغط على لوحة المفاتيح، طريقة المشي ,2,0.0,5.0,cybercrimes,short_answer,7,arabic,,الصوت - التوقيع اليدوي - ضربات لوحة المفاتيح ,"{""question_type"": ""اٍشرح""}"
arasag,6,أذكر الصفات السلوكية التي تستخدم عادة في القياس الحيوي,الصوت، ضربات لوحة المفاتيح,4,0.0,5.0,cybercrimes,short_answer,7,arabic,,الصوت - التوقيع اليدوي - ضربات لوحة المفاتيح ,"{""question_type"": ""اٍشرح""}"
arasag,6,أذكر الصفات السلوكية التي تستخدم عادة في القياس الحيوي,تحديد الصوت يقوم الجهاز بتحليل الصوت الى ترددات و مقارنتها مع البيانات السابقة يجب ان يكون في بيئة هادئة، ضربات لوحة المفاتيح، التوقيع يستعمل في شركات حيث يقوم كل عامل بتوقيع و مقارنة بالتوقيع الاصلي ,5,0.0,5.0,cybercrimes,short_answer,7,arabic,,الصوت - التوقيع اليدوي - ضربات لوحة المفاتيح ,"{""question_type"": ""اٍشرح""}"
arasag,6,أذكر الصفات السلوكية التي تستخدم عادة في القياس الحيوي,التوقيع الالكتروني، الصوت ,4,0.0,5.0,cybercrimes,short_answer,7,arabic,,الصوت - التوقيع اليدوي - ضربات لوحة المفاتيح ,"{""question_type"": ""اٍشرح""}"
arasag,6,أذكر الصفات السلوكية التي تستخدم عادة في القياس الحيوي,الصوت – التوقيع اليدوي – طريقة نقرة على لوحة المفاتيح,5,0.0,5.0,cybercrimes,short_answer,7,arabic,,الصوت - التوقيع اليدوي - ضربات لوحة المفاتيح ,"{""question_type"": ""اٍشرح""}"
arasag,6,أذكر الصفات السلوكية التي تستخدم عادة في القياس الحيوي,الصوت، التوقيع اليدوي، الضغط على لوحات المفاتيح,5,0.0,5.0,cybercrimes,short_answer,7,arabic,,الصوت - التوقيع اليدوي - ضربات لوحة المفاتيح ,"{""question_type"": ""اٍشرح""}"
arasag,6,أذكر الصفات السلوكية التي تستخدم عادة في القياس الحيوي,الصوت البصمات العينين,2,0.0,5.0,cybercrimes,short_answer,7,arabic,,الصوت - التوقيع اليدوي - ضربات لوحة المفاتيح ,"{""question_type"": ""اٍشرح""}"
arasag,6,أذكر الصفات السلوكية التي تستخدم عادة في القياس الحيوي,الصوت يتم تسجيل ترددات الصوت في بيئة هادئة لعدم التشويش، التوقيع اليدوي التوقيع على الجهاز ماسح بقلم و تحويله الى رقم و مقارنته بالتوقيع الماضي,4,0.0,5.0,cybercrimes,short_answer,7,arabic,,الصوت - التوقيع اليدوي - ضربات لوحة المفاتيح ,"{""question_type"": ""اٍشرح""}"
arasag,42,ماهي أهم تقنيات تحديد وإثبات هوية المستخدم وصلاحياته ومسئولياته,تقنيات فزيائية: البصمة؛ بصمة اليد؛ قزحية العين؛ شبكية العين؛ الحمض النووي؛ الوجه، تقنيات سلوكية: صوت؛ التوقيع اليدوي.,1,0.0,5.0,cybercrimes,short_answer,7,arabic,,كلمة المرور ،القياس الحيوي ،التشفير ، الجدران النارية، التوقيع الالكتروني. ,"{""question_type"": ""اٍشرح""}"
arasag,42,ماهي أهم تقنيات تحديد وإثبات هوية المستخدم وصلاحياته ومسئولياته,القياس الحيوي الأرقام السرية الاِلكترونية، اِستعمال البطاقات استعمال البصمات اليد والأصبع التعرف على الوجه. التعرف على صوت / على نقر لوحة التوقيع أيضا.,2,0.0,5.0,cybercrimes,short_answer,7,arabic,,كلمة المرور ،القياس الحيوي ،التشفير ، الجدران النارية، التوقيع الالكتروني. ,"{""question_type"": ""اٍشرح""}"
arasag,42,ماهي أهم تقنيات تحديد وإثبات هوية المستخدم وصلاحياته ومسئولياته,كلمة المرور؛ التشفير؛ القياس الحيوي)حمض النووي(؛ بصمة اليد؛ بصمة الاصبع؛ شبكة وقرنية العين؛ الوجه؛ الصوت؛ نقرات لوحة المفاتيح؛ التوقيع الالكتروني) الجدران النارية.(,4,0.0,5.0,cybercrimes,short_answer,7,arabic,,كلمة المرور ،القياس الحيوي ،التشفير ، الجدران النارية، التوقيع الالكتروني. ,"{""question_type"": ""اٍشرح""}"
arasag,42,ماهي أهم تقنيات تحديد وإثبات هوية المستخدم وصلاحياته ومسئولياته,فنية: استخدام كلمات المرور والأرقام السرية والقياس الحيوي: صفات فيزيائية )قزحية العين؛ الحمض النووي..(، صفات سلوكية مثل الصوت..، مادية: الكاميرات...، إدارية: اِتفاقيات لتحديد الصلاحيات والمسؤوليات.,2,0.0,5.0,cybercrimes,short_answer,7,arabic,,كلمة المرور ،القياس الحيوي ،التشفير ، الجدران النارية، التوقيع الالكتروني. ,"{""question_type"": ""اٍشرح""}"
arasag,42,ماهي أهم تقنيات تحديد وإثبات هوية المستخدم وصلاحياته ومسئولياته,كلمة المرور التوقيع الإلكتروني؛ التوقيع اليدوي؛ الصوت...,3,0.0,5.0,cybercrimes,short_answer,7,arabic,,كلمة المرور ،القياس الحيوي ،التشفير ، الجدران النارية، التوقيع الالكتروني. ,"{""question_type"": ""اٍشرح""}"
arasag,42,ماهي أهم تقنيات تحديد وإثبات هوية المستخدم وصلاحياته ومسئولياته,فيزيائية: بصمة اليد؛ قزحة العين؛ ماسح الوجه، سلوكية: الصوت؛ التوقيع الإلكتروني؛ ضرب لوحة المفاتيح.,1,0.0,5.0,cybercrimes,short_answer,7,arabic,,كلمة المرور ،القياس الحيوي ،التشفير ، الجدران النارية، التوقيع الالكتروني. ,"{""question_type"": ""اٍشرح""}"
arasag,42,ماهي أهم تقنيات تحديد وإثبات هوية المستخدم وصلاحياته ومسئولياته,تقنية العلم الحيوي يقوم بمعرفة وإثبات هوية شخص عن طريق التحليل الحيوي لصفاته سلوكية وفيزيائية ,1,0.0,5.0,cybercrimes,short_answer,7,arabic,,كلمة المرور ،القياس الحيوي ،التشفير ، الجدران النارية، التوقيع الالكتروني. ,"{""question_type"": ""اٍشرح""}"
arasag,42,ماهي أهم تقنيات تحديد وإثبات هوية المستخدم وصلاحياته ومسئولياته,1-كلمة المرور 2-القياس الحيوي 3-التوقيع اليدوي 4-التشفير 5-البطاقات الآمنية للموظفين 6-الجدران النارية.,5,0.0,5.0,cybercrimes,short_answer,7,arabic,,كلمة المرور ،القياس الحيوي ،التشفير ، الجدران النارية، التوقيع الالكتروني. ,"{""question_type"": ""اٍشرح""}"
arasag,42,ماهي أهم تقنيات تحديد وإثبات هوية المستخدم وصلاحياته ومسئولياته,باِستعمال تقنيات القياس الحيوي: بصمة لإصبع بصمة اليد/ الصوت/ الوجه حيث تستعمل أجهزة خاصة في ذلك.,2,0.0,5.0,cybercrimes,short_answer,7,arabic,,كلمة المرور ،القياس الحيوي ،التشفير ، الجدران النارية، التوقيع الالكتروني. ,"{""question_type"": ""اٍشرح""}"
arasag,42,ماهي أهم تقنيات تحديد وإثبات هوية المستخدم وصلاحياته ومسئولياته,القياس الحيوي صفات غير فيزيائية وسلوكية بصمة الإصبع(مسح ضوئي) بصمة اليد( صفات اليد )قزحية العين( مرئية عن بعد) شبكة العين( فحص الشعيرات الدموية) الوجه( الصورة) الصوت( قياس الترددات) الحمض النووي ( والتوقيع اليدوي )توقيع على الشاشة(,2,0.0,5.0,cybercrimes,short_answer,7,arabic,,كلمة المرور ،القياس الحيوي ،التشفير ، الجدران النارية، التوقيع الالكتروني. ,"{""question_type"": ""اٍشرح""}"
arasag,42,ماهي أهم تقنيات تحديد وإثبات هوية المستخدم وصلاحياته ومسئولياته,من خلال بريده الإلكتروني وكلمات مرور ورقم الهاتف أو عنوان بيته.,2,0.0,5.0,cybercrimes,short_answer,7,arabic,,كلمة المرور ،القياس الحيوي ،التشفير ، الجدران النارية، التوقيع الالكتروني. ,"{""question_type"": ""اٍشرح""}"
arasag,42,ماهي أهم تقنيات تحديد وإثبات هوية المستخدم وصلاحياته ومسئولياته,-القياس الحيوي,1,0.0,5.0,cybercrimes,short_answer,7,arabic,,كلمة المرور ،القياس الحيوي ،التشفير ، الجدران النارية، التوقيع الالكتروني. ,"{""question_type"": ""اٍشرح""}"
arasag,42,ماهي أهم تقنيات تحديد وإثبات هوية المستخدم وصلاحياته ومسئولياته,القياس الحيوي (البصمة) قزحة العين، بطاقات الدخول، الماسح الضوئي، الجدار الناري.,2,0.0,5.0,cybercrimes,short_answer,7,arabic,,كلمة المرور ،القياس الحيوي ،التشفير ، الجدران النارية، التوقيع الالكتروني. ,"{""question_type"": ""اٍشرح""}"
arasag,42,ماهي أهم تقنيات تحديد وإثبات هوية المستخدم وصلاحياته ومسئولياته,علم يستخدم تحليل احصائي لصفات انسان حيوية ليثبت هويته ويحتوي على: بصمة الاصبع؛ بصمة اليد؛ قزحية العين؛ الصوت؛ التوقيع اليدوي؛ ضربات لوحة المفاتيح.,1,0.0,5.0,cybercrimes,short_answer,7,arabic,,كلمة المرور ،القياس الحيوي ،التشفير ، الجدران النارية، التوقيع الالكتروني. ,"{""question_type"": ""اٍشرح""}"
arasag,42,ماهي أهم تقنيات تحديد وإثبات هوية المستخدم وصلاحياته ومسئولياته,القياس الحيوي، التوقيع اليدوي؛ القزحية للعين؛ اصبع اليد؛ الوجه؛ بصمة اليد.,1,0.0,5.0,cybercrimes,short_answer,7,arabic,,كلمة المرور ،القياس الحيوي ،التشفير ، الجدران النارية، التوقيع الالكتروني. ,"{""question_type"": ""اٍشرح""}"
arasag,42,ماهي أهم تقنيات تحديد وإثبات هوية المستخدم وصلاحياته ومسئولياته,التحليل القياسي: فيزيائي يتمثل في: بصمة اليد؛ بصمة الاصبع؛ ويتمثل في: توقيع؛ ضربة لوحة المفاتيح، بطاقات خاصة بالعمال.,2,0.0,5.0,cybercrimes,short_answer,7,arabic,,كلمة المرور ،القياس الحيوي ،التشفير ، الجدران النارية، التوقيع الالكتروني. ,"{""question_type"": ""اٍشرح""}"
arasag,42,ماهي أهم تقنيات تحديد وإثبات هوية المستخدم وصلاحياته ومسئولياته,كلمة المرور؛ القياس الحيوي؛ التشفير؛ الجدران النارية؛ البرامج المضادة للفيروسات؛ التوقيع لإلكتروني,5,0.0,5.0,cybercrimes,short_answer,7,arabic,,كلمة المرور ،القياس الحيوي ،التشفير ، الجدران النارية، التوقيع الالكتروني. ,"{""question_type"": ""اٍشرح""}"
arasag,42,ماهي أهم تقنيات تحديد وإثبات هوية المستخدم وصلاحياته ومسئولياته,"القياس الحيوي الذي ينضم إلى : قياس فيزيائي كالبصمة للإصبع أو اليد, قزحة العين, أشكال الوجه, الجينات القياس الذي يعتمد على تحديد الشخص من صوته و من توقيعه ",1,0.0,5.0,cybercrimes,short_answer,7,arabic,,كلمة المرور ،القياس الحيوي ،التشفير ، الجدران النارية، التوقيع الالكتروني. ,"{""question_type"": ""اٍشرح""}"
arasag,42,ماهي أهم تقنيات تحديد وإثبات هوية المستخدم وصلاحياته ومسئولياته,"التحليل الحيوي و هو نوعان : فيزيائي : بصمات الأصبع و اليد, قزحية العين, الوجه, الحمض النووي سلوكي : الصوت, توقيع اليد, ضربات لوحة المفاتيح.",2,0.0,5.0,cybercrimes,short_answer,7,arabic,,كلمة المرور ،القياس الحيوي ،التشفير ، الجدران النارية، التوقيع الالكتروني. ,"{""question_type"": ""اٍشرح""}"
arasag,42,ماهي أهم تقنيات تحديد وإثبات هوية المستخدم وصلاحياته ومسئولياته,"القياس الحيوي (الفيزيائي, السلوكي)",1,0.0,5.0,cybercrimes,short_answer,7,arabic,,كلمة المرور ،القياس الحيوي ،التشفير ، الجدران النارية، التوقيع الالكتروني. ,"{""question_type"": ""اٍشرح""}"
arasag,42,ماهي أهم تقنيات تحديد وإثبات هوية المستخدم وصلاحياته ومسئولياته,أهم التقنيات الحمض النووي البصمة اليد الوجه العين الصوت و الإمضاء,1,0.0,5.0,cybercrimes,short_answer,7,arabic,,كلمة المرور ،القياس الحيوي ،التشفير ، الجدران النارية، التوقيع الالكتروني. ,"{""question_type"": ""اٍشرح""}"
arasag,42,ماهي أهم تقنيات تحديد وإثبات هوية المستخدم وصلاحياته ومسئولياته,كلمة المرور، القياس الحيوي، التشفير، الجدران النارية، مضادات الفيروسات، التوقيع اليدوي.,5,0.0,5.0,cybercrimes,short_answer,7,arabic,,كلمة المرور ،القياس الحيوي ،التشفير ، الجدران النارية، التوقيع الالكتروني. ,"{""question_type"": ""اٍشرح""}"
arasag,42,ماهي أهم تقنيات تحديد وإثبات هوية المستخدم وصلاحياته ومسئولياته,"البصمة الحيوية كبصمة الإصبع و اليد و قزحة العين, عبر الصوت السلوكية كالصوت), عن طريق البطاقات الإلكترونية, ككلمات السر لإثبات الهوية ",3,0.0,5.0,cybercrimes,short_answer,7,arabic,,كلمة المرور ،القياس الحيوي ،التشفير ، الجدران النارية، التوقيع الالكتروني. ,"{""question_type"": ""اٍشرح""}"
arasag,42,ماهي أهم تقنيات تحديد وإثبات هوية المستخدم وصلاحياته ومسئولياته,"اهم تقنيات بصمة اليد , بصمة الإصبع, الوجه, قرنية العين, إمضاء, الصوت .",1,0.0,5.0,cybercrimes,short_answer,7,arabic,,كلمة المرور ،القياس الحيوي ،التشفير ، الجدران النارية، التوقيع الالكتروني. ,"{""question_type"": ""اٍشرح""}"
arasag,42,ماهي أهم تقنيات تحديد وإثبات هوية المستخدم وصلاحياته ومسئولياته,"بصمة الأصبع، الوجه، الإمضاء, التوقيع الإلكتروني.",2,0.0,5.0,cybercrimes,short_answer,7,arabic,,كلمة المرور ،القياس الحيوي ،التشفير ، الجدران النارية، التوقيع الالكتروني. ,"{""question_type"": ""اٍشرح""}"
arasag,42,ماهي أهم تقنيات تحديد وإثبات هوية المستخدم وصلاحياته ومسئولياته,القياس الحيوي، التوقيع الإلكتروني، إستخدام بطاقات الموظفون، التشفير، الجدران النارية.,4,0.0,5.0,cybercrimes,short_answer,7,arabic,,كلمة المرور ،القياس الحيوي ،التشفير ، الجدران النارية، التوقيع الالكتروني. ,"{""question_type"": ""اٍشرح""}"
arasag,42,ماهي أهم تقنيات تحديد وإثبات هوية المستخدم وصلاحياته ومسئولياته,"التقنيات هي القياس الحيوي ,كلمة المرور,بطاقات دخول للمستخدمين ,أجهزة للكشف",2,0.0,5.0,cybercrimes,short_answer,7,arabic,,كلمة المرور ،القياس الحيوي ،التشفير ، الجدران النارية، التوقيع الالكتروني. ,"{""question_type"": ""اٍشرح""}"
arasag,42,ماهي أهم تقنيات تحديد وإثبات هوية المستخدم وصلاحياته ومسئولياته,تسجيل المستخدمين لأنفسهم و التحقق كل مرة من دخولهم النظام عبر معلومات التسجيل و الرقم السري إظهار قائمة مسؤولياته عند التسجيل و ما يمكن للشركة القيام به إضافة إلى نوعية صلاحياته,2,0.0,5.0,cybercrimes,short_answer,7,arabic,,كلمة المرور ،القياس الحيوي ،التشفير ، الجدران النارية، التوقيع الالكتروني. ,"{""question_type"": ""اٍشرح""}"
arasag,42,ماهي أهم تقنيات تحديد وإثبات هوية المستخدم وصلاحياته ومسئولياته,"كلمة مرور , بطاقات انتمائية، قياس حيوي : -بصمة اليد أو الأصبع، الحمض النووي، العين، الصوت، التوقيع الإلكتروني.",2,0.0,5.0,cybercrimes,short_answer,7,arabic,,كلمة المرور ،القياس الحيوي ،التشفير ، الجدران النارية، التوقيع الالكتروني. ,"{""question_type"": ""اٍشرح""}"
arasag,42,ماهي أهم تقنيات تحديد وإثبات هوية المستخدم وصلاحياته ومسئولياته,تحليل البصمة، تحليل قرنية العين، الإمضاء.,1,0.0,5.0,cybercrimes,short_answer,7,arabic,,كلمة المرور ،القياس الحيوي ،التشفير ، الجدران النارية، التوقيع الالكتروني. ,"{""question_type"": ""اٍشرح""}"
arasag,42,ماهي أهم تقنيات تحديد وإثبات هوية المستخدم وصلاحياته ومسئولياته,"تكمن في القياس الحيوي فزيائي كان مثل:قرنية العين , ملامح الوجه ,بصمة اليد و الإصبع.أما في الشكلي: فيكون في التوقيع, كلمة السر ,الضغط على المفاتيح",3,0.0,5.0,cybercrimes,short_answer,7,arabic,,كلمة المرور ،القياس الحيوي ،التشفير ، الجدران النارية، التوقيع الالكتروني. ,"{""question_type"": ""اٍشرح""}"
arasag,42,ماهي أهم تقنيات تحديد وإثبات هوية المستخدم وصلاحياته ومسئولياته,"الكاميرات, أجهزة الإنذار, كلمة المرور, القياس الحيوي, بطاقة الإئتمان و الهوية, تحديد المكونات الفيزيائية (البصمة, الوجه,  شبكة العين ),تحديد السلوكيات (الصوت, التوقيع, نقرات لوحة المفاتيح)",2,0.0,5.0,cybercrimes,short_answer,7,arabic,,كلمة المرور ،القياس الحيوي ،التشفير ، الجدران النارية، التوقيع الالكتروني. ,"{""question_type"": ""اٍشرح""}"
arasag,42,ماهي أهم تقنيات تحديد وإثبات هوية المستخدم وصلاحياته ومسئولياته,"استعمال التقنية الحيوية بطريقة فيزيائية مثل: بصمة اليد أو الإصبع, قرنية العين, شبكة العين, حمض النووي,و السلوكية : الصوت, لوحة المفاتيح بطرق,إمضاء",2,0.0,5.0,cybercrimes,short_answer,7,arabic,,كلمة المرور ،القياس الحيوي ،التشفير ، الجدران النارية، التوقيع الالكتروني. ,"{""question_type"": ""اٍشرح""}"
arasag,42,ماهي أهم تقنيات تحديد وإثبات هوية المستخدم وصلاحياته ومسئولياته,بصمة الأصبع ،بصمة اليد، العين ،الحمض النووي ، الصوت ، تقنيات أخرى: الإمضاء اليدوي، الهون، لوحة المفاتيح.,2,0.0,5.0,cybercrimes,short_answer,7,arabic,,كلمة المرور ،القياس الحيوي ،التشفير ، الجدران النارية، التوقيع الالكتروني. ,"{""question_type"": ""اٍشرح""}"
arasag,42,ماهي أهم تقنيات تحديد وإثبات هوية المستخدم وصلاحياته ومسئولياته,"-اسم المستخدم, كلمة المرور, التشفير, الجدران النارية, إلا أن أبرز التقنيات في تحديد هوية المستخدم هو القياس الحيوي",4,0.0,5.0,cybercrimes,short_answer,7,arabic,,كلمة المرور ،القياس الحيوي ،التشفير ، الجدران النارية، التوقيع الالكتروني. ,"{""question_type"": ""اٍشرح""}"
arasag,42,ماهي أهم تقنيات تحديد وإثبات هوية المستخدم وصلاحياته ومسئولياته,"القياس الحيوي : سلوكات: الصوت التوقيع الإلكتروني استعمال لوحة المفاتيح , مميزات فيزيائية كالبصمة و حدقة العين الوجه و  هناك إجراءات إدارية مثل صلاحيات الإستخدام",2,0.0,5.0,cybercrimes,short_answer,7,arabic,,كلمة المرور ،القياس الحيوي ،التشفير ، الجدران النارية، التوقيع الالكتروني. ,"{""question_type"": ""اٍشرح""}"
arasag,42,ماهي أهم تقنيات تحديد وإثبات هوية المستخدم وصلاحياته ومسئولياته,أهم تقنيات تحديد و إثبات الهوية هي التشخيص الفيزيائي عن طريق الإصبع  العين بصمات اليد أو التشخيص المعنوي :التوقيع و الصوت,1,0.0,5.0,cybercrimes,short_answer,7,arabic,,كلمة المرور ،القياس الحيوي ،التشفير ، الجدران النارية، التوقيع الالكتروني. ,"{""question_type"": ""اٍشرح""}"
arasag,42,ماهي أهم تقنيات تحديد وإثبات هوية المستخدم وصلاحياته ومسئولياته,القياس الحيوي بصمة اليد صورة الوجه كلمة المرور ,1,0.0,5.0,cybercrimes,short_answer,7,arabic,,كلمة المرور ،القياس الحيوي ،التشفير ، الجدران النارية، التوقيع الالكتروني. ,"{""question_type"": ""اٍشرح""}"
arasag,42,ماهي أهم تقنيات تحديد وإثبات هوية المستخدم وصلاحياته ومسئولياته,تقنية تحديد الصفات الفيزيائية للمستخدم و اهمها تقنية تحديد العامل الوراثي، تقنية تحديد السلوك ك التوقيع اليدوي تحديد الصوت تحديد ضربات لوحة المفاتيح,1,0.0,5.0,cybercrimes,short_answer,7,arabic,,كلمة المرور ،القياس الحيوي ،التشفير ، الجدران النارية، التوقيع الالكتروني. ,"{""question_type"": ""اٍشرح""}"
arasag,42,ماهي أهم تقنيات تحديد وإثبات هوية المستخدم وصلاحياته ومسئولياته,استخدام كلمة المرور استخدام الامضاء الالكتروني استعمال الجدار الناري مسير القاعدة المعلوماتية  ,4,0.0,5.0,cybercrimes,short_answer,7,arabic,,كلمة المرور ،القياس الحيوي ،التشفير ، الجدران النارية، التوقيع الالكتروني. ,"{""question_type"": ""اٍشرح""}"
arasag,42,ماهي أهم تقنيات تحديد وإثبات هوية المستخدم وصلاحياته ومسئولياته,سلوكية كالصوت التوقيع اليدوي ضربات لوحة المفاتيح، فيزيائية كبصمة اليد و الاصبع و الوجه القزحية ,1,0.0,5.0,cybercrimes,short_answer,7,arabic,,كلمة المرور ،القياس الحيوي ،التشفير ، الجدران النارية، التوقيع الالكتروني. ,"{""question_type"": ""اٍشرح""}"
arasag,42,ماهي أهم تقنيات تحديد وإثبات هوية المستخدم وصلاحياته ومسئولياته,القياس الحيوي وينقسم الى سلوكي و فيزيائي ,2,0.0,5.0,cybercrimes,short_answer,7,arabic,,كلمة المرور ،القياس الحيوي ،التشفير ، الجدران النارية، التوقيع الالكتروني. ,"{""question_type"": ""اٍشرح""}"
arasag,42,ماهي أهم تقنيات تحديد وإثبات هوية المستخدم وصلاحياته ومسئولياته,القياس الحيوي ,1,0.0,5.0,cybercrimes,short_answer,7,arabic,,كلمة المرور ،القياس الحيوي ،التشفير ، الجدران النارية، التوقيع الالكتروني. ,"{""question_type"": ""اٍشرح""}"
arasag,42,ماهي أهم تقنيات تحديد وإثبات هوية المستخدم وصلاحياته ومسئولياته,راصد لوحة المفاتيح ,0,0.0,5.0,cybercrimes,short_answer,7,arabic,,كلمة المرور ،القياس الحيوي ،التشفير ، الجدران النارية، التوقيع الالكتروني. ,"{""question_type"": ""اٍشرح""}"
arasag,42,ماهي أهم تقنيات تحديد وإثبات هوية المستخدم وصلاحياته ومسئولياته,كلمت المرور، الجدران النارية، اجهزة الإنذار، التوقيع الالكتروني، القياس الحيوي,4,0.0,5.0,cybercrimes,short_answer,7,arabic,,كلمة المرور ،القياس الحيوي ،التشفير ، الجدران النارية، التوقيع الالكتروني. ,"{""question_type"": ""اٍشرح""}"
arasag,4, ماهي الأساليب الشائعة المستعملة في اختراق الأنظمة ؟,أحصنة طروادة، الهندسة الاجتماعية,2,0.0,5.0,cybercrimes,short_answer,7,arabic,,استغلال عيب في البرامج أو الأجهزة للحصول بشكل غير قانوني على كلمة المرور ، إنشاء مواقع انتحال الشخصية، تثبيت أجهزة أو برامج تسجيل ضغط المفاتيح، الإغراق بالرسائل، الفيروسات و الهندسة الاجتماعية .,"{""question_type"": ""اٍشرح""}"
arasag,4, ماهي الأساليب الشائعة المستعملة في اختراق الأنظمة ؟,الفيروسات، الدود، أحصنة طروادة وبرنامج الانزال تستخدم اغراق بالرسائل الالكترونية، انشاء موقع انحياز الشخصية، تثبيت برنامج تجسس لوحة المفاتيح.,3,0.0,5.0,cybercrimes,short_answer,7,arabic,,استغلال عيب في البرامج أو الأجهزة للحصول بشكل غير قانوني على كلمة المرور ، إنشاء مواقع انتحال الشخصية، تثبيت أجهزة أو برامج تسجيل ضغط المفاتيح، الإغراق بالرسائل، الفيروسات و الهندسة الاجتماعية .,"{""question_type"": ""اٍشرح""}"
arasag,4, ماهي الأساليب الشائعة المستعملة في اختراق الأنظمة ؟,   الفيروسات ، الدود ، جزيئات الطوارد، استغلال الثغرات للدخول الى البرامج والأنظمة، القرصنة، استخدام حسابات مزيفة.,2,0.0,5.0,cybercrimes,short_answer,7,arabic,,استغلال عيب في البرامج أو الأجهزة للحصول بشكل غير قانوني على كلمة المرور ، إنشاء مواقع انتحال الشخصية، تثبيت أجهزة أو برامج تسجيل ضغط المفاتيح، الإغراق بالرسائل، الفيروسات و الهندسة الاجتماعية .,"{""question_type"": ""اٍشرح""}"
arasag,4, ماهي الأساليب الشائعة المستعملة في اختراق الأنظمة ؟,الفيروسات ، عبر الرسائل الإلكترونية ,1,0.0,5.0,cybercrimes,short_answer,7,arabic,,استغلال عيب في البرامج أو الأجهزة للحصول بشكل غير قانوني على كلمة المرور ، إنشاء مواقع انتحال الشخصية، تثبيت أجهزة أو برامج تسجيل ضغط المفاتيح، الإغراق بالرسائل، الفيروسات و الهندسة الاجتماعية .,"{""question_type"": ""اٍشرح""}"
arasag,4, ماهي الأساليب الشائعة المستعملة في اختراق الأنظمة ؟,البحث في الثغرات للتمكن من الوصول الى السر والبريد الالكتروني، عن طريق الفيروسات) حصان طروادة كوسيلة اختراق(، عن طريق برامج انتحال الشخصية الرسائل المتتالية.,4,0.0,5.0,cybercrimes,short_answer,7,arabic,,استغلال عيب في البرامج أو الأجهزة للحصول بشكل غير قانوني على كلمة المرور ، إنشاء مواقع انتحال الشخصية، تثبيت أجهزة أو برامج تسجيل ضغط المفاتيح، الإغراق بالرسائل، الفيروسات و الهندسة الاجتماعية .,"{""question_type"": ""اٍشرح""}"
arasag,4, ماهي الأساليب الشائعة المستعملة في اختراق الأنظمة ؟,استغلال عيب في برنامج أو جهاز للتمكن من معرفة كلمة المرور، انتحال الشخصية، التسلل و التحايل: الاغراق بالرسائل والفيروسات.,3,0.0,5.0,cybercrimes,short_answer,7,arabic,,استغلال عيب في البرامج أو الأجهزة للحصول بشكل غير قانوني على كلمة المرور ، إنشاء مواقع انتحال الشخصية، تثبيت أجهزة أو برامج تسجيل ضغط المفاتيح، الإغراق بالرسائل، الفيروسات و الهندسة الاجتماعية .,"{""question_type"": ""اٍشرح""}"
arasag,4, ماهي الأساليب الشائعة المستعملة في اختراق الأنظمة ؟,استغلال العيوب في البرامج والأجهزة للإقتحام والتسلل، تثبيت برامج وأجهزة الرصد الضغط على لوحة المفاتيح، استعمال مواقع انتحال الشخصية الاختراق بالرسائل، استخدام الفيروسات و البرمجيات الخبيثة( حصان طروادة، الدود، الانزال…),4,0.0,5.0,cybercrimes,short_answer,7,arabic,,استغلال عيب في البرامج أو الأجهزة للحصول بشكل غير قانوني على كلمة المرور ، إنشاء مواقع انتحال الشخصية، تثبيت أجهزة أو برامج تسجيل ضغط المفاتيح، الإغراق بالرسائل، الفيروسات و الهندسة الاجتماعية .,"{""question_type"": ""اٍشرح""}"
arasag,4, ماهي الأساليب الشائعة المستعملة في اختراق الأنظمة ؟,الفيروسات، احصنة طروادة ,1,0.0,5.0,cybercrimes,short_answer,7,arabic,,استغلال عيب في البرامج أو الأجهزة للحصول بشكل غير قانوني على كلمة المرور ، إنشاء مواقع انتحال الشخصية، تثبيت أجهزة أو برامج تسجيل ضغط المفاتيح، الإغراق بالرسائل، الفيروسات و الهندسة الاجتماعية .,"{""question_type"": ""اٍشرح""}"
arasag,4, ماهي الأساليب الشائعة المستعملة في اختراق الأنظمة ؟,برامج رصد لوحة المفاتيح، استغلال الثغرات و العطوب للوصول الى النظام، استعمال مواقع انتحال الشخصية,3,0.0,5.0,cybercrimes,short_answer,7,arabic,,استغلال عيب في البرامج أو الأجهزة للحصول بشكل غير قانوني على كلمة المرور ، إنشاء مواقع انتحال الشخصية، تثبيت أجهزة أو برامج تسجيل ضغط المفاتيح، الإغراق بالرسائل، الفيروسات و الهندسة الاجتماعية .,"{""question_type"": ""اٍشرح""}"
arasag,4, ماهي الأساليب الشائعة المستعملة في اختراق الأنظمة ؟,الهندسة الاجتماعية النفسية، المواقع المخترقة (المزيفة).,2,0.0,5.0,cybercrimes,short_answer,7,arabic,,استغلال عيب في البرامج أو الأجهزة للحصول بشكل غير قانوني على كلمة المرور ، إنشاء مواقع انتحال الشخصية، تثبيت أجهزة أو برامج تسجيل ضغط المفاتيح، الإغراق بالرسائل، الفيروسات و الهندسة الاجتماعية .,"{""question_type"": ""اٍشرح""}"
arasag,4, ماهي الأساليب الشائعة المستعملة في اختراق الأنظمة ؟,تغير شكل الموقع، الفيروسات ، الدود ، برامج الانزال ، احصنة طروادة  الشكل البريء للبرنامج)، الهندسة الاجتماعية النفسية.(,2,0.0,5.0,cybercrimes,short_answer,7,arabic,,استغلال عيب في البرامج أو الأجهزة للحصول بشكل غير قانوني على كلمة المرور ، إنشاء مواقع انتحال الشخصية، تثبيت أجهزة أو برامج تسجيل ضغط المفاتيح، الإغراق بالرسائل، الفيروسات و الهندسة الاجتماعية .,"{""question_type"": ""اٍشرح""}"
arasag,4, ماهي الأساليب الشائعة المستعملة في اختراق الأنظمة ؟,استغلال عيب في البرامج بطريقة غير قانونية و الحصول على كلمة السر، انشاء صفحات انتحال الشخصية لحث المستخدمين على كشف كلمة السر الخاصة بهم، التحسس عن طريق لوحة المفاتيح، البرامج الماكرة: الفيروسات، الدودة، احصنة طروادة، برامج الانزال.,4,0.0,5.0,cybercrimes,short_answer,7,arabic,,استغلال عيب في البرامج أو الأجهزة للحصول بشكل غير قانوني على كلمة المرور ، إنشاء مواقع انتحال الشخصية، تثبيت أجهزة أو برامج تسجيل ضغط المفاتيح، الإغراق بالرسائل، الفيروسات و الهندسة الاجتماعية .,"{""question_type"": ""اٍشرح""}"
arasag,4, ماهي الأساليب الشائعة المستعملة في اختراق الأنظمة ؟,الاقتحام و التسلل، الاختراق بالرسائل ، احصنة طروادة، اساليب النهب و الاحتيال.,3,0.0,5.0,cybercrimes,short_answer,7,arabic,,استغلال عيب في البرامج أو الأجهزة للحصول بشكل غير قانوني على كلمة المرور ، إنشاء مواقع انتحال الشخصية، تثبيت أجهزة أو برامج تسجيل ضغط المفاتيح، الإغراق بالرسائل، الفيروسات و الهندسة الاجتماعية .,"{""question_type"": ""اٍشرح""}"
arasag,4, ماهي الأساليب الشائعة المستعملة في اختراق الأنظمة ؟,احصنة طراوادة، الدودة الالكترونية، الفيروسات.,1,0.0,5.0,cybercrimes,short_answer,7,arabic,,استغلال عيب في البرامج أو الأجهزة للحصول بشكل غير قانوني على كلمة المرور ، إنشاء مواقع انتحال الشخصية، تثبيت أجهزة أو برامج تسجيل ضغط المفاتيح، الإغراق بالرسائل، الفيروسات و الهندسة الاجتماعية .,"{""question_type"": ""اٍشرح""}"
arasag,4, ماهي الأساليب الشائعة المستعملة في اختراق الأنظمة ؟,ـالإغراق بالرسائل ، إستخدام تقنيات القرصنة و وسائل و ادوات الإختراق ، استخدام الفيروسات و الدودة و أحصنة طروادة وبرامج الإنزال.,4,0.0,5.0,cybercrimes,short_answer,7,arabic,,استغلال عيب في البرامج أو الأجهزة للحصول بشكل غير قانوني على كلمة المرور ، إنشاء مواقع انتحال الشخصية، تثبيت أجهزة أو برامج تسجيل ضغط المفاتيح، الإغراق بالرسائل، الفيروسات و الهندسة الاجتماعية .,"{""question_type"": ""اٍشرح""}"
arasag,4, ماهي الأساليب الشائعة المستعملة في اختراق الأنظمة ؟,إستغلال العيوب في الأنظمة و الأجهزة أحصنة الطروادة ، الدود ، الفيروسات ، أدوات الإنزال ، إنشاء مواقع انتحال الشخصية ، الإغراق بالوسائل ، الاقتحام و التسلل ، تثبيت الأجهزة أو برامج ضغط المفاتيح.,4,0.0,5.0,cybercrimes,short_answer,7,arabic,,استغلال عيب في البرامج أو الأجهزة للحصول بشكل غير قانوني على كلمة المرور ، إنشاء مواقع انتحال الشخصية، تثبيت أجهزة أو برامج تسجيل ضغط المفاتيح، الإغراق بالرسائل، الفيروسات و الهندسة الاجتماعية .,"{""question_type"": ""اٍشرح""}"
arasag,4, ماهي الأساليب الشائعة المستعملة في اختراق الأنظمة ؟,ـانتحال الشخصية ، الإغراق بالرسائل ، أحصنة طروادة ، التأثير على المستخدمين ، رسائل تخبرك بأنك فزت بجوائز مالية.,3,0.0,5.0,cybercrimes,short_answer,7,arabic,,استغلال عيب في البرامج أو الأجهزة للحصول بشكل غير قانوني على كلمة المرور ، إنشاء مواقع انتحال الشخصية، تثبيت أجهزة أو برامج تسجيل ضغط المفاتيح، الإغراق بالرسائل، الفيروسات و الهندسة الاجتماعية .,"{""question_type"": ""اٍشرح""}"
arasag,4, ماهي الأساليب الشائعة المستعملة في اختراق الأنظمة ؟,ـالتسلل و الإقتحام : حيث يتم استغلال الثغرات للدخول إلى الجهاز ، الإغراق بالرسائل : حيث يتم إرسال رسائل متسللة و يطلب تمريرها ، الفيروسات : حيث تقترن بالبرنامج و تقوم بارسال معلومات عند حدوث حدث معين.,4,0.0,5.0,cybercrimes,short_answer,7,arabic,,استغلال عيب في البرامج أو الأجهزة للحصول بشكل غير قانوني على كلمة المرور ، إنشاء مواقع انتحال الشخصية، تثبيت أجهزة أو برامج تسجيل ضغط المفاتيح، الإغراق بالرسائل، الفيروسات و الهندسة الاجتماعية .,"{""question_type"": ""اٍشرح""}"
arasag,4, ماهي الأساليب الشائعة المستعملة في اختراق الأنظمة ؟,أحصنة طروادة ، الفيروسات ، برامج التسلل.,1,0.0,5.0,cybercrimes,short_answer,7,arabic,,استغلال عيب في البرامج أو الأجهزة للحصول بشكل غير قانوني على كلمة المرور ، إنشاء مواقع انتحال الشخصية، تثبيت أجهزة أو برامج تسجيل ضغط المفاتيح، الإغراق بالرسائل، الفيروسات و الهندسة الاجتماعية .,"{""question_type"": ""اٍشرح""}"
arasag,4, ماهي الأساليب الشائعة المستعملة في اختراق الأنظمة ؟,ـ إستغلال عيب في البرنامج أو الأجهزة ، تثبيت برامج انتحال الشخصية ، تثبيت برنامج رصد لوحة المفاتيح، الإختراق و التسلل ، الإغراق بالرسائل ، الفيروسات.,5,0.0,5.0,cybercrimes,short_answer,7,arabic,,استغلال عيب في البرامج أو الأجهزة للحصول بشكل غير قانوني على كلمة المرور ، إنشاء مواقع انتحال الشخصية، تثبيت أجهزة أو برامج تسجيل ضغط المفاتيح، الإغراق بالرسائل، الفيروسات و الهندسة الاجتماعية .,"{""question_type"": ""اٍشرح""}"
arasag,4, ماهي الأساليب الشائعة المستعملة في اختراق الأنظمة ؟,التسلل و الإختراق ، إغراق برسائل البريد الإلكتروني ، الفيروسات.,3,0.0,5.0,cybercrimes,short_answer,7,arabic,,استغلال عيب في البرامج أو الأجهزة للحصول بشكل غير قانوني على كلمة المرور ، إنشاء مواقع انتحال الشخصية، تثبيت أجهزة أو برامج تسجيل ضغط المفاتيح، الإغراق بالرسائل، الفيروسات و الهندسة الاجتماعية .,"{""question_type"": ""اٍشرح""}"
arasag,4, ماهي الأساليب الشائعة المستعملة في اختراق الأنظمة ؟,الهندسة النفسية (التلاعب بالاشخاص) عن طريق الفيروسات، إغراق النظام ,2,0.0,5.0,cybercrimes,short_answer,7,arabic,,استغلال عيب في البرامج أو الأجهزة للحصول بشكل غير قانوني على كلمة المرور ، إنشاء مواقع انتحال الشخصية، تثبيت أجهزة أو برامج تسجيل ضغط المفاتيح، الإغراق بالرسائل، الفيروسات و الهندسة الاجتماعية .,"{""question_type"": ""اٍشرح""}"
arasag,4, ماهي الأساليب الشائعة المستعملة في اختراق الأنظمة ؟,استعمال الجيب الموجود في النظام بطريقة غير قانونية للحصول على كلمة المرور، انتحال الشخصية و حث المستخدمين الى كشف كلمات السر، استعمال اجهزة تخزن كلمات لوحة المفاتيح للحصول على المعلومات، الاغراق بالرسائل الرسائل المتسللة، الفيروسات و الاقتحام و التسلسل  ,5,0.0,5.0,cybercrimes,short_answer,7,arabic,,استغلال عيب في البرامج أو الأجهزة للحصول بشكل غير قانوني على كلمة المرور ، إنشاء مواقع انتحال الشخصية، تثبيت أجهزة أو برامج تسجيل ضغط المفاتيح، الإغراق بالرسائل، الفيروسات و الهندسة الاجتماعية .,"{""question_type"": ""اٍشرح""}"
arasag,4, ماهي الأساليب الشائعة المستعملة في اختراق الأنظمة ؟,استغلال عيب في النظام ، الاغراق بالرسائل ، الفيروسات ، الدود ، احصنة طروادة ، برامج الانزال الهندسة الاجتماعية النفسية  ,4,0.0,5.0,cybercrimes,short_answer,7,arabic,,استغلال عيب في البرامج أو الأجهزة للحصول بشكل غير قانوني على كلمة المرور ، إنشاء مواقع انتحال الشخصية، تثبيت أجهزة أو برامج تسجيل ضغط المفاتيح، الإغراق بالرسائل، الفيروسات و الهندسة الاجتماعية .,"{""question_type"": ""اٍشرح""}"
arasag,4, ماهي الأساليب الشائعة المستعملة في اختراق الأنظمة ؟,استغلال وجود اختلال أو عيب  في الأجهزة، الاغراق بالرسائل ،  استخدام برنامج ضغط مفاتيح   ,4,0.0,5.0,cybercrimes,short_answer,7,arabic,,استغلال عيب في البرامج أو الأجهزة للحصول بشكل غير قانوني على كلمة المرور ، إنشاء مواقع انتحال الشخصية، تثبيت أجهزة أو برامج تسجيل ضغط المفاتيح، الإغراق بالرسائل، الفيروسات و الهندسة الاجتماعية .,"{""question_type"": ""اٍشرح""}"
arasag,4, ماهي الأساليب الشائعة المستعملة في اختراق الأنظمة ؟,التسلسل و الاقتحام، اغراق البريد الالكتروني، الفيروسات وهذا نجد عدة انواع (فيروس ،  دود  ،احصنة طروادة ,4,0.0,5.0,cybercrimes,short_answer,7,arabic,,استغلال عيب في البرامج أو الأجهزة للحصول بشكل غير قانوني على كلمة المرور ، إنشاء مواقع انتحال الشخصية، تثبيت أجهزة أو برامج تسجيل ضغط المفاتيح، الإغراق بالرسائل، الفيروسات و الهندسة الاجتماعية .,"{""question_type"": ""اٍشرح""}"
arasag,4, ماهي الأساليب الشائعة المستعملة في اختراق الأنظمة ؟,الفيروسات، الدود الالكتروني، برامج الانزال، احصنة طروادة ، الاغراق بالرسائل ,2,0.0,5.0,cybercrimes,short_answer,7,arabic,,استغلال عيب في البرامج أو الأجهزة للحصول بشكل غير قانوني على كلمة المرور ، إنشاء مواقع انتحال الشخصية، تثبيت أجهزة أو برامج تسجيل ضغط المفاتيح، الإغراق بالرسائل، الفيروسات و الهندسة الاجتماعية .,"{""question_type"": ""اٍشرح""}"
arasag,4, ماهي الأساليب الشائعة المستعملة في اختراق الأنظمة ؟, الهندسة الاجتماعية,1,0.0,5.0,cybercrimes,short_answer,7,arabic,,استغلال عيب في البرامج أو الأجهزة للحصول بشكل غير قانوني على كلمة المرور ، إنشاء مواقع انتحال الشخصية، تثبيت أجهزة أو برامج تسجيل ضغط المفاتيح، الإغراق بالرسائل، الفيروسات و الهندسة الاجتماعية .,"{""question_type"": ""اٍشرح""}"
arasag,4, ماهي الأساليب الشائعة المستعملة في اختراق الأنظمة ؟,استغلال العيب في البرامج و الانظمة ، انتحال الشخصية ، استعمال برنامج راصد لوحة المفاتيح ,4,0.0,5.0,cybercrimes,short_answer,7,arabic,,استغلال عيب في البرامج أو الأجهزة للحصول بشكل غير قانوني على كلمة المرور ، إنشاء مواقع انتحال الشخصية، تثبيت أجهزة أو برامج تسجيل ضغط المفاتيح، الإغراق بالرسائل، الفيروسات و الهندسة الاجتماعية .,"{""question_type"": ""اٍشرح""}"
arasag,4, ماهي الأساليب الشائعة المستعملة في اختراق الأنظمة ؟,الفيروسات دود  أحصنة الطرودة المنزلات، مواقع انتحال الشخصية برامج راصد لوحة المفاتيح ، استغلال ثغرات في الاجهزة و الانظمة,4,0.0,5.0,cybercrimes,short_answer,7,arabic,,استغلال عيب في البرامج أو الأجهزة للحصول بشكل غير قانوني على كلمة المرور ، إنشاء مواقع انتحال الشخصية، تثبيت أجهزة أو برامج تسجيل ضغط المفاتيح، الإغراق بالرسائل، الفيروسات و الهندسة الاجتماعية .,"{""question_type"": ""اٍشرح""}"
arasag,4, ماهي الأساليب الشائعة المستعملة في اختراق الأنظمة ؟,عن طريق الفيروسات و الدود و البوابات الخلفية او عن طريق كسر كلمات المرور او عن طريق برامج وهمية    ,2,0.0,5.0,cybercrimes,short_answer,7,arabic,,استغلال عيب في البرامج أو الأجهزة للحصول بشكل غير قانوني على كلمة المرور ، إنشاء مواقع انتحال الشخصية، تثبيت أجهزة أو برامج تسجيل ضغط المفاتيح، الإغراق بالرسائل، الفيروسات و الهندسة الاجتماعية .,"{""question_type"": ""اٍشرح""}"
arasag,4, ماهي الأساليب الشائعة المستعملة في اختراق الأنظمة ؟,الفيروسات دود برامج أحصنة الطروحة الذي يستهدف برامج مكافحة الفيروسات,1,0.0,5.0,cybercrimes,short_answer,7,arabic,,استغلال عيب في البرامج أو الأجهزة للحصول بشكل غير قانوني على كلمة المرور ، إنشاء مواقع انتحال الشخصية، تثبيت أجهزة أو برامج تسجيل ضغط المفاتيح، الإغراق بالرسائل، الفيروسات و الهندسة الاجتماعية .,"{""question_type"": ""اٍشرح""}"
arasag,4, ماهي الأساليب الشائعة المستعملة في اختراق الأنظمة ؟,كسر كلمات المرور و فكها، تجاوز كلمات المرور، تسجيل النقر على لوحة المفاتيح بواسطة برامج، سرقة البريد الالكتروني، سرقة المعلومات و تخزينها، الفيروسات كالفيروس الدود أحصنة طروادة برامج مجاوزة لمضادات الفيروسات,4,0.0,5.0,cybercrimes,short_answer,7,arabic,,استغلال عيب في البرامج أو الأجهزة للحصول بشكل غير قانوني على كلمة المرور ، إنشاء مواقع انتحال الشخصية، تثبيت أجهزة أو برامج تسجيل ضغط المفاتيح، الإغراق بالرسائل، الفيروسات و الهندسة الاجتماعية .,"{""question_type"": ""اٍشرح""}"
arasag,4, ماهي الأساليب الشائعة المستعملة في اختراق الأنظمة ؟,الاقتحام و التسلل – الاغراق بالرسائل - الفيروسات – برامج رصد لوحة المفاتيح – مواقع الاقتحام,4,0.0,5.0,cybercrimes,short_answer,7,arabic,,استغلال عيب في البرامج أو الأجهزة للحصول بشكل غير قانوني على كلمة المرور ، إنشاء مواقع انتحال الشخصية، تثبيت أجهزة أو برامج تسجيل ضغط المفاتيح، الإغراق بالرسائل، الفيروسات و الهندسة الاجتماعية .,"{""question_type"": ""اٍشرح""}"
arasag,4, ماهي الأساليب الشائعة المستعملة في اختراق الأنظمة ؟,استعمال التطبيقات الالك رتونية المخصصة خصيصا لذلك، استعمال صفات انتحال الشخصية على الان رتنت، تزوير البطاقات الائتمانية و البيانات، الهندسة الاجتماعية,3,0.0,5.0,cybercrimes,short_answer,7,arabic,,استغلال عيب في البرامج أو الأجهزة للحصول بشكل غير قانوني على كلمة المرور ، إنشاء مواقع انتحال الشخصية، تثبيت أجهزة أو برامج تسجيل ضغط المفاتيح، الإغراق بالرسائل، الفيروسات و الهندسة الاجتماعية .,"{""question_type"": ""اٍشرح""}"
arasag,4, ماهي الأساليب الشائعة المستعملة في اختراق الأنظمة ؟,الفيروسات، الدود، أحصنة الطروادة,1,0.0,5.0,cybercrimes,short_answer,7,arabic,,استغلال عيب في البرامج أو الأجهزة للحصول بشكل غير قانوني على كلمة المرور ، إنشاء مواقع انتحال الشخصية، تثبيت أجهزة أو برامج تسجيل ضغط المفاتيح، الإغراق بالرسائل، الفيروسات و الهندسة الاجتماعية .,"{""question_type"": ""اٍشرح""}"
arasag,4, ماهي الأساليب الشائعة المستعملة في اختراق الأنظمة ؟,اكتشاف عيوب في البرنامج او النظام و استغلاله للحصول على كلمة المرور، استعمال برمجيات خاصة لرصد نقرات لوحة المفاتيح، الفيروسات، الاغراق بالرسائل، الاقتحام و التسلل,5,0.0,5.0,cybercrimes,short_answer,7,arabic,,استغلال عيب في البرامج أو الأجهزة للحصول بشكل غير قانوني على كلمة المرور ، إنشاء مواقع انتحال الشخصية، تثبيت أجهزة أو برامج تسجيل ضغط المفاتيح، الإغراق بالرسائل، الفيروسات و الهندسة الاجتماعية .,"{""question_type"": ""اٍشرح""}"
arasag,25,فيم تتمثل جرائم الملكية الفكرية؟,التوزيع الغير قانوني لبرامج أو مواد صوتية أو مكتوبة بدون اذن أصحابها، سرقة اعمال الغير ونسبها إلى غير صاحبها.,4,0.0,5.0,cybercrimes,short_answer,7,arabic,,النسخ  غير القانوني  للبرامج، توزيع المواد ذات حقوق النشر بطريقة غير قانونية بما في ذلك الصور في الصيغة الإلكترونية والمطبوعة، والمواد المرئية والسمعية والمخزنة على شرائط أو أقراص مرنة، أو أقراص مدمجة أو على الحاسب.,"{""question_type"": ""اٍشرح""}"
arasag,25,فيم تتمثل جرائم الملكية الفكرية؟,إختراق برامج ووضعهم في الأنترنت، عدم اِحترام حقوق الكاتب و نشر.,2,0.0,5.0,cybercrimes,short_answer,7,arabic,,النسخ  غير القانوني  للبرامج، توزيع المواد ذات حقوق النشر بطريقة غير قانونية بما في ذلك الصور في الصيغة الإلكترونية والمطبوعة، والمواد المرئية والسمعية والمخزنة على شرائط أو أقراص مرنة، أو أقراص مدمجة أو على الحاسب.,"{""question_type"": ""اٍشرح""}"
arasag,25,فيم تتمثل جرائم الملكية الفكرية؟,نسخ البرنامج الغير القانوني، نسخ وتوزيع البرامج والمعلومات ذات حقوق النشر بطرق غير قانونية.,4,0.0,5.0,cybercrimes,short_answer,7,arabic,,النسخ  غير القانوني  للبرامج، توزيع المواد ذات حقوق النشر بطريقة غير قانونية بما في ذلك الصور في الصيغة الإلكترونية والمطبوعة، والمواد المرئية والسمعية والمخزنة على شرائط أو أقراص مرنة، أو أقراص مدمجة أو على الحاسب.,"{""question_type"": ""اٍشرح""}"
arasag,25,فيم تتمثل جرائم الملكية الفكرية؟,تتمثل في الاِستلاء على عقود إلكترونية أو كلمات مرور عن طريق العبث بها؛ فيستطيع الكراكر السيطرة على أملاك شخص أخر دون علمه أو بعلمه.,0,0.0,5.0,cybercrimes,short_answer,7,arabic,,النسخ  غير القانوني  للبرامج، توزيع المواد ذات حقوق النشر بطريقة غير قانونية بما في ذلك الصور في الصيغة الإلكترونية والمطبوعة، والمواد المرئية والسمعية والمخزنة على شرائط أو أقراص مرنة، أو أقراص مدمجة أو على الحاسب.,"{""question_type"": ""اٍشرح""}"
arasag,25,فيم تتمثل جرائم الملكية الفكرية؟,نسخ البرامج، نشر التطبيقات والبرامج ذات حقوق النشر بطرق غير قانونية.,4,0.0,5.0,cybercrimes,short_answer,7,arabic,,النسخ  غير القانوني  للبرامج، توزيع المواد ذات حقوق النشر بطريقة غير قانونية بما في ذلك الصور في الصيغة الإلكترونية والمطبوعة، والمواد المرئية والسمعية والمخزنة على شرائط أو أقراص مرنة، أو أقراص مدمجة أو على الحاسب.,"{""question_type"": ""اٍشرح""}"
arasag,25,فيم تتمثل جرائم الملكية الفكرية؟,نسخ برامج المستخدم بطريقة غير قانونية، نسخ مواقع ذات حقوق النشر غير قانونية.,3,0.0,5.0,cybercrimes,short_answer,7,arabic,,النسخ  غير القانوني  للبرامج، توزيع المواد ذات حقوق النشر بطريقة غير قانونية بما في ذلك الصور في الصيغة الإلكترونية والمطبوعة، والمواد المرئية والسمعية والمخزنة على شرائط أو أقراص مرنة، أو أقراص مدمجة أو على الحاسب.,"{""question_type"": ""اٍشرح""}"
arasag,25,فيم تتمثل جرائم الملكية الفكرية؟,نسخ برامج غير قانونية.,2,0.0,5.0,cybercrimes,short_answer,7,arabic,,النسخ  غير القانوني  للبرامج، توزيع المواد ذات حقوق النشر بطريقة غير قانونية بما في ذلك الصور في الصيغة الإلكترونية والمطبوعة، والمواد المرئية والسمعية والمخزنة على شرائط أو أقراص مرنة، أو أقراص مدمجة أو على الحاسب.,"{""question_type"": ""اٍشرح""}"
arasag,25,فيم تتمثل جرائم الملكية الفكرية؟,نشر برامج غير قانونية، توزيع برامج ذات حقوق نشر غير قانونية.,4,0.0,5.0,cybercrimes,short_answer,7,arabic,,النسخ  غير القانوني  للبرامج، توزيع المواد ذات حقوق النشر بطريقة غير قانونية بما في ذلك الصور في الصيغة الإلكترونية والمطبوعة، والمواد المرئية والسمعية والمخزنة على شرائط أو أقراص مرنة، أو أقراص مدمجة أو على الحاسب.,"{""question_type"": ""اٍشرح""}"
arasag,25,فيم تتمثل جرائم الملكية الفكرية؟,النسخ الغير القانوني للبرنامج، نسخ المواد ذات حقوق النشر بصفة غير قانونية.,4,0.0,5.0,cybercrimes,short_answer,7,arabic,,النسخ  غير القانوني  للبرامج، توزيع المواد ذات حقوق النشر بطريقة غير قانونية بما في ذلك الصور في الصيغة الإلكترونية والمطبوعة، والمواد المرئية والسمعية والمخزنة على شرائط أو أقراص مرنة، أو أقراص مدمجة أو على الحاسب.,"{""question_type"": ""اٍشرح""}"
arasag,25,فيم تتمثل جرائم الملكية الفكرية؟,نسخ البرنامج؛ نشر مواد ذات حقوق نشر غير قانوني,3,0.0,5.0,cybercrimes,short_answer,7,arabic,,النسخ  غير القانوني  للبرامج، توزيع المواد ذات حقوق النشر بطريقة غير قانونية بما في ذلك الصور في الصيغة الإلكترونية والمطبوعة، والمواد المرئية والسمعية والمخزنة على شرائط أو أقراص مرنة، أو أقراص مدمجة أو على الحاسب.,"{""question_type"": ""اٍشرح""}"
arasag,25,فيم تتمثل جرائم الملكية الفكرية؟,نسخ البرمجيات الذي يعتبر سلوك غير قانوني وأيضا توزيع المواد التي تحتوي على حقوق النشر,3,0.0,5.0,cybercrimes,short_answer,7,arabic,,النسخ  غير القانوني  للبرامج، توزيع المواد ذات حقوق النشر بطريقة غير قانونية بما في ذلك الصور في الصيغة الإلكترونية والمطبوعة، والمواد المرئية والسمعية والمخزنة على شرائط أو أقراص مرنة، أو أقراص مدمجة أو على الحاسب.,"{""question_type"": ""اٍشرح""}"
arasag,25,فيم تتمثل جرائم الملكية الفكرية؟,عدم إحترام حقوق النشر والتوزيع,2,0.0,5.0,cybercrimes,short_answer,7,arabic,,النسخ  غير القانوني  للبرامج، توزيع المواد ذات حقوق النشر بطريقة غير قانونية بما في ذلك الصور في الصيغة الإلكترونية والمطبوعة، والمواد المرئية والسمعية والمخزنة على شرائط أو أقراص مرنة، أو أقراص مدمجة أو على الحاسب.,"{""question_type"": ""اٍشرح""}"
arasag,25,فيم تتمثل جرائم الملكية الفكرية؟,اختراق البرامج بطريقة غير قانونية، توزيع البرامج ذات حقوق النشر بطريقة غير شرعية.,3,0.0,5.0,cybercrimes,short_answer,7,arabic,,النسخ  غير القانوني  للبرامج، توزيع المواد ذات حقوق النشر بطريقة غير قانونية بما في ذلك الصور في الصيغة الإلكترونية والمطبوعة، والمواد المرئية والسمعية والمخزنة على شرائط أو أقراص مرنة، أو أقراص مدمجة أو على الحاسب.,"{""question_type"": ""اٍشرح""}"
arasag,25,فيم تتمثل جرائم الملكية الفكرية؟,في نشر أشياء لها حقوق النشر بطريقة عامة دون الحصول على رخصة النشر,2,0.0,5.0,cybercrimes,short_answer,7,arabic,,النسخ  غير القانوني  للبرامج، توزيع المواد ذات حقوق النشر بطريقة غير قانونية بما في ذلك الصور في الصيغة الإلكترونية والمطبوعة، والمواد المرئية والسمعية والمخزنة على شرائط أو أقراص مرنة، أو أقراص مدمجة أو على الحاسب.,"{""question_type"": ""اٍشرح""}"
arasag,25,فيم تتمثل جرائم الملكية الفكرية؟,نسخ البرامج بشكل غير قانوني، توزيع و تكريك البرامج التي تحتوي على حقوق النشر بشكل غير قانوني.,3,0.0,5.0,cybercrimes,short_answer,7,arabic,,النسخ  غير القانوني  للبرامج، توزيع المواد ذات حقوق النشر بطريقة غير قانونية بما في ذلك الصور في الصيغة الإلكترونية والمطبوعة، والمواد المرئية والسمعية والمخزنة على شرائط أو أقراص مرنة، أو أقراص مدمجة أو على الحاسب.,"{""question_type"": ""اٍشرح""}"
arasag,25,فيم تتمثل جرائم الملكية الفكرية؟,نسخ البرامج الغير قانوني، توزيع برامج ذات حقوق النشر بطريقة غير قانونية.,4,0.0,5.0,cybercrimes,short_answer,7,arabic,,النسخ  غير القانوني  للبرامج، توزيع المواد ذات حقوق النشر بطريقة غير قانونية بما في ذلك الصور في الصيغة الإلكترونية والمطبوعة، والمواد المرئية والسمعية والمخزنة على شرائط أو أقراص مرنة، أو أقراص مدمجة أو على الحاسب.,"{""question_type"": ""اٍشرح""}"
arasag,25,فيم تتمثل جرائم الملكية الفكرية؟,"نسخ البرامج بطريقة غير قانونية، نشر برامج أو موارد سمعية, كتابية, بصرية...بدون إن صاحبها و بشكل غير قانوني.",4,0.0,5.0,cybercrimes,short_answer,7,arabic,,النسخ  غير القانوني  للبرامج، توزيع المواد ذات حقوق النشر بطريقة غير قانونية بما في ذلك الصور في الصيغة الإلكترونية والمطبوعة، والمواد المرئية والسمعية والمخزنة على شرائط أو أقراص مرنة، أو أقراص مدمجة أو على الحاسب.,"{""question_type"": ""اٍشرح""}"
arasag,25,فيم تتمثل جرائم الملكية الفكرية؟,تتمثل جرائم الملكية الفكرية في توزيع معلومات تحوز على حقوق النشر بطريقة غير قانونية,2,0.0,5.0,cybercrimes,short_answer,7,arabic,,النسخ  غير القانوني  للبرامج، توزيع المواد ذات حقوق النشر بطريقة غير قانونية بما في ذلك الصور في الصيغة الإلكترونية والمطبوعة، والمواد المرئية والسمعية والمخزنة على شرائط أو أقراص مرنة، أو أقراص مدمجة أو على الحاسب.,"{""question_type"": ""اٍشرح""}"
arasag,25,فيم تتمثل جرائم الملكية الفكرية؟,هي جريمة تتمثل في نشر معلومات تمتلك حقوق نشر بصفة غير قانونية و قد تكون هذ المعلومات مرئية صوتية مكتوبة,3,0.0,5.0,cybercrimes,short_answer,7,arabic,,النسخ  غير القانوني  للبرامج، توزيع المواد ذات حقوق النشر بطريقة غير قانونية بما في ذلك الصور في الصيغة الإلكترونية والمطبوعة، والمواد المرئية والسمعية والمخزنة على شرائط أو أقراص مرنة، أو أقراص مدمجة أو على الحاسب.,"{""question_type"": ""اٍشرح""}"
arasag,25,فيم تتمثل جرائم الملكية الفكرية؟,إستنتاج برامج، نشر برامج ذات حقوق الملكية.,3,0.0,5.0,cybercrimes,short_answer,7,arabic,,النسخ  غير القانوني  للبرامج، توزيع المواد ذات حقوق النشر بطريقة غير قانونية بما في ذلك الصور في الصيغة الإلكترونية والمطبوعة، والمواد المرئية والسمعية والمخزنة على شرائط أو أقراص مرنة، أو أقراص مدمجة أو على الحاسب.,"{""question_type"": ""اٍشرح""}"
arasag,25,فيم تتمثل جرائم الملكية الفكرية؟,"نشر برامج غير المجانية على الإنترنت أو تطبيقات نشر بيانات كصور, كتب, رسومات, فيديوهات لشخص فيتمكن الآخرين على الحصول عليها بدون دفع المبلغ أو دون القيام بالطريقة المفروض القيام بها للحصول عليها، إدعاء بملكية برنامج أو صورة أو تطبيق ثم نشره أو إستخدامه بإسم غير أسم صاحب الملكية.",5,0.0,5.0,cybercrimes,short_answer,7,arabic,,النسخ  غير القانوني  للبرامج، توزيع المواد ذات حقوق النشر بطريقة غير قانونية بما في ذلك الصور في الصيغة الإلكترونية والمطبوعة، والمواد المرئية والسمعية والمخزنة على شرائط أو أقراص مرنة، أو أقراص مدمجة أو على الحاسب.,"{""question_type"": ""اٍشرح""}"
arasag,25,فيم تتمثل جرائم الملكية الفكرية؟,تحميل و نشر الملفات الإلكترونية مثل الكتب ذو حقوق محفوظة بطريقة غير قانونية,3,0.0,5.0,cybercrimes,short_answer,7,arabic,,النسخ  غير القانوني  للبرامج، توزيع المواد ذات حقوق النشر بطريقة غير قانونية بما في ذلك الصور في الصيغة الإلكترونية والمطبوعة، والمواد المرئية والسمعية والمخزنة على شرائط أو أقراص مرنة، أو أقراص مدمجة أو على الحاسب.,"{""question_type"": ""اٍشرح""}"
arasag,25,فيم تتمثل جرائم الملكية الفكرية؟,تتمثل جرائم الملكية الفكرية في الإرهاب الإلكتروني,0,0.0,5.0,cybercrimes,short_answer,7,arabic,,النسخ  غير القانوني  للبرامج، توزيع المواد ذات حقوق النشر بطريقة غير قانونية بما في ذلك الصور في الصيغة الإلكترونية والمطبوعة، والمواد المرئية والسمعية والمخزنة على شرائط أو أقراص مرنة، أو أقراص مدمجة أو على الحاسب.,"{""question_type"": ""اٍشرح""}"
arasag,25,فيم تتمثل جرائم الملكية الفكرية؟,سرقة البرامج بغير حق إستعمالها من دون ترخيص، توزيع البرامج الإلكترونية بغير حق من دون ترخيص، إستعمال صورة أو أي شيء ينتمي لشخص بدون ترخيص.,4,0.0,5.0,cybercrimes,short_answer,7,arabic,,النسخ  غير القانوني  للبرامج، توزيع المواد ذات حقوق النشر بطريقة غير قانونية بما في ذلك الصور في الصيغة الإلكترونية والمطبوعة، والمواد المرئية والسمعية والمخزنة على شرائط أو أقراص مرنة، أو أقراص مدمجة أو على الحاسب.,"{""question_type"": ""اٍشرح""}"
arasag,25,فيم تتمثل جرائم الملكية الفكرية؟,"تتمثل في : نسخ البرامج الغير قانوني ، نشر المواد ذات حقوق النشر بطريقة غير قانونية (الصور,المواد السمعية أو البصرية....).",5,0.0,5.0,cybercrimes,short_answer,7,arabic,,النسخ  غير القانوني  للبرامج، توزيع المواد ذات حقوق النشر بطريقة غير قانونية بما في ذلك الصور في الصيغة الإلكترونية والمطبوعة، والمواد المرئية والسمعية والمخزنة على شرائط أو أقراص مرنة، أو أقراص مدمجة أو على الحاسب.,"{""question_type"": ""اٍشرح""}"
arasag,25,فيم تتمثل جرائم الملكية الفكرية؟,تتمثل في : نشر البرامج غير قانونية، توزيع البرامج ذات حقوق النشر بطريقة غير قانونية.,4,0.0,5.0,cybercrimes,short_answer,7,arabic,,النسخ  غير القانوني  للبرامج، توزيع المواد ذات حقوق النشر بطريقة غير قانونية بما في ذلك الصور في الصيغة الإلكترونية والمطبوعة، والمواد المرئية والسمعية والمخزنة على شرائط أو أقراص مرنة، أو أقراص مدمجة أو على الحاسب.,"{""question_type"": ""اٍشرح""}"
arasag,25,فيم تتمثل جرائم الملكية الفكرية؟,"نشر ملكيات بدون حق النشر كالكتب, الألعاب الالكترونية ، سرقة ملفات مشاريع مؤسسة و بيعها الى منافسها كي يسبب لها الخسارة برامج غير مجانية ووضعها مجانا على الإنترنت.",4,0.0,5.0,cybercrimes,short_answer,7,arabic,,النسخ  غير القانوني  للبرامج، توزيع المواد ذات حقوق النشر بطريقة غير قانونية بما في ذلك الصور في الصيغة الإلكترونية والمطبوعة، والمواد المرئية والسمعية والمخزنة على شرائط أو أقراص مرنة، أو أقراص مدمجة أو على الحاسب.,"{""question_type"": ""اٍشرح""}"
arasag,25,فيم تتمثل جرائم الملكية الفكرية؟,تتمثل في البرامج الغير قانوني و توزيع المواد ذات حقوق النشر.,2,0.0,5.0,cybercrimes,short_answer,7,arabic,,النسخ  غير القانوني  للبرامج، توزيع المواد ذات حقوق النشر بطريقة غير قانونية بما في ذلك الصور في الصيغة الإلكترونية والمطبوعة، والمواد المرئية والسمعية والمخزنة على شرائط أو أقراص مرنة، أو أقراص مدمجة أو على الحاسب.,"{""question_type"": ""اٍشرح""}"
arasag,25,فيم تتمثل جرائم الملكية الفكرية؟,تتمثل في : نسخ برامج الآخرين دون إذن، نشر معلومات و أعمال أشخاص آخرين دون الحصول على حقوق النشر.,4,0.0,5.0,cybercrimes,short_answer,7,arabic,,النسخ  غير القانوني  للبرامج، توزيع المواد ذات حقوق النشر بطريقة غير قانونية بما في ذلك الصور في الصيغة الإلكترونية والمطبوعة، والمواد المرئية والسمعية والمخزنة على شرائط أو أقراص مرنة، أو أقراص مدمجة أو على الحاسب.,"{""question_type"": ""اٍشرح""}"
arasag,25,فيم تتمثل جرائم الملكية الفكرية؟,سرقة أفكار ذات طابع للنشر بطريقة غير قانونية ، انتهاك خصوصية الفرد.,2,0.0,5.0,cybercrimes,short_answer,7,arabic,,النسخ  غير القانوني  للبرامج، توزيع المواد ذات حقوق النشر بطريقة غير قانونية بما في ذلك الصور في الصيغة الإلكترونية والمطبوعة، والمواد المرئية والسمعية والمخزنة على شرائط أو أقراص مرنة، أو أقراص مدمجة أو على الحاسب.,"{""question_type"": ""اٍشرح""}"
arasag,25,فيم تتمثل جرائم الملكية الفكرية؟,تتمثل في نشر فكرة برنامج ما و التلاعب في الحقوق الملكية بكافة وسائل و الصيغ الإلكترونية,2,0.0,5.0,cybercrimes,short_answer,7,arabic,,النسخ  غير القانوني  للبرامج، توزيع المواد ذات حقوق النشر بطريقة غير قانونية بما في ذلك الصور في الصيغة الإلكترونية والمطبوعة، والمواد المرئية والسمعية والمخزنة على شرائط أو أقراص مرنة، أو أقراص مدمجة أو على الحاسب.,"{""question_type"": ""اٍشرح""}"
arasag,25,فيم تتمثل جرائم الملكية الفكرية؟,نسخ البرامج الغير قانوني دون الحصول على الترخيص من مالك البرنامج، نشر الأعمال الخاصة للمنتجين دون إذن على الإنترنت.,3,0.0,5.0,cybercrimes,short_answer,7,arabic,,النسخ  غير القانوني  للبرامج، توزيع المواد ذات حقوق النشر بطريقة غير قانونية بما في ذلك الصور في الصيغة الإلكترونية والمطبوعة، والمواد المرئية والسمعية والمخزنة على شرائط أو أقراص مرنة، أو أقراص مدمجة أو على الحاسب.,"{""question_type"": ""اٍشرح""}"
arasag,25,فيم تتمثل جرائم الملكية الفكرية؟,في نسخ الملكية الآخرين، توزيع ملكية الآخرين تحت حماية,2,0.0,5.0,cybercrimes,short_answer,7,arabic,,النسخ  غير القانوني  للبرامج، توزيع المواد ذات حقوق النشر بطريقة غير قانونية بما في ذلك الصور في الصيغة الإلكترونية والمطبوعة، والمواد المرئية والسمعية والمخزنة على شرائط أو أقراص مرنة، أو أقراص مدمجة أو على الحاسب.,"{""question_type"": ""اٍشرح""}"
arasag,25,فيم تتمثل جرائم الملكية الفكرية؟,"جرائم الملكية الفكرية هي كل ما يؤدي إلى انتهاك حقوق النشر مثل كراك التطبيقات, نشر أشياء مدفوعة بطريقة مجانية دون موافقة صاحبها",4,0.0,5.0,cybercrimes,short_answer,7,arabic,,النسخ  غير القانوني  للبرامج، توزيع المواد ذات حقوق النشر بطريقة غير قانونية بما في ذلك الصور في الصيغة الإلكترونية والمطبوعة، والمواد المرئية والسمعية والمخزنة على شرائط أو أقراص مرنة، أو أقراص مدمجة أو على الحاسب.,"{""question_type"": ""اٍشرح""}"
arasag,25,فيم تتمثل جرائم الملكية الفكرية؟,استنساخ تصوير أو إعادة نشر أفكار كتب… التعدي على حقوق النشر و التوزيع,3,0.0,5.0,cybercrimes,short_answer,7,arabic,,النسخ  غير القانوني  للبرامج، توزيع المواد ذات حقوق النشر بطريقة غير قانونية بما في ذلك الصور في الصيغة الإلكترونية والمطبوعة، والمواد المرئية والسمعية والمخزنة على شرائط أو أقراص مرنة، أو أقراص مدمجة أو على الحاسب.,"{""question_type"": ""اٍشرح""}"
arasag,25,فيم تتمثل جرائم الملكية الفكرية؟,تتمثل جرائم الملكية الفكرية في سرقة أفكار شخص آخر,0,0.0,5.0,cybercrimes,short_answer,7,arabic,,النسخ  غير القانوني  للبرامج، توزيع المواد ذات حقوق النشر بطريقة غير قانونية بما في ذلك الصور في الصيغة الإلكترونية والمطبوعة، والمواد المرئية والسمعية والمخزنة على شرائط أو أقراص مرنة، أو أقراص مدمجة أو على الحاسب.,"{""question_type"": ""اٍشرح""}"
arasag,25,فيم تتمثل جرائم الملكية الفكرية؟,نشر معلومات لها حق النشر لكن بطريقة غير شرعية غير قانونية، نشر الصور معلومات بواسطة الإنترنت أو في أقراص مضغوطة أو مرنة بدون صلاحية,4,0.0,5.0,cybercrimes,short_answer,7,arabic,,النسخ  غير القانوني  للبرامج، توزيع المواد ذات حقوق النشر بطريقة غير قانونية بما في ذلك الصور في الصيغة الإلكترونية والمطبوعة، والمواد المرئية والسمعية والمخزنة على شرائط أو أقراص مرنة، أو أقراص مدمجة أو على الحاسب.,"{""question_type"": ""اٍشرح""}"
arasag,25,فيم تتمثل جرائم الملكية الفكرية؟,هي توزيع ملفات او اقراص ضغوطة او برامج او كتب مع عدم احترام حقوق النشر,3,0.0,5.0,cybercrimes,short_answer,7,arabic,,النسخ  غير القانوني  للبرامج، توزيع المواد ذات حقوق النشر بطريقة غير قانونية بما في ذلك الصور في الصيغة الإلكترونية والمطبوعة، والمواد المرئية والسمعية والمخزنة على شرائط أو أقراص مرنة، أو أقراص مدمجة أو على الحاسب.,"{""question_type"": ""اٍشرح""}"
arasag,25,فيم تتمثل جرائم الملكية الفكرية؟,سرقة المحتويات التجارية و مخالفة حقوق النشر,2,0.0,5.0,cybercrimes,short_answer,7,arabic,,النسخ  غير القانوني  للبرامج، توزيع المواد ذات حقوق النشر بطريقة غير قانونية بما في ذلك الصور في الصيغة الإلكترونية والمطبوعة، والمواد المرئية والسمعية والمخزنة على شرائط أو أقراص مرنة، أو أقراص مدمجة أو على الحاسب.,"{""question_type"": ""اٍشرح""}"
arasag,25,فيم تتمثل جرائم الملكية الفكرية؟,نسخ البرامج، توزيع البرامج و الملفات بصفة غير قانونية,4,0.0,5.0,cybercrimes,short_answer,7,arabic,,النسخ  غير القانوني  للبرامج، توزيع المواد ذات حقوق النشر بطريقة غير قانونية بما في ذلك الصور في الصيغة الإلكترونية والمطبوعة، والمواد المرئية والسمعية والمخزنة على شرائط أو أقراص مرنة، أو أقراص مدمجة أو على الحاسب.,"{""question_type"": ""اٍشرح""}"
arasag,25,فيم تتمثل جرائم الملكية الفكرية؟,نشر مواد ذات حقوق النشر بشكل غير قانوني ,2,0.0,5.0,cybercrimes,short_answer,7,arabic,,النسخ  غير القانوني  للبرامج، توزيع المواد ذات حقوق النشر بطريقة غير قانونية بما في ذلك الصور في الصيغة الإلكترونية والمطبوعة، والمواد المرئية والسمعية والمخزنة على شرائط أو أقراص مرنة، أو أقراص مدمجة أو على الحاسب.,"{""question_type"": ""اٍشرح""}"
arasag,25,فيم تتمثل جرائم الملكية الفكرية؟,نشر و سرقة افكار الاخرين، نشر مواد صوتية للغير دون موافقتهم ,4,0.0,5.0,cybercrimes,short_answer,7,arabic,,النسخ  غير القانوني  للبرامج، توزيع المواد ذات حقوق النشر بطريقة غير قانونية بما في ذلك الصور في الصيغة الإلكترونية والمطبوعة، والمواد المرئية والسمعية والمخزنة على شرائط أو أقراص مرنة، أو أقراص مدمجة أو على الحاسب.,"{""question_type"": ""اٍشرح""}"
arasag,25,فيم تتمثل جرائم الملكية الفكرية؟,نسخ غير قانونية للبرامج، توزيعها بدون إذن من أصحابها  ,4,0.0,5.0,cybercrimes,short_answer,7,arabic,,النسخ  غير القانوني  للبرامج، توزيع المواد ذات حقوق النشر بطريقة غير قانونية بما في ذلك الصور في الصيغة الإلكترونية والمطبوعة، والمواد المرئية والسمعية والمخزنة على شرائط أو أقراص مرنة، أو أقراص مدمجة أو على الحاسب.,"{""question_type"": ""اٍشرح""}"
arasag,25,فيم تتمثل جرائم الملكية الفكرية؟,نسخ غير قانونية للبرامج، توزيع البرامج ذات حقوق النشر بصفة غير قانونية,4,0.0,5.0,cybercrimes,short_answer,7,arabic,,النسخ  غير القانوني  للبرامج، توزيع المواد ذات حقوق النشر بطريقة غير قانونية بما في ذلك الصور في الصيغة الإلكترونية والمطبوعة، والمواد المرئية والسمعية والمخزنة على شرائط أو أقراص مرنة، أو أقراص مدمجة أو على الحاسب.,"{""question_type"": ""اٍشرح""}"
arasag,25,فيم تتمثل جرائم الملكية الفكرية؟,سرقة أفكار الآخرين وينشرها كأنها ملكه,2,0.0,5.0,cybercrimes,short_answer,7,arabic,,النسخ  غير القانوني  للبرامج، توزيع المواد ذات حقوق النشر بطريقة غير قانونية بما في ذلك الصور في الصيغة الإلكترونية والمطبوعة، والمواد المرئية والسمعية والمخزنة على شرائط أو أقراص مرنة، أو أقراص مدمجة أو على الحاسب.,"{""question_type"": ""اٍشرح""}"
arasag,36,ما نوع الجرائم التي يقترفها موقع ويكيليكس وأين تصنفها بالنسبة للتصنيف العام؟,ويكيليكس تقوم بجرائم قرصنة و تجسس و تصنف ضمن الجرائم التي تستعمل الانترنت كوسيلة .,4,0.0,5.0,cybercrimes,short_answer,7,arabic,,جرائم القرصنة وانتهاك الخصوصية. تصنف في المجموعة الاولى  التي تقع على الانترنت  أي أن الشبكة تكون محلا لها,"{""question_type"": ""اٍشرح""}"
arasag,36,ما نوع الجرائم التي يقترفها موقع ويكيليكس وأين تصنفها بالنسبة للتصنيف العام؟,نشر وثائق تخص الدبلوماسية و الأشخاص ذو المراتب العالية في الدولة و الرسائل التي يتم تداولها بينهم، تسريب معلومات تكون مصنفة سرية .,4,0.0,5.0,cybercrimes,short_answer,7,arabic,,جرائم القرصنة وانتهاك الخصوصية. تصنف في المجموعة الاولى  التي تقع على الانترنت  أي أن الشبكة تكون محلا لها,"{""question_type"": ""اٍشرح""}"
arasag,36,ما نوع الجرائم التي يقترفها موقع ويكيليكس وأين تصنفها بالنسبة للتصنيف العام؟,يرتكب جرائم القرصنة وتصنف على أنها جرائم تقع بواسطة الانترنت .,4,0.0,5.0,cybercrimes,short_answer,7,arabic,,جرائم القرصنة وانتهاك الخصوصية. تصنف في المجموعة الاولى  التي تقع على الانترنت  أي أن الشبكة تكون محلا لها,"{""question_type"": ""اٍشرح""}"
arasag,36,ما نوع الجرائم التي يقترفها موقع ويكيليكس وأين تصنفها بالنسبة للتصنيف العام؟,السرقة الالكترونية للمعلومات، التجسس على المستخدمين، جرائم النصب و الاحتيال .,2,0.0,5.0,cybercrimes,short_answer,7,arabic,,جرائم القرصنة وانتهاك الخصوصية. تصنف في المجموعة الاولى  التي تقع على الانترنت  أي أن الشبكة تكون محلا لها,"{""question_type"": ""اٍشرح""}"
arasag,36,ما نوع الجرائم التي يقترفها موقع ويكيليكس وأين تصنفها بالنسبة للتصنيف العام؟,ينشر مقالات و صور عن الدبلوماسيين و هذه جريمة تصنف مع جرائم القرصنة .,2,0.0,5.0,cybercrimes,short_answer,7,arabic,,جرائم القرصنة وانتهاك الخصوصية. تصنف في المجموعة الاولى  التي تقع على الانترنت  أي أن الشبكة تكون محلا لها,"{""question_type"": ""اٍشرح""}"
arasag,36,ما نوع الجرائم التي يقترفها موقع ويكيليكس وأين تصنفها بالنسبة للتصنيف العام؟,التعدي الإلكتروني ، المجموعة على الإنترنت .,0,0.0,5.0,cybercrimes,short_answer,7,arabic,,جرائم القرصنة وانتهاك الخصوصية. تصنف في المجموعة الاولى  التي تقع على الانترنت  أي أن الشبكة تكون محلا لها,"{""question_type"": ""اٍشرح""}"
arasag,36,ما نوع الجرائم التي يقترفها موقع ويكيليكس وأين تصنفها بالنسبة للتصنيف العام؟,جرائم معلوماتية: تسريب المعلومات ،التصنيف: سرقة المعلومات .,2,0.0,5.0,cybercrimes,short_answer,7,arabic,,جرائم القرصنة وانتهاك الخصوصية. تصنف في المجموعة الاولى  التي تقع على الانترنت  أي أن الشبكة تكون محلا لها,"{""question_type"": ""اٍشرح""}"
arasag,36,ما نوع الجرائم التي يقترفها موقع ويكيليكس وأين تصنفها بالنسبة للتصنيف العام؟,جرائم القرصنة و هي: تحميل ملفات من و إلى الجهاز و تغييرها (وثائق الديبلوماسيين الأمريكيين الخاصة)، سرقة المعلومات ، التجسس على المستخدم .,4,0.0,5.0,cybercrimes,short_answer,7,arabic,,جرائم القرصنة وانتهاك الخصوصية. تصنف في المجموعة الاولى  التي تقع على الانترنت  أي أن الشبكة تكون محلا لها,"{""question_type"": ""اٍشرح""}"
arasag,36,ما نوع الجرائم التي يقترفها موقع ويكيليكس وأين تصنفها بالنسبة للتصنيف العام؟,جرائم القرصنة و هي ضمن الجرائم التي تكون الانترنت محل الجريمة .,4,0.0,5.0,cybercrimes,short_answer,7,arabic,,جرائم القرصنة وانتهاك الخصوصية. تصنف في المجموعة الاولى  التي تقع على الانترنت  أي أن الشبكة تكون محلا لها,"{""question_type"": ""اٍشرح""}"
arasag,36,ما نوع الجرائم التي يقترفها موقع ويكيليكس وأين تصنفها بالنسبة للتصنيف العام؟,من جرائم القرصنة ، تصنف من أكبر الجرائم حيث قامت بنشر أكثر من ربع مليون وثيقة رسمية  لدبلوماسيين.,3,0.0,5.0,cybercrimes,short_answer,7,arabic,,جرائم القرصنة وانتهاك الخصوصية. تصنف في المجموعة الاولى  التي تقع على الانترنت  أي أن الشبكة تكون محلا لها,"{""question_type"": ""اٍشرح""}"
arasag,36,ما نوع الجرائم التي يقترفها موقع ويكيليكس وأين تصنفها بالنسبة للتصنيف العام؟,نوع الجرائم التي تقع على الانترنت (المجموعة الأولى) في المواقع المعادية .,0,0.0,5.0,cybercrimes,short_answer,7,arabic,,جرائم القرصنة وانتهاك الخصوصية. تصنف في المجموعة الاولى  التي تقع على الانترنت  أي أن الشبكة تكون محلا لها,"{""question_type"": ""اٍشرح""}"
arasag,36,ما نوع الجرائم التي يقترفها موقع ويكيليكس وأين تصنفها بالنسبة للتصنيف العام؟,سرقة الوثائق الخاصة بالسياسيين و الدبلوماسيين دون إذنهم بمصادر مجهولة و تبرئتها دون إذن على الموقع، تصنف ضمن الجرائم التي تقع على الانترنت .,4,0.0,5.0,cybercrimes,short_answer,7,arabic,,جرائم القرصنة وانتهاك الخصوصية. تصنف في المجموعة الاولى  التي تقع على الانترنت  أي أن الشبكة تكون محلا لها,"{""question_type"": ""اٍشرح""}"
arasag,36,ما نوع الجرائم التي يقترفها موقع ويكيليكس وأين تصنفها بالنسبة للتصنيف العام؟,كشف الأسرار و إستغلال الصلاحيات في غير محلها و تصنف في الاختراق من طرف الموظفين الفاسدين .,0,0.0,5.0,cybercrimes,short_answer,7,arabic,,جرائم القرصنة وانتهاك الخصوصية. تصنف في المجموعة الاولى  التي تقع على الانترنت  أي أن الشبكة تكون محلا لها,"{""question_type"": ""اٍشرح""}"
arasag,36,ما نوع الجرائم التي يقترفها موقع ويكيليكس وأين تصنفها بالنسبة للتصنيف العام؟,يقوم بتسريب معلومات سرية و خصوصية بالدبلوماسيين مثل حادث سنة 2010 حيث يتم تسريب معلومات دبلوماسيين أمريكيين . تصنف بجريمة إلكترونية عن طريق الأنترنت . ,4,0.0,5.0,cybercrimes,short_answer,7,arabic,,جرائم القرصنة وانتهاك الخصوصية. تصنف في المجموعة الاولى  التي تقع على الانترنت  أي أن الشبكة تكون محلا لها,"{""question_type"": ""اٍشرح""}"
arasag,36,ما نوع الجرائم التي يقترفها موقع ويكيليكس وأين تصنفها بالنسبة للتصنيف العام؟,هي جرائم القرصنة من خلال نشر وثائق لدبلوماسيين أمريكيين خاصة .,2,0.0,5.0,cybercrimes,short_answer,7,arabic,,جرائم القرصنة وانتهاك الخصوصية. تصنف في المجموعة الاولى  التي تقع على الانترنت  أي أن الشبكة تكون محلا لها,"{""question_type"": ""اٍشرح""}"
arasag,36,ما نوع الجرائم التي يقترفها موقع ويكيليكس وأين تصنفها بالنسبة للتصنيف العام؟,هو موقع تنشر فيه جماعات تؤمن بحرية التعبير و الرأي و هذا بعد إختراق نظام ما بإستعمال تقنيات و ألاعيب لكشف عيوب الشركات و نشرها علنا . بالنسبة للتصنيف العام فهي تصنف إلى جرائم القرصنة .,2,0.0,5.0,cybercrimes,short_answer,7,arabic,,جرائم القرصنة وانتهاك الخصوصية. تصنف في المجموعة الاولى  التي تقع على الانترنت  أي أن الشبكة تكون محلا لها,"{""question_type"": ""اٍشرح""}"
arasag,36,ما نوع الجرائم التي يقترفها موقع ويكيليكس وأين تصنفها بالنسبة للتصنيف العام؟,كشف عيوب الدبلوماسيين بأوراق رسمية . ,0,0.0,5.0,cybercrimes,short_answer,7,arabic,,جرائم القرصنة وانتهاك الخصوصية. تصنف في المجموعة الاولى  التي تقع على الانترنت  أي أن الشبكة تكون محلا لها,"{""question_type"": ""اٍشرح""}"
arasag,36,ما نوع الجرائم التي يقترفها موقع ويكيليكس وأين تصنفها بالنسبة للتصنيف العام؟,تصنيفها : جرائم محلها الانترنت ، جرائم القرصنة، التعدي الإلكتروني .,4,0.0,5.0,cybercrimes,short_answer,7,arabic,,جرائم القرصنة وانتهاك الخصوصية. تصنف في المجموعة الاولى  التي تقع على الانترنت  أي أن الشبكة تكون محلا لها,"{""question_type"": ""اٍشرح""}"
arasag,36,ما نوع الجرائم التي يقترفها موقع ويكيليكس وأين تصنفها بالنسبة للتصنيف العام؟,نشر وثائق سرية، جرائم التجسس .,3,0.0,5.0,cybercrimes,short_answer,7,arabic,,جرائم القرصنة وانتهاك الخصوصية. تصنف في المجموعة الاولى  التي تقع على الانترنت  أي أن الشبكة تكون محلا لها,"{""question_type"": ""اٍشرح""}"
arasag,36,ما نوع الجرائم التي يقترفها موقع ويكيليكس وأين تصنفها بالنسبة للتصنيف العام؟,جرائم التجسس و القرصنة، تصنف ضمن الجرائم التي تتم على الانترنت .,4,0.0,5.0,cybercrimes,short_answer,7,arabic,,جرائم القرصنة وانتهاك الخصوصية. تصنف في المجموعة الاولى  التي تقع على الانترنت  أي أن الشبكة تكون محلا لها,"{""question_type"": ""اٍشرح""}"
arasag,36,ما نوع الجرائم التي يقترفها موقع ويكيليكس وأين تصنفها بالنسبة للتصنيف العام؟,تسريب المعلومات السياسية و الديبلوماسية ، و تصنف من الجرائم التي تقع في أو عبر الأنترنت .,4,0.0,5.0,cybercrimes,short_answer,7,arabic,,جرائم القرصنة وانتهاك الخصوصية. تصنف في المجموعة الاولى  التي تقع على الانترنت  أي أن الشبكة تكون محلا لها,"{""question_type"": ""اٍشرح""}"
arasag,36,ما نوع الجرائم التي يقترفها موقع ويكيليكس وأين تصنفها بالنسبة للتصنيف العام؟,الإشهار، التصنيف العام : جرائم سياسية (تعدي سياسي) .,0,0.0,5.0,cybercrimes,short_answer,7,arabic,,جرائم القرصنة وانتهاك الخصوصية. تصنف في المجموعة الاولى  التي تقع على الانترنت  أي أن الشبكة تكون محلا لها,"{""question_type"": ""اٍشرح""}"
arasag,36,ما نوع الجرائم التي يقترفها موقع ويكيليكس وأين تصنفها بالنسبة للتصنيف العام؟,فضح الأسرار السياسية للدول ، و يتم تصنيفها كحق للعامة معرفة هذه الأسرار .,0,0.0,5.0,cybercrimes,short_answer,7,arabic,,جرائم القرصنة وانتهاك الخصوصية. تصنف في المجموعة الاولى  التي تقع على الانترنت  أي أن الشبكة تكون محلا لها,"{""question_type"": ""اٍشرح""}"
arasag,36,ما نوع الجرائم التي يقترفها موقع ويكيليكس وأين تصنفها بالنسبة للتصنيف العام؟,نبش فضائح و أسرار الدول، نبش فضائح الحكام، نبش الفتن و التأثير في الرأي العام، التصنيف : من جرائم التعدي الإلكتروني .,3,0.0,5.0,cybercrimes,short_answer,7,arabic,,جرائم القرصنة وانتهاك الخصوصية. تصنف في المجموعة الاولى  التي تقع على الانترنت  أي أن الشبكة تكون محلا لها,"{""question_type"": ""اٍشرح""}"
arasag,36,ما نوع الجرائم التي يقترفها موقع ويكيليكس وأين تصنفها بالنسبة للتصنيف العام؟,تصنف مع الجرائم التي تحدث بواسطة الأنترنت، و هي من النوع الذي ينتهك الخصوصية .,3,0.0,5.0,cybercrimes,short_answer,7,arabic,,جرائم القرصنة وانتهاك الخصوصية. تصنف في المجموعة الاولى  التي تقع على الانترنت  أي أن الشبكة تكون محلا لها,"{""question_type"": ""اٍشرح""}"
arasag,36,ما نوع الجرائم التي يقترفها موقع ويكيليكس وأين تصنفها بالنسبة للتصنيف العام؟,هي جرائم قرصنة ينشر فيها ويكيليس وثائق سرية و رسمية ، تفضح فساد سياسيين، التصنيف: التشهير و إنتهاك الخصوصية .,4,0.0,5.0,cybercrimes,short_answer,7,arabic,,جرائم القرصنة وانتهاك الخصوصية. تصنف في المجموعة الاولى  التي تقع على الانترنت  أي أن الشبكة تكون محلا لها,"{""question_type"": ""اٍشرح""}"
arasag,36,ما نوع الجرائم التي يقترفها موقع ويكيليكس وأين تصنفها بالنسبة للتصنيف العام؟,قام بسرقة وثائق الدبلوماسيين الأمريكيين و نشرها في موقعه، تصنف هذه الجرائم ضمن : جرائم الإختراق.,2,0.0,5.0,cybercrimes,short_answer,7,arabic,,جرائم القرصنة وانتهاك الخصوصية. تصنف في المجموعة الاولى  التي تقع على الانترنت  أي أن الشبكة تكون محلا لها,"{""question_type"": ""اٍشرح""}"
arasag,36,ما نوع الجرائم التي يقترفها موقع ويكيليكس وأين تصنفها بالنسبة للتصنيف العام؟,جرائم القرصنة التي تصنف من الجرائم المعلوماتية التي تقع على الأنترنت حيث الأنترنت مسرح لهذه الجريمة .,4,0.0,5.0,cybercrimes,short_answer,7,arabic,,جرائم القرصنة وانتهاك الخصوصية. تصنف في المجموعة الاولى  التي تقع على الانترنت  أي أن الشبكة تكون محلا لها,"{""question_type"": ""اٍشرح""}"
arasag,36,ما نوع الجرائم التي يقترفها موقع ويكيليكس وأين تصنفها بالنسبة للتصنيف العام؟,هو نشر تعليم غير قانونية ، و نشر تعاليم ذات حقوق ، النشر بطريقة غير قانونية .,0,0.0,5.0,cybercrimes,short_answer,7,arabic,,جرائم القرصنة وانتهاك الخصوصية. تصنف في المجموعة الاولى  التي تقع على الانترنت  أي أن الشبكة تكون محلا لها,"{""question_type"": ""اٍشرح""}"
arasag,36,ما نوع الجرائم التي يقترفها موقع ويكيليكس وأين تصنفها بالنسبة للتصنيف العام؟,التجسس والتسلل للموقع .,2,0.0,5.0,cybercrimes,short_answer,7,arabic,,جرائم القرصنة وانتهاك الخصوصية. تصنف في المجموعة الاولى  التي تقع على الانترنت  أي أن الشبكة تكون محلا لها,"{""question_type"": ""اٍشرح""}"
arasag,36,ما نوع الجرائم التي يقترفها موقع ويكيليكس وأين تصنفها بالنسبة للتصنيف العام؟,الجرائم: الاستيلاء على البيانات و الوثائق و نشرها، التصنيف: جرائم على الانترنت.,3,0.0,5.0,cybercrimes,short_answer,7,arabic,,جرائم القرصنة وانتهاك الخصوصية. تصنف في المجموعة الاولى  التي تقع على الانترنت  أي أن الشبكة تكون محلا لها,"{""question_type"": ""اٍشرح""}"
arasag,36,ما نوع الجرائم التي يقترفها موقع ويكيليكس وأين تصنفها بالنسبة للتصنيف العام؟,إختراق البريد الإلكتروني لدبلوماسيين (المستخدمين بصفة عامة)، التجسس على الحكومات(التجسس الالكتروني)، نشر و تصفح البيانات دون تشريعات قانونية، من صنف : النصب و الاحتيال الإلكتروني.,4,0.0,5.0,cybercrimes,short_answer,7,arabic,,جرائم القرصنة وانتهاك الخصوصية. تصنف في المجموعة الاولى  التي تقع على الانترنت  أي أن الشبكة تكون محلا لها,"{""question_type"": ""اٍشرح""}"
arasag,36,ما نوع الجرائم التي يقترفها موقع ويكيليكس وأين تصنفها بالنسبة للتصنيف العام؟,الجرائم التي يقوم بها ويكيليكس هي جرائم التجسس التي تنتمي إلى الجرائم التي تقع على الانترنت. ,4,0.0,5.0,cybercrimes,short_answer,7,arabic,,جرائم القرصنة وانتهاك الخصوصية. تصنف في المجموعة الاولى  التي تقع على الانترنت  أي أن الشبكة تكون محلا لها,"{""question_type"": ""اٍشرح""}"
arasag,36,ما نوع الجرائم التي يقترفها موقع ويكيليكس وأين تصنفها بالنسبة للتصنيف العام؟,نسخ و إعادة نشر الكتب و المقالات دون إذن كاتبها و تصنف ضمن الجرائم الفكرية.,0,0.0,5.0,cybercrimes,short_answer,7,arabic,,جرائم القرصنة وانتهاك الخصوصية. تصنف في المجموعة الاولى  التي تقع على الانترنت  أي أن الشبكة تكون محلا لها,"{""question_type"": ""اٍشرح""}"
arasag,36,ما نوع الجرائم التي يقترفها موقع ويكيليكس وأين تصنفها بالنسبة للتصنيف العام؟,قوم بإختراق المواقع مثل السياسية و نشر المعلومات السرية الموجودة فيها و تصنف ضمن أخطر أنواع الجرائم.,1,0.0,5.0,cybercrimes,short_answer,7,arabic,,جرائم القرصنة وانتهاك الخصوصية. تصنف في المجموعة الاولى  التي تقع على الانترنت  أي أن الشبكة تكون محلا لها,"{""question_type"": ""اٍشرح""}"
arasag,36,ما نوع الجرائم التي يقترفها موقع ويكيليكس وأين تصنفها بالنسبة للتصنيف العام؟,تنتمي هذه الجريمة إلى المجموعة الأولى للجرائم الإلكترونية بلنسية للتصنيف العام ألا و هي الجرائم التي يكون محلها الأنترنت. ,4,0.0,5.0,cybercrimes,short_answer,7,arabic,,جرائم القرصنة وانتهاك الخصوصية. تصنف في المجموعة الاولى  التي تقع على الانترنت  أي أن الشبكة تكون محلا لها,"{""question_type"": ""اٍشرح""}"
arasag,36,ما نوع الجرائم التي يقترفها موقع ويكيليكس وأين تصنفها بالنسبة للتصنيف العام؟,القرصنة و التشهير بالشخصيات السياسية العالمية بنشر معلومات و رسائل و ملفات سرية ، نصنفها بالجرائم التي تقع على الانترنت.,4,0.0,5.0,cybercrimes,short_answer,7,arabic,,جرائم القرصنة وانتهاك الخصوصية. تصنف في المجموعة الاولى  التي تقع على الانترنت  أي أن الشبكة تكون محلا لها,"{""question_type"": ""اٍشرح""}"
arasag,36,ما نوع الجرائم التي يقترفها موقع ويكيليكس وأين تصنفها بالنسبة للتصنيف العام؟,ينشر المعلومات السرية و يقوم بالتحليلات الاجتماعية و السياسية على نطاق عالمي و تسريب الاخبار السرية و ينشر الوثائق السرية انتهاك حقوق الانسان و التجسس الإلكتروني وجرائم القرصنة وتصنيفها العام هي جرائم تقع على الانترنت.,4,0.0,5.0,cybercrimes,short_answer,7,arabic,,جرائم القرصنة وانتهاك الخصوصية. تصنف في المجموعة الاولى  التي تقع على الانترنت  أي أن الشبكة تكون محلا لها,"{""question_type"": ""اٍشرح""}"
arasag,36,ما نوع الجرائم التي يقترفها موقع ويكيليكس وأين تصنفها بالنسبة للتصنيف العام؟,ينشر الوثائق السرية للحكومات و الهيئات و يقوم أيضا بالتجسس الالكتروني و يصنف ضمن المجموعة الاولى و التي يكون فيها الانترنت محل للجريمة .,4,0.0,5.0,cybercrimes,short_answer,7,arabic,,جرائم القرصنة وانتهاك الخصوصية. تصنف في المجموعة الاولى  التي تقع على الانترنت  أي أن الشبكة تكون محلا لها,"{""question_type"": ""اٍشرح""}"
arasag,36,ما نوع الجرائم التي يقترفها موقع ويكيليكس وأين تصنفها بالنسبة للتصنيف العام؟,التجسس على الأفراد و الحكومات ، تصنف ضمن الجرائم التي تستعمل فيها الانترنت .,4,0.0,5.0,cybercrimes,short_answer,7,arabic,,جرائم القرصنة وانتهاك الخصوصية. تصنف في المجموعة الاولى  التي تقع على الانترنت  أي أن الشبكة تكون محلا لها,"{""question_type"": ""اٍشرح""}"
arasag,36,ما نوع الجرائم التي يقترفها موقع ويكيليكس وأين تصنفها بالنسبة للتصنيف العام؟,الجرائم التي يقترفها موقع ويكيليكس هي تسريب معلومات تخص الولايات المتحدة سياسيا ، صنفت من أخطر جرائم الاختراق.,2,0.0,5.0,cybercrimes,short_answer,7,arabic,,جرائم القرصنة وانتهاك الخصوصية. تصنف في المجموعة الاولى  التي تقع على الانترنت  أي أن الشبكة تكون محلا لها,"{""question_type"": ""اٍشرح""}"
arasag,36,ما نوع الجرائم التي يقترفها موقع ويكيليكس وأين تصنفها بالنسبة للتصنيف العام؟,سرقة المعلومات سواء شخصية أو حكومية أو دولية و يقوم بنشرها، نشر الوثائق والمعلومات السرية ، نشر معلومات وأخبار عن الفساد الاجتماعي و السياسي و ذكر أعمال الموظفين السياسين الفاسدين ، تصنف ضمن الجرائم التي تقع على الانترنت .,4,0.0,5.0,cybercrimes,short_answer,7,arabic,,جرائم القرصنة وانتهاك الخصوصية. تصنف في المجموعة الاولى  التي تقع على الانترنت  أي أن الشبكة تكون محلا لها,"{""question_type"": ""اٍشرح""}"
arasag,36,ما نوع الجرائم التي يقترفها موقع ويكيليكس وأين تصنفها بالنسبة للتصنيف العام؟,يقوم بنشر معلومات سرية عن شخصيات معينة و تعتبر هذه جريمة تشهير و اختراق لخصوصية الأشخاص و هو يعتبر من المواقع المعادية سياسيا.,2,0.0,5.0,cybercrimes,short_answer,7,arabic,,جرائم القرصنة وانتهاك الخصوصية. تصنف في المجموعة الاولى  التي تقع على الانترنت  أي أن الشبكة تكون محلا لها,"{""question_type"": ""اٍشرح""}"
arasag,36,ما نوع الجرائم التي يقترفها موقع ويكيليكس وأين تصنفها بالنسبة للتصنيف العام؟,الاختراق و التجسس على الرسائل الإلكترونية و المكالمات لشخصيات سياسية من أجل التجسس و تسريب الوثائق الرسمية الخاصة، تعتبر من الجرائم على الانترنت. ,4,0.0,5.0,cybercrimes,short_answer,7,arabic,,جرائم القرصنة وانتهاك الخصوصية. تصنف في المجموعة الاولى  التي تقع على الانترنت  أي أن الشبكة تكون محلا لها,"{""question_type"": ""اٍشرح""}"
arasag,36,ما نوع الجرائم التي يقترفها موقع ويكيليكس وأين تصنفها بالنسبة للتصنيف العام؟,تصنف في الجرائم التي تقع على الانترنت. نوعها جرائم التجسس.,4,0.0,5.0,cybercrimes,short_answer,7,arabic,,جرائم القرصنة وانتهاك الخصوصية. تصنف في المجموعة الاولى  التي تقع على الانترنت  أي أن الشبكة تكون محلا لها,"{""question_type"": ""اٍشرح""}"
arasag,36,ما نوع الجرائم التي يقترفها موقع ويكيليكس وأين تصنفها بالنسبة للتصنيف العام؟,جرائم من نوع القرصنة ،بحيث يقوم بنشر معلومات حساسة حول الدبلوماسيين و معلومات سرية للمنظمات الحكومية و غيرها … و تصنف ضمن الجرائم التي تقع على الإنترنت أي أن الانترنت محل الجريمة.,4,0.0,5.0,cybercrimes,short_answer,7,arabic,,جرائم القرصنة وانتهاك الخصوصية. تصنف في المجموعة الاولى  التي تقع على الانترنت  أي أن الشبكة تكون محلا لها,"{""question_type"": ""اٍشرح""}"
arasag,36,ما نوع الجرائم التي يقترفها موقع ويكيليكس وأين تصنفها بالنسبة للتصنيف العام؟,جرائم القرصنة حيث يقوم الموقع ينشر وثائق سرية للغاية و تسريبها مع حماية مصدرها وذلك بعد اختراق مواقع الحكومات (مختلف الدول و التجسس على البيانات بطريقة) غير قانونية و الكفيلة بخلق مشاكل دبلوماسية بين الدول. ,3,0.0,5.0,cybercrimes,short_answer,7,arabic,,جرائم القرصنة وانتهاك الخصوصية. تصنف في المجموعة الاولى  التي تقع على الانترنت  أي أن الشبكة تكون محلا لها,"{""question_type"": ""اٍشرح""}"
arasag,36,ما نوع الجرائم التي يقترفها موقع ويكيليكس وأين تصنفها بالنسبة للتصنيف العام؟,"جوائم الجوسسة التي قامت ""ويكيليكس"" بأخذ محادثات و معاهدات دارت بين الو أ و شركائها و قامت بعرضها على الأنترنت أين تمكن الجميع من قراءتها و تصنف هذه الجريمة الى الجرائم الملكية البشرية. ",2,0.0,5.0,cybercrimes,short_answer,7,arabic,,جرائم القرصنة وانتهاك الخصوصية. تصنف في المجموعة الاولى  التي تقع على الانترنت  أي أن الشبكة تكون محلا لها,"{""question_type"": ""اٍشرح""}"
arasag,36,ما نوع الجرائم التي يقترفها موقع ويكيليكس وأين تصنفها بالنسبة للتصنيف العام؟,كشف الرسائل المتبادلة بين الأشخاص و الدبلوماسيين مما أدى إلى خلق الفتن بين الدول و كشف عمليات التجسس. تصنف في جرائم القرصنة. ,3,0.0,5.0,cybercrimes,short_answer,7,arabic,,جرائم القرصنة وانتهاك الخصوصية. تصنف في المجموعة الاولى  التي تقع على الانترنت  أي أن الشبكة تكون محلا لها,"{""question_type"": ""اٍشرح""}"
arasag,36,ما نوع الجرائم التي يقترفها موقع ويكيليكس وأين تصنفها بالنسبة للتصنيف العام؟,ويكيليكس يقترف جرائم القرصنة عموما تصنيفها العالمي هو الأول من حيث الجرائم الإلكترونية عبر العالم. ,2,0.0,5.0,cybercrimes,short_answer,7,arabic,,جرائم القرصنة وانتهاك الخصوصية. تصنف في المجموعة الاولى  التي تقع على الانترنت  أي أن الشبكة تكون محلا لها,"{""question_type"": ""اٍشرح""}"
arasag,36,ما نوع الجرائم التي يقترفها موقع ويكيليكس وأين تصنفها بالنسبة للتصنيف العام؟,يقوم موقع ويكيليكس بقرصنة الأجهزة و البريد الالكتروني للأشخاص وخاصة المشهورين و نشر حياتهم الشخصية او ااعمليةبهدف فضحهم أو كما يدعون نشر الحقيقة و يمكن تصنيفها في جرائم القرصنة أي الجرائم التي تقع على الأنترنت. ,4,0.0,5.0,cybercrimes,short_answer,7,arabic,,جرائم القرصنة وانتهاك الخصوصية. تصنف في المجموعة الاولى  التي تقع على الانترنت  أي أن الشبكة تكون محلا لها,"{""question_type"": ""اٍشرح""}"
arasag,36,ما نوع الجرائم التي يقترفها موقع ويكيليكس وأين تصنفها بالنسبة للتصنيف العام؟,نوع الجرائم هو القرصنة و تصنف إلى مجموعة الجرائم التي تقع على الأنترنت. ,4,0.0,5.0,cybercrimes,short_answer,7,arabic,,جرائم القرصنة وانتهاك الخصوصية. تصنف في المجموعة الاولى  التي تقع على الانترنت  أي أن الشبكة تكون محلا لها,"{""question_type"": ""اٍشرح""}"
arasag,36,ما نوع الجرائم التي يقترفها موقع ويكيليكس وأين تصنفها بالنسبة للتصنيف العام؟,جرائم قرصنة و تجسس و اختراق و تصنف ضمن الجرائم المرتكبة على الأنترنت. ,5,0.0,5.0,cybercrimes,short_answer,7,arabic,,جرائم القرصنة وانتهاك الخصوصية. تصنف في المجموعة الاولى  التي تقع على الانترنت  أي أن الشبكة تكون محلا لها,"{""question_type"": ""اٍشرح""}"
arasag,36,ما نوع الجرائم التي يقترفها موقع ويكيليكس وأين تصنفها بالنسبة للتصنيف العام؟,الجرائم التي تكون محل وقوعها الانترنت، نوعها جرائم القرصنة. ,4,0.0,5.0,cybercrimes,short_answer,7,arabic,,جرائم القرصنة وانتهاك الخصوصية. تصنف في المجموعة الاولى  التي تقع على الانترنت  أي أن الشبكة تكون محلا لها,"{""question_type"": ""اٍشرح""}"
arasag,26,كيف تتم جريمة التجسس الصناعي على الانترنت ؟,  باختراق  الحاسب الآلي والحصول على المعلومات الصناعية الخاصة بالمنطقة أو المؤسسة ونقلها لحاسب ألي آخر للمؤسس أو المنظمة المعادية ,2,0.0,5.0,cybercrimes,short_answer,7,arabic,,يتم اختراق و تنزيل الأسرار الصناعية من كمبيوتر في إحدى الشركات وإرسالها بالبريد الإلكتروني مباشرة إلى منافستها، و قد تتم سرقة اختراع جديد في تكنولوجيا الكمبيوتر وبيعه بمبلغ كبير من المال بالإضافة إلى فساد وتواطؤ الموظفين,"{""question_type"": ""اٍشرح""}"
arasag,26,كيف تتم جريمة التجسس الصناعي على الانترنت ؟,التجسس على السر المهني للمنافسين عن طريق اختراق قواعد البيانات,2,0.0,5.0,cybercrimes,short_answer,7,arabic,,يتم اختراق و تنزيل الأسرار الصناعية من كمبيوتر في إحدى الشركات وإرسالها بالبريد الإلكتروني مباشرة إلى منافستها، و قد تتم سرقة اختراع جديد في تكنولوجيا الكمبيوتر وبيعه بمبلغ كبير من المال بالإضافة إلى فساد وتواطؤ الموظفين,"{""question_type"": ""اٍشرح""}"
arasag,26,كيف تتم جريمة التجسس الصناعي على الانترنت ؟,اختراق جماعة من المخربين والقيام بالتجسس على المعلومات,1,0.0,5.0,cybercrimes,short_answer,7,arabic,,يتم اختراق و تنزيل الأسرار الصناعية من كمبيوتر في إحدى الشركات وإرسالها بالبريد الإلكتروني مباشرة إلى منافستها، و قد تتم سرقة اختراع جديد في تكنولوجيا الكمبيوتر وبيعه بمبلغ كبير من المال بالإضافة إلى فساد وتواطؤ الموظفين,"{""question_type"": ""اٍشرح""}"
arasag,26,كيف تتم جريمة التجسس الصناعي على الانترنت ؟,هي جريمة تقليدية قدمت لها اجهزة الكمبيوتر أبعاد جديدة فعلى سبيل المثال انزال المعلومات الصناعية السرية لشركة في كمبيوتر وارسالها عبر البريد الالكتروني لشركة منافسة، أو لتكنولوجيا تكون هي الهدف كسرقة اختراع جديد في كمبيوتر و بيعه,4,0.0,5.0,cybercrimes,short_answer,7,arabic,,يتم اختراق و تنزيل الأسرار الصناعية من كمبيوتر في إحدى الشركات وإرسالها بالبريد الإلكتروني مباشرة إلى منافستها، و قد تتم سرقة اختراع جديد في تكنولوجيا الكمبيوتر وبيعه بمبلغ كبير من المال بالإضافة إلى فساد وتواطؤ الموظفين,"{""question_type"": ""اٍشرح""}"
arasag,26,كيف تتم جريمة التجسس الصناعي على الانترنت ؟,تتم بين المؤسسات وتتم عبر اختراق نظام المؤسسة أو عبر وسائل مادية كأجهزة التنصت، كما تتم عبر الموظفين الفاسدين,3,0.0,5.0,cybercrimes,short_answer,7,arabic,,يتم اختراق و تنزيل الأسرار الصناعية من كمبيوتر في إحدى الشركات وإرسالها بالبريد الإلكتروني مباشرة إلى منافستها، و قد تتم سرقة اختراع جديد في تكنولوجيا الكمبيوتر وبيعه بمبلغ كبير من المال بالإضافة إلى فساد وتواطؤ الموظفين,"{""question_type"": ""اٍشرح""}"
arasag,26,كيف تتم جريمة التجسس الصناعي على الانترنت ؟,عبر موظف فاسد يرسل اسرار الشركات الى الشركات المنافسة,1,0.0,5.0,cybercrimes,short_answer,7,arabic,,يتم اختراق و تنزيل الأسرار الصناعية من كمبيوتر في إحدى الشركات وإرسالها بالبريد الإلكتروني مباشرة إلى منافستها، و قد تتم سرقة اختراع جديد في تكنولوجيا الكمبيوتر وبيعه بمبلغ كبير من المال بالإضافة إلى فساد وتواطؤ الموظفين,"{""question_type"": ""اٍشرح""}"
arasag,26,كيف تتم جريمة التجسس الصناعي على الانترنت ؟,جريمة التجسس الصناعي و تتم بارسال رسائل عشوائية لجميع الانظمة التصفحات,0,0.0,5.0,cybercrimes,short_answer,7,arabic,,يتم اختراق و تنزيل الأسرار الصناعية من كمبيوتر في إحدى الشركات وإرسالها بالبريد الإلكتروني مباشرة إلى منافستها، و قد تتم سرقة اختراع جديد في تكنولوجيا الكمبيوتر وبيعه بمبلغ كبير من المال بالإضافة إلى فساد وتواطؤ الموظفين,"{""question_type"": ""اٍشرح""}"
arasag,26,كيف تتم جريمة التجسس الصناعي على الانترنت ؟,الدخول غير مسموح لشبكة ، الاطلاع و التجسس على المعلومات من دون الحصول على اذن.,0,0.0,5.0,cybercrimes,short_answer,7,arabic,,يتم اختراق و تنزيل الأسرار الصناعية من كمبيوتر في إحدى الشركات وإرسالها بالبريد الإلكتروني مباشرة إلى منافستها، و قد تتم سرقة اختراع جديد في تكنولوجيا الكمبيوتر وبيعه بمبلغ كبير من المال بالإضافة إلى فساد وتواطؤ الموظفين,"{""question_type"": ""اٍشرح""}"
arasag,26,كيف تتم جريمة التجسس الصناعي على الانترنت ؟,هو نفسه التجسس التقليدي لكن يكون موضوعه صناعي مثلا سرقة لتطوير وسائل تكنولوجيا و بيعها بثمن باهض,2,0.0,5.0,cybercrimes,short_answer,7,arabic,,يتم اختراق و تنزيل الأسرار الصناعية من كمبيوتر في إحدى الشركات وإرسالها بالبريد الإلكتروني مباشرة إلى منافستها، و قد تتم سرقة اختراع جديد في تكنولوجيا الكمبيوتر وبيعه بمبلغ كبير من المال بالإضافة إلى فساد وتواطؤ الموظفين,"{""question_type"": ""اٍشرح""}"
arasag,26,كيف تتم جريمة التجسس الصناعي على الانترنت ؟,تتم جريمة التجسس الصناعي على الانترنت عن طريق الاقتحام و الاختراق لجهاز كمبيوتر او انظمته لمعرفة جميع المعلومات المتعلقة بالأسرار الصناعية لجهاز ما و توفير هذه المعلومات لشركة صناعية أخرى بأموال باهظة,4,0.0,5.0,cybercrimes,short_answer,7,arabic,,يتم اختراق و تنزيل الأسرار الصناعية من كمبيوتر في إحدى الشركات وإرسالها بالبريد الإلكتروني مباشرة إلى منافستها، و قد تتم سرقة اختراع جديد في تكنولوجيا الكمبيوتر وبيعه بمبلغ كبير من المال بالإضافة إلى فساد وتواطؤ الموظفين,"{""question_type"": ""اٍشرح""}"
arasag,26,كيف تتم جريمة التجسس الصناعي على الانترنت ؟,تتم بالتجسس على حواسيب الشركة المنافسة أو باستخدام أدوات متطورة للحصول على طريقة العمل أو على الوصفة السرية للشركة الأخرى ,4,0.0,5.0,cybercrimes,short_answer,7,arabic,,يتم اختراق و تنزيل الأسرار الصناعية من كمبيوتر في إحدى الشركات وإرسالها بالبريد الإلكتروني مباشرة إلى منافستها، و قد تتم سرقة اختراع جديد في تكنولوجيا الكمبيوتر وبيعه بمبلغ كبير من المال بالإضافة إلى فساد وتواطؤ الموظفين,"{""question_type"": ""اٍشرح""}"
arasag,26,كيف تتم جريمة التجسس الصناعي على الانترنت ؟,برنامج يسمح بفتح ثغرة في حاسوب المستخدم و الذي يسمح بتجسس ( أخذ و قراءة ) المعلومات,2,0.0,5.0,cybercrimes,short_answer,7,arabic,,يتم اختراق و تنزيل الأسرار الصناعية من كمبيوتر في إحدى الشركات وإرسالها بالبريد الإلكتروني مباشرة إلى منافستها، و قد تتم سرقة اختراع جديد في تكنولوجيا الكمبيوتر وبيعه بمبلغ كبير من المال بالإضافة إلى فساد وتواطؤ الموظفين,"{""question_type"": ""اٍشرح""}"
arasag,26,كيف تتم جريمة التجسس الصناعي على الانترنت ؟,"سرقة الإختراعات و المعلومات اللازمة من شركة و نقلها عبر email إلى الشركة الثانية , أو سرقة إختراعات و تقديمها و الحصول على مبالغ مادية كبيرة بواسطتها ",3,0.0,5.0,cybercrimes,short_answer,7,arabic,,يتم اختراق و تنزيل الأسرار الصناعية من كمبيوتر في إحدى الشركات وإرسالها بالبريد الإلكتروني مباشرة إلى منافستها، و قد تتم سرقة اختراع جديد في تكنولوجيا الكمبيوتر وبيعه بمبلغ كبير من المال بالإضافة إلى فساد وتواطؤ الموظفين,"{""question_type"": ""اٍشرح""}"
arasag,26,كيف تتم جريمة التجسس الصناعي على الانترنت ؟,"تتم بتواطئ الموظفين يتم التجسس على الأنظمة و إرسال معلوماتها عبر البريد الإلكتروني إلى المنافسين , احيانا تكنولوجيا المعلومات هي نفسها الهدف من التجسس الصناعي حيث تتم سرقتها وبيعها  ",5,0.0,5.0,cybercrimes,short_answer,7,arabic,,يتم اختراق و تنزيل الأسرار الصناعية من كمبيوتر في إحدى الشركات وإرسالها بالبريد الإلكتروني مباشرة إلى منافستها، و قد تتم سرقة اختراع جديد في تكنولوجيا الكمبيوتر وبيعه بمبلغ كبير من المال بالإضافة إلى فساد وتواطؤ الموظفين,"{""question_type"": ""اٍشرح""}"
arasag,26,كيف تتم جريمة التجسس الصناعي على الانترنت ؟,اختراق أنظمة المؤسسات الصناعية و سرقة معلومات عن منتجاتها ثم القيام بإنتاج بصناعة منتجات بتلك المعايير و بيعها ,2,0.0,5.0,cybercrimes,short_answer,7,arabic,,يتم اختراق و تنزيل الأسرار الصناعية من كمبيوتر في إحدى الشركات وإرسالها بالبريد الإلكتروني مباشرة إلى منافستها، و قد تتم سرقة اختراع جديد في تكنولوجيا الكمبيوتر وبيعه بمبلغ كبير من المال بالإضافة إلى فساد وتواطؤ الموظفين,"{""question_type"": ""اٍشرح""}"
arasag,26,كيف تتم جريمة التجسس الصناعي على الانترنت ؟,التجسس الصناعي يمكن أن يكون من عامل مصنع يرسل ملف صنع منتج و كيفية صنعه إلى شركة أخرى و بالتالي تصنعه على أنه منتوجها ,2,0.0,5.0,cybercrimes,short_answer,7,arabic,,يتم اختراق و تنزيل الأسرار الصناعية من كمبيوتر في إحدى الشركات وإرسالها بالبريد الإلكتروني مباشرة إلى منافستها، و قد تتم سرقة اختراع جديد في تكنولوجيا الكمبيوتر وبيعه بمبلغ كبير من المال بالإضافة إلى فساد وتواطؤ الموظفين,"{""question_type"": ""اٍشرح""}"
arasag,26,كيف تتم جريمة التجسس الصناعي على الانترنت ؟,يقوم المتجسس باختراق الموقع الخاص بالمؤسسة بارسال بريد الكتروني لجميع مستخدمي الموقع  ,2,0.0,5.0,cybercrimes,short_answer,7,arabic,,يتم اختراق و تنزيل الأسرار الصناعية من كمبيوتر في إحدى الشركات وإرسالها بالبريد الإلكتروني مباشرة إلى منافستها، و قد تتم سرقة اختراع جديد في تكنولوجيا الكمبيوتر وبيعه بمبلغ كبير من المال بالإضافة إلى فساد وتواطؤ الموظفين,"{""question_type"": ""اٍشرح""}"
arasag,26,كيف تتم جريمة التجسس الصناعي على الانترنت ؟,ارسال معلومات صناعية عن منتوج معين,2,0.0,5.0,cybercrimes,short_answer,7,arabic,,يتم اختراق و تنزيل الأسرار الصناعية من كمبيوتر في إحدى الشركات وإرسالها بالبريد الإلكتروني مباشرة إلى منافستها، و قد تتم سرقة اختراع جديد في تكنولوجيا الكمبيوتر وبيعه بمبلغ كبير من المال بالإضافة إلى فساد وتواطؤ الموظفين,"{""question_type"": ""اٍشرح""}"
arasag,26,كيف تتم جريمة التجسس الصناعي على الانترنت ؟,اختراق جماعة من المخربين والقيام بالتجسس على المعلومات,1,0.0,5.0,cybercrimes,short_answer,7,arabic,,يتم اختراق و تنزيل الأسرار الصناعية من كمبيوتر في إحدى الشركات وإرسالها بالبريد الإلكتروني مباشرة إلى منافستها، و قد تتم سرقة اختراع جديد في تكنولوجيا الكمبيوتر وبيعه بمبلغ كبير من المال بالإضافة إلى فساد وتواطؤ الموظفين,"{""question_type"": ""اٍشرح""}"
arasag,26,كيف تتم جريمة التجسس الصناعي على الانترنت ؟,اختراق جماعة من المخربين والقيام بالتجسس على المعلومات,4,0.0,5.0,cybercrimes,short_answer,7,arabic,,يتم اختراق و تنزيل الأسرار الصناعية من كمبيوتر في إحدى الشركات وإرسالها بالبريد الإلكتروني مباشرة إلى منافستها، و قد تتم سرقة اختراع جديد في تكنولوجيا الكمبيوتر وبيعه بمبلغ كبير من المال بالإضافة إلى فساد وتواطؤ الموظفين,"{""question_type"": ""اٍشرح""}"
arasag,26,كيف تتم جريمة التجسس الصناعي على الانترنت ؟,هي وسيلة تقليدية تعتمد على الانترنت,0,0.0,5.0,cybercrimes,short_answer,7,arabic,,يتم اختراق و تنزيل الأسرار الصناعية من كمبيوتر في إحدى الشركات وإرسالها بالبريد الإلكتروني مباشرة إلى منافستها، و قد تتم سرقة اختراع جديد في تكنولوجيا الكمبيوتر وبيعه بمبلغ كبير من المال بالإضافة إلى فساد وتواطؤ الموظفين,"{""question_type"": ""اٍشرح""}"
arasag,26,كيف تتم جريمة التجسس الصناعي على الانترنت ؟,تثبيت برامج ماكرة كاحصنة طروادة فبفتح البرنامج يقوم الماكر بعمله,1,0.0,5.0,cybercrimes,short_answer,7,arabic,,يتم اختراق و تنزيل الأسرار الصناعية من كمبيوتر في إحدى الشركات وإرسالها بالبريد الإلكتروني مباشرة إلى منافستها، و قد تتم سرقة اختراع جديد في تكنولوجيا الكمبيوتر وبيعه بمبلغ كبير من المال بالإضافة إلى فساد وتواطؤ الموظفين,"{""question_type"": ""اٍشرح""}"
arasag,26,كيف تتم جريمة التجسس الصناعي على الانترنت ؟,اقتحام النظام، الوصول الى النظام و تغيير واجهته، ارسال رسائل الى الضحية تحثه إدخال معلوماته الشخصية فيتم بّذلك سرقة البيانات.,2,0.0,5.0,cybercrimes,short_answer,7,arabic,,يتم اختراق و تنزيل الأسرار الصناعية من كمبيوتر في إحدى الشركات وإرسالها بالبريد الإلكتروني مباشرة إلى منافستها، و قد تتم سرقة اختراع جديد في تكنولوجيا الكمبيوتر وبيعه بمبلغ كبير من المال بالإضافة إلى فساد وتواطؤ الموظفين,"{""question_type"": ""اٍشرح""}"
arasag,26,كيف تتم جريمة التجسس الصناعي على الانترنت ؟,بين المؤسسات الصناعية حيث يتم التجسس على إستراتيجيتها للقيام بنفسها ومن ثم إعاقتها و التغلب عليها في السوق,2,0.0,5.0,cybercrimes,short_answer,7,arabic,,يتم اختراق و تنزيل الأسرار الصناعية من كمبيوتر في إحدى الشركات وإرسالها بالبريد الإلكتروني مباشرة إلى منافستها، و قد تتم سرقة اختراع جديد في تكنولوجيا الكمبيوتر وبيعه بمبلغ كبير من المال بالإضافة إلى فساد وتواطؤ الموظفين,"{""question_type"": ""اٍشرح""}"
arasag,26,كيف تتم جريمة التجسس الصناعي على الانترنت ؟,باختراق قاعدة البيانات أو أجهزة المصنع,2,0.0,5.0,cybercrimes,short_answer,7,arabic,,يتم اختراق و تنزيل الأسرار الصناعية من كمبيوتر في إحدى الشركات وإرسالها بالبريد الإلكتروني مباشرة إلى منافستها، و قد تتم سرقة اختراع جديد في تكنولوجيا الكمبيوتر وبيعه بمبلغ كبير من المال بالإضافة إلى فساد وتواطؤ الموظفين,"{""question_type"": ""اٍشرح""}"
arasag,26,كيف تتم جريمة التجسس الصناعي على الانترنت ؟,تستخدمها حكومات متطورة بطريقة غير قانونية وسرقة المعلومات لعدة اهداف,2,0.0,5.0,cybercrimes,short_answer,7,arabic,,يتم اختراق و تنزيل الأسرار الصناعية من كمبيوتر في إحدى الشركات وإرسالها بالبريد الإلكتروني مباشرة إلى منافستها، و قد تتم سرقة اختراع جديد في تكنولوجيا الكمبيوتر وبيعه بمبلغ كبير من المال بالإضافة إلى فساد وتواطؤ الموظفين,"{""question_type"": ""اٍشرح""}"
arasag,26,كيف تتم جريمة التجسس الصناعي على الانترنت ؟,عادة ما يحمل المستخدم برنامج تحتوي فيروسات كحصان طروادة الذي يسمح بفتح منافذ و التجسس على الضحية ,1,0.0,5.0,cybercrimes,short_answer,7,arabic,,يتم اختراق و تنزيل الأسرار الصناعية من كمبيوتر في إحدى الشركات وإرسالها بالبريد الإلكتروني مباشرة إلى منافستها، و قد تتم سرقة اختراع جديد في تكنولوجيا الكمبيوتر وبيعه بمبلغ كبير من المال بالإضافة إلى فساد وتواطؤ الموظفين,"{""question_type"": ""اٍشرح""}"
arasag,26,كيف تتم جريمة التجسس الصناعي على الانترنت ؟,باختراق المواقع الخاصة بالمؤسسات ,1,0.0,5.0,cybercrimes,short_answer,7,arabic,,يتم اختراق و تنزيل الأسرار الصناعية من كمبيوتر في إحدى الشركات وإرسالها بالبريد الإلكتروني مباشرة إلى منافستها، و قد تتم سرقة اختراع جديد في تكنولوجيا الكمبيوتر وبيعه بمبلغ كبير من المال بالإضافة إلى فساد وتواطؤ الموظفين,"{""question_type"": ""اٍشرح""}"
arasag,26,كيف تتم جريمة التجسس الصناعي على الانترنت ؟,سرقة اختراعات في مجال تكنولوجية المعلومات و بيعها للمنافسين بمبالغ كبيرة عن طريق اختراق الانظمة و الشبكات بواسطة احصنة طروادة مثلا و التجسس على اعمال الغير ,4,0.0,5.0,cybercrimes,short_answer,7,arabic,,يتم اختراق و تنزيل الأسرار الصناعية من كمبيوتر في إحدى الشركات وإرسالها بالبريد الإلكتروني مباشرة إلى منافستها، و قد تتم سرقة اختراع جديد في تكنولوجيا الكمبيوتر وبيعه بمبلغ كبير من المال بالإضافة إلى فساد وتواطؤ الموظفين,"{""question_type"": ""اٍشرح""}"
arasag,26,كيف تتم جريمة التجسس الصناعي على الانترنت ؟,هي جريمة تقليدية تتم عبر سرقة الافكار الصناعية مباشرة من الشركات و ارسالها عبر البريد  الالكتروني كما تتم بيع الافكار الصناعية التكنولوجية بملايين الدولارات ,4,0.0,5.0,cybercrimes,short_answer,7,arabic,,يتم اختراق و تنزيل الأسرار الصناعية من كمبيوتر في إحدى الشركات وإرسالها بالبريد الإلكتروني مباشرة إلى منافستها، و قد تتم سرقة اختراع جديد في تكنولوجيا الكمبيوتر وبيعه بمبلغ كبير من المال بالإضافة إلى فساد وتواطؤ الموظفين,"{""question_type"": ""اٍشرح""}"
arasag,26,كيف تتم جريمة التجسس الصناعي على الانترنت ؟,جريمة تقليدية تقوم بها الشركات مثل ارسال معلومات سرية او طريقة صناعية تكنولوجيا للشركة المنافسة وذلك  باستخدام البريد الالكتروني ,2,0.0,5.0,cybercrimes,short_answer,7,arabic,,يتم اختراق و تنزيل الأسرار الصناعية من كمبيوتر في إحدى الشركات وإرسالها بالبريد الإلكتروني مباشرة إلى منافستها، و قد تتم سرقة اختراع جديد في تكنولوجيا الكمبيوتر وبيعه بمبلغ كبير من المال بالإضافة إلى فساد وتواطؤ الموظفين,"{""question_type"": ""اٍشرح""}"
arasag,26,كيف تتم جريمة التجسس الصناعي على الانترنت ؟,تنزيل الاسرار الصناعية من اجهزة الشركات و ارسالها الى الشركات المنافسة لها او سرقة برامج و بيعها و كسب الملايين من الدولارات ,4,0.0,5.0,cybercrimes,short_answer,7,arabic,,يتم اختراق و تنزيل الأسرار الصناعية من كمبيوتر في إحدى الشركات وإرسالها بالبريد الإلكتروني مباشرة إلى منافستها، و قد تتم سرقة اختراع جديد في تكنولوجيا الكمبيوتر وبيعه بمبلغ كبير من المال بالإضافة إلى فساد وتواطؤ الموظفين,"{""question_type"": ""اٍشرح""}"
arasag,26,كيف تتم جريمة التجسس الصناعي على الانترنت ؟,الحصول على كلمات السر و ضع برنامج للتجسس ,1,0.0,5.0,cybercrimes,short_answer,7,arabic,,يتم اختراق و تنزيل الأسرار الصناعية من كمبيوتر في إحدى الشركات وإرسالها بالبريد الإلكتروني مباشرة إلى منافستها، و قد تتم سرقة اختراع جديد في تكنولوجيا الكمبيوتر وبيعه بمبلغ كبير من المال بالإضافة إلى فساد وتواطؤ الموظفين,"{""question_type"": ""اٍشرح""}"
arasag,26,كيف تتم جريمة التجسس الصناعي على الانترنت ؟,تتم باختراق نظام الشركة او بطرق اخرى و التجسس بغرض سرقة افكار و معلومات عن منتوج ما و بعد ذلك يسبق الشركة و ينتجه ثم يبيعه ,3,0.0,5.0,cybercrimes,short_answer,7,arabic,,يتم اختراق و تنزيل الأسرار الصناعية من كمبيوتر في إحدى الشركات وإرسالها بالبريد الإلكتروني مباشرة إلى منافستها، و قد تتم سرقة اختراع جديد في تكنولوجيا الكمبيوتر وبيعه بمبلغ كبير من المال بالإضافة إلى فساد وتواطؤ الموظفين,"{""question_type"": ""اٍشرح""}"
arasag,26,كيف تتم جريمة التجسس الصناعي على الانترنت ؟,انزال اسرار صناعية من جهاز الكمبيوتر و ارسالها عبر البريد الالكتروني للشركة او الشركات او الطرف المنافس او سرقة اختراع في تكنولوجيا المعلومات وبيعه بمبلغ ضخم,5,0.0,5.0,cybercrimes,short_answer,7,arabic,,يتم اختراق و تنزيل الأسرار الصناعية من كمبيوتر في إحدى الشركات وإرسالها بالبريد الإلكتروني مباشرة إلى منافستها، و قد تتم سرقة اختراع جديد في تكنولوجيا الكمبيوتر وبيعه بمبلغ كبير من المال بالإضافة إلى فساد وتواطؤ الموظفين,"{""question_type"": ""اٍشرح""}"
arasag,26,كيف تتم جريمة التجسس الصناعي على الانترنت ؟,يقوم المتجسس برصد الشركة و اكتشاف صناعتها الخاصة بها عبر التواطئ مع الموظفين الفاسدين عادة و تسريب هذه المعلومات مما يعود على الشركة بخسارة فادحة (تستعمل هذه الطريقة عادك بين الشركات الكبرى بتوظيف غير قانوني للمتجسسين),4,0.0,5.0,cybercrimes,short_answer,7,arabic,,يتم اختراق و تنزيل الأسرار الصناعية من كمبيوتر في إحدى الشركات وإرسالها بالبريد الإلكتروني مباشرة إلى منافستها، و قد تتم سرقة اختراع جديد في تكنولوجيا الكمبيوتر وبيعه بمبلغ كبير من المال بالإضافة إلى فساد وتواطؤ الموظفين,"{""question_type"": ""اٍشرح""}"
arasag,26,كيف تتم جريمة التجسس الصناعي على الانترنت ؟,انزال برمجيات خبيثة  و اقناع المستخدمين باهميتها لتحميلها فيتم عمل باب خلفي من خلالها و التحكم المطلق في الجهاز او انزال برنامج راصد لوحة المفاتيح فيعطي كل ما بداخله المستخدم من معلومات,1,0.0,5.0,cybercrimes,short_answer,7,arabic,,يتم اختراق و تنزيل الأسرار الصناعية من كمبيوتر في إحدى الشركات وإرسالها بالبريد الإلكتروني مباشرة إلى منافستها، و قد تتم سرقة اختراع جديد في تكنولوجيا الكمبيوتر وبيعه بمبلغ كبير من المال بالإضافة إلى فساد وتواطؤ الموظفين,"{""question_type"": ""اٍشرح""}"
arasag,26,كيف تتم جريمة التجسس الصناعي على الانترنت ؟,تنزيل معلومات سرية لشركة ما من جهاز ما لجهاز اخر او بريد الكتروني من خلال تواطئ موظف او القرصنة ينتج عنه سرقة معلومات سرية او معلومات عن اختراع جديد مما يؤثر على عمل المؤسسة,4,0.0,5.0,cybercrimes,short_answer,7,arabic,,يتم اختراق و تنزيل الأسرار الصناعية من كمبيوتر في إحدى الشركات وإرسالها بالبريد الإلكتروني مباشرة إلى منافستها، و قد تتم سرقة اختراع جديد في تكنولوجيا الكمبيوتر وبيعه بمبلغ كبير من المال بالإضافة إلى فساد وتواطؤ الموظفين,"{""question_type"": ""اٍشرح""}"
arasag,26,كيف تتم جريمة التجسس الصناعي على الانترنت ؟,هو تجسس عن طريق سرقة اختراع تكنلوجيات الكمبيوتر و ارسالها الى المنشات الاخرى,2,0.0,5.0,cybercrimes,short_answer,7,arabic,,يتم اختراق و تنزيل الأسرار الصناعية من كمبيوتر في إحدى الشركات وإرسالها بالبريد الإلكتروني مباشرة إلى منافستها، و قد تتم سرقة اختراع جديد في تكنولوجيا الكمبيوتر وبيعه بمبلغ كبير من المال بالإضافة إلى فساد وتواطؤ الموظفين,"{""question_type"": ""اٍشرح""}"
arasag,26,كيف تتم جريمة التجسس الصناعي على الانترنت ؟,سرقة بيانات المؤسسة الصناعية الى البريد الالكتروني ثم توزيعها الى منافيسيها,3,0.0,5.0,cybercrimes,short_answer,7,arabic,,يتم اختراق و تنزيل الأسرار الصناعية من كمبيوتر في إحدى الشركات وإرسالها بالبريد الإلكتروني مباشرة إلى منافستها، و قد تتم سرقة اختراع جديد في تكنولوجيا الكمبيوتر وبيعه بمبلغ كبير من المال بالإضافة إلى فساد وتواطؤ الموظفين,"{""question_type"": ""اٍشرح""}"
arasag,26,كيف تتم جريمة التجسس الصناعي على الانترنت ؟,هذه الجريمة تكون باستخدام الاقمار الصناعية و تكون بين الدول المتنافسة حيث يتجسسون على مشاريعهم السريه,0,0.0,5.0,cybercrimes,short_answer,7,arabic,,يتم اختراق و تنزيل الأسرار الصناعية من كمبيوتر في إحدى الشركات وإرسالها بالبريد الإلكتروني مباشرة إلى منافستها، و قد تتم سرقة اختراع جديد في تكنولوجيا الكمبيوتر وبيعه بمبلغ كبير من المال بالإضافة إلى فساد وتواطؤ الموظفين,"{""question_type"": ""اٍشرح""}"
arasag,26,كيف تتم جريمة التجسس الصناعي على الانترنت ؟,اختراق جهاز الخاص ب شركة اختراق رسائل الالكترونية او عن طريق شخص يعمل فيقوم بسرقة المعلومات او اختراعات لصالح شركة اخرى,3,0.0,5.0,cybercrimes,short_answer,7,arabic,,يتم اختراق و تنزيل الأسرار الصناعية من كمبيوتر في إحدى الشركات وإرسالها بالبريد الإلكتروني مباشرة إلى منافستها، و قد تتم سرقة اختراع جديد في تكنولوجيا الكمبيوتر وبيعه بمبلغ كبير من المال بالإضافة إلى فساد وتواطؤ الموظفين,"{""question_type"": ""اٍشرح""}"
arasag,26,كيف تتم جريمة التجسس الصناعي على الانترنت ؟,اختراق نظام الشركة و تقليد منتجاتها و سرقة افكارها,1,0.0,5.0,cybercrimes,short_answer,7,arabic,,يتم اختراق و تنزيل الأسرار الصناعية من كمبيوتر في إحدى الشركات وإرسالها بالبريد الإلكتروني مباشرة إلى منافستها، و قد تتم سرقة اختراع جديد في تكنولوجيا الكمبيوتر وبيعه بمبلغ كبير من المال بالإضافة إلى فساد وتواطؤ الموظفين,"{""question_type"": ""اٍشرح""}"
arasag,27,كيف توظف شبكة الانترنت في تعزيز جرائم الإرهاب الإلكتروني؟,عدم وجود رقابة على شبكات الانترنت وصعوبة تتبع الأثر وتتبع مصادر الإرهاب وتوفر الحماية لهذه المجموعات جعل الانترنت وسيلة آمنة لاتهام وتعزيز مخططاتهم,1,0.0,5.0,cybercrimes,short_answer,7,arabic,,استخدام الانترنت في التجنيد والتدريب وتبادل المعلومات بين المنظمات الإرهابية المختلفة بإنشاء وتصميم مواقع لنشر الأفكار الإرهابية  و تعليم الطرق والوسائل التي تساعد على القيام بالعمليات الإرهابية، استهداف البنية التحتية للمعلومات للمؤسسات للتأثير على الرأي العام العالمي.,"{""question_type"": ""اٍشرح""}"
arasag,27,كيف توظف شبكة الانترنت في تعزيز جرائم الإرهاب الإلكتروني؟,بطريقتين: التجنيد بواسطة الأنترنت آيضا تلاعب بعقول الناس آو بدعوات التي تمس بجانب الديني  التحسيسي,3,0.0,5.0,cybercrimes,short_answer,7,arabic,,استخدام الانترنت في التجنيد والتدريب وتبادل المعلومات بين المنظمات الإرهابية المختلفة بإنشاء وتصميم مواقع لنشر الأفكار الإرهابية  و تعليم الطرق والوسائل التي تساعد على القيام بالعمليات الإرهابية، استهداف البنية التحتية للمعلومات للمؤسسات للتأثير على الرأي العام العالمي.,"{""question_type"": ""اٍشرح""}"
arasag,27,كيف توظف شبكة الانترنت في تعزيز جرائم الإرهاب الإلكتروني؟,تمثل قاعدة البيانات حيث يمكن من خلالها القيام بعمليات الإرهابية ونشرها وبذلك التأثير على الرأي العالمي، تعتبر أداة مفيدة لنشر الإرهاب التقليدي و تغريزه.,3,0.0,5.0,cybercrimes,short_answer,7,arabic,,استخدام الانترنت في التجنيد والتدريب وتبادل المعلومات بين المنظمات الإرهابية المختلفة بإنشاء وتصميم مواقع لنشر الأفكار الإرهابية  و تعليم الطرق والوسائل التي تساعد على القيام بالعمليات الإرهابية، استهداف البنية التحتية للمعلومات للمؤسسات للتأثير على الرأي العام العالمي.,"{""question_type"": ""اٍشرح""}"
arasag,27,كيف توظف شبكة الانترنت في تعزيز جرائم الإرهاب الإلكتروني؟,يتم بعث وتشهير معلومات فاسدة وخاطئة في الإنترنت ليراها المتصفحون ويبتغون الفكرة الخطأ عن مؤسسة مثلا وحكومة فيبدؤون بتأييد الإرهاب بدون علمهم.,2,0.0,5.0,cybercrimes,short_answer,7,arabic,,استخدام الانترنت في التجنيد والتدريب وتبادل المعلومات بين المنظمات الإرهابية المختلفة بإنشاء وتصميم مواقع لنشر الأفكار الإرهابية  و تعليم الطرق والوسائل التي تساعد على القيام بالعمليات الإرهابية، استهداف البنية التحتية للمعلومات للمؤسسات للتأثير على الرأي العام العالمي.,"{""question_type"": ""اٍشرح""}"
arasag,27,كيف توظف شبكة الانترنت في تعزيز جرائم الإرهاب الإلكتروني؟,تعتبر وسيلة للتواصل ونقل المعلومات والتدريبات، تعتبر البنية التحتية للبيانات محل إغراء حيث تساهم في توجيه الرأي العام.,4,0.0,5.0,cybercrimes,short_answer,7,arabic,,استخدام الانترنت في التجنيد والتدريب وتبادل المعلومات بين المنظمات الإرهابية المختلفة بإنشاء وتصميم مواقع لنشر الأفكار الإرهابية  و تعليم الطرق والوسائل التي تساعد على القيام بالعمليات الإرهابية، استهداف البنية التحتية للمعلومات للمؤسسات للتأثير على الرأي العام العالمي.,"{""question_type"": ""اٍشرح""}"
arasag,27,كيف توظف شبكة الانترنت في تعزيز جرائم الإرهاب الإلكتروني؟,تخويف وتهديد المادي والمعنوي بإستخدام وسائل الكترونية,1,0.0,5.0,cybercrimes,short_answer,7,arabic,,استخدام الانترنت في التجنيد والتدريب وتبادل المعلومات بين المنظمات الإرهابية المختلفة بإنشاء وتصميم مواقع لنشر الأفكار الإرهابية  و تعليم الطرق والوسائل التي تساعد على القيام بالعمليات الإرهابية، استهداف البنية التحتية للمعلومات للمؤسسات للتأثير على الرأي العام العالمي.,"{""question_type"": ""اٍشرح""}"
arasag,27,كيف توظف شبكة الانترنت في تعزيز جرائم الإرهاب الإلكتروني؟,التجنيد عبر الأنترنت؛ التواصل بين المجموعات الإرهابية، تهديد وتخويف الناس؛ التعريف وجلب الناس للعمل لإرهابي.,5,0.0,5.0,cybercrimes,short_answer,7,arabic,,استخدام الانترنت في التجنيد والتدريب وتبادل المعلومات بين المنظمات الإرهابية المختلفة بإنشاء وتصميم مواقع لنشر الأفكار الإرهابية  و تعليم الطرق والوسائل التي تساعد على القيام بالعمليات الإرهابية، استهداف البنية التحتية للمعلومات للمؤسسات للتأثير على الرأي العام العالمي.,"{""question_type"": ""اٍشرح""}"
arasag,27,كيف توظف شبكة الانترنت في تعزيز جرائم الإرهاب الإلكتروني؟,عن طريق استخدام مواقع تقوم بنشر طرق ووسائل وكيفية القيام بالهجمات الإرهابية وتنشيطها كما توجد مواقع متخصصة في صنع المتفجرات الإرهابية,2,0.0,5.0,cybercrimes,short_answer,7,arabic,,استخدام الانترنت في التجنيد والتدريب وتبادل المعلومات بين المنظمات الإرهابية المختلفة بإنشاء وتصميم مواقع لنشر الأفكار الإرهابية  و تعليم الطرق والوسائل التي تساعد على القيام بالعمليات الإرهابية، استهداف البنية التحتية للمعلومات للمؤسسات للتأثير على الرأي العام العالمي.,"{""question_type"": ""اٍشرح""}"
arasag,27,كيف توظف شبكة الانترنت في تعزيز جرائم الإرهاب الإلكتروني؟,في تهديد والعدوان والتخويف المادي أو المعنوي للأخرين,2,0.0,5.0,cybercrimes,short_answer,7,arabic,,استخدام الانترنت في التجنيد والتدريب وتبادل المعلومات بين المنظمات الإرهابية المختلفة بإنشاء وتصميم مواقع لنشر الأفكار الإرهابية  و تعليم الطرق والوسائل التي تساعد على القيام بالعمليات الإرهابية، استهداف البنية التحتية للمعلومات للمؤسسات للتأثير على الرأي العام العالمي.,"{""question_type"": ""اٍشرح""}"
arasag,27,كيف توظف شبكة الانترنت في تعزيز جرائم الإرهاب الإلكتروني؟,تستعمل للبحث عن أشخاص جدد لإدخالهم ضمن الجماعة لإرهابية؛ وكذلك تعلم كيفية اِستعمال لأسلحة وفنون القتال...، يستعمل لإرهابيون المعلومات الموجودة على لأنترنت(الحساسة) للضغط على الراي العام وتهديد لأشخاص.,4,0.0,5.0,cybercrimes,short_answer,7,arabic,,استخدام الانترنت في التجنيد والتدريب وتبادل المعلومات بين المنظمات الإرهابية المختلفة بإنشاء وتصميم مواقع لنشر الأفكار الإرهابية  و تعليم الطرق والوسائل التي تساعد على القيام بالعمليات الإرهابية، استهداف البنية التحتية للمعلومات للمؤسسات للتأثير على الرأي العام العالمي.,"{""question_type"": ""اٍشرح""}"
arasag,27,كيف توظف شبكة الانترنت في تعزيز جرائم الإرهاب الإلكتروني؟,العدوان الترهيب التخويف ماديا معنويا لشخص ما في دينه وعرضه والتأثير على الرأي العام من خلال معلومات زائفة وتضليلية تجلب الماديين وإيهامهم أن هذا هو السبيل الصحيح,3,0.0,5.0,cybercrimes,short_answer,7,arabic,,استخدام الانترنت في التجنيد والتدريب وتبادل المعلومات بين المنظمات الإرهابية المختلفة بإنشاء وتصميم مواقع لنشر الأفكار الإرهابية  و تعليم الطرق والوسائل التي تساعد على القيام بالعمليات الإرهابية، استهداف البنية التحتية للمعلومات للمؤسسات للتأثير على الرأي العام العالمي.,"{""question_type"": ""اٍشرح""}"
arasag,27,كيف توظف شبكة الانترنت في تعزيز جرائم الإرهاب الإلكتروني؟,عبر المواقع بحيث يقومون بتخويف وترهيب وترعيب لأشخاص أو دعوتهم للانضمام إليهم ذلك حسب اِمكانية التواصل معهم من خلال لأنترنت والمواقع.,3,0.0,5.0,cybercrimes,short_answer,7,arabic,,استخدام الانترنت في التجنيد والتدريب وتبادل المعلومات بين المنظمات الإرهابية المختلفة بإنشاء وتصميم مواقع لنشر الأفكار الإرهابية  و تعليم الطرق والوسائل التي تساعد على القيام بالعمليات الإرهابية، استهداف البنية التحتية للمعلومات للمؤسسات للتأثير على الرأي العام العالمي.,"{""question_type"": ""اٍشرح""}"
arasag,27,كيف توظف شبكة الانترنت في تعزيز جرائم الإرهاب الإلكتروني؟,من ناحيتين: تبادل كيفية التدريبات بين الجماعات الإرهابية، فرض أفكارهم والتأثير على الرأي العام.,3,0.0,5.0,cybercrimes,short_answer,7,arabic,,استخدام الانترنت في التجنيد والتدريب وتبادل المعلومات بين المنظمات الإرهابية المختلفة بإنشاء وتصميم مواقع لنشر الأفكار الإرهابية  و تعليم الطرق والوسائل التي تساعد على القيام بالعمليات الإرهابية، استهداف البنية التحتية للمعلومات للمؤسسات للتأثير على الرأي العام العالمي.,"{""question_type"": ""اٍشرح""}"
arasag,27,كيف توظف شبكة الانترنت في تعزيز جرائم الإرهاب الإلكتروني؟,تصميم مواقع تنشر الفكر الإرهابي وتوضح كيفية صنع المتفجرات...؛ وتدعوا إلى الاِنضمام اِليهم,3,0.0,5.0,cybercrimes,short_answer,7,arabic,,استخدام الانترنت في التجنيد والتدريب وتبادل المعلومات بين المنظمات الإرهابية المختلفة بإنشاء وتصميم مواقع لنشر الأفكار الإرهابية  و تعليم الطرق والوسائل التي تساعد على القيام بالعمليات الإرهابية، استهداف البنية التحتية للمعلومات للمؤسسات للتأثير على الرأي العام العالمي.,"{""question_type"": ""اٍشرح""}"
arasag,27,كيف توظف شبكة الانترنت في تعزيز جرائم الإرهاب الإلكتروني؟,نشر الأفكار والمعتقدات الخاصة بهم لدى فئة الشباب، نشر التدريبات الخاصة بهم والأعمال المنجزة مما يعطي لهم صدى عالمي، تضليل الرأي العام.,3,0.0,5.0,cybercrimes,short_answer,7,arabic,,استخدام الانترنت في التجنيد والتدريب وتبادل المعلومات بين المنظمات الإرهابية المختلفة بإنشاء وتصميم مواقع لنشر الأفكار الإرهابية  و تعليم الطرق والوسائل التي تساعد على القيام بالعمليات الإرهابية، استهداف البنية التحتية للمعلومات للمؤسسات للتأثير على الرأي العام العالمي.,"{""question_type"": ""اٍشرح""}"
arasag,27,كيف توظف شبكة الانترنت في تعزيز جرائم الإرهاب الإلكتروني؟,بتصميم موقع خاص بهم لتحديد وتخويف المادي ومعنوي، حيث تعتمد على نشر كيفية صنع المتفجرات وأساليب القتال؛ وكذا تشجيع الشباب وإغرائهم باستخدام مواقع خاصة.,4,0.0,5.0,cybercrimes,short_answer,7,arabic,,استخدام الانترنت في التجنيد والتدريب وتبادل المعلومات بين المنظمات الإرهابية المختلفة بإنشاء وتصميم مواقع لنشر الأفكار الإرهابية  و تعليم الطرق والوسائل التي تساعد على القيام بالعمليات الإرهابية، استهداف البنية التحتية للمعلومات للمؤسسات للتأثير على الرأي العام العالمي.,"{""question_type"": ""اٍشرح""}"
arasag,27,كيف توظف شبكة الانترنت في تعزيز جرائم الإرهاب الإلكتروني؟,توظف شبكة الأنترنت لممارسة اعمال إرهابية تكون كواسطة مفيدة في التخريب والتجنيد في العمليات الإرهابية ويمكن أن تستعمل في ممارسات الدينية التي تدعو الى الدين والتشدد والتنصير الذي يدعون الهتهم اهل للدين.,2,0.0,5.0,cybercrimes,short_answer,7,arabic,,استخدام الانترنت في التجنيد والتدريب وتبادل المعلومات بين المنظمات الإرهابية المختلفة بإنشاء وتصميم مواقع لنشر الأفكار الإرهابية  و تعليم الطرق والوسائل التي تساعد على القيام بالعمليات الإرهابية، استهداف البنية التحتية للمعلومات للمؤسسات للتأثير على الرأي العام العالمي.,"{""question_type"": ""اٍشرح""}"
arasag,27,كيف توظف شبكة الانترنت في تعزيز جرائم الإرهاب الإلكتروني؟,توظف شبكة الانترنت في تعزيز جرائم الإرهاب لإلكتروني: تقوم جماعة شريرة بسرقة معلومات خاصة وتقوم بتهديد المادي والمعنوي لأصحاب هذه المعلومات عن طريق نشر الصور الخاصة...الخ.,2,0.0,5.0,cybercrimes,short_answer,7,arabic,,استخدام الانترنت في التجنيد والتدريب وتبادل المعلومات بين المنظمات الإرهابية المختلفة بإنشاء وتصميم مواقع لنشر الأفكار الإرهابية  و تعليم الطرق والوسائل التي تساعد على القيام بالعمليات الإرهابية، استهداف البنية التحتية للمعلومات للمؤسسات للتأثير على الرأي العام العالمي.,"{""question_type"": ""اٍشرح""}"
arasag,27,كيف توظف شبكة الانترنت في تعزيز جرائم الإرهاب الإلكتروني؟,عن طريق التهديد أو التخويف المادي أو المعنوي، عن طريق استخدام الوسائل لإلكترونية.,2,0.0,5.0,cybercrimes,short_answer,7,arabic,,استخدام الانترنت في التجنيد والتدريب وتبادل المعلومات بين المنظمات الإرهابية المختلفة بإنشاء وتصميم مواقع لنشر الأفكار الإرهابية  و تعليم الطرق والوسائل التي تساعد على القيام بالعمليات الإرهابية، استهداف البنية التحتية للمعلومات للمؤسسات للتأثير على الرأي العام العالمي.,"{""question_type"": ""اٍشرح""}"
arasag,27,كيف توظف شبكة الانترنت في تعزيز جرائم الإرهاب الإلكتروني؟,  توظيف شبكة الإنترنت بالقيام بعمليات السب و الشتم بواسطتها ، بالقذف على أشخاص أبرياء، نشر الصور الفاضحة ، الاستيلاء على معلومات شخصية، تهديدات و إبتزازات.,1,0.0,5.0,cybercrimes,short_answer,7,arabic,,استخدام الانترنت في التجنيد والتدريب وتبادل المعلومات بين المنظمات الإرهابية المختلفة بإنشاء وتصميم مواقع لنشر الأفكار الإرهابية  و تعليم الطرق والوسائل التي تساعد على القيام بالعمليات الإرهابية، استهداف البنية التحتية للمعلومات للمؤسسات للتأثير على الرأي العام العالمي.,"{""question_type"": ""اٍشرح""}"
arasag,27,كيف توظف شبكة الانترنت في تعزيز جرائم الإرهاب الإلكتروني؟,الإرهاب الإلكتروني هو العدوان و التهديد و التخويف بإستعمال الإنترنت عبر مواقع التواصل الإجتماعي بنشر مثلا صور أو معادية بغرض التخويف,2,0.0,5.0,cybercrimes,short_answer,7,arabic,,استخدام الانترنت في التجنيد والتدريب وتبادل المعلومات بين المنظمات الإرهابية المختلفة بإنشاء وتصميم مواقع لنشر الأفكار الإرهابية  و تعليم الطرق والوسائل التي تساعد على القيام بالعمليات الإرهابية، استهداف البنية التحتية للمعلومات للمؤسسات للتأثير على الرأي العام العالمي.,"{""question_type"": ""اٍشرح""}"
arasag,27,كيف توظف شبكة الانترنت في تعزيز جرائم الإرهاب الإلكتروني؟,"يتم توظيف شبكة الأنترنت في تعزيز جرائم الإرهاب الإلكتروني عن طريق إرسال تهديدات, شتمات, ترهيبات, الكلام غير لائق, صور غير لائقة إلى الضحية عبر مواقع التواصل الإجتماعي",3,0.0,5.0,cybercrimes,short_answer,7,arabic,,استخدام الانترنت في التجنيد والتدريب وتبادل المعلومات بين المنظمات الإرهابية المختلفة بإنشاء وتصميم مواقع لنشر الأفكار الإرهابية  و تعليم الطرق والوسائل التي تساعد على القيام بالعمليات الإرهابية، استهداف البنية التحتية للمعلومات للمؤسسات للتأثير على الرأي العام العالمي.,"{""question_type"": ""اٍشرح""}"
arasag,27,كيف توظف شبكة الانترنت في تعزيز جرائم الإرهاب الإلكتروني؟,توظف شبكة الإنترنت في تعزيز جرائم الإرهاب الإلكتروني عن طريق التخويف و الترهيب باستعمال الرسائل الإلكترونية,2,0.0,5.0,cybercrimes,short_answer,7,arabic,,استخدام الانترنت في التجنيد والتدريب وتبادل المعلومات بين المنظمات الإرهابية المختلفة بإنشاء وتصميم مواقع لنشر الأفكار الإرهابية  و تعليم الطرق والوسائل التي تساعد على القيام بالعمليات الإرهابية، استهداف البنية التحتية للمعلومات للمؤسسات للتأثير على الرأي العام العالمي.,"{""question_type"": ""اٍشرح""}"
arasag,27,كيف توظف شبكة الانترنت في تعزيز جرائم الإرهاب الإلكتروني؟,تسهيل عملية التواصل مع الضحايا، إنشاء مواقع تسهيل عملية نشر معتقداتهم و أفكارهم دينية أو سياسية.,3,0.0,5.0,cybercrimes,short_answer,7,arabic,,استخدام الانترنت في التجنيد والتدريب وتبادل المعلومات بين المنظمات الإرهابية المختلفة بإنشاء وتصميم مواقع لنشر الأفكار الإرهابية  و تعليم الطرق والوسائل التي تساعد على القيام بالعمليات الإرهابية، استهداف البنية التحتية للمعلومات للمؤسسات للتأثير على الرأي العام العالمي.,"{""question_type"": ""اٍشرح""}"
arasag,27,كيف توظف شبكة الانترنت في تعزيز جرائم الإرهاب الإلكتروني؟,في التواصل بين الشبكات إرهابية، تصميم مواقع إرهابية، إدخال المزيد من الناس بنشر المعتقدات.,3,0.0,5.0,cybercrimes,short_answer,7,arabic,,استخدام الانترنت في التجنيد والتدريب وتبادل المعلومات بين المنظمات الإرهابية المختلفة بإنشاء وتصميم مواقع لنشر الأفكار الإرهابية  و تعليم الطرق والوسائل التي تساعد على القيام بالعمليات الإرهابية، استهداف البنية التحتية للمعلومات للمؤسسات للتأثير على الرأي العام العالمي.,"{""question_type"": ""اٍشرح""}"
arasag,27,كيف توظف شبكة الانترنت في تعزيز جرائم الإرهاب الإلكتروني؟,في التجنيد الإلكتروني و الإعلانات الإلكترونية للتأثير في نظامهم,2,0.0,5.0,cybercrimes,short_answer,7,arabic,,استخدام الانترنت في التجنيد والتدريب وتبادل المعلومات بين المنظمات الإرهابية المختلفة بإنشاء وتصميم مواقع لنشر الأفكار الإرهابية  و تعليم الطرق والوسائل التي تساعد على القيام بالعمليات الإرهابية، استهداف البنية التحتية للمعلومات للمؤسسات للتأثير على الرأي العام العالمي.,"{""question_type"": ""اٍشرح""}"
arasag,27,كيف توظف شبكة الانترنت في تعزيز جرائم الإرهاب الإلكتروني؟,"التجنيد و نشر الأفكار الإرهابية، نشر وسائل الإرهاب (مصنع المفجرات) كطرق صنع المجرات, طرق الإختراق، الحصول على المعلومات التي تساعدهم على الوصول إلى أهدافهم، التواصل ما بين المنظمات الإرهابية.",5,0.0,5.0,cybercrimes,short_answer,7,arabic,,استخدام الانترنت في التجنيد والتدريب وتبادل المعلومات بين المنظمات الإرهابية المختلفة بإنشاء وتصميم مواقع لنشر الأفكار الإرهابية  و تعليم الطرق والوسائل التي تساعد على القيام بالعمليات الإرهابية، استهداف البنية التحتية للمعلومات للمؤسسات للتأثير على الرأي العام العالمي.,"{""question_type"": ""اٍشرح""}"
arasag,27,كيف توظف شبكة الانترنت في تعزيز جرائم الإرهاب الإلكتروني؟,توظف شبكة الإنترنت في تعزيز جرائم الإرهاب الإلكتروني في : تجارة المخدرات عبر الإنترنت، المشاجرة بالدعارة عبر الإنترنت.,0,0.0,5.0,cybercrimes,short_answer,7,arabic,,استخدام الانترنت في التجنيد والتدريب وتبادل المعلومات بين المنظمات الإرهابية المختلفة بإنشاء وتصميم مواقع لنشر الأفكار الإرهابية  و تعليم الطرق والوسائل التي تساعد على القيام بالعمليات الإرهابية، استهداف البنية التحتية للمعلومات للمؤسسات للتأثير على الرأي العام العالمي.,"{""question_type"": ""اٍشرح""}"
arasag,27,كيف توظف شبكة الانترنت في تعزيز جرائم الإرهاب الإلكتروني؟,تستعمل الجماعات الإرهابية الإنترنت لنشر مبادئهم و صناعة مواقع للتعريف بكيفية صناعة المتفجرات وكيفية القيام بالعمليات الإرهابية والانتحارية كما تستعمل شبكة الإنترنت للإتصال فيها بينهم إجراء صفقات,3,0.0,5.0,cybercrimes,short_answer,7,arabic,,استخدام الانترنت في التجنيد والتدريب وتبادل المعلومات بين المنظمات الإرهابية المختلفة بإنشاء وتصميم مواقع لنشر الأفكار الإرهابية  و تعليم الطرق والوسائل التي تساعد على القيام بالعمليات الإرهابية، استهداف البنية التحتية للمعلومات للمؤسسات للتأثير على الرأي العام العالمي.,"{""question_type"": ""اٍشرح""}"
arasag,27,كيف توظف شبكة الانترنت في تعزيز جرائم الإرهاب الإلكتروني؟,يمكنها ان تنقسم على قسمين : القسم الاول :التي تكون فيه الانترنت مكان للتجنيد و التدريب و تبادل المعلومات بين المنظمات الإرهابية، القسم الثاني : هي البنية التحتية و التي تمثل المكان الذي يجذب الارهاب و الذي يؤثر في الرأي العام.,4,0.0,5.0,cybercrimes,short_answer,7,arabic,,استخدام الانترنت في التجنيد والتدريب وتبادل المعلومات بين المنظمات الإرهابية المختلفة بإنشاء وتصميم مواقع لنشر الأفكار الإرهابية  و تعليم الطرق والوسائل التي تساعد على القيام بالعمليات الإرهابية، استهداف البنية التحتية للمعلومات للمؤسسات للتأثير على الرأي العام العالمي.,"{""question_type"": ""اٍشرح""}"
arasag,27,كيف توظف شبكة الانترنت في تعزيز جرائم الإرهاب الإلكتروني؟,عبر المواقع التواصل و صفحات تدعو للعنف و عدوان و تهديد و ترهيب,2,0.0,5.0,cybercrimes,short_answer,7,arabic,,استخدام الانترنت في التجنيد والتدريب وتبادل المعلومات بين المنظمات الإرهابية المختلفة بإنشاء وتصميم مواقع لنشر الأفكار الإرهابية  و تعليم الطرق والوسائل التي تساعد على القيام بالعمليات الإرهابية، استهداف البنية التحتية للمعلومات للمؤسسات للتأثير على الرأي العام العالمي.,"{""question_type"": ""اٍشرح""}"
arasag,27,كيف توظف شبكة الانترنت في تعزيز جرائم الإرهاب الإلكتروني؟,يستطيع الارهاب صنع مواقع خاصة لتعليم الأعمال الإرهابية ككيفية صنع مفجرات ...وذلك يساعدهم إلى تجنيد عدد كبير من الأشخاص للإلتحاق بهم ، البنية التحتية المعلوماتية تعتبر هدف مغري للهجمات.,5,0.0,5.0,cybercrimes,short_answer,7,arabic,,استخدام الانترنت في التجنيد والتدريب وتبادل المعلومات بين المنظمات الإرهابية المختلفة بإنشاء وتصميم مواقع لنشر الأفكار الإرهابية  و تعليم الطرق والوسائل التي تساعد على القيام بالعمليات الإرهابية، استهداف البنية التحتية للمعلومات للمؤسسات للتأثير على الرأي العام العالمي.,"{""question_type"": ""اٍشرح""}"
arasag,27,كيف توظف شبكة الانترنت في تعزيز جرائم الإرهاب الإلكتروني؟,تقوم عن طريق إنشاء مواقع تدعي أنها جيدة فعند دخولها فيكون التهديد و الإبتزاز عن طريق البريد الإلكتروني للطلب فوائد شخصية,2,0.0,5.0,cybercrimes,short_answer,7,arabic,,استخدام الانترنت في التجنيد والتدريب وتبادل المعلومات بين المنظمات الإرهابية المختلفة بإنشاء وتصميم مواقع لنشر الأفكار الإرهابية  و تعليم الطرق والوسائل التي تساعد على القيام بالعمليات الإرهابية، استهداف البنية التحتية للمعلومات للمؤسسات للتأثير على الرأي العام العالمي.,"{""question_type"": ""اٍشرح""}"
arasag,27,كيف توظف شبكة الانترنت في تعزيز جرائم الإرهاب الإلكتروني؟,تستخدم الجماعات الإرهابية شبكة الإنترنت بانشاء مواقع تستخدمها لنشر أفكارها و أيديولوجياتها بمقالات و فيديوهات ...الخ، كما تستخدم مواقع التواصل الإجتماعي للدعوة إلى الإرهاب و التخويف و التهديد و تجنيد الشباب.,4,0.0,5.0,cybercrimes,short_answer,7,arabic,,استخدام الانترنت في التجنيد والتدريب وتبادل المعلومات بين المنظمات الإرهابية المختلفة بإنشاء وتصميم مواقع لنشر الأفكار الإرهابية  و تعليم الطرق والوسائل التي تساعد على القيام بالعمليات الإرهابية، استهداف البنية التحتية للمعلومات للمؤسسات للتأثير على الرأي العام العالمي.,"{""question_type"": ""اٍشرح""}"
arasag,27,كيف توظف شبكة الانترنت في تعزيز جرائم الإرهاب الإلكتروني؟,عن طريق تصميم و تطوير مواقع مشجعة للإرهاب و بذلك يستهل نشر الفكر الخاص بالإرهاب بين المتصفحين,2,0.0,5.0,cybercrimes,short_answer,7,arabic,,استخدام الانترنت في التجنيد والتدريب وتبادل المعلومات بين المنظمات الإرهابية المختلفة بإنشاء وتصميم مواقع لنشر الأفكار الإرهابية  و تعليم الطرق والوسائل التي تساعد على القيام بالعمليات الإرهابية، استهداف البنية التحتية للمعلومات للمؤسسات للتأثير على الرأي العام العالمي.,"{""question_type"": ""اٍشرح""}"
arasag,27,كيف توظف شبكة الانترنت في تعزيز جرائم الإرهاب الإلكتروني؟,تقوم الجماعات الإرهابية بنشر أفكارهم عن طريق صفحات الأنترنت لكسب المزيد من المناضلين و التجارة أو ربط العلاقات مع الجماعات الإرهابية في مختلف بقاع العالم كما أنهم بإمكانهم سرقة المعلومات من المؤسسات ذات طابع حكومي و إستغلالها في عملياتهم التجريبية,4,0.0,5.0,cybercrimes,short_answer,7,arabic,,استخدام الانترنت في التجنيد والتدريب وتبادل المعلومات بين المنظمات الإرهابية المختلفة بإنشاء وتصميم مواقع لنشر الأفكار الإرهابية  و تعليم الطرق والوسائل التي تساعد على القيام بالعمليات الإرهابية، استهداف البنية التحتية للمعلومات للمؤسسات للتأثير على الرأي العام العالمي.,"{""question_type"": ""اٍشرح""}"
arasag,27,كيف توظف شبكة الانترنت في تعزيز جرائم الإرهاب الإلكتروني؟,"توظف شبكة الأنترنت في تعزيز جرائم الإرهاب الإلكتروني بالتخويف و التهديد ,فتستعمل شبكة الأنترنت كوسيلتين , إما كوسيلة  الدعوة و التشجيع للتسجيل ,أو كوسيلة  التجنيد",4,0.0,5.0,cybercrimes,short_answer,7,arabic,,استخدام الانترنت في التجنيد والتدريب وتبادل المعلومات بين المنظمات الإرهابية المختلفة بإنشاء وتصميم مواقع لنشر الأفكار الإرهابية  و تعليم الطرق والوسائل التي تساعد على القيام بالعمليات الإرهابية، استهداف البنية التحتية للمعلومات للمؤسسات للتأثير على الرأي العام العالمي.,"{""question_type"": ""اٍشرح""}"
arasag,27,كيف توظف شبكة الانترنت في تعزيز جرائم الإرهاب الإلكتروني؟,"في نشر معلومات حكومية و طرق التجنيد و معرفة تحركات أمنية بواسطة التجسس و شراء أسلحة و سرقة الأموال بطرق غير شرعية ,تهديد, تخويف",4,0.0,5.0,cybercrimes,short_answer,7,arabic,,استخدام الانترنت في التجنيد والتدريب وتبادل المعلومات بين المنظمات الإرهابية المختلفة بإنشاء وتصميم مواقع لنشر الأفكار الإرهابية  و تعليم الطرق والوسائل التي تساعد على القيام بالعمليات الإرهابية، استهداف البنية التحتية للمعلومات للمؤسسات للتأثير على الرأي العام العالمي.,"{""question_type"": ""اٍشرح""}"
arasag,27,كيف توظف شبكة الانترنت في تعزيز جرائم الإرهاب الإلكتروني؟,"من الجرائم التي تقع على الإنترنت ,تتمثل في سهولة تواصل الجماعات الإرهابية مع الأشخاص لنشر أفكارها و مبادئها ومعتقداتها بحرية تامة دون الخوف من أي رقابة أو عقوبات",3,0.0,5.0,cybercrimes,short_answer,7,arabic,,استخدام الانترنت في التجنيد والتدريب وتبادل المعلومات بين المنظمات الإرهابية المختلفة بإنشاء وتصميم مواقع لنشر الأفكار الإرهابية  و تعليم الطرق والوسائل التي تساعد على القيام بالعمليات الإرهابية، استهداف البنية التحتية للمعلومات للمؤسسات للتأثير على الرأي العام العالمي.,"{""question_type"": ""اٍشرح""}"
arasag,27,كيف توظف شبكة الانترنت في تعزيز جرائم الإرهاب الإلكتروني؟,"بإغراق في رسائل الإلكترونية لتهديد, بتعدي الإلكتروني كنشر صور الغير لائقة بمقابل أعمال أو معلومات ، بواسطة الأنترنت : كل جهاز متصل بالشبكة يستطيع التعرض لهجوم برامج مضرة.",1,0.0,5.0,cybercrimes,short_answer,7,arabic,,استخدام الانترنت في التجنيد والتدريب وتبادل المعلومات بين المنظمات الإرهابية المختلفة بإنشاء وتصميم مواقع لنشر الأفكار الإرهابية  و تعليم الطرق والوسائل التي تساعد على القيام بالعمليات الإرهابية، استهداف البنية التحتية للمعلومات للمؤسسات للتأثير على الرأي العام العالمي.,"{""question_type"": ""اٍشرح""}"
arasag,27,كيف توظف شبكة الانترنت في تعزيز جرائم الإرهاب الإلكتروني؟,لأن قد تكون في الشبكة معلومات خصوصية لا يجب الإطلاع عليها,0,0.0,5.0,cybercrimes,short_answer,7,arabic,,استخدام الانترنت في التجنيد والتدريب وتبادل المعلومات بين المنظمات الإرهابية المختلفة بإنشاء وتصميم مواقع لنشر الأفكار الإرهابية  و تعليم الطرق والوسائل التي تساعد على القيام بالعمليات الإرهابية، استهداف البنية التحتية للمعلومات للمؤسسات للتأثير على الرأي العام العالمي.,"{""question_type"": ""اٍشرح""}"
arasag,27,كيف توظف شبكة الانترنت في تعزيز جرائم الإرهاب الإلكتروني؟,"إن الارهاب الالكتروني يتخذ من الأنترنت مقرا له بحيث يتم فيه نشر معتقداتهم و أفكارهم و أعمالهم و لفت انظار من يريدون الانظمام اليهم , و ينشرون حتى طرق الاجرام",4,0.0,5.0,cybercrimes,short_answer,7,arabic,,استخدام الانترنت في التجنيد والتدريب وتبادل المعلومات بين المنظمات الإرهابية المختلفة بإنشاء وتصميم مواقع لنشر الأفكار الإرهابية  و تعليم الطرق والوسائل التي تساعد على القيام بالعمليات الإرهابية، استهداف البنية التحتية للمعلومات للمؤسسات للتأثير على الرأي العام العالمي.,"{""question_type"": ""اٍشرح""}"
arasag,27,كيف توظف شبكة الانترنت في تعزيز جرائم الإرهاب الإلكتروني؟,التحريض عن طريق المواقع الإجتماعية مثل الربيع العربي، نشر أفكار و معتقدات ومفاهيم ضد الدولة الدين، سرقة المعلومات و تهديد أصحابها,4,0.0,5.0,cybercrimes,short_answer,7,arabic,,استخدام الانترنت في التجنيد والتدريب وتبادل المعلومات بين المنظمات الإرهابية المختلفة بإنشاء وتصميم مواقع لنشر الأفكار الإرهابية  و تعليم الطرق والوسائل التي تساعد على القيام بالعمليات الإرهابية، استهداف البنية التحتية للمعلومات للمؤسسات للتأثير على الرأي العام العالمي.,"{""question_type"": ""اٍشرح""}"
arasag,27,كيف توظف شبكة الانترنت في تعزيز جرائم الإرهاب الإلكتروني؟,توظف شبكة الإنترنت في تعزيز جرائم الإرهاب الإلكتروني بإرسال رسائل تحتوي على تهديد استفزاز إنشاء مواقع بإسم الضحية بمحتويات مخالفة للدين,3,0.0,5.0,cybercrimes,short_answer,7,arabic,,استخدام الانترنت في التجنيد والتدريب وتبادل المعلومات بين المنظمات الإرهابية المختلفة بإنشاء وتصميم مواقع لنشر الأفكار الإرهابية  و تعليم الطرق والوسائل التي تساعد على القيام بالعمليات الإرهابية، استهداف البنية التحتية للمعلومات للمؤسسات للتأثير على الرأي العام العالمي.,"{""question_type"": ""اٍشرح""}"
arasag,27,كيف توظف شبكة الانترنت في تعزيز جرائم الإرهاب الإلكتروني؟,إضافة الجرائم الإرهابية بفتح مواقع على شبكة الإنترنت تعزز النشاط الأجرامي تعليم طرق و أساليب إرهابية كتعليم صنع التشفيرات الدعوة إلى أفكارهم  والتأثير على الشباب من خلال مواقع التواصل الإجتماعي كما تؤدي قواعد البيئة إلى خلل و تأثير في الرأي و النظام العام,4,0.0,5.0,cybercrimes,short_answer,7,arabic,,استخدام الانترنت في التجنيد والتدريب وتبادل المعلومات بين المنظمات الإرهابية المختلفة بإنشاء وتصميم مواقع لنشر الأفكار الإرهابية  و تعليم الطرق والوسائل التي تساعد على القيام بالعمليات الإرهابية، استهداف البنية التحتية للمعلومات للمؤسسات للتأثير على الرأي العام العالمي.,"{""question_type"": ""اٍشرح""}"
arasag,27,كيف توظف شبكة الانترنت في تعزيز جرائم الإرهاب الإلكتروني؟,عبر انشاء مواقع ارهابية تدعوا الى التجنيد في صفوفهم وافكارهم عبر الانترنت لتغيير رأي بعض الاشخاص و تستخدم الانترنت للتواصل و الربط بين الشبكات الارهابية ,4,0.0,5.0,cybercrimes,short_answer,7,arabic,,استخدام الانترنت في التجنيد والتدريب وتبادل المعلومات بين المنظمات الإرهابية المختلفة بإنشاء وتصميم مواقع لنشر الأفكار الإرهابية  و تعليم الطرق والوسائل التي تساعد على القيام بالعمليات الإرهابية، استهداف البنية التحتية للمعلومات للمؤسسات للتأثير على الرأي العام العالمي.,"{""question_type"": ""اٍشرح""}"
arasag,27,كيف توظف شبكة الانترنت في تعزيز جرائم الإرهاب الإلكتروني؟,التجنيد والاعلام بتلك المنظمات والترويج لها، سهولة بيع الأسلحة، سهولة التهديد و التخويف,3,0.0,5.0,cybercrimes,short_answer,7,arabic,,استخدام الانترنت في التجنيد والتدريب وتبادل المعلومات بين المنظمات الإرهابية المختلفة بإنشاء وتصميم مواقع لنشر الأفكار الإرهابية  و تعليم الطرق والوسائل التي تساعد على القيام بالعمليات الإرهابية، استهداف البنية التحتية للمعلومات للمؤسسات للتأثير على الرأي العام العالمي.,"{""question_type"": ""اٍشرح""}"
arasag,27,كيف توظف شبكة الانترنت في تعزيز جرائم الإرهاب الإلكتروني؟,انشاء بنية تحتية تشجع المراهقين، انشاء مواقع لنشر و الدعوة الى الاقناع بمبادئها، نشر الافكار,2,0.0,5.0,cybercrimes,short_answer,7,arabic,,استخدام الانترنت في التجنيد والتدريب وتبادل المعلومات بين المنظمات الإرهابية المختلفة بإنشاء وتصميم مواقع لنشر الأفكار الإرهابية  و تعليم الطرق والوسائل التي تساعد على القيام بالعمليات الإرهابية، استهداف البنية التحتية للمعلومات للمؤسسات للتأثير على الرأي العام العالمي.,"{""question_type"": ""اٍشرح""}"
arasag,27,كيف توظف شبكة الانترنت في تعزيز جرائم الإرهاب الإلكتروني؟,توظيف شبكة الانترنت في تعزيز جرائم الارهاب الالكتروني عن طريق تصميم مواقع الكترونية مثلا تستخدم للتجنيد تعليم صناعة القنابل و كذلك تستخدم لنشر فيديوهات الترعيب و التخويف,4,0.0,5.0,cybercrimes,short_answer,7,arabic,,استخدام الانترنت في التجنيد والتدريب وتبادل المعلومات بين المنظمات الإرهابية المختلفة بإنشاء وتصميم مواقع لنشر الأفكار الإرهابية  و تعليم الطرق والوسائل التي تساعد على القيام بالعمليات الإرهابية، استهداف البنية التحتية للمعلومات للمؤسسات للتأثير على الرأي العام العالمي.,"{""question_type"": ""اٍشرح""}"
arasag,27,كيف توظف شبكة الانترنت في تعزيز جرائم الإرهاب الإلكتروني؟,تسهيل الاتصال للارهاب تهديد وتخويف الاطفال لاستغلالهم,2,0.0,5.0,cybercrimes,short_answer,7,arabic,,استخدام الانترنت في التجنيد والتدريب وتبادل المعلومات بين المنظمات الإرهابية المختلفة بإنشاء وتصميم مواقع لنشر الأفكار الإرهابية  و تعليم الطرق والوسائل التي تساعد على القيام بالعمليات الإرهابية، استهداف البنية التحتية للمعلومات للمؤسسات للتأثير على الرأي العام العالمي.,"{""question_type"": ""اٍشرح""}"
arasag,27,كيف توظف شبكة الانترنت في تعزيز جرائم الإرهاب الإلكتروني؟,انتشار المنظمات الارهابية ودلك عبر مواقعها التي تقوم بغسل ادمغة الشباب,2,0.0,5.0,cybercrimes,short_answer,7,arabic,,استخدام الانترنت في التجنيد والتدريب وتبادل المعلومات بين المنظمات الإرهابية المختلفة بإنشاء وتصميم مواقع لنشر الأفكار الإرهابية  و تعليم الطرق والوسائل التي تساعد على القيام بالعمليات الإرهابية، استهداف البنية التحتية للمعلومات للمؤسسات للتأثير على الرأي العام العالمي.,"{""question_type"": ""اٍشرح""}"
arasag,27,كيف توظف شبكة الانترنت في تعزيز جرائم الإرهاب الإلكتروني؟,تعليم صناعة القنابل، سرقة البريد الالكتروني، الترعيب و التخويف,4,0.0,5.0,cybercrimes,short_answer,7,arabic,,استخدام الانترنت في التجنيد والتدريب وتبادل المعلومات بين المنظمات الإرهابية المختلفة بإنشاء وتصميم مواقع لنشر الأفكار الإرهابية  و تعليم الطرق والوسائل التي تساعد على القيام بالعمليات الإرهابية، استهداف البنية التحتية للمعلومات للمؤسسات للتأثير على الرأي العام العالمي.,"{""question_type"": ""اٍشرح""}"
arasag,5,أذكر أنواع الجرائم الإلكترونية المالية,سرقة البطاقات الائتمانية، السطو على أموال البنوك.,2,0.0,5.0,cybercrimes,short_answer,7,arabic,,جرائم السطو على أرقام البطاقات الائتمانية ، تزوير البيانات ، الجرائم المنظمة ، تجارة المخدرات، غسيل الأموال.  ,"{""question_type"": ""اٍشرح""}"
arasag,5,أذكر أنواع الجرائم الإلكترونية المالية,السطو على أرقام البطاقات الائتمانية،  تزوير البيانات، الجريمة المنظمة، تجارة المخدرات عبر الانترنت ، غسيل الأموال.,5,0.0,5.0,cybercrimes,short_answer,7,arabic,,جرائم السطو على أرقام البطاقات الائتمانية ، تزوير البيانات ، الجرائم المنظمة ، تجارة المخدرات، غسيل الأموال.  ,"{""question_type"": ""اٍشرح""}"
arasag,5,أذكر أنواع الجرائم الإلكترونية المالية,غسيل الأموال، سرقة الأموال و التجارة بالمخدرات عبر الانترنت ,3,0.0,5.0,cybercrimes,short_answer,7,arabic,,جرائم السطو على أرقام البطاقات الائتمانية ، تزوير البيانات ، الجرائم المنظمة ، تجارة المخدرات، غسيل الأموال.  ,"{""question_type"": ""اٍشرح""}"
arasag,5,أذكر أنواع الجرائم الإلكترونية المالية,التجارة الالكترونية ، سرقة المعلومات الشخصية للدخول على الحساب البنكي، تزوير بطاقات visa.,2,0.0,5.0,cybercrimes,short_answer,7,arabic,,جرائم السطو على أرقام البطاقات الائتمانية ، تزوير البيانات ، الجرائم المنظمة ، تجارة المخدرات، غسيل الأموال.  ,"{""question_type"": ""اٍشرح""}"
arasag,5,أذكر أنواع الجرائم الإلكترونية المالية,السطو على بطاقات التأمين، تزوير البيانات، السطو على البنوك، تعتمد هذه الجرائم المنظمة على التنظيم + كسب المال,4,0.0,5.0,cybercrimes,short_answer,7,arabic,,جرائم السطو على أرقام البطاقات الائتمانية ، تزوير البيانات ، الجرائم المنظمة ، تجارة المخدرات، غسيل الأموال.  ,"{""question_type"": ""اٍشرح""}"
arasag,5,أذكر أنواع الجرائم الإلكترونية المالية,تبييض و غسيل الأموال، الجرائم المنظمة، السرقة و السطو على أرقام البطاقات .,3,0.0,5.0,cybercrimes,short_answer,7,arabic,,جرائم السطو على أرقام البطاقات الائتمانية ، تزوير البيانات ، الجرائم المنظمة ، تجارة المخدرات، غسيل الأموال.  ,"{""question_type"": ""اٍشرح""}"
arasag,5,أذكر أنواع الجرائم الإلكترونية المالية,إختراق و سرقة بطاقة الإئتمان ، تزوير البيانات، تجارة المخدرات، غسيل الأموال،الجريمة المنظمة .,5,0.0,5.0,cybercrimes,short_answer,7,arabic,,جرائم السطو على أرقام البطاقات الائتمانية ، تزوير البيانات ، الجرائم المنظمة ، تجارة المخدرات، غسيل الأموال.  ,"{""question_type"": ""اٍشرح""}"
arasag,5,أذكر أنواع الجرائم الإلكترونية المالية,تزويير البيانات، التجارة بالمخدرات، غسل الأموال، سرقة الأرقام ببطاقة الإئتمان.,4,0.0,5.0,cybercrimes,short_answer,7,arabic,,جرائم السطو على أرقام البطاقات الائتمانية ، تزوير البيانات ، الجرائم المنظمة ، تجارة المخدرات، غسيل الأموال.  ,"{""question_type"": ""اٍشرح""}"
arasag,5,أذكر أنواع الجرائم الإلكترونية المالية,السطو على البطاقات الإئتمانية، تزوير البيانات و نهب المال ، إستخدام بطاقات مزورة، السطو على البنوك، إختراق الأنظمة .,3,0.0,5.0,cybercrimes,short_answer,7,arabic,,جرائم السطو على أرقام البطاقات الائتمانية ، تزوير البيانات ، الجرائم المنظمة ، تجارة المخدرات، غسيل الأموال.  ,"{""question_type"": ""اٍشرح""}"
arasag,5,أذكر أنواع الجرائم الإلكترونية المالية,تبييض أو غسيل الأموال على الانترنت، سرقة كلمة السر لبطاقة الإئتمان على أحد المواقع ، سرقة الأموال بعد الحصول على كلمة السر .,2,0.0,5.0,cybercrimes,short_answer,7,arabic,,جرائم السطو على أرقام البطاقات الائتمانية ، تزوير البيانات ، الجرائم المنظمة ، تجارة المخدرات، غسيل الأموال.  ,"{""question_type"": ""اٍشرح""}"
arasag,5,أذكر أنواع الجرائم الإلكترونية المالية,تبييض الأموال، تجارة المخدرات، الأسلحة، الجريمة المنظمة، قرصنة البنوك و الحسابات .,4,0.0,5.0,cybercrimes,short_answer,7,arabic,,جرائم السطو على أرقام البطاقات الائتمانية ، تزوير البيانات ، الجرائم المنظمة ، تجارة المخدرات، غسيل الأموال.  ,"{""question_type"": ""اٍشرح""}"
arasag,5,أذكر أنواع الجرائم الإلكترونية المالية,جرائم بطاقة الائتمان الالكترونية و تزويرها ، جرائم العداد المالي و الآلات الحاسبة، بيع المخدرات  تبييض الأموال .,4,0.0,5.0,cybercrimes,short_answer,7,arabic,,جرائم السطو على أرقام البطاقات الائتمانية ، تزوير البيانات ، الجرائم المنظمة ، تجارة المخدرات، غسيل الأموال.  ,"{""question_type"": ""اٍشرح""}"
arasag,5,أذكر أنواع الجرائم الإلكترونية المالية,تزوير الأموال، بيع المخدرات، تبييض الأموال .,2,0.0,5.0,cybercrimes,short_answer,7,arabic,,جرائم السطو على أرقام البطاقات الائتمانية ، تزوير البيانات ، الجرائم المنظمة ، تجارة المخدرات، غسيل الأموال.  ,"{""question_type"": ""اٍشرح""}"
arasag,5,أذكر أنواع الجرائم الإلكترونية المالية,غسل الأموال، المنظمة، بيع المخدرات عبر الانترنت، تغير البيانات، تحريف البطاقات البنكية  ,4,0.0,5.0,cybercrimes,short_answer,7,arabic,,جرائم السطو على أرقام البطاقات الائتمانية ، تزوير البيانات ، الجرائم المنظمة ، تجارة المخدرات، غسيل الأموال.  ,"{""question_type"": ""اٍشرح""}"
arasag,5,أذكر أنواع الجرائم الإلكترونية المالية,السطو باستعمال أرقام البطاقات الإئتمانية، الجريمة المنظمة، تجارة المخدرات، تبييض الأموال، السطو على أموال البنوك.,4,0.0,5.0,cybercrimes,short_answer,7,arabic,,جرائم السطو على أرقام البطاقات الائتمانية ، تزوير البيانات ، الجرائم المنظمة ، تجارة المخدرات، غسيل الأموال.  ,"{""question_type"": ""اٍشرح""}"
arasag,5,أذكر أنواع الجرائم الإلكترونية المالية,غسيل الأموال ، الإستيلاء على أرقام البطاقات الإئتمانية، تزوير البيانات، تجارة المخدرات و الجريمة المنظمة .,5,0.0,5.0,cybercrimes,short_answer,7,arabic,,جرائم السطو على أرقام البطاقات الائتمانية ، تزوير البيانات ، الجرائم المنظمة ، تجارة المخدرات، غسيل الأموال.  ,"{""question_type"": ""اٍشرح""}"
arasag,5,أذكر أنواع الجرائم الإلكترونية المالية,إختراق البنوك، سرقة البيانات ,2,0.0,5.0,cybercrimes,short_answer,7,arabic,,جرائم السطو على أرقام البطاقات الائتمانية ، تزوير البيانات ، الجرائم المنظمة ، تجارة المخدرات، غسيل الأموال.  ,"{""question_type"": ""اٍشرح""}"
arasag,5,أذكر أنواع الجرائم الإلكترونية المالية,سرقة البطاقات الإلكترونية المالية، إختراق البنوك، تغيير أرقام السجلات .,1,0.0,5.0,cybercrimes,short_answer,7,arabic,,جرائم السطو على أرقام البطاقات الائتمانية ، تزوير البيانات ، الجرائم المنظمة ، تجارة المخدرات، غسيل الأموال.  ,"{""question_type"": ""اٍشرح""}"
arasag,5,أذكر أنواع الجرائم الإلكترونية المالية,سرقة بطاقات الإئتمان، غسيل الأموال، إختراق أنظمة البنوك .,3,0.0,5.0,cybercrimes,short_answer,7,arabic,,جرائم السطو على أرقام البطاقات الائتمانية ، تزوير البيانات ، الجرائم المنظمة ، تجارة المخدرات، غسيل الأموال.  ,"{""question_type"": ""اٍشرح""}"
arasag,5,أذكر أنواع الجرائم الإلكترونية المالية,جرائم بيع المخدرات، غسل الأموال أو التبييض على الأنترنت .,2,0.0,5.0,cybercrimes,short_answer,7,arabic,,جرائم السطو على أرقام البطاقات الائتمانية ، تزوير البيانات ، الجرائم المنظمة ، تجارة المخدرات، غسيل الأموال.  ,"{""question_type"": ""اٍشرح""}"
arasag,5,أذكر أنواع الجرائم الإلكترونية المالية,السطو على البنوك المالية على الأنترنت، السطو على بطاقات الإئتمان، تجارة مخدرات على الإنترنت، غسيل و تبييض الأموال .,4,0.0,5.0,cybercrimes,short_answer,7,arabic,,جرائم السطو على أرقام البطاقات الائتمانية ، تزوير البيانات ، الجرائم المنظمة ، تجارة المخدرات، غسيل الأموال.  ,"{""question_type"": ""اٍشرح""}"
arasag,5,أذكر أنواع الجرائم الإلكترونية المالية,غسيل الأموال، إستخدام الحاسب الآلي، تجارة المخدرات عبر الإنترنت، تزوير الأنترنت .,4,0.0,5.0,cybercrimes,short_answer,7,arabic,,جرائم السطو على أرقام البطاقات الائتمانية ، تزوير البيانات ، الجرائم المنظمة ، تجارة المخدرات، غسيل الأموال.  ,"{""question_type"": ""اٍشرح""}"
arasag,5,أذكر أنواع الجرائم الإلكترونية المالية,أخذ بيانات بطاقات الإئتمان ، استغلال أموال البنك في شراء و تبرع و دعم بالتحكم في نظام أمنهم .,1,0.0,5.0,cybercrimes,short_answer,7,arabic,,جرائم السطو على أرقام البطاقات الائتمانية ، تزوير البيانات ، الجرائم المنظمة ، تجارة المخدرات، غسيل الأموال.  ,"{""question_type"": ""اٍشرح""}"
arasag,5,أذكر أنواع الجرائم الإلكترونية المالية,السطو على أرقام بطاقة الائتمان، تبييض الأموال، بيع المخدرات والأسلحة .,2,0.0,5.0,cybercrimes,short_answer,7,arabic,,جرائم السطو على أرقام البطاقات الائتمانية ، تزوير البيانات ، الجرائم المنظمة ، تجارة المخدرات، غسيل الأموال.  ,"{""question_type"": ""اٍشرح""}"
arasag,5,أذكر أنواع الجرائم الإلكترونية المالية,الابتزاز،الاختلاس،تبييض الأموال، سرقة أرقام البطاقات الائتمانية. ,2,0.0,5.0,cybercrimes,short_answer,7,arabic,,جرائم السطو على أرقام البطاقات الائتمانية ، تزوير البيانات ، الجرائم المنظمة ، تجارة المخدرات، غسيل الأموال.  ,"{""question_type"": ""اٍشرح""}"
arasag,5,أذكر أنواع الجرائم الإلكترونية المالية,أي قرصنة المواقع، هي من الجرائم التي تقع على الانترنت.,4,0.0,5.0,cybercrimes,short_answer,7,arabic,,جرائم السطو على أرقام البطاقات الائتمانية ، تزوير البيانات ، الجرائم المنظمة ، تجارة المخدرات، غسيل الأموال.  ,"{""question_type"": ""اٍشرح""}"
arasag,5,أذكر أنواع الجرائم الإلكترونية المالية,الاستيلاء بطاقة الائتمان. تجارة المخدرات. سرقة البيانات و المعلومات. تبييض الأموال.تحويل الأموال دون إذن. ,5,0.0,5.0,cybercrimes,short_answer,7,arabic,,جرائم السطو على أرقام البطاقات الائتمانية ، تزوير البيانات ، الجرائم المنظمة ، تجارة المخدرات، غسيل الأموال.  ,"{""question_type"": ""اٍشرح""}"
arasag,5,أذكر أنواع الجرائم الإلكترونية المالية,سطو على البنوك، الجريمة المنظمة، تزوير بطاقة الائتمان. ,2,0.0,5.0,cybercrimes,short_answer,7,arabic,,جرائم السطو على أرقام البطاقات الائتمانية ، تزوير البيانات ، الجرائم المنظمة ، تجارة المخدرات، غسيل الأموال.  ,"{""question_type"": ""اٍشرح""}"
arasag,5,أذكر أنواع الجرائم الإلكترونية المالية,سرقة أرقام بطاقات الإئتمان، تزوير البيانات، الجريمة المنظمة، تجارة المخدرات عن طريق الأنترنت، تبييض الأموال كأموال المخدرات.,5,0.0,5.0,cybercrimes,short_answer,7,arabic,,جرائم السطو على أرقام البطاقات الائتمانية ، تزوير البيانات ، الجرائم المنظمة ، تجارة المخدرات، غسيل الأموال.  ,"{""question_type"": ""اٍشرح""}"
arasag,5,أذكر أنواع الجرائم الإلكترونية المالية,"غسل الأموال , السطو على رصيدك البنكي و تحويل الأموال لهم خاصة الأرصدة النائمة .",2,0.0,5.0,cybercrimes,short_answer,7,arabic,,جرائم السطو على أرقام البطاقات الائتمانية ، تزوير البيانات ، الجرائم المنظمة ، تجارة المخدرات، غسيل الأموال.  ,"{""question_type"": ""اٍشرح""}"
arasag,5,أذكر أنواع الجرائم الإلكترونية المالية,"سرقة الحساب المصرفي للمستخدمين, الابتزاز عن طريق الصور الفاضحة و ما الى ذلك , تبييض الأموال عبر الإنترنت .",2,0.0,5.0,cybercrimes,short_answer,7,arabic,,جرائم السطو على أرقام البطاقات الائتمانية ، تزوير البيانات ، الجرائم المنظمة ، تجارة المخدرات، غسيل الأموال.  ,"{""question_type"": ""اٍشرح""}"
arasag,5,أذكر أنواع الجرائم الإلكترونية المالية,"تبييض الأموال , تزوير البيانات , اختراق الحسابات البنكية , تجارة المخدرات عبر الانترنت , حسابات بنكية مزورة.",4,0.0,5.0,cybercrimes,short_answer,7,arabic,,جرائم السطو على أرقام البطاقات الائتمانية ، تزوير البيانات ، الجرائم المنظمة ، تجارة المخدرات، غسيل الأموال.  ,"{""question_type"": ""اٍشرح""}"
arasag,5,أذكر أنواع الجرائم الإلكترونية المالية,تبييض الأموال ، استغلال بطاقات عائدة لرجال الأعمال .,2,0.0,5.0,cybercrimes,short_answer,7,arabic,,جرائم السطو على أرقام البطاقات الائتمانية ، تزوير البيانات ، الجرائم المنظمة ، تجارة المخدرات، غسيل الأموال.  ,"{""question_type"": ""اٍشرح""}"
arasag,5,أذكر أنواع الجرائم الإلكترونية المالية,استخدام بطاقات اشتراك و حسابات مزورة ، استخدام بطاقات اشتراك خاصة تم الاستيلاء على رقمها السري ، جرائم تبييض الأموال ، سرقة هوية الأشخاص و استعمالها.,3,0.0,5.0,cybercrimes,short_answer,7,arabic,,جرائم السطو على أرقام البطاقات الائتمانية ، تزوير البيانات ، الجرائم المنظمة ، تجارة المخدرات، غسيل الأموال.  ,"{""question_type"": ""اٍشرح""}"
arasag,5,أذكر أنواع الجرائم الإلكترونية المالية,سرقة أرقام البطاقات الائتمانية ، غسيل الأموال ، تزوير البيانات ، بيع المخدرات عبر الانترنت .,4,0.0,5.0,cybercrimes,short_answer,7,arabic,,جرائم السطو على أرقام البطاقات الائتمانية ، تزوير البيانات ، الجرائم المنظمة ، تجارة المخدرات، غسيل الأموال.  ,"{""question_type"": ""اٍشرح""}"
arasag,5,أذكر أنواع الجرائم الإلكترونية المالية,تبييض الأموال ، استغلال بيانات المستخدمين المتعلقة بحسابات بنكية ،الابتزاز والتشهير من اجل المال،الاختراق و التهديد من اجل المال.,2,0.0,5.0,cybercrimes,short_answer,7,arabic,,جرائم السطو على أرقام البطاقات الائتمانية ، تزوير البيانات ، الجرائم المنظمة ، تجارة المخدرات، غسيل الأموال.  ,"{""question_type"": ""اٍشرح""}"
arasag,5,أذكر أنواع الجرائم الإلكترونية المالية,سرقة بطاقات الائتمان و هي من أصعب الجرائم لأن الجاني يصعب ايجاده مثلا سرقة بطاقة لشخص ما في دولة١ واستغلالها في شراء و البيع في الدولة ٢و الجاني يقطن في الدولة ٣. تزوير الحسابات المالية ، تبييض الأموال. ,3,0.0,5.0,cybercrimes,short_answer,7,arabic,,جرائم السطو على أرقام البطاقات الائتمانية ، تزوير البيانات ، الجرائم المنظمة ، تجارة المخدرات، غسيل الأموال.  ,"{""question_type"": ""اٍشرح""}"
arasag,5,أذكر أنواع الجرائم الإلكترونية المالية,تبييض و غسيل الأموال، السطو على البنوك. ,2,0.0,5.0,cybercrimes,short_answer,7,arabic,,جرائم السطو على أرقام البطاقات الائتمانية ، تزوير البيانات ، الجرائم المنظمة ، تجارة المخدرات، غسيل الأموال.  ,"{""question_type"": ""اٍشرح""}"
arasag,5,أذكر أنواع الجرائم الإلكترونية المالية,غسل الأموال ، تزوير البيانات ، جرائم المنظمة ، بيع المخدرات.,4,0.0,5.0,cybercrimes,short_answer,7,arabic,,جرائم السطو على أرقام البطاقات الائتمانية ، تزوير البيانات ، الجرائم المنظمة ، تجارة المخدرات، غسيل الأموال.  ,"{""question_type"": ""اٍشرح""}"
arasag,5,أذكر أنواع الجرائم الإلكترونية المالية,سرقة الأموال من بطاقات الائتمان ، تجارة المخدرات و الأسلحة ، تبييض و غسيل الأموال.,3,0.0,5.0,cybercrimes,short_answer,7,arabic,,جرائم السطو على أرقام البطاقات الائتمانية ، تزوير البيانات ، الجرائم المنظمة ، تجارة المخدرات، غسيل الأموال.  ,"{""question_type"": ""اٍشرح""}"
arasag,5,أذكر أنواع الجرائم الإلكترونية المالية, السطو على بطاقات الائتمان و اختلاس اموالها، التجارة بالمخدرات و مختلف الأدوات الممنوعة،تزوير البيانات، اختراق البنوك المالية و سرقة أموالها. ,3,0.0,5.0,cybercrimes,short_answer,7,arabic,,جرائم السطو على أرقام البطاقات الائتمانية ، تزوير البيانات ، الجرائم المنظمة ، تجارة المخدرات، غسيل الأموال.  ,"{""question_type"": ""اٍشرح""}"
arasag,5,أذكر أنواع الجرائم الإلكترونية المالية,سرقة المال عن طريق بطاقة الائتمان، تبييض الأموال، بيع المخدرات. ,3,0.0,5.0,cybercrimes,short_answer,7,arabic,,جرائم السطو على أرقام البطاقات الائتمانية ، تزوير البيانات ، الجرائم المنظمة ، تجارة المخدرات، غسيل الأموال.  ,"{""question_type"": ""اٍشرح""}"
arasag,5,أذكر أنواع الجرائم الإلكترونية المالية,اختراق أرقام بطاقات الائتمان. استعمال بطاقات مزورة ، الجريمة المنظمة،. غسيل الأموال، السطو على البنوك إلكترونيا. ,5,0.0,5.0,cybercrimes,short_answer,7,arabic,,جرائم السطو على أرقام البطاقات الائتمانية ، تزوير البيانات ، الجرائم المنظمة ، تجارة المخدرات، غسيل الأموال.  ,"{""question_type"": ""اٍشرح""}"
arasag,5,أذكر أنواع الجرائم الإلكترونية المالية,سرقَة البطاقات الائتمانية ، جرائم البيانات،. الجرائم المنظمة ، تجارة المخدرات بالأنترنت.، غسيل الأموال. ,5,0.0,5.0,cybercrimes,short_answer,7,arabic,,جرائم السطو على أرقام البطاقات الائتمانية ، تزوير البيانات ، الجرائم المنظمة ، تجارة المخدرات، غسيل الأموال.  ,"{""question_type"": ""اٍشرح""}"
arasag,5,أذكر أنواع الجرائم الإلكترونية المالية,استعمال البطاقة الائتمانية للغير دون سماحه(سرقتها الكترونيا)، تزوير البيانات المالية، سرقة حسابات البنوك، التجارة بالمخدرات والعقاقير غير الشرعية، تبيض و غسيل الأموال عبر الأنترنت، الجرائم المنظمة. ,5,0.0,5.0,cybercrimes,short_answer,7,arabic,,جرائم السطو على أرقام البطاقات الائتمانية ، تزوير البيانات ، الجرائم المنظمة ، تجارة المخدرات، غسيل الأموال.  ,"{""question_type"": ""اٍشرح""}"
arasag,5,أذكر أنواع الجرائم الإلكترونية المالية,السطو على البطاقات الائتمانية بتزوير البيانات و تبييض الأموال. ,2,0.0,5.0,cybercrimes,short_answer,7,arabic,,جرائم السطو على أرقام البطاقات الائتمانية ، تزوير البيانات ، الجرائم المنظمة ، تجارة المخدرات، غسيل الأموال.  ,"{""question_type"": ""اٍشرح""}"
arasag,5,أذكر أنواع الجرائم الإلكترونية المالية,غسيل الأموال، التجارة بالمخدرات، سرقة الحسابات البنكية،. الجريمة المنظمة. ,4,0.0,5.0,cybercrimes,short_answer,7,arabic,,جرائم السطو على أرقام البطاقات الائتمانية ، تزوير البيانات ، الجرائم المنظمة ، تجارة المخدرات، غسيل الأموال.  ,"{""question_type"": ""اٍشرح""}"
arasag,5,أذكر أنواع الجرائم الإلكترونية المالية,بيع المخدرات عبر الانترنت، غسيل الأموال، سرقة أرقام بطاقات الائتمان. ,3,0.0,5.0,cybercrimes,short_answer,7,arabic,,جرائم السطو على أرقام البطاقات الائتمانية ، تزوير البيانات ، الجرائم المنظمة ، تجارة المخدرات، غسيل الأموال.  ,"{""question_type"": ""اٍشرح""}"
arasag,45,ماهي الجوانب  الواجب إثراؤها في القانون الجنائي التقليدي لتكييفه مع واقع  الجريمة الالكترونية في  بلادنا؟,تطبيق عقوبات وقوانين صارمة واعتبار الجرائم الالكترونية ابشع من الجرائم التقليدية لأن ضررها أكبر و تعقبها أصعب,2,0.0,5.0,cybercrimes,short_answer,7,arabic,,تطوير الخبرة الفنية للمحققين المتعلقة باستعمال التكنولوجيا في إثبات الجرائم، توسيع وإدراج مختلف أنواع الجرائم الالكترونية تحت طائلة التشريع القانوني.,"{""question_type"": ""اٍشرح""}"
arasag,45,ماهي الجوانب  الواجب إثراؤها في القانون الجنائي التقليدي لتكييفه مع واقع  الجريمة الالكترونية في  بلادنا؟,تطبيق العقوبات الدولية والمحلية، تشريع قوانين صارمة، توعية المستخدمين وعدم تكتمهم على الجرائم، توظيف برامج خاصة والاستعانة بمتسللون أخلاقيون وخبراء لكشف الجريمة الإلكترونية.,2,0.0,5.0,cybercrimes,short_answer,7,arabic,,تطوير الخبرة الفنية للمحققين المتعلقة باستعمال التكنولوجيا في إثبات الجرائم، توسيع وإدراج مختلف أنواع الجرائم الالكترونية تحت طائلة التشريع القانوني.,"{""question_type"": ""اٍشرح""}"
arasag,45,ماهي الجوانب  الواجب إثراؤها في القانون الجنائي التقليدي لتكييفه مع واقع  الجريمة الالكترونية في  بلادنا؟,التوعية هي أهم عنصر، إيقاف الحرية الكاملة للتصفح.,0,0.0,5.0,cybercrimes,short_answer,7,arabic,,تطوير الخبرة الفنية للمحققين المتعلقة باستعمال التكنولوجيا في إثبات الجرائم، توسيع وإدراج مختلف أنواع الجرائم الالكترونية تحت طائلة التشريع القانوني.,"{""question_type"": ""اٍشرح""}"
arasag,45,ماهي الجوانب  الواجب إثراؤها في القانون الجنائي التقليدي لتكييفه مع واقع  الجريمة الالكترونية في  بلادنا؟,جعل قوانين تردع المخترقين، البحث عن المجرمين بطرق عصرية تستخدم فيها الإلكترونيات.,3,0.0,5.0,cybercrimes,short_answer,7,arabic,,تطوير الخبرة الفنية للمحققين المتعلقة باستعمال التكنولوجيا في إثبات الجرائم، توسيع وإدراج مختلف أنواع الجرائم الالكترونية تحت طائلة التشريع القانوني.,"{""question_type"": ""اٍشرح""}"
arasag,45,ماهي الجوانب  الواجب إثراؤها في القانون الجنائي التقليدي لتكييفه مع واقع  الجريمة الالكترونية في  بلادنا؟,الصرامة في تطبيق القوانين الجنائية للحد من هذه الظاهرة، الزيادة في العقوبات والمواد التي تنص على مثل هذه الجرائم لتخويف الناس من هذه الجرائم.,2,0.0,5.0,cybercrimes,short_answer,7,arabic,,تطوير الخبرة الفنية للمحققين المتعلقة باستعمال التكنولوجيا في إثبات الجرائم، توسيع وإدراج مختلف أنواع الجرائم الالكترونية تحت طائلة التشريع القانوني.,"{""question_type"": ""اٍشرح""}"
arasag,45,ماهي الجوانب  الواجب إثراؤها في القانون الجنائي التقليدي لتكييفه مع واقع  الجريمة الالكترونية في  بلادنا؟,حماية الجانب البشري والنفسي والصناعي ، فرض عقوبات على المجرم الإلكتروني، تشديد وصرامة أمن المعلومات، تأمين الأجهزة بأرقام سرية خاصة.,1,0.0,5.0,cybercrimes,short_answer,7,arabic,,تطوير الخبرة الفنية للمحققين المتعلقة باستعمال التكنولوجيا في إثبات الجرائم، توسيع وإدراج مختلف أنواع الجرائم الالكترونية تحت طائلة التشريع القانوني.,"{""question_type"": ""اٍشرح""}"
arasag,45,ماهي الجوانب  الواجب إثراؤها في القانون الجنائي التقليدي لتكييفه مع واقع  الجريمة الالكترونية في  بلادنا؟,مضاعفة العقوبات لمجرم الكمبيوتر، توعية وتربية ونشر ثقافة لأمن المعلوماتي، التشريع القانوني، أي عملية تعدي أو جريمة اِلكترونية يعاقب صاحبها، وضع قوانين صارمة بخصوص أي جريمة الكترونية.,2,0.0,5.0,cybercrimes,short_answer,7,arabic,,تطوير الخبرة الفنية للمحققين المتعلقة باستعمال التكنولوجيا في إثبات الجرائم، توسيع وإدراج مختلف أنواع الجرائم الالكترونية تحت طائلة التشريع القانوني.,"{""question_type"": ""اٍشرح""}"
arasag,45,ماهي الجوانب  الواجب إثراؤها في القانون الجنائي التقليدي لتكييفه مع واقع  الجريمة الالكترونية في  بلادنا؟,يجب حماية لأشخاص واِشعارهم بالأمن خاصة الفئة التي تعرضت الى القذف والتشهير ونشر الصور الغير اللائقة...لدفعهم الى الشكوى وعدم السكوت خوفا من المجتمع؛ حتى يتم القبض على المجرمين، يجب تعليم فئة خاصة من المحققين يستعطون التعامل مع هذا الصنف من الجرائم.,2,0.0,5.0,cybercrimes,short_answer,7,arabic,,تطوير الخبرة الفنية للمحققين المتعلقة باستعمال التكنولوجيا في إثبات الجرائم، توسيع وإدراج مختلف أنواع الجرائم الالكترونية تحت طائلة التشريع القانوني.,"{""question_type"": ""اٍشرح""}"
arasag,45,ماهي الجوانب  الواجب إثراؤها في القانون الجنائي التقليدي لتكييفه مع واقع  الجريمة الالكترونية في  بلادنا؟,قانون العقوبات عدم حماية الشخصيات الهامة والتكتل عليها قانون التكتم على الضحايا الجرائم المتعلقة بشرف فمعاقبة المجرم وعدم الإشهار بالضحية؛ مضاعفة العقوبة عند عدم مسامحة السلطات و الحفاظ على معلومات قضائية؛ إنقاص من الغرامات ليأخذ كل شخص عقوبته.,2,0.0,5.0,cybercrimes,short_answer,7,arabic,,تطوير الخبرة الفنية للمحققين المتعلقة باستعمال التكنولوجيا في إثبات الجرائم، توسيع وإدراج مختلف أنواع الجرائم الالكترونية تحت طائلة التشريع القانوني.,"{""question_type"": ""اٍشرح""}"
arasag,45,ماهي الجوانب  الواجب إثراؤها في القانون الجنائي التقليدي لتكييفه مع واقع  الجريمة الالكترونية في  بلادنا؟,الشخص الاعتباري: يعاقب بغرامة مالية 5أضعاف الشخص الطبيعي(العادي)، ظروف متعددة : استخدام أدوات المراقبة، الوصول على أنظمة الكمبيوتر.,0,0.0,5.0,cybercrimes,short_answer,7,arabic,,تطوير الخبرة الفنية للمحققين المتعلقة باستعمال التكنولوجيا في إثبات الجرائم، توسيع وإدراج مختلف أنواع الجرائم الالكترونية تحت طائلة التشريع القانوني.,"{""question_type"": ""اٍشرح""}"
arasag,45,ماهي الجوانب  الواجب إثراؤها في القانون الجنائي التقليدي لتكييفه مع واقع  الجريمة الالكترونية في  بلادنا؟,ضرورة تطبيق القانون المتعلق بالجرائم الالكترونية، فرض عقوبات وغرامات مالية، مضاعفة العقوبات ان كان الجاني شخص اعتباري.,2,0.0,5.0,cybercrimes,short_answer,7,arabic,,تطوير الخبرة الفنية للمحققين المتعلقة باستعمال التكنولوجيا في إثبات الجرائم، توسيع وإدراج مختلف أنواع الجرائم الالكترونية تحت طائلة التشريع القانوني.,"{""question_type"": ""اٍشرح""}"
arasag,45,ماهي الجوانب  الواجب إثراؤها في القانون الجنائي التقليدي لتكييفه مع واقع  الجريمة الالكترونية في  بلادنا؟,تعزيز الدعم المادي مع فرض غرامات على المجرمين، يجب توفير الخبرة الفنية، تطبيق التشريعات والقوانين الدولية والمحلية.,3,0.0,5.0,cybercrimes,short_answer,7,arabic,,تطوير الخبرة الفنية للمحققين المتعلقة باستعمال التكنولوجيا في إثبات الجرائم، توسيع وإدراج مختلف أنواع الجرائم الالكترونية تحت طائلة التشريع القانوني.,"{""question_type"": ""اٍشرح""}"
arasag,45,ماهي الجوانب  الواجب إثراؤها في القانون الجنائي التقليدي لتكييفه مع واقع  الجريمة الالكترونية في  بلادنا؟,وجود خبراء يفهمون بالامر، وجوب تطبيق العقوبات.,3,0.0,5.0,cybercrimes,short_answer,7,arabic,,تطوير الخبرة الفنية للمحققين المتعلقة باستعمال التكنولوجيا في إثبات الجرائم، توسيع وإدراج مختلف أنواع الجرائم الالكترونية تحت طائلة التشريع القانوني.,"{""question_type"": ""اٍشرح""}"
arasag,45,ماهي الجوانب  الواجب إثراؤها في القانون الجنائي التقليدي لتكييفه مع واقع  الجريمة الالكترونية في  بلادنا؟,يجب زيادة قوانين منع ومكافحة جرائم: تكنولوجية المعلومات والاتصالات؛ جرائم الاِرهاب لإلكتروني والتجسس والجرائم المادية؛ القرصنة والاختراق..الخ، يجب توفير قوانين صارمة للحد من هذه الجرائم.,3,0.0,5.0,cybercrimes,short_answer,7,arabic,,تطوير الخبرة الفنية للمحققين المتعلقة باستعمال التكنولوجيا في إثبات الجرائم، توسيع وإدراج مختلف أنواع الجرائم الالكترونية تحت طائلة التشريع القانوني.,"{""question_type"": ""اٍشرح""}"
arasag,45,ماهي الجوانب  الواجب إثراؤها في القانون الجنائي التقليدي لتكييفه مع واقع  الجريمة الالكترونية في  بلادنا؟,هو جانب العقوبة و مراجعتها مع نشر الوعي لعامة الناس.,1,0.0,5.0,cybercrimes,short_answer,7,arabic,,تطوير الخبرة الفنية للمحققين المتعلقة باستعمال التكنولوجيا في إثبات الجرائم، توسيع وإدراج مختلف أنواع الجرائم الالكترونية تحت طائلة التشريع القانوني.,"{""question_type"": ""اٍشرح""}"
arasag,45,ماهي الجوانب  الواجب إثراؤها في القانون الجنائي التقليدي لتكييفه مع واقع  الجريمة الالكترونية في  بلادنا؟,توعية الأشخاص بضرورة أمن المعلومات في مختلف أنحاء المجتمع,0,0.0,5.0,cybercrimes,short_answer,7,arabic,,تطوير الخبرة الفنية للمحققين المتعلقة باستعمال التكنولوجيا في إثبات الجرائم، توسيع وإدراج مختلف أنواع الجرائم الالكترونية تحت طائلة التشريع القانوني.,"{""question_type"": ""اٍشرح""}"
arasag,45,ماهي الجوانب  الواجب إثراؤها في القانون الجنائي التقليدي لتكييفه مع واقع  الجريمة الالكترونية في  بلادنا؟,"إضافة قوانين على حسب نوع الجريمة, فليس كل الجرائم تكون لها نفس العقوبة",2,0.0,5.0,cybercrimes,short_answer,7,arabic,,تطوير الخبرة الفنية للمحققين المتعلقة باستعمال التكنولوجيا في إثبات الجرائم، توسيع وإدراج مختلف أنواع الجرائم الالكترونية تحت طائلة التشريع القانوني.,"{""question_type"": ""اٍشرح""}"
arasag,45,ماهي الجوانب  الواجب إثراؤها في القانون الجنائي التقليدي لتكييفه مع واقع  الجريمة الالكترونية في  بلادنا؟,شمولية جميع الجرائم الإلكترونية، تطوير أسباب التحقيق فيها : محققون متخصصون في جريمة إلكترونية، مضاعفات العقوبات فمثلا إنزال معلومة أو خربها لا يتم استرجاعها.,5,0.0,5.0,cybercrimes,short_answer,7,arabic,,تطوير الخبرة الفنية للمحققين المتعلقة باستعمال التكنولوجيا في إثبات الجرائم، توسيع وإدراج مختلف أنواع الجرائم الالكترونية تحت طائلة التشريع القانوني.,"{""question_type"": ""اٍشرح""}"
arasag,45,ماهي الجوانب  الواجب إثراؤها في القانون الجنائي التقليدي لتكييفه مع واقع  الجريمة الالكترونية في  بلادنا؟,يجب إثراء جانب الأمن المادي و الفني,0,0.0,5.0,cybercrimes,short_answer,7,arabic,,تطوير الخبرة الفنية للمحققين المتعلقة باستعمال التكنولوجيا في إثبات الجرائم، توسيع وإدراج مختلف أنواع الجرائم الالكترونية تحت طائلة التشريع القانوني.,"{""question_type"": ""اٍشرح""}"
arasag,45,ماهي الجوانب  الواجب إثراؤها في القانون الجنائي التقليدي لتكييفه مع واقع  الجريمة الالكترونية في  بلادنا؟,"إضافة عقوبات للذين يقومون بنشر معلومات شخصية الآخرين, عقوبات متعلقة بالملكية الفكرية, عقوبات الشتم و السب و التعري و الإحراج على الإنترنت و الإختراق لحسابات الأشخاص",2,0.0,5.0,cybercrimes,short_answer,7,arabic,,تطوير الخبرة الفنية للمحققين المتعلقة باستعمال التكنولوجيا في إثبات الجرائم، توسيع وإدراج مختلف أنواع الجرائم الالكترونية تحت طائلة التشريع القانوني.,"{""question_type"": ""اٍشرح""}"
arasag,45,ماهي الجوانب  الواجب إثراؤها في القانون الجنائي التقليدي لتكييفه مع واقع  الجريمة الالكترونية في  بلادنا؟,التخويف من الجريمة الإلكترونية بتعزيز العقوبات و عدم التساهل معها، إضافة قوانين لمتابعة قضائيا، إضافة قوانين حماية الملكية الفكرية.,4,0.0,5.0,cybercrimes,short_answer,7,arabic,,تطوير الخبرة الفنية للمحققين المتعلقة باستعمال التكنولوجيا في إثبات الجرائم، توسيع وإدراج مختلف أنواع الجرائم الالكترونية تحت طائلة التشريع القانوني.,"{""question_type"": ""اٍشرح""}"
arasag,45,ماهي الجوانب  الواجب إثراؤها في القانون الجنائي التقليدي لتكييفه مع واقع  الجريمة الالكترونية في  بلادنا؟,يجب على القانون ان يجاري التكولوجيا اي ان يجب النظر و و زيادة عدة من القوانين التي تعاقب الاشخاص الذين يسببون اضرار الى الآخرين باستعمال وسائل التكنولوجيا او زيادة الغرامات و العقوبات حتى يتم الى او انقاص هذه الجرائم كلما زاد تطور التكنولوجيا كلما زادت و تغيرت القوانين ,1,0.0,5.0,cybercrimes,short_answer,7,arabic,,تطوير الخبرة الفنية للمحققين المتعلقة باستعمال التكنولوجيا في إثبات الجرائم، توسيع وإدراج مختلف أنواع الجرائم الالكترونية تحت طائلة التشريع القانوني.,"{""question_type"": ""اٍشرح""}"
arasag,45,ماهي الجوانب  الواجب إثراؤها في القانون الجنائي التقليدي لتكييفه مع واقع  الجريمة الالكترونية في  بلادنا؟,يجب اجراء تعديلات في القانون الجزائري للمعاقبة على الجريمة الإلكترونية من كل النواحي من حيث الوصول إلى البيانات الخاصة و الإستثمار في الأنظمة التي تتعقب المخترقين,3,0.0,5.0,cybercrimes,short_answer,7,arabic,,تطوير الخبرة الفنية للمحققين المتعلقة باستعمال التكنولوجيا في إثبات الجرائم، توسيع وإدراج مختلف أنواع الجرائم الالكترونية تحت طائلة التشريع القانوني.,"{""question_type"": ""اٍشرح""}"
arasag,45,ماهي الجوانب  الواجب إثراؤها في القانون الجنائي التقليدي لتكييفه مع واقع  الجريمة الالكترونية في  بلادنا؟,يجب إضافة مواد وقوانين عقابية خاصة بالمخالفات الالكترونية كقوانين تمنع إستعمال المعلومات الشخصية,2,0.0,5.0,cybercrimes,short_answer,7,arabic,,تطوير الخبرة الفنية للمحققين المتعلقة باستعمال التكنولوجيا في إثبات الجرائم، توسيع وإدراج مختلف أنواع الجرائم الالكترونية تحت طائلة التشريع القانوني.,"{""question_type"": ""اٍشرح""}"
arasag,45,ماهي الجوانب  الواجب إثراؤها في القانون الجنائي التقليدي لتكييفه مع واقع  الجريمة الالكترونية في  بلادنا؟,العقوبات الصارمة ضد مرتكبيها ، اقامة وسائل مادية وفكرية لمحاربة هذه الجريمة ، احداث مراقبات على مستعمليها ، اقامة ثغرات للاطاحة بمرتكبيها.,1,0.0,5.0,cybercrimes,short_answer,7,arabic,,تطوير الخبرة الفنية للمحققين المتعلقة باستعمال التكنولوجيا في إثبات الجرائم، توسيع وإدراج مختلف أنواع الجرائم الالكترونية تحت طائلة التشريع القانوني.,"{""question_type"": ""اٍشرح""}"
arasag,45,ماهي الجوانب  الواجب إثراؤها في القانون الجنائي التقليدي لتكييفه مع واقع  الجريمة الالكترونية في  بلادنا؟,الجوانب الواجب إثراؤها هي: أمن المعلومات بإثبات و تحديد الهوية مثل : البطاقة الائتمانية تحديد مسؤوليات و صلاحيات المستخدمين.,0,0.0,5.0,cybercrimes,short_answer,7,arabic,,تطوير الخبرة الفنية للمحققين المتعلقة باستعمال التكنولوجيا في إثبات الجرائم، توسيع وإدراج مختلف أنواع الجرائم الالكترونية تحت طائلة التشريع القانوني.,"{""question_type"": ""اٍشرح""}"
arasag,45,ماهي الجوانب  الواجب إثراؤها في القانون الجنائي التقليدي لتكييفه مع واقع  الجريمة الالكترونية في  بلادنا؟,الحرص على تشريع و تطبيق قوانين الجريمة الإلكترونية مع الحرص في التنفيذ ,2,0.0,5.0,cybercrimes,short_answer,7,arabic,,تطوير الخبرة الفنية للمحققين المتعلقة باستعمال التكنولوجيا في إثبات الجرائم، توسيع وإدراج مختلف أنواع الجرائم الالكترونية تحت طائلة التشريع القانوني.,"{""question_type"": ""اٍشرح""}"
arasag,45,ماهي الجوانب  الواجب إثراؤها في القانون الجنائي التقليدي لتكييفه مع واقع  الجريمة الالكترونية في  بلادنا؟,الحد من محاولة الوصول أو الإحتفاظ أو تغيير النظام المعلوماتي الالي (قانون 04-15 من قانون العقوبات) و السماح للأجهزة القضائية و الشرطة بالدخول الى سجل البيانات و المعلومات,1,0.0,5.0,cybercrimes,short_answer,7,arabic,,تطوير الخبرة الفنية للمحققين المتعلقة باستعمال التكنولوجيا في إثبات الجرائم، توسيع وإدراج مختلف أنواع الجرائم الالكترونية تحت طائلة التشريع القانوني.,"{""question_type"": ""اٍشرح""}"
arasag,45,ماهي الجوانب  الواجب إثراؤها في القانون الجنائي التقليدي لتكييفه مع واقع  الجريمة الالكترونية في  بلادنا؟,"تصدير قوانين دقيقة و صارمة في كل مجال من مجالات الجريمة الإلكترونية، العمل بطرق الحماية : المادية ,الغنية ,الإدارية و توعية الموظفين بحملات و شرحات داخل الوطن.",1,0.0,5.0,cybercrimes,short_answer,7,arabic,,تطوير الخبرة الفنية للمحققين المتعلقة باستعمال التكنولوجيا في إثبات الجرائم، توسيع وإدراج مختلف أنواع الجرائم الالكترونية تحت طائلة التشريع القانوني.,"{""question_type"": ""اٍشرح""}"
arasag,45,ماهي الجوانب  الواجب إثراؤها في القانون الجنائي التقليدي لتكييفه مع واقع  الجريمة الالكترونية في  بلادنا؟,"جوانب التعدي الالكتروني ,الملكية الفكرية ,المواقع المعادية ,التشهير و الابتزاز",0,0.0,5.0,cybercrimes,short_answer,7,arabic,,تطوير الخبرة الفنية للمحققين المتعلقة باستعمال التكنولوجيا في إثبات الجرائم، توسيع وإدراج مختلف أنواع الجرائم الالكترونية تحت طائلة التشريع القانوني.,"{""question_type"": ""اٍشرح""}"
arasag,45,ماهي الجوانب  الواجب إثراؤها في القانون الجنائي التقليدي لتكييفه مع واقع  الجريمة الالكترونية في  بلادنا؟,إضافة عقوبات كالسجن أو الغرامة المالية لمرتكبي الجرائم الإلكترونية ووقع العقوبة ان كانت بسيطة، مضاعفة العقوبة حسب الضرر الذي يمكن أن يلحق به,1,0.0,5.0,cybercrimes,short_answer,7,arabic,,تطوير الخبرة الفنية للمحققين المتعلقة باستعمال التكنولوجيا في إثبات الجرائم، توسيع وإدراج مختلف أنواع الجرائم الالكترونية تحت طائلة التشريع القانوني.,"{""question_type"": ""اٍشرح""}"
arasag,45,ماهي الجوانب  الواجب إثراؤها في القانون الجنائي التقليدي لتكييفه مع واقع  الجريمة الالكترونية في  بلادنا؟,يجب إجراء الأمن المعلوماتي ووضع مختصين يقومون بالإشراف على القضايا الجنائية الإلكترونية,1,0.0,5.0,cybercrimes,short_answer,7,arabic,,تطوير الخبرة الفنية للمحققين المتعلقة باستعمال التكنولوجيا في إثبات الجرائم، توسيع وإدراج مختلف أنواع الجرائم الالكترونية تحت طائلة التشريع القانوني.,"{""question_type"": ""اٍشرح""}"
arasag,45,ماهي الجوانب  الواجب إثراؤها في القانون الجنائي التقليدي لتكييفه مع واقع  الجريمة الالكترونية في  بلادنا؟,تشريع نصوص واضحة و مشروحة حول العقوبات و تصنيفها، تخصيص لجان متخصصة لدراسة الجرائم و التي تكون مكونة في المجال,4,0.0,5.0,cybercrimes,short_answer,7,arabic,,تطوير الخبرة الفنية للمحققين المتعلقة باستعمال التكنولوجيا في إثبات الجرائم، توسيع وإدراج مختلف أنواع الجرائم الالكترونية تحت طائلة التشريع القانوني.,"{""question_type"": ""اٍشرح""}"
arasag,45,ماهي الجوانب  الواجب إثراؤها في القانون الجنائي التقليدي لتكييفه مع واقع  الجريمة الالكترونية في  بلادنا؟,تشديد العقوبات على المخترقين وعلى الارهاب الالكتروني، حراسة و عقاب الموظفين الغير محافظين على الاسرار,1,0.0,5.0,cybercrimes,short_answer,7,arabic,,تطوير الخبرة الفنية للمحققين المتعلقة باستعمال التكنولوجيا في إثبات الجرائم، توسيع وإدراج مختلف أنواع الجرائم الالكترونية تحت طائلة التشريع القانوني.,"{""question_type"": ""اٍشرح""}"
arasag,45,ماهي الجوانب  الواجب إثراؤها في القانون الجنائي التقليدي لتكييفه مع واقع  الجريمة الالكترونية في  بلادنا؟,محاكمة كل من يقوم باعمال غير قانونية، رفع مدة السجن، رفع قيمة الغرامات على هدا النوع من الجرائم,1,0.0,5.0,cybercrimes,short_answer,7,arabic,,تطوير الخبرة الفنية للمحققين المتعلقة باستعمال التكنولوجيا في إثبات الجرائم، توسيع وإدراج مختلف أنواع الجرائم الالكترونية تحت طائلة التشريع القانوني.,"{""question_type"": ""اٍشرح""}"
arasag,45,ماهي الجوانب  الواجب إثراؤها في القانون الجنائي التقليدي لتكييفه مع واقع  الجريمة الالكترونية في  بلادنا؟,انشاء عقوبات مالية و السجن,1,0.0,5.0,cybercrimes,short_answer,7,arabic,,تطوير الخبرة الفنية للمحققين المتعلقة باستعمال التكنولوجيا في إثبات الجرائم، توسيع وإدراج مختلف أنواع الجرائم الالكترونية تحت طائلة التشريع القانوني.,"{""question_type"": ""اٍشرح""}"
arasag,45,ماهي الجوانب  الواجب إثراؤها في القانون الجنائي التقليدي لتكييفه مع واقع  الجريمة الالكترونية في  بلادنا؟,التقليل من القرصنة الالكترونية، معاقبة المخترقين,1,0.0,5.0,cybercrimes,short_answer,7,arabic,,تطوير الخبرة الفنية للمحققين المتعلقة باستعمال التكنولوجيا في إثبات الجرائم، توسيع وإدراج مختلف أنواع الجرائم الالكترونية تحت طائلة التشريع القانوني.,"{""question_type"": ""اٍشرح""}"
arasag,47,ماهي النتائج المترتبة عن  إصابة  النظام المعلوماتي بحصان طروادة ؟  ,تحكم المخترق بالجهاز، قدرته على التجسس على المعلومات بالجهاز و الملفات، قدرته على تثبيت برامج ضارة، قدرته على التجسس على المعلومات السرية عبر تثبيت برامج,5,0.0,5.0,cybercrimes,short_answer,7,arabic,,يتحكم الهاكر في الجهاز المخترق عبر باب خلفي يمكنه من : سرقة المعلومات كسرقة البريد الالكتروني، أو سرقة الهوية، تحميل ملفات من وإلى هذا الجهاز دون علم صاحبه، تركيب برمجيات تجسس على الجهاز.,"{""question_type"": ""ما النتائج المترتبة على""}"
arasag,47,ماهي النتائج المترتبة عن  إصابة  النظام المعلوماتي بحصان طروادة ؟  ,التحكم في الكمبيوتر ، سرقة المعلومات، تحميل ملفات من الكمبيوتر دون علم المستخدم، تركيب تقنيات تجسس على اجهزة مستخدمة لتسجيل ضربات لوحة المفاتيح.,5,0.0,5.0,cybercrimes,short_answer,7,arabic,,يتحكم الهاكر في الجهاز المخترق عبر باب خلفي يمكنه من : سرقة المعلومات كسرقة البريد الالكتروني، أو سرقة الهوية، تحميل ملفات من وإلى هذا الجهاز دون علم صاحبه، تركيب برمجيات تجسس على الجهاز.,"{""question_type"": ""ما النتائج المترتبة على""}"
arasag,47,ماهي النتائج المترتبة عن  إصابة  النظام المعلوماتي بحصان طروادة ؟  ,امكانية وصول الهاكر الى الجهاز عبر الباب الخلفي للتحكم للجهاز عن بعد أو تحميل وازالة البرامج من على الجهاز او سرقة المعلومات مثل كلمات المرور من خلال تحميل لتسجيل نقرات لوحة المفاتيح وارسالها الي المخترق) ,4,0.0,5.0,cybercrimes,short_answer,7,arabic,,يتحكم الهاكر في الجهاز المخترق عبر باب خلفي يمكنه من : سرقة المعلومات كسرقة البريد الالكتروني، أو سرقة الهوية، تحميل ملفات من وإلى هذا الجهاز دون علم صاحبه، تركيب برمجيات تجسس على الجهاز.,"{""question_type"": ""ما النتائج المترتبة على""}"
arasag,47,ماهي النتائج المترتبة عن  إصابة  النظام المعلوماتي بحصان طروادة ؟  ,يقوم بربطه بالمخترق عن طريق باب خلفي مما يسمح له: بالاطلاع على المعلومات و نقل المعلومات من و الى الجهاز دون علم المستخدم تركيب أجهزة خاصة تقوم بتسجيل النقرات على لوحة المفاتيح .,5,0.0,5.0,cybercrimes,short_answer,7,arabic,,يتحكم الهاكر في الجهاز المخترق عبر باب خلفي يمكنه من : سرقة المعلومات كسرقة البريد الالكتروني، أو سرقة الهوية، تحميل ملفات من وإلى هذا الجهاز دون علم صاحبه، تركيب برمجيات تجسس على الجهاز.,"{""question_type"": ""ما النتائج المترتبة على""}"
arasag,47,ماهي النتائج المترتبة عن  إصابة  النظام المعلوماتي بحصان طروادة ؟  ,يدعوا المخترقين للاتصال بالجهاز عبر باب خلفي عبر الانترنت حيث يستطيع المخترقون بالتحكم في الجهاز و سرقة المعلومات منه و تحميل ملفات من و الى الجهاز دون علم صاحبه .,5,0.0,5.0,cybercrimes,short_answer,7,arabic,,يتحكم الهاكر في الجهاز المخترق عبر باب خلفي يمكنه من : سرقة المعلومات كسرقة البريد الالكتروني، أو سرقة الهوية، تحميل ملفات من وإلى هذا الجهاز دون علم صاحبه، تركيب برمجيات تجسس على الجهاز.,"{""question_type"": ""ما النتائج المترتبة على""}"
arasag,47,ماهي النتائج المترتبة عن  إصابة  النظام المعلوماتي بحصان طروادة ؟  ,مراقبة برامج النظام، تخريب برامج النظام.,2,0.0,5.0,cybercrimes,short_answer,7,arabic,,يتحكم الهاكر في الجهاز المخترق عبر باب خلفي يمكنه من : سرقة المعلومات كسرقة البريد الالكتروني، أو سرقة الهوية، تحميل ملفات من وإلى هذا الجهاز دون علم صاحبه، تركيب برمجيات تجسس على الجهاز.,"{""question_type"": ""ما النتائج المترتبة على""}"
arasag,47,ماهي النتائج المترتبة عن  إصابة  النظام المعلوماتي بحصان طروادة ؟  ,تحكم المخترق في الجهاز، نقل الملفات من و الى الجهاز دون علم صاحبه، سرقة المعلومات كسرقة البريد الإلكتروني أو سرقة الهوية، اتصال المخترق بالجهاز عبر باب خلفي ، سرقة المعلومات و الأرقام السرية عبر تثبيت برامج التجسس لأجهزة المستخدمين لتسجيل ضربات لوحة المفاتيح حيث تنقل المعلومات الى المخترق أوتوماتيكيا,5,0.0,5.0,cybercrimes,short_answer,7,arabic,,يتحكم الهاكر في الجهاز المخترق عبر باب خلفي يمكنه من : سرقة المعلومات كسرقة البريد الالكتروني، أو سرقة الهوية، تحميل ملفات من وإلى هذا الجهاز دون علم صاحبه، تركيب برمجيات تجسس على الجهاز.,"{""question_type"": ""ما النتائج المترتبة على""}"
arasag,47,ماهي النتائج المترتبة عن  إصابة  النظام المعلوماتي بحصان طروادة ؟  ,يقوم باٍبهام المستخدم بأهمية محتواه و هو عكس ذلك، عندها يصبح للمجرم اٍمكانية الدخول عبر الباب الخلفي و باٍمكانه التحكم في الجهاز و تحميل برامج من و اٍلى الجهاز دون علم المستخدم، و يمكنه أيضا التجسس و سرقة كلمة السر أو اٍتلاف المعلومات ,5,0.0,5.0,cybercrimes,short_answer,7,arabic,,يتحكم الهاكر في الجهاز المخترق عبر باب خلفي يمكنه من : سرقة المعلومات كسرقة البريد الالكتروني، أو سرقة الهوية، تحميل ملفات من وإلى هذا الجهاز دون علم صاحبه، تركيب برمجيات تجسس على الجهاز.,"{""question_type"": ""ما النتائج المترتبة على""}"
arasag,47,ماهي النتائج المترتبة عن  إصابة  النظام المعلوماتي بحصان طروادة ؟  ,التحكم في الجهاز، سرقة أو إتلاف معلومات، تحميل برامج على الجهاز دون علم المستخدم، تثبيت برامج حفظ نقرات لوحة المفاتيح التجسس (سرقة كلمات السر),5,0.0,5.0,cybercrimes,short_answer,7,arabic,,يتحكم الهاكر في الجهاز المخترق عبر باب خلفي يمكنه من : سرقة المعلومات كسرقة البريد الالكتروني، أو سرقة الهوية، تحميل ملفات من وإلى هذا الجهاز دون علم صاحبه، تركيب برمجيات تجسس على الجهاز.,"{""question_type"": ""ما النتائج المترتبة على""}"
arasag,47,ماهي النتائج المترتبة عن  إصابة  النظام المعلوماتي بحصان طروادة ؟  ,التجسس على المستخدم، تحميل معلومات من و إلى جهاز المستخدم، سرقة المعلومات، التحكم في جهاز المستخدم .,5,0.0,5.0,cybercrimes,short_answer,7,arabic,,يتحكم الهاكر في الجهاز المخترق عبر باب خلفي يمكنه من : سرقة المعلومات كسرقة البريد الالكتروني، أو سرقة الهوية، تحميل ملفات من وإلى هذا الجهاز دون علم صاحبه، تركيب برمجيات تجسس على الجهاز.,"{""question_type"": ""ما النتائج المترتبة على""}"
arasag,47,ماهي النتائج المترتبة عن  إصابة  النظام المعلوماتي بحصان طروادة ؟  ,فور الإصابة بهذا النوع من البرمجيات يتصل عن طريق باب خلفي عبر الأنترنت، التحكم في الجهاز، سرقة المعلومات منه كسرقة البريد الإلكتروني، تحميل ملفات من أي جهاز دون علم صاحبه، تركيب برمجيات تجسس كلوحة المفاتيح. ,5,0.0,5.0,cybercrimes,short_answer,7,arabic,,يتحكم الهاكر في الجهاز المخترق عبر باب خلفي يمكنه من : سرقة المعلومات كسرقة البريد الالكتروني، أو سرقة الهوية، تحميل ملفات من وإلى هذا الجهاز دون علم صاحبه، تركيب برمجيات تجسس على الجهاز.,"{""question_type"": ""ما النتائج المترتبة على""}"
arasag,47,ماهي النتائج المترتبة عن  إصابة  النظام المعلوماتي بحصان طروادة ؟  ,التحكم في الأجهزة، سرقة المعلومات، تحميل الملفات من و إلى الجهاز دون علم صاحبه، التجسس على المستخدم بواسطة برامج ضغط لوحة المفاتيح حيث يتم إرسال المعلومات للهاكر بشكل أوتوماتيكي و يتمكن من خلالها بسرقة كلمات السر و المعلومات الخاصة .,5,0.0,5.0,cybercrimes,short_answer,7,arabic,,يتحكم الهاكر في الجهاز المخترق عبر باب خلفي يمكنه من : سرقة المعلومات كسرقة البريد الالكتروني، أو سرقة الهوية، تحميل ملفات من وإلى هذا الجهاز دون علم صاحبه، تركيب برمجيات تجسس على الجهاز.,"{""question_type"": ""ما النتائج المترتبة على""}"
arasag,47,ماهي النتائج المترتبة عن  إصابة  النظام المعلوماتي بحصان طروادة ؟  ,نقص في المصداقية، تشكيك في النظام، ضياع المعلومات، يصبح الجزء الماكر هو المتسلط على النظام .,1,0.0,5.0,cybercrimes,short_answer,7,arabic,,يتحكم الهاكر في الجهاز المخترق عبر باب خلفي يمكنه من : سرقة المعلومات كسرقة البريد الالكتروني، أو سرقة الهوية، تحميل ملفات من وإلى هذا الجهاز دون علم صاحبه، تركيب برمجيات تجسس على الجهاز.,"{""question_type"": ""ما النتائج المترتبة على""}"
arasag,47,ماهي النتائج المترتبة عن  إصابة  النظام المعلوماتي بحصان طروادة ؟  ,نقل المعلومات من و الى الجهاز دون علم صاحبه ، سرقة وقرصنة المعلومات الشخصية، التحكم في الجهاز، تعطيل النظام ، التجسس و تركيب وسائل التجسس دون شعور مستخدم النظام ، مسح البيانات ، تزوير المعلومات .,5,0.0,5.0,cybercrimes,short_answer,7,arabic,,يتحكم الهاكر في الجهاز المخترق عبر باب خلفي يمكنه من : سرقة المعلومات كسرقة البريد الالكتروني، أو سرقة الهوية، تحميل ملفات من وإلى هذا الجهاز دون علم صاحبه، تركيب برمجيات تجسس على الجهاز.,"{""question_type"": ""ما النتائج المترتبة على""}"
arasag,47,ماهي النتائج المترتبة عن  إصابة  النظام المعلوماتي بحصان طروادة ؟  ,التحكم في المستخدم، تحويل المعلومات من و إلى الجهاز، سرقة كلمة المرور و المستخدم .,2,0.0,5.0,cybercrimes,short_answer,7,arabic,,يتحكم الهاكر في الجهاز المخترق عبر باب خلفي يمكنه من : سرقة المعلومات كسرقة البريد الالكتروني، أو سرقة الهوية، تحميل ملفات من وإلى هذا الجهاز دون علم صاحبه، تركيب برمجيات تجسس على الجهاز.,"{""question_type"": ""ما النتائج المترتبة على""}"
arasag,47,ماهي النتائج المترتبة عن  إصابة  النظام المعلوماتي بحصان طروادة ؟  ,الحصول على باب خلفي يمكن المخترق من الولوج إلى النظام ، التحكم بالكمبيوتر كمسؤول، التمكن من تثبيت برامج خبيثة أخرى الحصول على كافة المعلومات من ملفات إلى كلمات المرور ، إمكانية التعطيل الكلي للنظام .,5,0.0,5.0,cybercrimes,short_answer,7,arabic,,يتحكم الهاكر في الجهاز المخترق عبر باب خلفي يمكنه من : سرقة المعلومات كسرقة البريد الالكتروني، أو سرقة الهوية، تحميل ملفات من وإلى هذا الجهاز دون علم صاحبه، تركيب برمجيات تجسس على الجهاز.,"{""question_type"": ""ما النتائج المترتبة على""}"
arasag,47,ماهي النتائج المترتبة عن  إصابة  النظام المعلوماتي بحصان طروادة ؟  ,تجسس، تحميل ملفات من و إلى الحاسوب (نظام معلوماتي) ، تخريب ملفات و تسبب في شلل الحاسوب، أخذ كلمات المرور و معلومات هامة .,4,0.0,5.0,cybercrimes,short_answer,7,arabic,,يتحكم الهاكر في الجهاز المخترق عبر باب خلفي يمكنه من : سرقة المعلومات كسرقة البريد الالكتروني، أو سرقة الهوية، تحميل ملفات من وإلى هذا الجهاز دون علم صاحبه، تركيب برمجيات تجسس على الجهاز.,"{""question_type"": ""ما النتائج المترتبة على""}"
arasag,47,ماهي النتائج المترتبة عن  إصابة  النظام المعلوماتي بحصان طروادة ؟  ,سرقة المعلومات للمستخدمين له ككلمة المرور و غير ذلك و قراءة ما تكتبه على لوحة المفاتيح .,2,0.0,5.0,cybercrimes,short_answer,7,arabic,,يتحكم الهاكر في الجهاز المخترق عبر باب خلفي يمكنه من : سرقة المعلومات كسرقة البريد الالكتروني، أو سرقة الهوية، تحميل ملفات من وإلى هذا الجهاز دون علم صاحبه، تركيب برمجيات تجسس على الجهاز.,"{""question_type"": ""ما النتائج المترتبة على""}"
arasag,47,ماهي النتائج المترتبة عن  إصابة  النظام المعلوماتي بحصان طروادة ؟  ,سرقة ملفات و كلمات السر و معلومات شخصية ، سرقة الهوية، تحطيم النظام المعلوماتي .,3,0.0,5.0,cybercrimes,short_answer,7,arabic,,يتحكم الهاكر في الجهاز المخترق عبر باب خلفي يمكنه من : سرقة المعلومات كسرقة البريد الالكتروني، أو سرقة الهوية، تحميل ملفات من وإلى هذا الجهاز دون علم صاحبه، تركيب برمجيات تجسس على الجهاز.,"{""question_type"": ""ما النتائج المترتبة على""}"
arasag,47,ماهي النتائج المترتبة عن  إصابة  النظام المعلوماتي بحصان طروادة ؟  ,يتم إشعار المخترقون بهذا ، فيقومون بإستخدام الباب الخلفي و ذلك من أجل التحكم في الجهاز و التجسس، سرقة البيانات ، تثبيت أجهزة و برامج .,4,0.0,5.0,cybercrimes,short_answer,7,arabic,,يتحكم الهاكر في الجهاز المخترق عبر باب خلفي يمكنه من : سرقة المعلومات كسرقة البريد الالكتروني، أو سرقة الهوية، تحميل ملفات من وإلى هذا الجهاز دون علم صاحبه، تركيب برمجيات تجسس على الجهاز.,"{""question_type"": ""ما النتائج المترتبة على""}"
arasag,47,ماهي النتائج المترتبة عن  إصابة  النظام المعلوماتي بحصان طروادة ؟  ,تحميل و إضافة و تغيير و حذف البيانات من النظام دون علم صاحب الجهاز، التحكم في النظام، التجسس على المعلومات الخاصة و ذلك بسرقة كلمات السر بواسطة برامج تجسس لوحة المفاتيح .,4,0.0,5.0,cybercrimes,short_answer,7,arabic,,يتحكم الهاكر في الجهاز المخترق عبر باب خلفي يمكنه من : سرقة المعلومات كسرقة البريد الالكتروني، أو سرقة الهوية، تحميل ملفات من وإلى هذا الجهاز دون علم صاحبه، تركيب برمجيات تجسس على الجهاز.,"{""question_type"": ""ما النتائج المترتبة على""}"
arasag,47,ماهي النتائج المترتبة عن  إصابة  النظام المعلوماتي بحصان طروادة ؟  ,يستطيع المخترقون الإتصال بالجهاز عبر باب خلفي و منه: التحكم في الجهاز، سرقة المعلومات، تحميل الملفات، تركيب برمجيات التجسس .,5,0.0,5.0,cybercrimes,short_answer,7,arabic,,يتحكم الهاكر في الجهاز المخترق عبر باب خلفي يمكنه من : سرقة المعلومات كسرقة البريد الالكتروني، أو سرقة الهوية، تحميل ملفات من وإلى هذا الجهاز دون علم صاحبه، تركيب برمجيات تجسس على الجهاز.,"{""question_type"": ""ما النتائج المترتبة على""}"
arasag,47,ماهي النتائج المترتبة عن  إصابة  النظام المعلوماتي بحصان طروادة ؟  ,توجيه المستخدم عبر باب خلفي الذي يجعل المعلومات الشخصية للمستخدم في متناول المخترق .,2,0.0,5.0,cybercrimes,short_answer,7,arabic,,يتحكم الهاكر في الجهاز المخترق عبر باب خلفي يمكنه من : سرقة المعلومات كسرقة البريد الالكتروني، أو سرقة الهوية، تحميل ملفات من وإلى هذا الجهاز دون علم صاحبه، تركيب برمجيات تجسس على الجهاز.,"{""question_type"": ""ما النتائج المترتبة على""}"
arasag,47,ماهي النتائج المترتبة عن  إصابة  النظام المعلوماتي بحصان طروادة ؟  ,تثبيت برنامج يفتح  باب خلفي و يمكن من خلاله الإستعمال الكلي للنظام و التجسس و سرقة البيانات .,3,0.0,5.0,cybercrimes,short_answer,7,arabic,,يتحكم الهاكر في الجهاز المخترق عبر باب خلفي يمكنه من : سرقة المعلومات كسرقة البريد الالكتروني، أو سرقة الهوية، تحميل ملفات من وإلى هذا الجهاز دون علم صاحبه، تركيب برمجيات تجسس على الجهاز.,"{""question_type"": ""ما النتائج المترتبة على""}"
arasag,47,ماهي النتائج المترتبة عن  إصابة  النظام المعلوماتي بحصان طروادة ؟  ,يمكن فتح باب خلفي في النظام حيث يمكن المخترق من أخذ ملفات أو معلومات و حتى تسجيل ضربات المفاتيح .,4,0.0,5.0,cybercrimes,short_answer,7,arabic,,يتحكم الهاكر في الجهاز المخترق عبر باب خلفي يمكنه من : سرقة المعلومات كسرقة البريد الالكتروني، أو سرقة الهوية، تحميل ملفات من وإلى هذا الجهاز دون علم صاحبه، تركيب برمجيات تجسس على الجهاز.,"{""question_type"": ""ما النتائج المترتبة على""}"
arasag,47,ماهي النتائج المترتبة عن  إصابة  النظام المعلوماتي بحصان طروادة ؟  ,يصبح المخترقون على إتصال بباب خلفي ، مما يجعل المخترق يتحكم في الجهاز .,2,0.0,5.0,cybercrimes,short_answer,7,arabic,,يتحكم الهاكر في الجهاز المخترق عبر باب خلفي يمكنه من : سرقة المعلومات كسرقة البريد الالكتروني، أو سرقة الهوية، تحميل ملفات من وإلى هذا الجهاز دون علم صاحبه، تركيب برمجيات تجسس على الجهاز.,"{""question_type"": ""ما النتائج المترتبة على""}"
arasag,47,ماهي النتائج المترتبة عن  إصابة  النظام المعلوماتي بحصان طروادة ؟  ,يتم عن ذلك سرقة المعلومات المتخصصة بالإنسان الذي يضمه ، و البيانات و الإجراءات و ذلك من أجل القرصنة أو تخريب المعلومات .,2,0.0,5.0,cybercrimes,short_answer,7,arabic,,يتحكم الهاكر في الجهاز المخترق عبر باب خلفي يمكنه من : سرقة المعلومات كسرقة البريد الالكتروني، أو سرقة الهوية، تحميل ملفات من وإلى هذا الجهاز دون علم صاحبه، تركيب برمجيات تجسس على الجهاز.,"{""question_type"": ""ما النتائج المترتبة على""}"
arasag,47,ماهي النتائج المترتبة عن  إصابة  النظام المعلوماتي بحصان طروادة ؟  ,يتم فتح باب خلفي ، يستغله المجرم أو الهاكر و يتصل من خلاله بجهاز الضحية و يتحكم فيه ، حذف أو تعديل بيانات ، تحميل من و إلى جهاز الضحية ، حصول على بيانات و نشرها .,5,0.0,5.0,cybercrimes,short_answer,7,arabic,,يتحكم الهاكر في الجهاز المخترق عبر باب خلفي يمكنه من : سرقة المعلومات كسرقة البريد الالكتروني، أو سرقة الهوية، تحميل ملفات من وإلى هذا الجهاز دون علم صاحبه، تركيب برمجيات تجسس على الجهاز.,"{""question_type"": ""ما النتائج المترتبة على""}"
arasag,47,ماهي النتائج المترتبة عن  إصابة  النظام المعلوماتي بحصان طروادة ؟  ,سرقة المعلومات ، تحميل المعلومات من و إلى الجهاز ، حذف المعلومات، تغيير المعلومات .,3,0.0,5.0,cybercrimes,short_answer,7,arabic,,يتحكم الهاكر في الجهاز المخترق عبر باب خلفي يمكنه من : سرقة المعلومات كسرقة البريد الالكتروني، أو سرقة الهوية، تحميل ملفات من وإلى هذا الجهاز دون علم صاحبه، تركيب برمجيات تجسس على الجهاز.,"{""question_type"": ""ما النتائج المترتبة على""}"
arasag,47,ماهي النتائج المترتبة عن  إصابة  النظام المعلوماتي بحصان طروادة ؟  ,تحكم المجرم بالحاسوب، سرقة المعلومات و تغييرها أو حتى إتلافها ، التحميل من و إلى الجهاز، تثبيت برامج لرصد ضربات لوحة المفاتيح لمعرفة كلمات المرور و الموز السرية .,5,0.0,5.0,cybercrimes,short_answer,7,arabic,,يتحكم الهاكر في الجهاز المخترق عبر باب خلفي يمكنه من : سرقة المعلومات كسرقة البريد الالكتروني، أو سرقة الهوية، تحميل ملفات من وإلى هذا الجهاز دون علم صاحبه، تركيب برمجيات تجسس على الجهاز.,"{""question_type"": ""ما النتائج المترتبة على""}"
arasag,47,ماهي النتائج المترتبة عن  إصابة  النظام المعلوماتي بحصان طروادة ؟  ,ان يصبح المخترق للتحكم في النظام المعلوماتي و بالتالي يمكنه سرقة معلومات او تخريب النظام .,3,0.0,5.0,cybercrimes,short_answer,7,arabic,,يتحكم الهاكر في الجهاز المخترق عبر باب خلفي يمكنه من : سرقة المعلومات كسرقة البريد الالكتروني، أو سرقة الهوية، تحميل ملفات من وإلى هذا الجهاز دون علم صاحبه، تركيب برمجيات تجسس على الجهاز.,"{""question_type"": ""ما النتائج المترتبة على""}"
arasag,47,ماهي النتائج المترتبة عن  إصابة  النظام المعلوماتي بحصان طروادة ؟  ,بعد اصابة النظام المعلوماتي بحصان طروادة يسمح للمخترق بأخذ المعلومات و الملفات من النظام الى آخر و يمكن أيضا تخريب النظام بأكمله أو جزء منه. ,3,0.0,5.0,cybercrimes,short_answer,7,arabic,,يتحكم الهاكر في الجهاز المخترق عبر باب خلفي يمكنه من : سرقة المعلومات كسرقة البريد الالكتروني، أو سرقة الهوية، تحميل ملفات من وإلى هذا الجهاز دون علم صاحبه، تركيب برمجيات تجسس على الجهاز.,"{""question_type"": ""ما النتائج المترتبة على""}"
arasag,47,ماهي النتائج المترتبة عن  إصابة  النظام المعلوماتي بحصان طروادة ؟  ,تحكم في الجهاز، تحميل الملفات من إلى جهاز المستخدم دون علمه، إنشاء برمجيات تسجيل نقرات لوحة المفاتيح، سرقة كلمة المرور و البريد الالكتروني. ,4,0.0,5.0,cybercrimes,short_answer,7,arabic,,يتحكم الهاكر في الجهاز المخترق عبر باب خلفي يمكنه من : سرقة المعلومات كسرقة البريد الالكتروني، أو سرقة الهوية، تحميل ملفات من وإلى هذا الجهاز دون علم صاحبه، تركيب برمجيات تجسس على الجهاز.,"{""question_type"": ""ما النتائج المترتبة على""}"
arasag,47,ماهي النتائج المترتبة عن  إصابة  النظام المعلوماتي بحصان طروادة ؟  ,إتلاف كلي النظام وحتى الحواسيب.,0,0.0,5.0,cybercrimes,short_answer,7,arabic,,يتحكم الهاكر في الجهاز المخترق عبر باب خلفي يمكنه من : سرقة المعلومات كسرقة البريد الالكتروني، أو سرقة الهوية، تحميل ملفات من وإلى هذا الجهاز دون علم صاحبه، تركيب برمجيات تجسس على الجهاز.,"{""question_type"": ""ما النتائج المترتبة على""}"
arasag,47,ماهي النتائج المترتبة عن  إصابة  النظام المعلوماتي بحصان طروادة ؟  ,يصبح من الممكن للمجرمين أي المخترقين الاتصال بهذا الجهاز عن طريق باب خلفي عبر الإنترنت . مما يمنح المجرم تحكم كامل بالجهاز .,3,0.0,5.0,cybercrimes,short_answer,7,arabic,,يتحكم الهاكر في الجهاز المخترق عبر باب خلفي يمكنه من : سرقة المعلومات كسرقة البريد الالكتروني، أو سرقة الهوية، تحميل ملفات من وإلى هذا الجهاز دون علم صاحبه، تركيب برمجيات تجسس على الجهاز.,"{""question_type"": ""ما النتائج المترتبة على""}"
arasag,47,ماهي النتائج المترتبة عن  إصابة  النظام المعلوماتي بحصان طروادة ؟  ,تشغيل البرنامج الذي هو فيه الى تنزيل وتثبيت البرامج الغير مرغوب فيها الموجودة داخله في الجهاز المستعمل ، بهذا يمكن التحكم بالجهاز عن بعد و تعطيله و إنزال برامج اخرى منه و اليه .,3,0.0,5.0,cybercrimes,short_answer,7,arabic,,يتحكم الهاكر في الجهاز المخترق عبر باب خلفي يمكنه من : سرقة المعلومات كسرقة البريد الالكتروني، أو سرقة الهوية، تحميل ملفات من وإلى هذا الجهاز دون علم صاحبه، تركيب برمجيات تجسس على الجهاز.,"{""question_type"": ""ما النتائج المترتبة على""}"
arasag,47,ماهي النتائج المترتبة عن  إصابة  النظام المعلوماتي بحصان طروادة ؟  ,قدرة المخترق على التحكم في الجهاز فور تشغيل البرنامج ، الحصول على المعلومات الخاصة بالحاسب الالي ، وضع الملفات داخل الحاسب دون علم المستخدم .,4,0.0,5.0,cybercrimes,short_answer,7,arabic,,يتحكم الهاكر في الجهاز المخترق عبر باب خلفي يمكنه من : سرقة المعلومات كسرقة البريد الالكتروني، أو سرقة الهوية، تحميل ملفات من وإلى هذا الجهاز دون علم صاحبه، تركيب برمجيات تجسس على الجهاز.,"{""question_type"": ""ما النتائج المترتبة على""}"
arasag,47,ماهي النتائج المترتبة عن  إصابة  النظام المعلوماتي بحصان طروادة ؟  ,يمكن المخترق بالتحكم بجهاز الضحية كاملا بالاتصال من باب خلفي على الانترنت بجهاز الضحية مما يؤدي إلى تمكنه من تحميل ملفات الضحية ،استلام بياناته منها أرقام سرية ،بيانات بنكية ,5,0.0,5.0,cybercrimes,short_answer,7,arabic,,يتحكم الهاكر في الجهاز المخترق عبر باب خلفي يمكنه من : سرقة المعلومات كسرقة البريد الالكتروني، أو سرقة الهوية، تحميل ملفات من وإلى هذا الجهاز دون علم صاحبه، تركيب برمجيات تجسس على الجهاز.,"{""question_type"": ""ما النتائج المترتبة على""}"
arasag,47,ماهي النتائج المترتبة عن  إصابة  النظام المعلوماتي بحصان طروادة ؟  ,يسمح للمخترق من الدخول إلى النظام عبر الباب الخلفي فيقوم بسرقة المعلومات أو إتلافها أو إتلاف النظام بالكامل، حذف و ادخال الملفات من و الى الجهاز، زرع برامج تجسس على المكالمات أو التجسس على لوحة المفاتيح. ,5,0.0,5.0,cybercrimes,short_answer,7,arabic,,يتحكم الهاكر في الجهاز المخترق عبر باب خلفي يمكنه من : سرقة المعلومات كسرقة البريد الالكتروني، أو سرقة الهوية، تحميل ملفات من وإلى هذا الجهاز دون علم صاحبه، تركيب برمجيات تجسس على الجهاز.,"{""question_type"": ""ما النتائج المترتبة على""}"
arasag,47,ماهي النتائج المترتبة عن  إصابة  النظام المعلوماتي بحصان طروادة ؟  ,يتم المتصل المخترق بالجهاز عن طريق باب خلفي على الانترنت و عندها يمكنه ااتحكم في الجهاز، بتحميل ملفات من و إلى الحاسوب دون علم صاحبه، تركيب برمجيات كبرمجة تسجيل نقرات لوحة المفاتيح من أجل سرقة الأرقام السرية. ,5,0.0,5.0,cybercrimes,short_answer,7,arabic,,يتحكم الهاكر في الجهاز المخترق عبر باب خلفي يمكنه من : سرقة المعلومات كسرقة البريد الالكتروني، أو سرقة الهوية، تحميل ملفات من وإلى هذا الجهاز دون علم صاحبه، تركيب برمجيات تجسس على الجهاز.,"{""question_type"": ""ما النتائج المترتبة على""}"
arasag,47,ماهي النتائج المترتبة عن  إصابة  النظام المعلوماتي بحصان طروادة ؟  ,يقوم المجرم بإتصال عن طريق باب خلفي بجهاز الضحية فينتج عنه: سرقة المعلومات الموجودة في الجهاز و تحويلها الى المجرم ، تركيب برامج للتجسس على جهاز الضحية كبرنامج تسجيل ضغط لوحة المفاتيح،ينتج عنه سرقة كلمات المرور و سرقة الهوية.,5,0.0,5.0,cybercrimes,short_answer,7,arabic,,يتحكم الهاكر في الجهاز المخترق عبر باب خلفي يمكنه من : سرقة المعلومات كسرقة البريد الالكتروني، أو سرقة الهوية، تحميل ملفات من وإلى هذا الجهاز دون علم صاحبه، تركيب برمجيات تجسس على الجهاز.,"{""question_type"": ""ما النتائج المترتبة على""}"
arasag,47,ماهي النتائج المترتبة عن  إصابة  النظام المعلوماتي بحصان طروادة ؟  ,يتمكن المخترق من الدخول الى الحاسوب بالباب الخلفي و منه يتمكن في التحكم في الجهاز ، تحميل برامج التجسس دون علم المستعمل، نقل المعلومات ، اخذ كلمات السر عبر نقرات لوحة المفاتيح.,5,0.0,5.0,cybercrimes,short_answer,7,arabic,,يتحكم الهاكر في الجهاز المخترق عبر باب خلفي يمكنه من : سرقة المعلومات كسرقة البريد الالكتروني، أو سرقة الهوية، تحميل ملفات من وإلى هذا الجهاز دون علم صاحبه، تركيب برمجيات تجسس على الجهاز.,"{""question_type"": ""ما النتائج المترتبة على""}"
arasag,47,ماهي النتائج المترتبة عن  إصابة  النظام المعلوماتي بحصان طروادة ؟  ,التحكم في الجهاز و تحويل البيانات منه و اليه دون علم صاحبه، تثبيت برامج خاصة بتسجيل نقرات لوحة المفاتيح  وتبعث او اوتوماتيكيا الى المخرب اما يسمح له بالحصول على المعلومات الشخصية و كلمات المرور,5,0.0,5.0,cybercrimes,short_answer,7,arabic,,يتحكم الهاكر في الجهاز المخترق عبر باب خلفي يمكنه من : سرقة المعلومات كسرقة البريد الالكتروني، أو سرقة الهوية، تحميل ملفات من وإلى هذا الجهاز دون علم صاحبه، تركيب برمجيات تجسس على الجهاز.,"{""question_type"": ""ما النتائج المترتبة على""}"
arasag,47,ماهي النتائج المترتبة عن  إصابة  النظام المعلوماتي بحصان طروادة ؟  ,في البداية يكون البرنامج عاديا إلا أن حصان طروادة يقوم بإتلاف و حذف البيانات و ذاكرة النظام الذي أصابه. ,1,0.0,5.0,cybercrimes,short_answer,7,arabic,,يتحكم الهاكر في الجهاز المخترق عبر باب خلفي يمكنه من : سرقة المعلومات كسرقة البريد الالكتروني، أو سرقة الهوية، تحميل ملفات من وإلى هذا الجهاز دون علم صاحبه، تركيب برمجيات تجسس على الجهاز.,"{""question_type"": ""ما النتائج المترتبة على""}"
arasag,47,ماهي النتائج المترتبة عن  إصابة  النظام المعلوماتي بحصان طروادة ؟  ,التحكم في الجهاز وتدبيره، نقل البيانات من و إلى الجهاز، تحميل و حذف و تغيير بيانات الجهاز. ,4,0.0,5.0,cybercrimes,short_answer,7,arabic,,يتحكم الهاكر في الجهاز المخترق عبر باب خلفي يمكنه من : سرقة المعلومات كسرقة البريد الالكتروني، أو سرقة الهوية، تحميل ملفات من وإلى هذا الجهاز دون علم صاحبه، تركيب برمجيات تجسس على الجهاز.,"{""question_type"": ""ما النتائج المترتبة على""}"
arasag,47,ماهي النتائج المترتبة عن  إصابة  النظام المعلوماتي بحصان طروادة ؟  ,يمكن للمخترق التحكم في الجهاز، وضع برامج التجسس مثل برنامج ضغط لوحة المفاتيح، تحميل ملفات من و إلى الجهاز، إنتهاك الشخصية. ,5,0.0,5.0,cybercrimes,short_answer,7,arabic,,يتحكم الهاكر في الجهاز المخترق عبر باب خلفي يمكنه من : سرقة المعلومات كسرقة البريد الالكتروني، أو سرقة الهوية، تحميل ملفات من وإلى هذا الجهاز دون علم صاحبه، تركيب برمجيات تجسس على الجهاز.,"{""question_type"": ""ما النتائج المترتبة على""}"
arasag,47,ماهي النتائج المترتبة عن  إصابة  النظام المعلوماتي بحصان طروادة ؟  ,السماح للمجرم أو المقرصن بالولوج إلى الجهاز و الأنظمة و البرامج و استغلالها لهذه المعلومات (سرقة، تزوير، تغيير دون علم صاحبه و يمكنه حتى تعطيلها أو تخريبها. ,4,0.0,5.0,cybercrimes,short_answer,7,arabic,,يتحكم الهاكر في الجهاز المخترق عبر باب خلفي يمكنه من : سرقة المعلومات كسرقة البريد الالكتروني، أو سرقة الهوية، تحميل ملفات من وإلى هذا الجهاز دون علم صاحبه، تركيب برمجيات تجسس على الجهاز.,"{""question_type"": ""ما النتائج المترتبة على""}"
arasag,47,ماهي النتائج المترتبة عن  إصابة  النظام المعلوماتي بحصان طروادة ؟  ,يترتب عنه فتح باب خلفي مما يسمح للمخترق بالولوج و التحكم بالحاسب فيحصل أو يعدل على المعلومات و البيانات. ,4,0.0,5.0,cybercrimes,short_answer,7,arabic,,يتحكم الهاكر في الجهاز المخترق عبر باب خلفي يمكنه من : سرقة المعلومات كسرقة البريد الالكتروني، أو سرقة الهوية، تحميل ملفات من وإلى هذا الجهاز دون علم صاحبه، تركيب برمجيات تجسس على الجهاز.,"{""question_type"": ""ما النتائج المترتبة على""}"
arasag,47,ماهي النتائج المترتبة عن  إصابة  النظام المعلوماتي بحصان طروادة ؟  ,يمكن للمخترق الوصول للجهاز عبر باب خلفي و التحكم بالجهاز، سرقة الهوية و البريد الالكتروني، سرقة المعلومات، تحميل ملفات بدون علم صاحبه، تثبيت برامج و أجهزة لتسجيل نقرات لوحة مفاتيح و املائها أوتوماتيكيا للمخترق مما يمكنه من سرقة معلومات خاصة بكلمات السر. ,5,0.0,5.0,cybercrimes,short_answer,7,arabic,,يتحكم الهاكر في الجهاز المخترق عبر باب خلفي يمكنه من : سرقة المعلومات كسرقة البريد الالكتروني، أو سرقة الهوية، تحميل ملفات من وإلى هذا الجهاز دون علم صاحبه، تركيب برمجيات تجسس على الجهاز.,"{""question_type"": ""ما النتائج المترتبة على""}"
arasag,40,ما هي النتائج المترتبة على استعمال تقنيات القياس الحيوي في الدخول إلى النظام المعلوماتي؟,عدم حمل الوثائق الشخصية، المساعدة في تذكر كلمات المرور.,2,0.0,5.0,cybercrimes,short_answer,7,arabic,,الأمن والخصوصية، البديل لحمل الوثائق الثبوتية ، البديل لحفظ وتذكر الأرقام السرية، تأمين سرية العمليات المالية.,"{""question_type"": ""ما النتائج المترتبة على""}"
arasag,40,ما هي النتائج المترتبة على استعمال تقنيات القياس الحيوي في الدخول إلى النظام المعلوماتي؟,عدم اللجوء الى حفظ كلمات السر وتجنب نسيانها ، تحصين أمن المعلومات، التقليل من نسبة الاختراق.,4,0.0,5.0,cybercrimes,short_answer,7,arabic,,الأمن والخصوصية، البديل لحمل الوثائق الثبوتية ، البديل لحفظ وتذكر الأرقام السرية، تأمين سرية العمليات المالية.,"{""question_type"": ""ما النتائج المترتبة على""}"
arasag,40,ما هي النتائج المترتبة على استعمال تقنيات القياس الحيوي في الدخول إلى النظام المعلوماتي؟,الأمن والخصوصية، البديل عم حمل الوثائق الثبوتية ، البديل عن حفظ وتذكر الكلفة السرية أو كلمة المرور، أمن العمليات المالية.,5,0.0,5.0,cybercrimes,short_answer,7,arabic,,الأمن والخصوصية، البديل لحمل الوثائق الثبوتية ، البديل لحفظ وتذكر الأرقام السرية، تأمين سرية العمليات المالية.,"{""question_type"": ""ما النتائج المترتبة على""}"
arasag,40,ما هي النتائج المترتبة على استعمال تقنيات القياس الحيوي في الدخول إلى النظام المعلوماتي؟,تحسين الأمن الخاص بالنظام، تقليل نسبة الاختراق، تأكيد هوية المستخدم.,3,0.0,5.0,cybercrimes,short_answer,7,arabic,,الأمن والخصوصية، البديل لحمل الوثائق الثبوتية ، البديل لحفظ وتذكر الأرقام السرية، تأمين سرية العمليات المالية.,"{""question_type"": ""ما النتائج المترتبة على""}"
arasag,40,ما هي النتائج المترتبة على استعمال تقنيات القياس الحيوي في الدخول إلى النظام المعلوماتي؟,الأمن والخصوصية، البديل عم حمل الوثائق الهوية، البديل على حفظ كلمة السر، الضمان في التجارة الالكترونية.,4,0.0,5.0,cybercrimes,short_answer,7,arabic,,الأمن والخصوصية، البديل لحمل الوثائق الثبوتية ، البديل لحفظ وتذكر الأرقام السرية، تأمين سرية العمليات المالية.,"{""question_type"": ""ما النتائج المترتبة على""}"
arasag,40,ما هي النتائج المترتبة على استعمال تقنيات القياس الحيوي في الدخول إلى النظام المعلوماتي؟,الأمن والخصوصية: منع دخول غير المصرح لبيانات المستخدم، بديل لحمل وثائق اثبات الهوية: رخصة القيادة …، بديل لحفظ كلمات السر ، السرية في العمليات المالية: الصراف الآلي مثلا.,5,0.0,5.0,cybercrimes,short_answer,7,arabic,,الأمن والخصوصية، البديل لحمل الوثائق الثبوتية ، البديل لحفظ وتذكر الأرقام السرية، تأمين سرية العمليات المالية.,"{""question_type"": ""ما النتائج المترتبة على""}"
arasag,40,ما هي النتائج المترتبة على استعمال تقنيات القياس الحيوي في الدخول إلى النظام المعلوماتي؟,زيادة الأمن والسرية والخصوصية، بديل لحمل وثائق اثبات الهوية (بطاقة التعريف..)، بديل لحفظ وتذكر كلمات السر، تأمين سرية العمليات المالية.,5,0.0,5.0,cybercrimes,short_answer,7,arabic,,الأمن والخصوصية، البديل لحمل الوثائق الثبوتية ، البديل لحفظ وتذكر الأرقام السرية، تأمين سرية العمليات المالية.,"{""question_type"": ""ما النتائج المترتبة على""}"
arasag,40,ما هي النتائج المترتبة على استعمال تقنيات القياس الحيوي في الدخول إلى النظام المعلوماتي؟,تعفي عن عمل وثائق إثبات الهوية ، تعفي عن ذكر كلمات السر الطويلة.,3,0.0,5.0,cybercrimes,short_answer,7,arabic,,الأمن والخصوصية، البديل لحمل الوثائق الثبوتية ، البديل لحفظ وتذكر الأرقام السرية، تأمين سرية العمليات المالية.,"{""question_type"": ""ما النتائج المترتبة على""}"
arasag,40,ما هي النتائج المترتبة على استعمال تقنيات القياس الحيوي في الدخول إلى النظام المعلوماتي؟,تقوية النظام المعلوماتي حيث يصبح اكثر امنا كما يمكن من اجراء احصاءات سريعة,1,0.0,5.0,cybercrimes,short_answer,7,arabic,,الأمن والخصوصية، البديل لحمل الوثائق الثبوتية ، البديل لحفظ وتذكر الأرقام السرية، تأمين سرية العمليات المالية.,"{""question_type"": ""ما النتائج المترتبة على""}"
arasag,40,ما هي النتائج المترتبة على استعمال تقنيات القياس الحيوي في الدخول إلى النظام المعلوماتي؟,الحماية التقنية للمعلومات ، التاكد و معرفة الاشخاص الذين غيرو المعلومات ، سرية و امن المبادلات المالية.,2,0.0,5.0,cybercrimes,short_answer,7,arabic,,الأمن والخصوصية، البديل لحمل الوثائق الثبوتية ، البديل لحفظ وتذكر الأرقام السرية، تأمين سرية العمليات المالية.,"{""question_type"": ""ما النتائج المترتبة على""}"
arasag,40,ما هي النتائج المترتبة على استعمال تقنيات القياس الحيوي في الدخول إلى النظام المعلوماتي؟,تحديد هوية المستخدمين ، تحديد مسؤوليتهم ، تحديد صلاحية المستخدمين ، تثبيت هوية المستخدمين ،اعداد و صياغة امن المعلومات.,4,0.0,5.0,cybercrimes,short_answer,7,arabic,,الأمن والخصوصية، البديل لحمل الوثائق الثبوتية ، البديل لحفظ وتذكر الأرقام السرية، تأمين سرية العمليات المالية.,"{""question_type"": ""ما النتائج المترتبة على""}"
arasag,40,ما هي النتائج المترتبة على استعمال تقنيات القياس الحيوي في الدخول إلى النظام المعلوماتي؟,عدم انتحال الشخصية اي لا يستطيع دخول الاخرين ما عدا صاحب البطاقة، عدم القدرة على سرقة الهوية و الوصول الى البيانات الشخصية.,2,0.0,5.0,cybercrimes,short_answer,7,arabic,,الأمن والخصوصية، البديل لحمل الوثائق الثبوتية ، البديل لحفظ وتذكر الأرقام السرية، تأمين سرية العمليات المالية.,"{""question_type"": ""ما النتائج المترتبة على""}"
arasag,40,ما هي النتائج المترتبة على استعمال تقنيات القياس الحيوي في الدخول إلى النظام المعلوماتي؟,الخصوصية و الثبوتية، المسؤولية و تحديد الأدوار، تحديد كل ما هو مسموح و كل ما هو ممنوع، البديل لحمل الوثائق الثبوتية، الحماية و امن النظام المعلوماتي.,4,0.0,5.0,cybercrimes,short_answer,7,arabic,,الأمن والخصوصية، البديل لحمل الوثائق الثبوتية ، البديل لحفظ وتذكر الأرقام السرية، تأمين سرية العمليات المالية.,"{""question_type"": ""ما النتائج المترتبة على""}"
arasag,40,ما هي النتائج المترتبة على استعمال تقنيات القياس الحيوي في الدخول إلى النظام المعلوماتي؟,تعويض بطاقات الثبوتية ، تعويض كلمات المرور ، التأكد من أن الأشخاص المرخصون فقط من يستطيعون الدخول ، توفير الخصوصية.,4,0.0,5.0,cybercrimes,short_answer,7,arabic,,الأمن والخصوصية، البديل لحمل الوثائق الثبوتية ، البديل لحفظ وتذكر الأرقام السرية، تأمين سرية العمليات المالية.,"{""question_type"": ""ما النتائج المترتبة على""}"
arasag,40,ما هي النتائج المترتبة على استعمال تقنيات القياس الحيوي في الدخول إلى النظام المعلوماتي؟,ـ تحديد هوية المستخدم ـ التأكد من هويته ـ البديل لحمل وثائق الثبوتية ـ البديل لحفظ و تذكر أرقام المرور السرية ـ تأمين سرية المعاملات المالية ,5,0.0,5.0,cybercrimes,short_answer,7,arabic,,الأمن والخصوصية، البديل لحمل الوثائق الثبوتية ، البديل لحفظ وتذكر الأرقام السرية، تأمين سرية العمليات المالية.,"{""question_type"": ""ما النتائج المترتبة على""}"
arasag,40,ما هي النتائج المترتبة على استعمال تقنيات القياس الحيوي في الدخول إلى النظام المعلوماتي؟,ظهور تقنيات و برامج جديدة في القرصنة ، صعوبة القرصنة في بعض الأحيان.,0,0.0,5.0,cybercrimes,short_answer,7,arabic,,الأمن والخصوصية، البديل لحمل الوثائق الثبوتية ، البديل لحفظ وتذكر الأرقام السرية، تأمين سرية العمليات المالية.,"{""question_type"": ""ما النتائج المترتبة على""}"
arasag,40,ما هي النتائج المترتبة على استعمال تقنيات القياس الحيوي في الدخول إلى النظام المعلوماتي؟,الأمن و الخصوصية ، البديل لحمل وثائق الثبوتية ، البديل لحفظ الأرقام السرية ، الأمن في سير العمليات المالية.,5,0.0,5.0,cybercrimes,short_answer,7,arabic,,الأمن والخصوصية، البديل لحمل الوثائق الثبوتية ، البديل لحفظ وتذكر الأرقام السرية، تأمين سرية العمليات المالية.,"{""question_type"": ""ما النتائج المترتبة على""}"
arasag,40,ما هي النتائج المترتبة على استعمال تقنيات القياس الحيوي في الدخول إلى النظام المعلوماتي؟,البديل لحمل وثائق الثبوتية كبطاقة التعريف ، بديل لتذكر كلمات السر.,2,0.0,5.0,cybercrimes,short_answer,7,arabic,,الأمن والخصوصية، البديل لحمل الوثائق الثبوتية ، البديل لحفظ وتذكر الأرقام السرية، تأمين سرية العمليات المالية.,"{""question_type"": ""ما النتائج المترتبة على""}"
arasag,40,ما هي النتائج المترتبة على استعمال تقنيات القياس الحيوي في الدخول إلى النظام المعلوماتي؟,التقليل من اختراق النظام المعلوماتي ، النظام المعلوماتي يصبح امن.,1,0.0,5.0,cybercrimes,short_answer,7,arabic,,الأمن والخصوصية، البديل لحمل الوثائق الثبوتية ، البديل لحفظ وتذكر الأرقام السرية، تأمين سرية العمليات المالية.,"{""question_type"": ""ما النتائج المترتبة على""}"
arasag,40,ما هي النتائج المترتبة على استعمال تقنيات القياس الحيوي في الدخول إلى النظام المعلوماتي؟,ـالأمن و الخصوصية ، البديل لحمل وثائق الثبوتية ، البديل لحفظ و تذكر الأرقام السرية ، سرية العمليات المالية.,5,0.0,5.0,cybercrimes,short_answer,7,arabic,,الأمن والخصوصية، البديل لحمل الوثائق الثبوتية ، البديل لحفظ وتذكر الأرقام السرية، تأمين سرية العمليات المالية.,"{""question_type"": ""ما النتائج المترتبة على""}"
arasag,40,ما هي النتائج المترتبة على استعمال تقنيات القياس الحيوي في الدخول إلى النظام المعلوماتي؟,ـضمان سرية المعلومات ، الخصوصية ، ثبوت الهوية ، سرية العمليات المالية.,4,0.0,5.0,cybercrimes,short_answer,7,arabic,,الأمن والخصوصية، البديل لحمل الوثائق الثبوتية ، البديل لحفظ وتذكر الأرقام السرية، تأمين سرية العمليات المالية.,"{""question_type"": ""ما النتائج المترتبة على""}"
arasag,40,ما هي النتائج المترتبة على استعمال تقنيات القياس الحيوي في الدخول إلى النظام المعلوماتي؟,عدم حمل الوثائق الشخصية، الحد من الجريمة، الأمن والخصوصية، عدم حفظ كلمة السر,4,0.0,5.0,cybercrimes,short_answer,7,arabic,,الأمن والخصوصية، البديل لحمل الوثائق الثبوتية ، البديل لحفظ وتذكر الأرقام السرية، تأمين سرية العمليات المالية.,"{""question_type"": ""ما النتائج المترتبة على""}"
arasag,40,ما هي النتائج المترتبة على استعمال تقنيات القياس الحيوي في الدخول إلى النظام المعلوماتي؟,عدم اللجوء الى حفظ كلمات السر وتجنب نسيانها، زيادة امن تحديد الهوية، حماية المعلومات الشخصية,4,0.0,5.0,cybercrimes,short_answer,7,arabic,,الأمن والخصوصية، البديل لحمل الوثائق الثبوتية ، البديل لحفظ وتذكر الأرقام السرية، تأمين سرية العمليات المالية.,"{""question_type"": ""ما النتائج المترتبة على""}"
arasag,40,ما هي النتائج المترتبة على استعمال تقنيات القياس الحيوي في الدخول إلى النظام المعلوماتي؟,الأمن والخصوصية فتكون فرصة الاختراق ضعيفة باستخدام القياس الحيوي,2,0.0,5.0,cybercrimes,short_answer,7,arabic,,الأمن والخصوصية، البديل لحمل الوثائق الثبوتية ، البديل لحفظ وتذكر الأرقام السرية، تأمين سرية العمليات المالية.,"{""question_type"": ""ما النتائج المترتبة على""}"
arasag,40,ما هي النتائج المترتبة على استعمال تقنيات القياس الحيوي في الدخول إلى النظام المعلوماتي؟,الأمن والخصوصية، تسهيل العمليات المالية، البديل عن الوثائق الثبوتية، حماية كلمة السر و تذكرها,3,0.0,5.0,cybercrimes,short_answer,7,arabic,,الأمن والخصوصية، البديل لحمل الوثائق الثبوتية ، البديل لحفظ وتذكر الأرقام السرية، تأمين سرية العمليات المالية.,"{""question_type"": ""ما النتائج المترتبة على""}"
arasag,40,ما هي النتائج المترتبة على استعمال تقنيات القياس الحيوي في الدخول إلى النظام المعلوماتي؟,لا داعي لحفظ كلمات المرور، لضمان الخصوصية، التقليل من الاختراق، الدخول بدون وثائق إثبات الهوية,4,0.0,5.0,cybercrimes,short_answer,7,arabic,,الأمن والخصوصية، البديل لحمل الوثائق الثبوتية ، البديل لحفظ وتذكر الأرقام السرية، تأمين سرية العمليات المالية.,"{""question_type"": ""ما النتائج المترتبة على""}"
arasag,40,ما هي النتائج المترتبة على استعمال تقنيات القياس الحيوي في الدخول إلى النظام المعلوماتي؟,الامن، البديل عن حمل الوثائق الثبوتية، بديل لحفظ كلمات السر، يسهل سرعة العمليات المالية ,5,0.0,5.0,cybercrimes,short_answer,7,arabic,,الأمن والخصوصية، البديل لحمل الوثائق الثبوتية ، البديل لحفظ وتذكر الأرقام السرية، تأمين سرية العمليات المالية.,"{""question_type"": ""ما النتائج المترتبة على""}"
arasag,40,ما هي النتائج المترتبة على استعمال تقنيات القياس الحيوي في الدخول إلى النظام المعلوماتي؟,السماح فقط للأشخاص المسموح لهم بالدخول، المزيد من الامن، لا وجود لرقم سري ,3,0.0,5.0,cybercrimes,short_answer,7,arabic,,الأمن والخصوصية، البديل لحمل الوثائق الثبوتية ، البديل لحفظ وتذكر الأرقام السرية، تأمين سرية العمليات المالية.,"{""question_type"": ""ما النتائج المترتبة على""}"
arasag,40,ما هي النتائج المترتبة على استعمال تقنيات القياس الحيوي في الدخول إلى النظام المعلوماتي؟,إثبات وتحديد الهوية، تسجيل الدخول و الخروج و الوقت، البديل عن حمل الوثائق الثبوتية، بديل لحفظ كلمات السر، تعزيز قوة امن المعلومات,5,0.0,5.0,cybercrimes,short_answer,7,arabic,,الأمن والخصوصية، البديل لحمل الوثائق الثبوتية ، البديل لحفظ وتذكر الأرقام السرية، تأمين سرية العمليات المالية.,"{""question_type"": ""ما النتائج المترتبة على""}"
arasag,40,ما هي النتائج المترتبة على استعمال تقنيات القياس الحيوي في الدخول إلى النظام المعلوماتي؟,الأمن والخصوصية، تامين العمليات المالية، البديل عن حفظ الوثائق,3,0.0,5.0,cybercrimes,short_answer,7,arabic,,الأمن والخصوصية، البديل لحمل الوثائق الثبوتية ، البديل لحفظ وتذكر الأرقام السرية، تأمين سرية العمليات المالية.,"{""question_type"": ""ما النتائج المترتبة على""}"
arasag,40,ما هي النتائج المترتبة على استعمال تقنيات القياس الحيوي في الدخول إلى النظام المعلوماتي؟,الأمن والخصوصية، التخلص من وثائق الهوية، الاستغناء عن كلمة السر، ضمان امن الاموال,5,0.0,5.0,cybercrimes,short_answer,7,arabic,,الأمن والخصوصية، البديل لحمل الوثائق الثبوتية ، البديل لحفظ وتذكر الأرقام السرية، تأمين سرية العمليات المالية.,"{""question_type"": ""ما النتائج المترتبة على""}"
arasag,40,ما هي النتائج المترتبة على استعمال تقنيات القياس الحيوي في الدخول إلى النظام المعلوماتي؟,توفر امنا فعالا حيث يختلف القياس الحيوي عند الانسان ولا يمكن ان تجد نفس القياس عند شخصين مختلفين ,0,0.0,5.0,cybercrimes,short_answer,7,arabic,,الأمن والخصوصية، البديل لحمل الوثائق الثبوتية ، البديل لحفظ وتذكر الأرقام السرية، تأمين سرية العمليات المالية.,"{""question_type"": ""ما النتائج المترتبة على""}"
arasag,40,ما هي النتائج المترتبة على استعمال تقنيات القياس الحيوي في الدخول إلى النظام المعلوماتي؟,استعمال تقنيات  القياس الحيوي يعزز الامن لأجهزة النظام تكون عملية دخول غير المستخدمين و الاختراق نسبة مستحيلة ,2,0.0,5.0,cybercrimes,short_answer,7,arabic,,الأمن والخصوصية، البديل لحمل الوثائق الثبوتية ، البديل لحفظ وتذكر الأرقام السرية، تأمين سرية العمليات المالية.,"{""question_type"": ""ما النتائج المترتبة على""}"
arasag,40,ما هي النتائج المترتبة على استعمال تقنيات القياس الحيوي في الدخول إلى النظام المعلوماتي؟,الخصوصية :لأنه لا يمكن لأي مستخدم اخر الدخول الى النظام المعلوماتي، يعتبر بديل لحفظ كلمات المرور ,2,0.0,5.0,cybercrimes,short_answer,7,arabic,,الأمن والخصوصية، البديل لحمل الوثائق الثبوتية ، البديل لحفظ وتذكر الأرقام السرية، تأمين سرية العمليات المالية.,"{""question_type"": ""ما النتائج المترتبة على""}"
arasag,40,ما هي النتائج المترتبة على استعمال تقنيات القياس الحيوي في الدخول إلى النظام المعلوماتي؟,حماية المعلومات من  الهجومات الخارجية، السرية والسلامة المتعلقة بالنظام المعلوماتي اذ يمنع وصول المخترقين الى المعلومات، استعمالها كسبيل في تذكر الارقام و كلمات المرور وفي مكان وثائق الثبوتية، سرية المعاملات مع النظام ,5,0.0,5.0,cybercrimes,short_answer,7,arabic,,الأمن والخصوصية، البديل لحمل الوثائق الثبوتية ، البديل لحفظ وتذكر الأرقام السرية، تأمين سرية العمليات المالية.,"{""question_type"": ""ما النتائج المترتبة على""}"
arasag,40,ما هي النتائج المترتبة على استعمال تقنيات القياس الحيوي في الدخول إلى النظام المعلوماتي؟,التأكد من هوية المستخدم بنسبة كبيرة، الاشخاص المصرح بهم فقط يمكنهم الولوج، زيادة في درجة حماية النظام ,3,0.0,5.0,cybercrimes,short_answer,7,arabic,,الأمن والخصوصية، البديل لحمل الوثائق الثبوتية ، البديل لحفظ وتذكر الأرقام السرية، تأمين سرية العمليات المالية.,"{""question_type"": ""ما النتائج المترتبة على""}"
arasag,40,ما هي النتائج المترتبة على استعمال تقنيات القياس الحيوي في الدخول إلى النظام المعلوماتي؟,الحد من الاجرام الالكتروني أي لا يمكن لأي دخيل الولوج الى النظام، المعلوماتي أي ان صفاته الحيوية غير مسجلة ,1,0.0,5.0,cybercrimes,short_answer,7,arabic,,الأمن والخصوصية، البديل لحمل الوثائق الثبوتية ، البديل لحفظ وتذكر الأرقام السرية، تأمين سرية العمليات المالية.,"{""question_type"": ""ما النتائج المترتبة على""}"
arasag,40,ما هي النتائج المترتبة على استعمال تقنيات القياس الحيوي في الدخول إلى النظام المعلوماتي؟,بديل عن حمل وثائق اثبات  الهوية، زيادة الخصوصية، امكانية تتبع الاشخاص الذين يقومون بالجرائم الالكترونية ,2,0.0,5.0,cybercrimes,short_answer,7,arabic,,الأمن والخصوصية، البديل لحمل الوثائق الثبوتية ، البديل لحفظ وتذكر الأرقام السرية، تأمين سرية العمليات المالية.,"{""question_type"": ""ما النتائج المترتبة على""}"
arasag,40,ما هي النتائج المترتبة على استعمال تقنيات القياس الحيوي في الدخول إلى النظام المعلوماتي؟,مراقبة دخول و خروج العاملين، منع الاشخاص غير المرغوب بهم من الوصول الى النظام,1,0.0,5.0,cybercrimes,short_answer,7,arabic,,الأمن والخصوصية، البديل لحمل الوثائق الثبوتية ، البديل لحفظ وتذكر الأرقام السرية، تأمين سرية العمليات المالية.,"{""question_type"": ""ما النتائج المترتبة على""}"
arasag,40,ما هي النتائج المترتبة على استعمال تقنيات القياس الحيوي في الدخول إلى النظام المعلوماتي؟,تعزيز مستوى الامن تغني عن استعمال بطاقة الهوية، تغني عن استعمال كلمة المرور تحديد مواعيد الدخول و الخروج,4,0.0,5.0,cybercrimes,short_answer,7,arabic,,الأمن والخصوصية، البديل لحمل الوثائق الثبوتية ، البديل لحفظ وتذكر الأرقام السرية، تأمين سرية العمليات المالية.,"{""question_type"": ""ما النتائج المترتبة على""}"
arasag,40,ما هي النتائج المترتبة على استعمال تقنيات القياس الحيوي في الدخول إلى النظام المعلوماتي؟,النتائج هي عدم الحاجة لاستعمال الاوراق الثبوتية، تحديد خصوصيات المستخدم، صعوبة انتحال الشخصيات و الحماية القصوى المتوفرة,3,0.0,5.0,cybercrimes,short_answer,7,arabic,,الأمن والخصوصية، البديل لحمل الوثائق الثبوتية ، البديل لحفظ وتذكر الأرقام السرية، تأمين سرية العمليات المالية.,"{""question_type"": ""ما النتائج المترتبة على""}"
arasag,40,ما هي النتائج المترتبة على استعمال تقنيات القياس الحيوي في الدخول إلى النظام المعلوماتي؟,النتائج المترتبة هي: الامن و الخصوصية بحيث يتم رفض او تصريح بالدخول للأشخاص الغير معنيون، تامين سرية العمليات المالية في الصراف الالي و التجارة الالكترونية ,4,0.0,5.0,cybercrimes,short_answer,7,arabic,,الأمن والخصوصية، البديل لحمل الوثائق الثبوتية ، البديل لحفظ وتذكر الأرقام السرية، تأمين سرية العمليات المالية.,"{""question_type"": ""ما النتائج المترتبة على""}"
arasag,40,ما هي النتائج المترتبة على استعمال تقنيات القياس الحيوي في الدخول إلى النظام المعلوماتي؟,بديل لحمل وثائق اثبات الهوية، بديل لتذكر و كشف كلمات المرور، تامين سرية المعلومات المالية,4,0.0,5.0,cybercrimes,short_answer,7,arabic,,الأمن والخصوصية، البديل لحمل الوثائق الثبوتية ، البديل لحفظ وتذكر الأرقام السرية، تأمين سرية العمليات المالية.,"{""question_type"": ""ما النتائج المترتبة على""}"
arasag,40,ما هي النتائج المترتبة على استعمال تقنيات القياس الحيوي في الدخول إلى النظام المعلوماتي؟,الامن و الخصوصية، البديل عن حمل الوثائق الثبوتية، سرية المعلومات المالية، البريد الالكتروني، صلاحيات المسموح و غير المسموح، صلاحيات المستخدم,4,0.0,5.0,cybercrimes,short_answer,7,arabic,,الأمن والخصوصية، البديل لحمل الوثائق الثبوتية ، البديل لحفظ وتذكر الأرقام السرية، تأمين سرية العمليات المالية.,"{""question_type"": ""ما النتائج المترتبة على""}"
arasag,40,ما هي النتائج المترتبة على استعمال تقنيات القياس الحيوي في الدخول إلى النظام المعلوماتي؟,عدم حمل وثائق اثبات الهوية دائما، اثبات مؤكد للهوية و تنقص نسبة الاختراق باستعمال البطاقات، عدم الحاجة لتذكر كلمات السر الصعبة دائما,4,0.0,5.0,cybercrimes,short_answer,7,arabic,,الأمن والخصوصية، البديل لحمل الوثائق الثبوتية ، البديل لحفظ وتذكر الأرقام السرية، تأمين سرية العمليات المالية.,"{""question_type"": ""ما النتائج المترتبة على""}"
arasag,40,ما هي النتائج المترتبة على استعمال تقنيات القياس الحيوي في الدخول إلى النظام المعلوماتي؟,الخصوصية و الحد من الاختراقات,2,0.0,5.0,cybercrimes,short_answer,7,arabic,,الأمن والخصوصية، البديل لحمل الوثائق الثبوتية ، البديل لحفظ وتذكر الأرقام السرية، تأمين سرية العمليات المالية.,"{""question_type"": ""ما النتائج المترتبة على""}"
arasag,40,ما هي النتائج المترتبة على استعمال تقنيات القياس الحيوي في الدخول إلى النظام المعلوماتي؟,تزيد من امان النظام حيث تنقص دور الانسان (الذي هو اضعف حلقة في الامن المعلوماتي) في تسجيلات الدخول,1,0.0,5.0,cybercrimes,short_answer,7,arabic,,الأمن والخصوصية، البديل لحمل الوثائق الثبوتية ، البديل لحفظ وتذكر الأرقام السرية، تأمين سرية العمليات المالية.,"{""question_type"": ""ما النتائج المترتبة على""}"
arasag,40,ما هي النتائج المترتبة على استعمال تقنيات القياس الحيوي في الدخول إلى النظام المعلوماتي؟,الامن و الخصوصية، بديل الوثائق الثبوتية، بديل حفظ و تذكر الارقام السرية,4,0.0,5.0,cybercrimes,short_answer,7,arabic,,الأمن والخصوصية، البديل لحمل الوثائق الثبوتية ، البديل لحفظ وتذكر الأرقام السرية، تأمين سرية العمليات المالية.,"{""question_type"": ""ما النتائج المترتبة على""}"
arasag,35,ما النتائج المترتبة عن تطبيق سياسة أمن المعلومات في النظام المعلوماتي ؟,حماية اركان أمن المعلومات (المادية؛ البشرية؛ الاجرامية؛ البيانات البرمجية؛ الشبكات) مما يضمن سلامة وتوفر المعلومات أثناء نقلها أو معالجتها أو تخزينها، تقليل المخاطر المادية والمعنوية.,3,0.0,5.0,cybercrimes,short_answer,7,arabic,,التوفير و السرية و التكامل للمعلومات,"{""question_type"": ""ما النتائج المترتبة على""}"
arasag,35,ما النتائج المترتبة عن تطبيق سياسة أمن المعلومات في النظام المعلوماتي ؟,التجارة الالكترونية الحكومة الالكترونية؛ زيادة عدد البرامج و زيادة في الثغرات و زيادة في المحترفين نظام يخلو من الغش كشف على الجرائم,1,0.0,5.0,cybercrimes,short_answer,7,arabic,,التوفير و السرية و التكامل للمعلومات,"{""question_type"": ""ما النتائج المترتبة على""}"
arasag,35,ما النتائج المترتبة عن تطبيق سياسة أمن المعلومات في النظام المعلوماتي ؟,توفير الحماية للنظام المعلوماتي للأشخاص والمؤسسات، الحد من الجريمة الالكترونية، نشر ثقافة أمن المعلومات، تقليل خوف المستخدمين وتشجيعهم على عدم التكلم على القضايا الاختراق الحاصلة لهم.,2,0.0,5.0,cybercrimes,short_answer,7,arabic,,التوفير و السرية و التكامل للمعلومات,"{""question_type"": ""ما النتائج المترتبة على""}"
arasag,35,ما النتائج المترتبة عن تطبيق سياسة أمن المعلومات في النظام المعلوماتي ؟,تصفح الانترنت بسلام؛ بدون القلق أن هناك من يريد إختراقك، صعوبة الاِختراق بالنسبة للكركر، أمن المعلومات السرية مثل معلومات خاصة بالحكومة.,2,0.0,5.0,cybercrimes,short_answer,7,arabic,,التوفير و السرية و التكامل للمعلومات,"{""question_type"": ""ما النتائج المترتبة على""}"
arasag,35,ما النتائج المترتبة عن تطبيق سياسة أمن المعلومات في النظام المعلوماتي ؟,التقليل من الاختراقات وعمليات القرصنة والتجسس، ضمان سرية وحماية المعلومة.,2,0.0,5.0,cybercrimes,short_answer,7,arabic,,التوفير و السرية و التكامل للمعلومات,"{""question_type"": ""ما النتائج المترتبة على""}"
arasag,35,ما النتائج المترتبة عن تطبيق سياسة أمن المعلومات في النظام المعلوماتي ؟,هي الحد من الجريمة الإلكترونية نظريات واستراتيجيات الوسائل والأدوات الدراسات لحماية المعلومات ، مراحل التخزين النقل المعالجة.,0,0.0,5.0,cybercrimes,short_answer,7,arabic,,التوفير و السرية و التكامل للمعلومات,"{""question_type"": ""ما النتائج المترتبة على""}"
arasag,35,ما النتائج المترتبة عن تطبيق سياسة أمن المعلومات في النظام المعلوماتي ؟,حماية وأمن مواقع أو حسابات أو بيانات شخصية لشركات أو أفراد أو مجمعات، القيام أو ممارسة لأعمال بدون خوف للاختراق.,0,0.0,5.0,cybercrimes,short_answer,7,arabic,,التوفير و السرية و التكامل للمعلومات,"{""question_type"": ""ما النتائج المترتبة على""}"
arasag,35,ما النتائج المترتبة عن تطبيق سياسة أمن المعلومات في النظام المعلوماتي ؟,يكون النظام المعلوماتي أكثر أمنا (مع بقاء اِمكانية حدوث الجرائم)، شعور لأشخاص بالأمن، يصبح لأشخاص أكثر وعيا عن إمكانية حدوث الجرائم وعن أهمية اِستعمال كلمات مرور صعبة وعدم كتابتها...,3,0.0,5.0,cybercrimes,short_answer,7,arabic,,التوفير و السرية و التكامل للمعلومات,"{""question_type"": ""ما النتائج المترتبة على""}"
arasag,35,ما النتائج المترتبة عن تطبيق سياسة أمن المعلومات في النظام المعلوماتي ؟,السرية؛ التوفر؛ التكامل.,4,0.0,5.0,cybercrimes,short_answer,7,arabic,,التوفير و السرية و التكامل للمعلومات,"{""question_type"": ""ما النتائج المترتبة على""}"
arasag,35,ما النتائج المترتبة عن تطبيق سياسة أمن المعلومات في النظام المعلوماتي ؟,حماية لأجهزة من لأخطار والحد من الجريمة، تفادي عدة أشكال من الاختراق، تجنب سرقة المعلومات والتخريب، عدم التعرض للتخويف والتهريب من طرف مخترقون.,2,0.0,5.0,cybercrimes,short_answer,7,arabic,,التوفير و السرية و التكامل للمعلومات,"{""question_type"": ""ما النتائج المترتبة على""}"
arasag,35,ما النتائج المترتبة عن تطبيق سياسة أمن المعلومات في النظام المعلوماتي ؟,قلة الجرائم الاختراق، قلة الجرائم المالية، عدم السطو على البنوك.,0,0.0,5.0,cybercrimes,short_answer,7,arabic,,التوفير و السرية و التكامل للمعلومات,"{""question_type"": ""ما النتائج المترتبة على""}"
arasag,35,ما النتائج المترتبة عن تطبيق سياسة أمن المعلومات في النظام المعلوماتي ؟,زيادة الأمن في النظام المعلوماتي,0,0.0,5.0,cybercrimes,short_answer,7,arabic,,التوفير و السرية و التكامل للمعلومات,"{""question_type"": ""ما النتائج المترتبة على""}"
arasag,35,ما النتائج المترتبة عن تطبيق سياسة أمن المعلومات في النظام المعلوماتي ؟,خلق بيئة أمنة، التقليل من الثغرات وبالتالي من فرص الاِجرام، حماية البيانات من التخريب، ضمان حماية وسلامة وتوفير المعلومات.,2,0.0,5.0,cybercrimes,short_answer,7,arabic,,التوفير و السرية و التكامل للمعلومات,"{""question_type"": ""ما النتائج المترتبة على""}"
arasag,35,ما النتائج المترتبة عن تطبيق سياسة أمن المعلومات في النظام المعلوماتي ؟,تزايد استعمال التطبيقات لإلكترونية واستعمال لأنترنت، ظهور التجارة لإلكترونية والحكومة لإلكترونية، تزايد عدد الثغرات الأمنية.,1,0.0,5.0,cybercrimes,short_answer,7,arabic,,التوفير و السرية و التكامل للمعلومات,"{""question_type"": ""ما النتائج المترتبة على""}"
arasag,35,ما النتائج المترتبة عن تطبيق سياسة أمن المعلومات في النظام المعلوماتي ؟,تزايد في استعمال التطبيقات لإلكترونية، التجارة والحكومة لإلكترونية، تطوير البرامج الضخمة يخلق ثغرات أمنية.,1,0.0,5.0,cybercrimes,short_answer,7,arabic,,التوفير و السرية و التكامل للمعلومات,"{""question_type"": ""ما النتائج المترتبة على""}"
arasag,35,ما النتائج المترتبة عن تطبيق سياسة أمن المعلومات في النظام المعلوماتي ؟,حماية وتأمين جميع الموارد المستخدمين في معالجة المعلومات (أي أن المنشأ تحمي نفسها وجميع العاملين فيها ووسائط المعلومات) ضمان سلامة وسرية المعلومات، حماية المعلومات من المخاطر وأنشطة الاعتداء عليها.,2,0.0,5.0,cybercrimes,short_answer,7,arabic,,التوفير و السرية و التكامل للمعلومات,"{""question_type"": ""ما النتائج المترتبة على""}"
arasag,35,ما النتائج المترتبة عن تطبيق سياسة أمن المعلومات في النظام المعلوماتي ؟,  بيئة آمنة نوعا ما يسود فيها و عي الأمن معلوماتي,1,0.0,5.0,cybercrimes,short_answer,7,arabic,,التوفير و السرية و التكامل للمعلومات,"{""question_type"": ""ما النتائج المترتبة على""}"
arasag,35,ما النتائج المترتبة عن تطبيق سياسة أمن المعلومات في النظام المعلوماتي ؟,التكامل التوفر الخصوصية و السرية,5,0.0,5.0,cybercrimes,short_answer,7,arabic,,التوفير و السرية و التكامل للمعلومات,"{""question_type"": ""ما النتائج المترتبة على""}"
arasag,35,ما النتائج المترتبة عن تطبيق سياسة أمن المعلومات في النظام المعلوماتي ؟,نتشار التجارة الإلكترونية والحكومة الإلكترونية، تصبح المعلومات و البيانات محمية.,0,0.0,5.0,cybercrimes,short_answer,7,arabic,,التوفير و السرية و التكامل للمعلومات,"{""question_type"": ""ما النتائج المترتبة على""}"
arasag,35,ما النتائج المترتبة عن تطبيق سياسة أمن المعلومات في النظام المعلوماتي ؟,عدد إنقاص من فرص الهجمات على النظام المعلوماتي، الحفاظ على النظام المعلوماتي.,0,0.0,5.0,cybercrimes,short_answer,7,arabic,,التوفير و السرية و التكامل للمعلومات,"{""question_type"": ""ما النتائج المترتبة على""}"
arasag,35,ما النتائج المترتبة عن تطبيق سياسة أمن المعلومات في النظام المعلوماتي ؟,سرعة زيادة في استخدام الأنظمة و البرامج، البيع الإلكتروني، العمل الإلكتروني.,0,0.0,5.0,cybercrimes,short_answer,7,arabic,,التوفير و السرية و التكامل للمعلومات,"{""question_type"": ""ما النتائج المترتبة على""}"
arasag,35,ما النتائج المترتبة عن تطبيق سياسة أمن المعلومات في النظام المعلوماتي ؟,إن تطبيق سياسة أمن المعلومات لا تقوم بالحد 100% على الجرائم الإلكترونية لكنها تقلل منها بنسبة عالية فينتج عنها بيئة أكثر أمانة و تقل الجرائم كما أنها تساعد على عدم ضياع الممتلكات و الأموال و تحمي الأفراد و المؤسسات و البرامج,0,0.0,5.0,cybercrimes,short_answer,7,arabic,,التوفير و السرية و التكامل للمعلومات,"{""question_type"": ""ما النتائج المترتبة على""}"
arasag,35,ما النتائج المترتبة عن تطبيق سياسة أمن المعلومات في النظام المعلوماتي ؟,حذف معلومات أموال حسابات، سرقة معلومات، التشهير.,0,0.0,5.0,cybercrimes,short_answer,7,arabic,,التوفير و السرية و التكامل للمعلومات,"{""question_type"": ""ما النتائج المترتبة على""}"
arasag,35,ما النتائج المترتبة عن تطبيق سياسة أمن المعلومات في النظام المعلوماتي ؟,النتائج المترتبة عن تطبيق سياسة أمن المعلومات في النظام المعلومات :  السرية و التوفر و التكامل بالنسبة للنظام أما بالنسبة لمستعمل النظام فهو عدم الرفض الخصوصية الثبات الهوية تحديد الهوية تحديد الصلاحيات و المسؤوليات.,5,0.0,5.0,cybercrimes,short_answer,7,arabic,,التوفير و السرية و التكامل للمعلومات,"{""question_type"": ""ما النتائج المترتبة على""}"
arasag,35,ما النتائج المترتبة عن تطبيق سياسة أمن المعلومات في النظام المعلوماتي ؟,"حماية أمن الأنظمة الضخمة من الاختراقات و الهجومات و ذلك يتمثل في حماية كافة الموارد المستخدمة في معالجة البيانات من اشخاص و حواسب و وسائل مستعملة في معالجة المعلومات في جميع المراحل(التخزين, النقل و المعالجة)",1,0.0,5.0,cybercrimes,short_answer,7,arabic,,التوفير و السرية و التكامل للمعلومات,"{""question_type"": ""ما النتائج المترتبة على""}"
arasag,35,ما النتائج المترتبة عن تطبيق سياسة أمن المعلومات في النظام المعلوماتي ؟,تقليل من جرائم الإلكترونية,0,0.0,5.0,cybercrimes,short_answer,7,arabic,,التوفير و السرية و التكامل للمعلومات,"{""question_type"": ""ما النتائج المترتبة على""}"
arasag,35,ما النتائج المترتبة عن تطبيق سياسة أمن المعلومات في النظام المعلوماتي ؟,"تساعد سياسة أمن المعلومات في التجارة الإلكترونية  ,الحكومة الإلكترونية ,حفظ البيانات و المعلومات ,عدم وجود اختراقات",0,0.0,5.0,cybercrimes,short_answer,7,arabic,,التوفير و السرية و التكامل للمعلومات,"{""question_type"": ""ما النتائج المترتبة على""}"
arasag,35,ما النتائج المترتبة عن تطبيق سياسة أمن المعلومات في النظام المعلوماتي ؟,يصبح النظام المعلوماتي أقل تعرضا إلى القرصنة و التخريب,0,0.0,5.0,cybercrimes,short_answer,7,arabic,,التوفير و السرية و التكامل للمعلومات,"{""question_type"": ""ما النتائج المترتبة على""}"
arasag,35,ما النتائج المترتبة عن تطبيق سياسة أمن المعلومات في النظام المعلوماتي ؟,تأمين المعلومات الخاصة بالنظام ، الحصول على حماية من الهجمات الخارجية، تأمين الأجهزة.,1,0.0,5.0,cybercrimes,short_answer,7,arabic,,التوفير و السرية و التكامل للمعلومات,"{""question_type"": ""ما النتائج المترتبة على""}"
arasag,35,ما النتائج المترتبة عن تطبيق سياسة أمن المعلومات في النظام المعلوماتي ؟,تطور استغلال الثروة الإلكترونية ، تطور البرامج الالكترونية و تعزيز روح الانتاج الالكتروني، الحكومة الالكترونية، تطور الأنظمة المعلوماتية.,0,0.0,5.0,cybercrimes,short_answer,7,arabic,,التوفير و السرية و التكامل للمعلومات,"{""question_type"": ""ما النتائج المترتبة على""}"
arasag,35,ما النتائج المترتبة عن تطبيق سياسة أمن المعلومات في النظام المعلوماتي ؟,"النتائج تكون في منع و تقليل من الإختراق , و حتى تنتج صعوبات و عراقيل للمخترقين",0,0.0,5.0,cybercrimes,short_answer,7,arabic,,التوفير و السرية و التكامل للمعلومات,"{""question_type"": ""ما النتائج المترتبة على""}"
arasag,35,ما النتائج المترتبة عن تطبيق سياسة أمن المعلومات في النظام المعلوماتي ؟,حكومة إلكترونية آمنة، نظام شراء و تسوق إلكتروني آمن، السرعة في معرفة مجال عمل الحاسب الآلي.,0,0.0,5.0,cybercrimes,short_answer,7,arabic,,التوفير و السرية و التكامل للمعلومات,"{""question_type"": ""ما النتائج المترتبة على""}"
arasag,35,ما النتائج المترتبة عن تطبيق سياسة أمن المعلومات في النظام المعلوماتي ؟,سهولة إستعمال و تطوير البرمجيات الإلكترونية و الأنترنت التي تحتاج بيئة آمنة، الحكومة الإلكترونية و التجارة الإلكترونية، إستخدام الحاسب الإلكتروني في أداء العمل.,1,0.0,5.0,cybercrimes,short_answer,7,arabic,,التوفير و السرية و التكامل للمعلومات,"{""question_type"": ""ما النتائج المترتبة على""}"
arasag,35,ما النتائج المترتبة عن تطبيق سياسة أمن المعلومات في النظام المعلوماتي ؟,التقليل و إزاحة بعض الجرائم الإلكترونية، تطور السياني تكنولوجيا في بيئة آمنة، ظهور نشأة تكنولوجية مثل تجارة و حكومة.,1,0.0,5.0,cybercrimes,short_answer,7,arabic,,التوفير و السرية و التكامل للمعلومات,"{""question_type"": ""ما النتائج المترتبة على""}"
arasag,35,ما النتائج المترتبة عن تطبيق سياسة أمن المعلومات في النظام المعلوماتي ؟,الحد و تفادي و نقص الانتهاكات بأخذ الاحتياطات الازمة ,0,0.0,5.0,cybercrimes,short_answer,7,arabic,,التوفير و السرية و التكامل للمعلومات,"{""question_type"": ""ما النتائج المترتبة على""}"
arasag,35,ما النتائج المترتبة عن تطبيق سياسة أمن المعلومات في النظام المعلوماتي ؟,"البرامج تكون قبلة لعدة مستخدمين ,بحيث يتزايد الإقبال على التطبيقات و يمكن من التحول الى جعل التعاملات أوتوماتيكيا",0,0.0,5.0,cybercrimes,short_answer,7,arabic,,التوفير و السرية و التكامل للمعلومات,"{""question_type"": ""ما النتائج المترتبة على""}"
arasag,35,ما النتائج المترتبة عن تطبيق سياسة أمن المعلومات في النظام المعلوماتي ؟,بتطبيق سياسة أمن المعلومات في النظام المعلوماتي تكون قد وفرنا حماية معتبرة للمعلومات من الهاكر لتصعيب اختراق النظام و تخريب المعلومات,1,0.0,5.0,cybercrimes,short_answer,7,arabic,,التوفير و السرية و التكامل للمعلومات,"{""question_type"": ""ما النتائج المترتبة على""}"
arasag,35,ما النتائج المترتبة عن تطبيق سياسة أمن المعلومات في النظام المعلوماتي ؟,الحفاظ و التامين على كافة الموارد المستخدمة منها الأنظمة و الإفراد و اللوازم,0,0.0,5.0,cybercrimes,short_answer,7,arabic,,التوفير و السرية و التكامل للمعلومات,"{""question_type"": ""ما النتائج المترتبة على""}"
arasag,35,ما النتائج المترتبة عن تطبيق سياسة أمن المعلومات في النظام المعلوماتي ؟,الاستخدام الآمن للتطبيقات الالكترونية، التجارة اللكترونية، تفادي سرقة الهوية، تطوير التطبيقات الالكترونية,1,0.0,5.0,cybercrimes,short_answer,7,arabic,,التوفير و السرية و التكامل للمعلومات,"{""question_type"": ""ما النتائج المترتبة على""}"
arasag,35,ما النتائج المترتبة عن تطبيق سياسة أمن المعلومات في النظام المعلوماتي ؟,سهولة استعمال الانترنت، حماية المعلومات، حماية الهوية,1,0.0,5.0,cybercrimes,short_answer,7,arabic,,التوفير و السرية و التكامل للمعلومات,"{""question_type"": ""ما النتائج المترتبة على""}"
arasag,35,ما النتائج المترتبة عن تطبيق سياسة أمن المعلومات في النظام المعلوماتي ؟,حماية سرية المحتوى، الحد من الخسائر المادية الناتجة عن القرصنة,2,0.0,5.0,cybercrimes,short_answer,7,arabic,,التوفير و السرية و التكامل للمعلومات,"{""question_type"": ""ما النتائج المترتبة على""}"
arasag,35,ما النتائج المترتبة عن تطبيق سياسة أمن المعلومات في النظام المعلوماتي ؟,التقليل من خطورة الهجوم الالكتروني، ضمان و حماية البيانات,1,0.0,5.0,cybercrimes,short_answer,7,arabic,,التوفير و السرية و التكامل للمعلومات,"{""question_type"": ""ما النتائج المترتبة على""}"
arasag,34,ما النتائج المترتبة على تطبيق اختبار الاختراق من طرف الهاكر؟,معرفة الثغرات بالنظام، رفع مستوى الأمن المعلوماتي.,4,0.0,5.0,cybercrimes,short_answer,7,arabic,,تقارير إلى المنظمة بكيفية اختراق النظام مما يسمح للمنظمة بتحسين دفاعاتها ورفع مستوى الأمن ، ثغرات أمنية تسمح للمطور بتصحيح منتجه وتحسين أمانه قبل اختراقه .,"{""question_type"": ""ما النتائج المترتبة على""}"
arasag,34,ما النتائج المترتبة على تطبيق اختبار الاختراق من طرف الهاكر؟,معرفة الثغرات الامنية والعمل على تصحيحها.,3,0.0,5.0,cybercrimes,short_answer,7,arabic,,تقارير إلى المنظمة بكيفية اختراق النظام مما يسمح للمنظمة بتحسين دفاعاتها ورفع مستوى الأمن ، ثغرات أمنية تسمح للمطور بتصحيح منتجه وتحسين أمانه قبل اختراقه .,"{""question_type"": ""ما النتائج المترتبة على""}"
arasag,34,ما النتائج المترتبة على تطبيق اختبار الاختراق من طرف الهاكر؟,ايجاد واكتشاف الثغرات والأخطاء قبل اختراقه، الحصول على تطبيق الأمن .,3,0.0,5.0,cybercrimes,short_answer,7,arabic,,تقارير إلى المنظمة بكيفية اختراق النظام مما يسمح للمنظمة بتحسين دفاعاتها ورفع مستوى الأمن ، ثغرات أمنية تسمح للمطور بتصحيح منتجه وتحسين أمانه قبل اختراقه .,"{""question_type"": ""ما النتائج المترتبة على""}"
arasag,34,ما النتائج المترتبة على تطبيق اختبار الاختراق من طرف الهاكر؟,الاختبار يطبق على الهاكر ذوي القبعة البيضاء و ينتج : معرفة المنظمة جميع الثغرات الأمنية للنظام مما يجعلها تحسين النظام و تطويره.,4,0.0,5.0,cybercrimes,short_answer,7,arabic,,تقارير إلى المنظمة بكيفية اختراق النظام مما يسمح للمنظمة بتحسين دفاعاتها ورفع مستوى الأمن ، ثغرات أمنية تسمح للمطور بتصحيح منتجه وتحسين أمانه قبل اختراقه .,"{""question_type"": ""ما النتائج المترتبة على""}"
arasag,34,ما النتائج المترتبة على تطبيق اختبار الاختراق من طرف الهاكر؟,تأمين المعلومات، تسديد الثغرات الامنية، المساعدة في تصحيح الأخطاء التي كانت في النظام، التأكد من سلامة المعلومات والأمن ، التأكد من السرية التامة .,4,0.0,5.0,cybercrimes,short_answer,7,arabic,,تقارير إلى المنظمة بكيفية اختراق النظام مما يسمح للمنظمة بتحسين دفاعاتها ورفع مستوى الأمن ، ثغرات أمنية تسمح للمطور بتصحيح منتجه وتحسين أمانه قبل اختراقه .,"{""question_type"": ""ما النتائج المترتبة على""}"
arasag,34,ما النتائج المترتبة على تطبيق اختبار الاختراق من طرف الهاكر؟,الهاكر هو شخص يتمتع بموهبة و القدرة على إختراق الجهاز عبر الإنترنت و يسمى بقراصنة القبعة البيضاء لأنهم يسخرون قدرتهم في إصلاح وسائل الدفاع لذلك يقوم الهاكر بأعمال خيرية بإخبار شركة معينة عن ثغرتها و بالتالي تصلح وسائل دفاعها  ,3,0.0,5.0,cybercrimes,short_answer,7,arabic,,تقارير إلى المنظمة بكيفية اختراق النظام مما يسمح للمنظمة بتحسين دفاعاتها ورفع مستوى الأمن ، ثغرات أمنية تسمح للمطور بتصحيح منتجه وتحسين أمانه قبل اختراقه .,"{""question_type"": ""ما النتائج المترتبة على""}"
arasag,34,ما النتائج المترتبة على تطبيق اختبار الاختراق من طرف الهاكر؟,كشف الثغور، تثبيت الدفاع، أمن و حماية الأنظمة.,5,0.0,5.0,cybercrimes,short_answer,7,arabic,,تقارير إلى المنظمة بكيفية اختراق النظام مما يسمح للمنظمة بتحسين دفاعاتها ورفع مستوى الأمن ، ثغرات أمنية تسمح للمطور بتصحيح منتجه وتحسين أمانه قبل اختراقه .,"{""question_type"": ""ما النتائج المترتبة على""}"
arasag,34,ما النتائج المترتبة على تطبيق اختبار الاختراق من طرف الهاكر؟,إيجاد ثغرات النظام من أجل إصلاحه و تطويره .,3,0.0,5.0,cybercrimes,short_answer,7,arabic,,تقارير إلى المنظمة بكيفية اختراق النظام مما يسمح للمنظمة بتحسين دفاعاتها ورفع مستوى الأمن ، ثغرات أمنية تسمح للمطور بتصحيح منتجه وتحسين أمانه قبل اختراقه .,"{""question_type"": ""ما النتائج المترتبة على""}"
arasag,34,ما النتائج المترتبة على تطبيق اختبار الاختراق من طرف الهاكر؟,معرفة الثغرات في جهاز الأمن الإلكتروني، تقوية جهازها في الأمن الإلكتروني .,2,0.0,5.0,cybercrimes,short_answer,7,arabic,,تقارير إلى المنظمة بكيفية اختراق النظام مما يسمح للمنظمة بتحسين دفاعاتها ورفع مستوى الأمن ، ثغرات أمنية تسمح للمطور بتصحيح منتجه وتحسين أمانه قبل اختراقه .,"{""question_type"": ""ما النتائج المترتبة على""}"
arasag,34,ما النتائج المترتبة على تطبيق اختبار الاختراق من طرف الهاكر؟,فوائد للمنشأة حيث تتعرف على ثغرات أمن نظامها، إعادة نظام أمني جيد و جديد، الهاكر ينفع نفسه و يختبر قدراته  و  يعطي فوائد للآخرين .,4,0.0,5.0,cybercrimes,short_answer,7,arabic,,تقارير إلى المنظمة بكيفية اختراق النظام مما يسمح للمنظمة بتحسين دفاعاتها ورفع مستوى الأمن ، ثغرات أمنية تسمح للمطور بتصحيح منتجه وتحسين أمانه قبل اختراقه .,"{""question_type"": ""ما النتائج المترتبة على""}"
arasag,34,ما النتائج المترتبة على تطبيق اختبار الاختراق من طرف الهاكر؟,تحسين النظام، معرفة الثغرات الأمنية، تصحيح الثغرات الأمنية، منع استغلال الثغرات من قبل الكراكر .,4,0.0,5.0,cybercrimes,short_answer,7,arabic,,تقارير إلى المنظمة بكيفية اختراق النظام مما يسمح للمنظمة بتحسين دفاعاتها ورفع مستوى الأمن ، ثغرات أمنية تسمح للمطور بتصحيح منتجه وتحسين أمانه قبل اختراقه .,"{""question_type"": ""ما النتائج المترتبة على""}"
arasag,34,ما النتائج المترتبة على تطبيق اختبار الاختراق من طرف الهاكر؟,ليكتشف أي خلل في نظام الأمن و يقدم تقرير على كيفية وصوله لفرق النظام و ذلك يساعد المطور في معرفة نقاط ضعف أمن النظام فتكون له فرصة من تصحيح و تطوير نظامه قبل وقوع الجريمة (الاختراق).,4,0.0,5.0,cybercrimes,short_answer,7,arabic,,تقارير إلى المنظمة بكيفية اختراق النظام مما يسمح للمنظمة بتحسين دفاعاتها ورفع مستوى الأمن ، ثغرات أمنية تسمح للمطور بتصحيح منتجه وتحسين أمانه قبل اختراقه .,"{""question_type"": ""ما النتائج المترتبة على""}"
arasag,34,ما النتائج المترتبة على تطبيق اختبار الاختراق من طرف الهاكر؟,هو اختبار تسمح له المؤسسة للهاكر باختراق جهاز الأمن من أجل اختبار أمن النظام فيترتب كسر نظام الأمن للمؤسسة ,1,0.0,5.0,cybercrimes,short_answer,7,arabic,,تقارير إلى المنظمة بكيفية اختراق النظام مما يسمح للمنظمة بتحسين دفاعاتها ورفع مستوى الأمن ، ثغرات أمنية تسمح للمطور بتصحيح منتجه وتحسين أمانه قبل اختراقه .,"{""question_type"": ""ما النتائج المترتبة على""}"
arasag,34,ما النتائج المترتبة على تطبيق اختبار الاختراق من طرف الهاكر؟,معرفة الثغرات الموجودة في الأنظمة، تسهيل أصحاب برامج الأمن لتعزيز الحماية في البرامج أو المواقع قبل إختراقها,5,0.0,5.0,cybercrimes,short_answer,7,arabic,,تقارير إلى المنظمة بكيفية اختراق النظام مما يسمح للمنظمة بتحسين دفاعاتها ورفع مستوى الأمن ، ثغرات أمنية تسمح للمطور بتصحيح منتجه وتحسين أمانه قبل اختراقه .,"{""question_type"": ""ما النتائج المترتبة على""}"
arasag,34,ما النتائج المترتبة على تطبيق اختبار الاختراق من طرف الهاكر؟,كشف الثغرات في النظام و إذا لم يتم تداركها يمكن أن يستغلها الكراكر .,3,0.0,5.0,cybercrimes,short_answer,7,arabic,,تقارير إلى المنظمة بكيفية اختراق النظام مما يسمح للمنظمة بتحسين دفاعاتها ورفع مستوى الأمن ، ثغرات أمنية تسمح للمطور بتصحيح منتجه وتحسين أمانه قبل اختراقه .,"{""question_type"": ""ما النتائج المترتبة على""}"
arasag,34,ما النتائج المترتبة على تطبيق اختبار الاختراق من طرف الهاكر؟,لتحصين المنشأة الحماية الأمنية تطلب من مخترق بإختراق نظامها بإذن منها لكي يجد ثغرات التي يصلحها المبرمج .النتيجة نظام أكثر حصانة و حماية .,4,0.0,5.0,cybercrimes,short_answer,7,arabic,,تقارير إلى المنظمة بكيفية اختراق النظام مما يسمح للمنظمة بتحسين دفاعاتها ورفع مستوى الأمن ، ثغرات أمنية تسمح للمطور بتصحيح منتجه وتحسين أمانه قبل اختراقه .,"{""question_type"": ""ما النتائج المترتبة على""}"
arasag,34,ما النتائج المترتبة على تطبيق اختبار الاختراق من طرف الهاكر؟,تحديد و تثبيت جميع الثغرات الأمنية في النظام المعلوماتي التي يمكن من خلالها أن يخترقها الكراكر و بالتالي تغطيتها أي تحسين نظام الدفاع .,5,0.0,5.0,cybercrimes,short_answer,7,arabic,,تقارير إلى المنظمة بكيفية اختراق النظام مما يسمح للمنظمة بتحسين دفاعاتها ورفع مستوى الأمن ، ثغرات أمنية تسمح للمطور بتصحيح منتجه وتحسين أمانه قبل اختراقه .,"{""question_type"": ""ما النتائج المترتبة على""}"
arasag,34,ما النتائج المترتبة على تطبيق اختبار الاختراق من طرف الهاكر؟,له هدف خيري ، يبحث عن الثغرات و العيوب في البرامج أو المواقع بشكل قانوني و يعطيها للمطور لكي يصلح، هدفه إصلاحي و أمني .,4,0.0,5.0,cybercrimes,short_answer,7,arabic,,تقارير إلى المنظمة بكيفية اختراق النظام مما يسمح للمنظمة بتحسين دفاعاتها ورفع مستوى الأمن ، ثغرات أمنية تسمح للمطور بتصحيح منتجه وتحسين أمانه قبل اختراقه .,"{""question_type"": ""ما النتائج المترتبة على""}"
arasag,34,ما النتائج المترتبة على تطبيق اختبار الاختراق من طرف الهاكر؟,معرفة الثغرات و الطرق الممكنة لاختراق النظام المعلوماتي و يقوم بها المخترقون ذو القبعات البيضاء و يتحصلون على جائزات في الأخير .,4,0.0,5.0,cybercrimes,short_answer,7,arabic,,تقارير إلى المنظمة بكيفية اختراق النظام مما يسمح للمنظمة بتحسين دفاعاتها ورفع مستوى الأمن ، ثغرات أمنية تسمح للمطور بتصحيح منتجه وتحسين أمانه قبل اختراقه .,"{""question_type"": ""ما النتائج المترتبة على""}"
arasag,34,ما النتائج المترتبة على تطبيق اختبار الاختراق من طرف الهاكر؟,يتم الكشف عن الثغرات و العيوب الموجودة بالنظام فيسارع المسؤول (الشركات) لتصليحه قبل أن يتم إختراقه من جهات أخرى و بالتالي تحقيق الأمن المعلوماتي .,5,0.0,5.0,cybercrimes,short_answer,7,arabic,,تقارير إلى المنظمة بكيفية اختراق النظام مما يسمح للمنظمة بتحسين دفاعاتها ورفع مستوى الأمن ، ثغرات أمنية تسمح للمطور بتصحيح منتجه وتحسين أمانه قبل اختراقه .,"{""question_type"": ""ما النتائج المترتبة على""}"
arasag,34,ما النتائج المترتبة على تطبيق اختبار الاختراق من طرف الهاكر؟,تحديد الثغرات الموجودة في النظام و من أجل تأمين النظام من خلال سد الثغرات الموجودة في النظام .,4,0.0,5.0,cybercrimes,short_answer,7,arabic,,تقارير إلى المنظمة بكيفية اختراق النظام مما يسمح للمنظمة بتحسين دفاعاتها ورفع مستوى الأمن ، ثغرات أمنية تسمح للمطور بتصحيح منتجه وتحسين أمانه قبل اختراقه .,"{""question_type"": ""ما النتائج المترتبة على""}"
arasag,34,ما النتائج المترتبة على تطبيق اختبار الاختراق من طرف الهاكر؟,أغراض جيدة و أخلاقية و و قانونية .,0,0.0,5.0,cybercrimes,short_answer,7,arabic,,تقارير إلى المنظمة بكيفية اختراق النظام مما يسمح للمنظمة بتحسين دفاعاتها ورفع مستوى الأمن ، ثغرات أمنية تسمح للمطور بتصحيح منتجه وتحسين أمانه قبل اختراقه .,"{""question_type"": ""ما النتائج المترتبة على""}"
arasag,34,ما النتائج المترتبة على تطبيق اختبار الاختراق من طرف الهاكر؟,معرفة الثغرات الأمنية في النظام، تطوير و تصحيح البرنامج من الثغرات، ضمان سلامة معلومات المؤسسة و موظفيها,4,0.0,5.0,cybercrimes,short_answer,7,arabic,,تقارير إلى المنظمة بكيفية اختراق النظام مما يسمح للمنظمة بتحسين دفاعاتها ورفع مستوى الأمن ، ثغرات أمنية تسمح للمطور بتصحيح منتجه وتحسين أمانه قبل اختراقه .,"{""question_type"": ""ما النتائج المترتبة على""}"
arasag,34,ما النتائج المترتبة على تطبيق اختبار الاختراق من طرف الهاكر؟,تصليح الثغرات إن وجدت ، معرفة نقاط الضعف و تصليحها .,5,0.0,5.0,cybercrimes,short_answer,7,arabic,,تقارير إلى المنظمة بكيفية اختراق النظام مما يسمح للمنظمة بتحسين دفاعاتها ورفع مستوى الأمن ، ثغرات أمنية تسمح للمطور بتصحيح منتجه وتحسين أمانه قبل اختراقه .,"{""question_type"": ""ما النتائج المترتبة على""}"
arasag,34,ما النتائج المترتبة على تطبيق اختبار الاختراق من طرف الهاكر؟,معرفة نقاط ضعف النظام لتحسينها .,2,0.0,5.0,cybercrimes,short_answer,7,arabic,,تقارير إلى المنظمة بكيفية اختراق النظام مما يسمح للمنظمة بتحسين دفاعاتها ورفع مستوى الأمن ، ثغرات أمنية تسمح للمطور بتصحيح منتجه وتحسين أمانه قبل اختراقه .,"{""question_type"": ""ما النتائج المترتبة على""}"
arasag,34,ما النتائج المترتبة على تطبيق اختبار الاختراق من طرف الهاكر؟,إحتراق النظام بصفة أخلاقية و من ثم تحديد الثغرات و الحلقات الأضعف في النظام و إعطاء التقرير للمؤسسة المعنية لإصلاح الأمر و أخذ التدابير .,5,0.0,5.0,cybercrimes,short_answer,7,arabic,,تقارير إلى المنظمة بكيفية اختراق النظام مما يسمح للمنظمة بتحسين دفاعاتها ورفع مستوى الأمن ، ثغرات أمنية تسمح للمطور بتصحيح منتجه وتحسين أمانه قبل اختراقه .,"{""question_type"": ""ما النتائج المترتبة على""}"
arasag,34,ما النتائج المترتبة على تطبيق اختبار الاختراق من طرف الهاكر؟,تصحيح وسائل الدفاع ، التعرف على الثغرات و الأخطاء و تصحيحها .,4,0.0,5.0,cybercrimes,short_answer,7,arabic,,تقارير إلى المنظمة بكيفية اختراق النظام مما يسمح للمنظمة بتحسين دفاعاتها ورفع مستوى الأمن ، ثغرات أمنية تسمح للمطور بتصحيح منتجه وتحسين أمانه قبل اختراقه .,"{""question_type"": ""ما النتائج المترتبة على""}"
arasag,34,ما النتائج المترتبة على تطبيق اختبار الاختراق من طرف الهاكر؟,إختبار الإختراق يأخذ فيه الهاكر إذن من المؤسسة لإختراقهم بكشف الثغرات و العيوب الموجودة في النظام و يبلغ عنها قصد إصلاحها لا يقوم بإستغلالها و يلقى أجره .,3,0.0,5.0,cybercrimes,short_answer,7,arabic,,تقارير إلى المنظمة بكيفية اختراق النظام مما يسمح للمنظمة بتحسين دفاعاتها ورفع مستوى الأمن ، ثغرات أمنية تسمح للمطور بتصحيح منتجه وتحسين أمانه قبل اختراقه .,"{""question_type"": ""ما النتائج المترتبة على""}"
arasag,34,ما النتائج المترتبة على تطبيق اختبار الاختراق من طرف الهاكر؟,يساهم تطبيق إختبار الإختراق من طرف الهاكر في تحسين وسائل دفاع البرنامج، و بالتلي التقليل من إمكانية حدوث إختراقات .,4,0.0,5.0,cybercrimes,short_answer,7,arabic,,تقارير إلى المنظمة بكيفية اختراق النظام مما يسمح للمنظمة بتحسين دفاعاتها ورفع مستوى الأمن ، ثغرات أمنية تسمح للمطور بتصحيح منتجه وتحسين أمانه قبل اختراقه .,"{""question_type"": ""ما النتائج المترتبة على""}"
arasag,34,ما النتائج المترتبة على تطبيق اختبار الاختراق من طرف الهاكر؟,الهاكر يقوم بإختراق بصفة قانونية شرعية لمعرفة ثغرات و عيوب نظام الأمن و تقديمها لمبرمجي الشركة لإصلاحها ، فهو يقوم بالإختراق لمنفعة الآخرين بصفة تطوعية لتقوية الانظمة و البرامج و الشبكات .,3,0.0,5.0,cybercrimes,short_answer,7,arabic,,تقارير إلى المنظمة بكيفية اختراق النظام مما يسمح للمنظمة بتحسين دفاعاتها ورفع مستوى الأمن ، ثغرات أمنية تسمح للمطور بتصحيح منتجه وتحسين أمانه قبل اختراقه .,"{""question_type"": ""ما النتائج المترتبة على""}"
arasag,34,ما النتائج المترتبة على تطبيق اختبار الاختراق من طرف الهاكر؟,القبض على ثغرات موجودة في النظام او البرامج و بالتالي يقدمه للمؤسس او المبرمج لكي يصلح الثغرات,3,0.0,5.0,cybercrimes,short_answer,7,arabic,,تقارير إلى المنظمة بكيفية اختراق النظام مما يسمح للمنظمة بتحسين دفاعاتها ورفع مستوى الأمن ، ثغرات أمنية تسمح للمطور بتصحيح منتجه وتحسين أمانه قبل اختراقه .,"{""question_type"": ""ما النتائج المترتبة على""}"
arasag,34,ما النتائج المترتبة على تطبيق اختبار الاختراق من طرف الهاكر؟,استخراج الثغرات الأمنية في النظام. اقتراح حلول أمنية لهدم الثغرات. تحسين الأمن المعلوماتي. ,5,0.0,5.0,cybercrimes,short_answer,7,arabic,,تقارير إلى المنظمة بكيفية اختراق النظام مما يسمح للمنظمة بتحسين دفاعاتها ورفع مستوى الأمن ، ثغرات أمنية تسمح للمطور بتصحيح منتجه وتحسين أمانه قبل اختراقه .,"{""question_type"": ""ما النتائج المترتبة على""}"
arasag,34,ما النتائج المترتبة على تطبيق اختبار الاختراق من طرف الهاكر؟,العثور على ثغرات أمنية للأنظمة الحاسوب ااتي تمكن المؤسسة من درسها و حماية نفسها. ,3,0.0,5.0,cybercrimes,short_answer,7,arabic,,تقارير إلى المنظمة بكيفية اختراق النظام مما يسمح للمنظمة بتحسين دفاعاتها ورفع مستوى الأمن ، ثغرات أمنية تسمح للمطور بتصحيح منتجه وتحسين أمانه قبل اختراقه .,"{""question_type"": ""ما النتائج المترتبة على""}"
arasag,34,ما النتائج المترتبة على تطبيق اختبار الاختراق من طرف الهاكر؟,معرفة الثغرات و العيوب التي يعاني منها الأنظمة المؤسسات و بالتالي إصلاحها من أجل ضمان الأمن و الحماية و سلامة المعلومات وسريتها.، المقابل المادي للمؤسسة و كذا الهاكر.,4,0.0,5.0,cybercrimes,short_answer,7,arabic,,تقارير إلى المنظمة بكيفية اختراق النظام مما يسمح للمنظمة بتحسين دفاعاتها ورفع مستوى الأمن ، ثغرات أمنية تسمح للمطور بتصحيح منتجه وتحسين أمانه قبل اختراقه .,"{""question_type"": ""ما النتائج المترتبة على""}"
arasag,34,ما النتائج المترتبة على تطبيق اختبار الاختراق من طرف الهاكر؟,"معرفة العيوب الموجودة في النظام أو البرنامج المخترق وتمكين الشركة من تصحيح هذه العيوب, تحسين وسائل الدفاع في النظام المخترق .",5,0.0,5.0,cybercrimes,short_answer,7,arabic,,تقارير إلى المنظمة بكيفية اختراق النظام مما يسمح للمنظمة بتحسين دفاعاتها ورفع مستوى الأمن ، ثغرات أمنية تسمح للمطور بتصحيح منتجه وتحسين أمانه قبل اختراقه .,"{""question_type"": ""ما النتائج المترتبة على""}"
arasag,34,ما النتائج المترتبة على تطبيق اختبار الاختراق من طرف الهاكر؟,يقوم الهاكر باختيار النظام عن طريق اختراقه لابلاغ المصمم عن الفجوات و الثغرات الأمنية الموجودة و محاولة اصلاحها .,4,0.0,5.0,cybercrimes,short_answer,7,arabic,,تقارير إلى المنظمة بكيفية اختراق النظام مما يسمح للمنظمة بتحسين دفاعاتها ورفع مستوى الأمن ، ثغرات أمنية تسمح للمطور بتصحيح منتجه وتحسين أمانه قبل اختراقه .,"{""question_type"": ""ما النتائج المترتبة على""}"
arasag,34,ما النتائج المترتبة على تطبيق اختبار الاختراق من طرف الهاكر؟,"اختبار جودة النظام , الوصول الى الثغرات الموجودة و تعديلها , تطوير النظام المعلوماتي .",4,0.0,5.0,cybercrimes,short_answer,7,arabic,,تقارير إلى المنظمة بكيفية اختراق النظام مما يسمح للمنظمة بتحسين دفاعاتها ورفع مستوى الأمن ، ثغرات أمنية تسمح للمطور بتصحيح منتجه وتحسين أمانه قبل اختراقه .,"{""question_type"": ""ما النتائج المترتبة على""}"
arasag,34,ما النتائج المترتبة على تطبيق اختبار الاختراق من طرف الهاكر؟,يقوم الهاكر بعد توصله إلى اختراق نظام ما بتقديم تقرير كامل عن كيفية وصوله إلى اختراق هذا النظام للمؤسسة التي وظفته. و هذا ينتج عنه عمل المؤسسة على سد الثغرات الموجودة في نظام أمنها و تعزيز و تحسينه من أجل حمايته من الأخطار. ,5,0.0,5.0,cybercrimes,short_answer,7,arabic,,تقارير إلى المنظمة بكيفية اختراق النظام مما يسمح للمنظمة بتحسين دفاعاتها ورفع مستوى الأمن ، ثغرات أمنية تسمح للمطور بتصحيح منتجه وتحسين أمانه قبل اختراقه .,"{""question_type"": ""ما النتائج المترتبة على""}"
arasag,34,ما النتائج المترتبة على تطبيق اختبار الاختراق من طرف الهاكر؟,تقديم ن الهاكر سلمي هدفه تقديم المساعدة و الاستفادة .,3,0.0,5.0,cybercrimes,short_answer,7,arabic,,تقارير إلى المنظمة بكيفية اختراق النظام مما يسمح للمنظمة بتحسين دفاعاتها ورفع مستوى الأمن ، ثغرات أمنية تسمح للمطور بتصحيح منتجه وتحسين أمانه قبل اختراقه .,"{""question_type"": ""ما النتائج المترتبة على""}"
arasag,34,ما النتائج المترتبة على تطبيق اختبار الاختراق من طرف الهاكر؟,اختراق أنظمة  جهة ما و التي تكون هي من طلبت منه ذلك ، بالبحث عن الثغرات الأمية،من يقوم بتقديم تقارير للمبرمجين فيقومون بتصحيح الأخطاء و الثغرات و تأمين أنظمتها .,5,0.0,5.0,cybercrimes,short_answer,7,arabic,,تقارير إلى المنظمة بكيفية اختراق النظام مما يسمح للمنظمة بتحسين دفاعاتها ورفع مستوى الأمن ، ثغرات أمنية تسمح للمطور بتصحيح منتجه وتحسين أمانه قبل اختراقه .,"{""question_type"": ""ما النتائج المترتبة على""}"
arasag,34,ما النتائج المترتبة على تطبيق اختبار الاختراق من طرف الهاكر؟,تأذن المنظمات للمتسللين أصحاب القبعات البيضاء بمحاولة إختراقهم لكشف كيفية الوصول إلى النظام مما يجعل المنظمات تحسن من دفاعاتها.,1,0.0,5.0,cybercrimes,short_answer,7,arabic,,تقارير إلى المنظمة بكيفية اختراق النظام مما يسمح للمنظمة بتحسين دفاعاتها ورفع مستوى الأمن ، ثغرات أمنية تسمح للمطور بتصحيح منتجه وتحسين أمانه قبل اختراقه .,"{""question_type"": ""ما النتائج المترتبة على""}"
arasag,34,ما النتائج المترتبة على تطبيق اختبار الاختراق من طرف الهاكر؟,للتأكد من سلامة النظام و التبليغ عن الثغرات الموجودة. أما أصحاب القبعات الرمادية فيقومون بذلك لنشر الثغرات على الانترنت . أصحاب القبعات السوداء يقومون بالاختبار لتخريب النظام أو المواقع في حال وجود ثغرات أو طرق.,3,0.0,5.0,cybercrimes,short_answer,7,arabic,,تقارير إلى المنظمة بكيفية اختراق النظام مما يسمح للمنظمة بتحسين دفاعاتها ورفع مستوى الأمن ، ثغرات أمنية تسمح للمطور بتصحيح منتجه وتحسين أمانه قبل اختراقه .,"{""question_type"": ""ما النتائج المترتبة على""}"
arasag,34,ما النتائج المترتبة على تطبيق اختبار الاختراق من طرف الهاكر؟,معرفة ثغرات النظام و القيام بإصلاحه وتطوير نظام الحماية، الوصول والارتقاء إلى أعلى درجات أمن المعلومات و الحصول على برامج و أنظمة متطورة لا تحتوي على ثغرات ,5,0.0,5.0,cybercrimes,short_answer,7,arabic,,تقارير إلى المنظمة بكيفية اختراق النظام مما يسمح للمنظمة بتحسين دفاعاتها ورفع مستوى الأمن ، ثغرات أمنية تسمح للمطور بتصحيح منتجه وتحسين أمانه قبل اختراقه .,"{""question_type"": ""ما النتائج المترتبة على""}"
arasag,34,ما النتائج المترتبة على تطبيق اختبار الاختراق من طرف الهاكر؟,إكتشاف ثغرات أمنية في نظام المؤسسة و بالتالي يتم تصحيحها من قبل المطورين، تكسير أمن نظام وبالتالي سهولة اختراقه من طرف الهاكر. ,2,0.0,5.0,cybercrimes,short_answer,7,arabic,,تقارير إلى المنظمة بكيفية اختراق النظام مما يسمح للمنظمة بتحسين دفاعاتها ورفع مستوى الأمن ، ثغرات أمنية تسمح للمطور بتصحيح منتجه وتحسين أمانه قبل اختراقه .,"{""question_type"": ""ما النتائج المترتبة على""}"
arasag,34,ما النتائج المترتبة على تطبيق اختبار الاختراق من طرف الهاكر؟,يتمكن الهاكر من اختراق النظام لوجود الثغرات و إصلاحها من طرف المطور.,2,0.0,5.0,cybercrimes,short_answer,7,arabic,,تقارير إلى المنظمة بكيفية اختراق النظام مما يسمح للمنظمة بتحسين دفاعاتها ورفع مستوى الأمن ، ثغرات أمنية تسمح للمطور بتصحيح منتجه وتحسين أمانه قبل اختراقه .,"{""question_type"": ""ما النتائج المترتبة على""}"
arasag,34,ما النتائج المترتبة على تطبيق اختبار الاختراق من طرف الهاكر؟,اكتشاف الثغرات الامنية للبرنامج أو الموقع ، إعداد تقارير أمنية و إعطائها للمبرمج لإصلاحها قبل فوات الاوان ، مكافآت مالية و مادية تعطيها المنظمات للهاكر.,5,0.0,5.0,cybercrimes,short_answer,7,arabic,,تقارير إلى المنظمة بكيفية اختراق النظام مما يسمح للمنظمة بتحسين دفاعاتها ورفع مستوى الأمن ، ثغرات أمنية تسمح للمطور بتصحيح منتجه وتحسين أمانه قبل اختراقه .,"{""question_type"": ""ما النتائج المترتبة على""}"
arasag,34,ما النتائج المترتبة على تطبيق اختبار الاختراق من طرف الهاكر؟,كشف نقاط ضعف الموقع ،الوصول الى ثغرات من النظام و ابلاغ اصحاب المؤسسة عنها ،اختراق موقع المنشأة و الوصول الى معلومات و بيانات المنشاة لكن عدم استخدامها لأغراض غير اخلاقية و انما لاغراض جيدة.,5,0.0,5.0,cybercrimes,short_answer,7,arabic,,تقارير إلى المنظمة بكيفية اختراق النظام مما يسمح للمنظمة بتحسين دفاعاتها ورفع مستوى الأمن ، ثغرات أمنية تسمح للمطور بتصحيح منتجه وتحسين أمانه قبل اختراقه .,"{""question_type"": ""ما النتائج المترتبة على""}"
arasag,34,ما النتائج المترتبة على تطبيق اختبار الاختراق من طرف الهاكر؟,الهاكر غرضه سليم حيث أن الاختراقات التي يقوم بها على البرامج تسمح له بمعرفة ثغرات و نقاط ضعف البرنامج و اظهار نقاط قوته لكي لا يشف الهاكر هذه النقاط و يأخذ معلوماته و يقوم بإتلافها.,4,0.0,5.0,cybercrimes,short_answer,7,arabic,,تقارير إلى المنظمة بكيفية اختراق النظام مما يسمح للمنظمة بتحسين دفاعاتها ورفع مستوى الأمن ، ثغرات أمنية تسمح للمطور بتصحيح منتجه وتحسين أمانه قبل اختراقه .,"{""question_type"": ""ما النتائج المترتبة على""}"
arasag,34,ما النتائج المترتبة على تطبيق اختبار الاختراق من طرف الهاكر؟,الكشف عن الثغرات من أجل تصحيح و تأمين البرامج، إختبار أمن البرامج. ,4,0.0,5.0,cybercrimes,short_answer,7,arabic,,تقارير إلى المنظمة بكيفية اختراق النظام مما يسمح للمنظمة بتحسين دفاعاتها ورفع مستوى الأمن ، ثغرات أمنية تسمح للمطور بتصحيح منتجه وتحسين أمانه قبل اختراقه .,"{""question_type"": ""ما النتائج المترتبة على""}"
arasag,34,ما النتائج المترتبة على تطبيق اختبار الاختراق من طرف الهاكر؟,معرفة الثغرات الأمنية، معرفة طريقة الوصول إلى اختراق النظام، تحسين النظام من الناحية الأمنية، العمل في بيئة آمنة. ,5,0.0,5.0,cybercrimes,short_answer,7,arabic,,تقارير إلى المنظمة بكيفية اختراق النظام مما يسمح للمنظمة بتحسين دفاعاتها ورفع مستوى الأمن ، ثغرات أمنية تسمح للمطور بتصحيح منتجه وتحسين أمانه قبل اختراقه .,"{""question_type"": ""ما النتائج المترتبة على""}"
arasag,34,ما النتائج المترتبة على تطبيق اختبار الاختراق من طرف الهاكر؟,يقوم الهاكر بكشف الثغرات و العيوب للشركة التي قامت بالاختبار بهدف مساعدتها على تحسين دفاعاتها من الكراكر أو اامخترقون الآخرون، و تقوم الشركة باعطائه مبلغ من المال كثمن الجهد الذي قام به. ,4,0.0,5.0,cybercrimes,short_answer,7,arabic,,تقارير إلى المنظمة بكيفية اختراق النظام مما يسمح للمنظمة بتحسين دفاعاتها ورفع مستوى الأمن ، ثغرات أمنية تسمح للمطور بتصحيح منتجه وتحسين أمانه قبل اختراقه .,"{""question_type"": ""ما النتائج المترتبة على""}"
arasag,34,ما النتائج المترتبة على تطبيق اختبار الاختراق من طرف الهاكر؟,معرفة الثغرات الموجودة على البرنامج و بالتالي التخلص منها. ,3,0.0,5.0,cybercrimes,short_answer,7,arabic,,تقارير إلى المنظمة بكيفية اختراق النظام مما يسمح للمنظمة بتحسين دفاعاتها ورفع مستوى الأمن ، ثغرات أمنية تسمح للمطور بتصحيح منتجه وتحسين أمانه قبل اختراقه .,"{""question_type"": ""ما النتائج المترتبة على""}"
arasag,34,ما النتائج المترتبة على تطبيق اختبار الاختراق من طرف الهاكر؟,اكتشاف الثغرات الأمنية و اصلاحها قبل أن تكتشف من طرف الكراكر. ,4,0.0,5.0,cybercrimes,short_answer,7,arabic,,تقارير إلى المنظمة بكيفية اختراق النظام مما يسمح للمنظمة بتحسين دفاعاتها ورفع مستوى الأمن ، ثغرات أمنية تسمح للمطور بتصحيح منتجه وتحسين أمانه قبل اختراقه .,"{""question_type"": ""ما النتائج المترتبة على""}"
arasag,34,ما النتائج المترتبة على تطبيق اختبار الاختراق من طرف الهاكر؟,معرفة الثغرات الأمنية الموجودة في النظام و كيفية وصول اليها، يسمح للمطور بتحسين دفاعات الأمنية لمنحه، تقديم تقرير للمؤسسات عن كيفية الوصول إلى هذه الثغرات من أجل أن تحصن دفاعاتها الأمنية. ,5,0.0,5.0,cybercrimes,short_answer,7,arabic,,تقارير إلى المنظمة بكيفية اختراق النظام مما يسمح للمنظمة بتحسين دفاعاتها ورفع مستوى الأمن ، ثغرات أمنية تسمح للمطور بتصحيح منتجه وتحسين أمانه قبل اختراقه .,"{""question_type"": ""ما النتائج المترتبة على""}"
arasag,33,ما النتائج اللااخلاقية المترتبة على اختراق قراصنة القبّعات الرمادية لنظام مؤسسة ما ؟,  الإختراق يكون بدون إذن وغير قانوني لأسباب فنية، إنتشار الخبر (اختراق نظام المؤسسة) قبل السماح للمؤسسة لصيانة وتعديل الخلل مما يتيح لقراصنة القبعات السوداء الفرصة لاستغلال الامر لمصالحهم الشخصية و الشريرة.,5,0.0,5.0,cybercrimes,short_answer,7,arabic,,اختراق نظام أمن بدون إذن، كشف العيوب الأمنية في البرامج أو على مواقع الويب بشكل عام بدلاً من كشف الخلل بشكل خاص إلى المؤسسة وإعطائها الوقت لإصلاحه مما يعطي الفرصة لاستغلاله من طرف قراصنة القبعات السوداء .,"{""question_type"": ""ما النتائج المترتبة على""}"
arasag,33,ما النتائج اللااخلاقية المترتبة على اختراق قراصنة القبّعات الرمادية لنظام مؤسسة ما ؟,يقومون بالاختراق بدون اذن ونشر الثغرات بدون تفاصيل كافية لإصلاحها مما يؤدي الى استخدامها من طرف الهاكر في السرقة والتخريب وتسريب المعلومات السرية للمؤسسة,4,0.0,5.0,cybercrimes,short_answer,7,arabic,,اختراق نظام أمن بدون إذن، كشف العيوب الأمنية في البرامج أو على مواقع الويب بشكل عام بدلاً من كشف الخلل بشكل خاص إلى المؤسسة وإعطائها الوقت لإصلاحه مما يعطي الفرصة لاستغلاله من طرف قراصنة القبعات السوداء .,"{""question_type"": ""ما النتائج المترتبة على""}"
arasag,33,ما النتائج اللااخلاقية المترتبة على اختراق قراصنة القبّعات الرمادية لنظام مؤسسة ما ؟,يقوم بكشف العيب أو الخلل على شكل عام مما يؤدي الى استغلال الفرصة من طرف قراصنة القبعة السوداء واحتراق النظام قبل اصلاحه، تشويه سمعة الشركة المعنية,3,0.0,5.0,cybercrimes,short_answer,7,arabic,,اختراق نظام أمن بدون إذن، كشف العيوب الأمنية في البرامج أو على مواقع الويب بشكل عام بدلاً من كشف الخلل بشكل خاص إلى المؤسسة وإعطائها الوقت لإصلاحه مما يعطي الفرصة لاستغلاله من طرف قراصنة القبعات السوداء .,"{""question_type"": ""ما النتائج المترتبة على""}"
arasag,33,ما النتائج اللااخلاقية المترتبة على اختراق قراصنة القبّعات الرمادية لنظام مؤسسة ما ؟,دخول بدون اذن الى خصوصية الاخرين، انتهاك الخصوصية، الكشف عن الثغرات على العلن مما يتيح الفرصة لقراصنة القبعات السوداء بالاستلاء على النظام.,5,0.0,5.0,cybercrimes,short_answer,7,arabic,,اختراق نظام أمن بدون إذن، كشف العيوب الأمنية في البرامج أو على مواقع الويب بشكل عام بدلاً من كشف الخلل بشكل خاص إلى المؤسسة وإعطائها الوقت لإصلاحه مما يعطي الفرصة لاستغلاله من طرف قراصنة القبعات السوداء .,"{""question_type"": ""ما النتائج المترتبة على""}"
arasag,33,ما النتائج اللااخلاقية المترتبة على اختراق قراصنة القبّعات الرمادية لنظام مؤسسة ما ؟,نشر عيوب وثغرات الانظمة الى قراصنة القبعة السوداء، التجسس ونشر المعلومات الحساسة.,2,0.0,5.0,cybercrimes,short_answer,7,arabic,,اختراق نظام أمن بدون إذن، كشف العيوب الأمنية في البرامج أو على مواقع الويب بشكل عام بدلاً من كشف الخلل بشكل خاص إلى المؤسسة وإعطائها الوقت لإصلاحه مما يعطي الفرصة لاستغلاله من طرف قراصنة القبعات السوداء .,"{""question_type"": ""ما النتائج المترتبة على""}"
arasag,33,ما النتائج اللااخلاقية المترتبة على اختراق قراصنة القبّعات الرمادية لنظام مؤسسة ما ؟,تغيير او حذف أو نقل المعلومات ، التجسس على الخصوصية، تخريب وتعطيل النظام، نسخ نظام المؤسسة، نشر معلومات مزيفة.,1,0.0,5.0,cybercrimes,short_answer,7,arabic,,اختراق نظام أمن بدون إذن، كشف العيوب الأمنية في البرامج أو على مواقع الويب بشكل عام بدلاً من كشف الخلل بشكل خاص إلى المؤسسة وإعطائها الوقت لإصلاحه مما يعطي الفرصة لاستغلاله من طرف قراصنة القبعات السوداء .,"{""question_type"": ""ما النتائج المترتبة على""}"
arasag,33,ما النتائج اللااخلاقية المترتبة على اختراق قراصنة القبّعات الرمادية لنظام مؤسسة ما ؟,كشف النقاب على هذا العيب بشكل عام ولا بشكل خاص للمنظمة المعنية بالأمر لتصحيح ومعالجة النظام، فهو لايستخدم هذا العيب لمكاسب شخصية لكن يترك الفرصة لذو القبعة السوداء يستخدم هذه الثغرة لمكاسب شخصية غير اخلاقية,2,0.0,5.0,cybercrimes,short_answer,7,arabic,,اختراق نظام أمن بدون إذن، كشف العيوب الأمنية في البرامج أو على مواقع الويب بشكل عام بدلاً من كشف الخلل بشكل خاص إلى المؤسسة وإعطائها الوقت لإصلاحه مما يعطي الفرصة لاستغلاله من طرف قراصنة القبعات السوداء .,"{""question_type"": ""ما النتائج المترتبة على""}"
arasag,33,ما النتائج اللااخلاقية المترتبة على اختراق قراصنة القبّعات الرمادية لنظام مؤسسة ما ؟,تكون المؤسسة عرضة لهجمات القبعات السوداء مما يؤدي إلى : تخريب نظامها ، وسرقة بياناتها ، خسارات مالية، تدهور سمعة الشركة  كونها عرضة للإختراق.,2,0.0,5.0,cybercrimes,short_answer,7,arabic,,اختراق نظام أمن بدون إذن، كشف العيوب الأمنية في البرامج أو على مواقع الويب بشكل عام بدلاً من كشف الخلل بشكل خاص إلى المؤسسة وإعطائها الوقت لإصلاحه مما يعطي الفرصة لاستغلاله من طرف قراصنة القبعات السوداء .,"{""question_type"": ""ما النتائج المترتبة على""}"
arasag,33,ما النتائج اللااخلاقية المترتبة على اختراق قراصنة القبّعات الرمادية لنظام مؤسسة ما ؟,اختراق نظام الامن لتلك المؤسسة بدون اذنها ، ايجاد ثغرات لذلك النظام و عدم استغلاله لمصالحهم الشخصية.,2,0.0,5.0,cybercrimes,short_answer,7,arabic,,اختراق نظام أمن بدون إذن، كشف العيوب الأمنية في البرامج أو على مواقع الويب بشكل عام بدلاً من كشف الخلل بشكل خاص إلى المؤسسة وإعطائها الوقت لإصلاحه مما يعطي الفرصة لاستغلاله من طرف قراصنة القبعات السوداء .,"{""question_type"": ""ما النتائج المترتبة على""}"
arasag,33,ما النتائج اللااخلاقية المترتبة على اختراق قراصنة القبّعات الرمادية لنظام مؤسسة ما ؟,عند قيام قراصنة القبعات الرمادية باختراق مؤسسة يقومون بنشر المحتوى حيث ان قيامهم بالاختراق هو عمل غير قانوني وهذا المحتوى يستعمل من قبل القبعات السود فيعتبر امر خطير,4,0.0,5.0,cybercrimes,short_answer,7,arabic,,اختراق نظام أمن بدون إذن، كشف العيوب الأمنية في البرامج أو على مواقع الويب بشكل عام بدلاً من كشف الخلل بشكل خاص إلى المؤسسة وإعطائها الوقت لإصلاحه مما يعطي الفرصة لاستغلاله من طرف قراصنة القبعات السوداء .,"{""question_type"": ""ما النتائج المترتبة على""}"
arasag,33,ما النتائج اللااخلاقية المترتبة على اختراق قراصنة القبّعات الرمادية لنظام مؤسسة ما ؟,اختراق برامج دون اذن صاحبها، قرصنة المعلومات و تغيرها و حذفها بشكل غير قانوني، نشر المعلومات التي تم التسلل اليها و ذلك بدون اقتضاء اي اجر مادي او معنوي ، نشر خصوصيات ومن ثم التشهير، القذف ….. التهديد.,4,0.0,5.0,cybercrimes,short_answer,7,arabic,,اختراق نظام أمن بدون إذن، كشف العيوب الأمنية في البرامج أو على مواقع الويب بشكل عام بدلاً من كشف الخلل بشكل خاص إلى المؤسسة وإعطائها الوقت لإصلاحه مما يعطي الفرصة لاستغلاله من طرف قراصنة القبعات السوداء .,"{""question_type"": ""ما النتائج المترتبة على""}"
arasag,33,ما النتائج اللااخلاقية المترتبة على اختراق قراصنة القبّعات الرمادية لنظام مؤسسة ما ؟,عند اختراقهم الأنظمة فذلك يجعل النظام ضعيف امام هجمات المخترقون (قبعة سوداء) لا ياخذون اذن المؤسسة قبل الاختراق ,1,0.0,5.0,cybercrimes,short_answer,7,arabic,,اختراق نظام أمن بدون إذن، كشف العيوب الأمنية في البرامج أو على مواقع الويب بشكل عام بدلاً من كشف الخلل بشكل خاص إلى المؤسسة وإعطائها الوقت لإصلاحه مما يعطي الفرصة لاستغلاله من طرف قراصنة القبعات السوداء .,"{""question_type"": ""ما النتائج المترتبة على""}"
arasag,33,ما النتائج اللااخلاقية المترتبة على اختراق قراصنة القبّعات الرمادية لنظام مؤسسة ما ؟,  -تقوم باستغلال الفجوات الامنية لنظام المؤسسة  و عدم الابلاغ عنها لتسهيل عملية الاقتحام و لاختراق اجهزة و انظمة المؤسسة من طرف اصحاب قبعة السوداء، تخريب الأجهزة، حصول على معلومات سرية ، التهديد و نصب و الاحتيال، التزوير، دخول في معاملات غير قانونية.,1,0.0,5.0,cybercrimes,short_answer,7,arabic,,اختراق نظام أمن بدون إذن، كشف العيوب الأمنية في البرامج أو على مواقع الويب بشكل عام بدلاً من كشف الخلل بشكل خاص إلى المؤسسة وإعطائها الوقت لإصلاحه مما يعطي الفرصة لاستغلاله من طرف قراصنة القبعات السوداء .,"{""question_type"": ""ما النتائج المترتبة على""}"
arasag,33,ما النتائج اللااخلاقية المترتبة على اختراق قراصنة القبّعات الرمادية لنظام مؤسسة ما ؟,قراصنة القبعات الرمادية يقومون باختراق انظمة المؤسسات دون طلب اذن من تلك المؤسسة و ذلك امر غير قانوني,2,0.0,5.0,cybercrimes,short_answer,7,arabic,,اختراق نظام أمن بدون إذن، كشف العيوب الأمنية في البرامج أو على مواقع الويب بشكل عام بدلاً من كشف الخلل بشكل خاص إلى المؤسسة وإعطائها الوقت لإصلاحه مما يعطي الفرصة لاستغلاله من طرف قراصنة القبعات السوداء .,"{""question_type"": ""ما النتائج المترتبة على""}"
arasag,33,ما النتائج اللااخلاقية المترتبة على اختراق قراصنة القبّعات الرمادية لنظام مؤسسة ما ؟,استغلال أصحاب القبعة السوداء الفرصة لان اصحاب القبعة الرمادية يقومون بالتشهير و الاعلان عوض الكتم و اخبار المؤسسة فقط.,2,0.0,5.0,cybercrimes,short_answer,7,arabic,,اختراق نظام أمن بدون إذن، كشف العيوب الأمنية في البرامج أو على مواقع الويب بشكل عام بدلاً من كشف الخلل بشكل خاص إلى المؤسسة وإعطائها الوقت لإصلاحه مما يعطي الفرصة لاستغلاله من طرف قراصنة القبعات السوداء .,"{""question_type"": ""ما النتائج المترتبة على""}"
arasag,33,ما النتائج اللااخلاقية المترتبة على اختراق قراصنة القبّعات الرمادية لنظام مؤسسة ما ؟,خلق ثغرات في النظام مما يسمح للقراصنة القبعة السوداء استغلال هذه الفرصة و الاستيلاء و تخريب النظام، الحرمان و ضياع النظام المعلوماتي و هذا أمر خطير جدا.,2,0.0,5.0,cybercrimes,short_answer,7,arabic,,اختراق نظام أمن بدون إذن، كشف العيوب الأمنية في البرامج أو على مواقع الويب بشكل عام بدلاً من كشف الخلل بشكل خاص إلى المؤسسة وإعطائها الوقت لإصلاحه مما يعطي الفرصة لاستغلاله من طرف قراصنة القبعات السوداء .,"{""question_type"": ""ما النتائج المترتبة على""}"
arasag,33,ما النتائج اللااخلاقية المترتبة على اختراق قراصنة القبّعات الرمادية لنظام مؤسسة ما ؟,ـيمكن ـن يقوم بنشر ما وجد من ثغرات فيقوم قراصنة القبعة السوداء بالاختراق قبل إصلاح الثغرة ، الإختراق بدون إذن في حد ذاته يعتبر جريمة.,5,0.0,5.0,cybercrimes,short_answer,7,arabic,,اختراق نظام أمن بدون إذن، كشف العيوب الأمنية في البرامج أو على مواقع الويب بشكل عام بدلاً من كشف الخلل بشكل خاص إلى المؤسسة وإعطائها الوقت لإصلاحه مما يعطي الفرصة لاستغلاله من طرف قراصنة القبعات السوداء .,"{""question_type"": ""ما النتائج المترتبة على""}"
arasag,33,ما النتائج اللااخلاقية المترتبة على اختراق قراصنة القبّعات الرمادية لنظام مؤسسة ما ؟,إختراق بدون إذن و إكتشاف العيوب و الثغرات الأمنية و نشرها فقط و يمكن بعدها أن يتم استغلالها من طرف القراصنة ذو القبعة السوداء  ,5,0.0,5.0,cybercrimes,short_answer,7,arabic,,اختراق نظام أمن بدون إذن، كشف العيوب الأمنية في البرامج أو على مواقع الويب بشكل عام بدلاً من كشف الخلل بشكل خاص إلى المؤسسة وإعطائها الوقت لإصلاحه مما يعطي الفرصة لاستغلاله من طرف قراصنة القبعات السوداء .,"{""question_type"": ""ما النتائج المترتبة على""}"
arasag,33,ما النتائج اللااخلاقية المترتبة على اختراق قراصنة القبّعات الرمادية لنظام مؤسسة ما ؟,سرقة أموال و معلومات وتحويلها لمؤسسات و جمعيات خيرية ، رغم أن القبعات الرماية تقوم بأعمال أخلاقية إلا أنها عند إختراق مؤسسة ما سوف تفتح الطريق و تعطي أفكار للقبعات السوداء.,1,0.0,5.0,cybercrimes,short_answer,7,arabic,,اختراق نظام أمن بدون إذن، كشف العيوب الأمنية في البرامج أو على مواقع الويب بشكل عام بدلاً من كشف الخلل بشكل خاص إلى المؤسسة وإعطائها الوقت لإصلاحه مما يعطي الفرصة لاستغلاله من طرف قراصنة القبعات السوداء .,"{""question_type"": ""ما النتائج المترتبة على""}"
arasag,33,ما النتائج اللااخلاقية المترتبة على اختراق قراصنة القبّعات الرمادية لنظام مؤسسة ما ؟,الإعلان و كشف النقاب علنا عن ثغرات و عيوب البرنامج مما يدعو الكراكر لإختراقه قبل أن تقوم بإصلاحه المؤسسة ,2,0.0,5.0,cybercrimes,short_answer,7,arabic,,اختراق نظام أمن بدون إذن، كشف العيوب الأمنية في البرامج أو على مواقع الويب بشكل عام بدلاً من كشف الخلل بشكل خاص إلى المؤسسة وإعطائها الوقت لإصلاحه مما يعطي الفرصة لاستغلاله من طرف قراصنة القبعات السوداء .,"{""question_type"": ""ما النتائج المترتبة على""}"
arasag,33,ما النتائج اللااخلاقية المترتبة على اختراق قراصنة القبّعات الرمادية لنظام مؤسسة ما ؟,تعريض الأنظمة لخطر الإختراق بحيث تصبح معرضة لهجمات مخترقي القبعات السوداء,2,0.0,5.0,cybercrimes,short_answer,7,arabic,,اختراق نظام أمن بدون إذن، كشف العيوب الأمنية في البرامج أو على مواقع الويب بشكل عام بدلاً من كشف الخلل بشكل خاص إلى المؤسسة وإعطائها الوقت لإصلاحه مما يعطي الفرصة لاستغلاله من طرف قراصنة القبعات السوداء .,"{""question_type"": ""ما النتائج المترتبة على""}"
arasag,33,ما النتائج اللااخلاقية المترتبة على اختراق قراصنة القبّعات الرمادية لنظام مؤسسة ما ؟,ـ الدخول إلى النظام بدون إذن اي اختراقه ونشر ذلك عامة علنا دون اخبار المؤسسة لوحدها,4,0.0,5.0,cybercrimes,short_answer,7,arabic,,اختراق نظام أمن بدون إذن، كشف العيوب الأمنية في البرامج أو على مواقع الويب بشكل عام بدلاً من كشف الخلل بشكل خاص إلى المؤسسة وإعطائها الوقت لإصلاحه مما يعطي الفرصة لاستغلاله من طرف قراصنة القبعات السوداء .,"{""question_type"": ""ما النتائج المترتبة على""}"
arasag,33,ما النتائج اللااخلاقية المترتبة على اختراق قراصنة القبّعات الرمادية لنظام مؤسسة ما ؟,النشر و التغيير سوء السمعة للمؤسسة ,2,0.0,5.0,cybercrimes,short_answer,7,arabic,,اختراق نظام أمن بدون إذن، كشف العيوب الأمنية في البرامج أو على مواقع الويب بشكل عام بدلاً من كشف الخلل بشكل خاص إلى المؤسسة وإعطائها الوقت لإصلاحه مما يعطي الفرصة لاستغلاله من طرف قراصنة القبعات السوداء .,"{""question_type"": ""ما النتائج المترتبة على""}"
arasag,33,ما النتائج اللااخلاقية المترتبة على اختراق قراصنة القبّعات الرمادية لنظام مؤسسة ما ؟,اختراق القبعات الرمادية لنظام مؤسسة يظهر عيب هدا النظام فهو يفتح المجال لقراصنة القبعة السوداء بالاختراق، سرقة وإتلاف المعلومات، خسائر مادية للمؤسسة,2,0.0,5.0,cybercrimes,short_answer,7,arabic,,اختراق نظام أمن بدون إذن، كشف العيوب الأمنية في البرامج أو على مواقع الويب بشكل عام بدلاً من كشف الخلل بشكل خاص إلى المؤسسة وإعطائها الوقت لإصلاحه مما يعطي الفرصة لاستغلاله من طرف قراصنة القبعات السوداء .,"{""question_type"": ""ما النتائج المترتبة على""}"
arasag,33,ما النتائج اللااخلاقية المترتبة على اختراق قراصنة القبّعات الرمادية لنظام مؤسسة ما ؟,نشر الثغرات على العامة ، الوصول الى معلومات حساسة دون سماح المؤسسة المستهدفة,4,0.0,5.0,cybercrimes,short_answer,7,arabic,,اختراق نظام أمن بدون إذن، كشف العيوب الأمنية في البرامج أو على مواقع الويب بشكل عام بدلاً من كشف الخلل بشكل خاص إلى المؤسسة وإعطائها الوقت لإصلاحه مما يعطي الفرصة لاستغلاله من طرف قراصنة القبعات السوداء .,"{""question_type"": ""ما النتائج المترتبة على""}"
arasag,33,ما النتائج اللااخلاقية المترتبة على اختراق قراصنة القبّعات الرمادية لنظام مؤسسة ما ؟,انحطاط سمعة المؤسسة، يسمح باستغلال الاختراق فتخسر المؤسسة سمعتها ,3,0.0,5.0,cybercrimes,short_answer,7,arabic,,اختراق نظام أمن بدون إذن، كشف العيوب الأمنية في البرامج أو على مواقع الويب بشكل عام بدلاً من كشف الخلل بشكل خاص إلى المؤسسة وإعطائها الوقت لإصلاحه مما يعطي الفرصة لاستغلاله من طرف قراصنة القبعات السوداء .,"{""question_type"": ""ما النتائج المترتبة على""}"
arasag,33,ما النتائج اللااخلاقية المترتبة على اختراق قراصنة القبّعات الرمادية لنظام مؤسسة ما ؟,الكشف عن الثغرات في النظام، عدم إعطاء الوقت الكافي لإصلاح العطب الذي أصاب النظام,5,0.0,5.0,cybercrimes,short_answer,7,arabic,,اختراق نظام أمن بدون إذن، كشف العيوب الأمنية في البرامج أو على مواقع الويب بشكل عام بدلاً من كشف الخلل بشكل خاص إلى المؤسسة وإعطائها الوقت لإصلاحه مما يعطي الفرصة لاستغلاله من طرف قراصنة القبعات السوداء .,"{""question_type"": ""ما النتائج المترتبة على""}"
arasag,33,ما النتائج اللااخلاقية المترتبة على اختراق قراصنة القبّعات الرمادية لنظام مؤسسة ما ؟,الدخول بدون اذن، تسريب برامج بالمجان، قرصنة النظام، التقليل من شان المؤسسات الكبرى,4,0.0,5.0,cybercrimes,short_answer,7,arabic,,اختراق نظام أمن بدون إذن، كشف العيوب الأمنية في البرامج أو على مواقع الويب بشكل عام بدلاً من كشف الخلل بشكل خاص إلى المؤسسة وإعطائها الوقت لإصلاحه مما يعطي الفرصة لاستغلاله من طرف قراصنة القبعات السوداء .,"{""question_type"": ""ما النتائج المترتبة على""}"
arasag,33,ما النتائج اللااخلاقية المترتبة على اختراق قراصنة القبّعات الرمادية لنظام مؤسسة ما ؟,اظهار الثغرات، فقدان المؤسسة لسمعتها، فتح مجال لقراصنة القبعات السوداء لاختراق النظام,4,0.0,5.0,cybercrimes,short_answer,7,arabic,,اختراق نظام أمن بدون إذن، كشف العيوب الأمنية في البرامج أو على مواقع الويب بشكل عام بدلاً من كشف الخلل بشكل خاص إلى المؤسسة وإعطائها الوقت لإصلاحه مما يعطي الفرصة لاستغلاله من طرف قراصنة القبعات السوداء .,"{""question_type"": ""ما النتائج المترتبة على""}"
arasag,33,ما النتائج اللااخلاقية المترتبة على اختراق قراصنة القبّعات الرمادية لنظام مؤسسة ما ؟,نشر الثغرات و العيوب، سرقة المعلومات السرية، تخريب الموقع,3,0.0,5.0,cybercrimes,short_answer,7,arabic,,اختراق نظام أمن بدون إذن، كشف العيوب الأمنية في البرامج أو على مواقع الويب بشكل عام بدلاً من كشف الخلل بشكل خاص إلى المؤسسة وإعطائها الوقت لإصلاحه مما يعطي الفرصة لاستغلاله من طرف قراصنة القبعات السوداء .,"{""question_type"": ""ما النتائج المترتبة على""}"
arasag,33,ما النتائج اللااخلاقية المترتبة على اختراق قراصنة القبّعات الرمادية لنظام مؤسسة ما ؟,تنبيه قراصنة القبعات السوداء ان هناك ثغر في النظام، افساد النظام و تعطيله,2,0.0,5.0,cybercrimes,short_answer,7,arabic,,اختراق نظام أمن بدون إذن، كشف العيوب الأمنية في البرامج أو على مواقع الويب بشكل عام بدلاً من كشف الخلل بشكل خاص إلى المؤسسة وإعطائها الوقت لإصلاحه مما يعطي الفرصة لاستغلاله من طرف قراصنة القبعات السوداء .,"{""question_type"": ""ما النتائج المترتبة على""}"
arasag,33,ما النتائج اللااخلاقية المترتبة على اختراق قراصنة القبّعات الرمادية لنظام مؤسسة ما ؟,نشر الثغرات على النت تمكن القبعات السود من استعمالها لأغراض شريرة ويعتبر غير اخلاقي,5,0.0,5.0,cybercrimes,short_answer,7,arabic,,اختراق نظام أمن بدون إذن، كشف العيوب الأمنية في البرامج أو على مواقع الويب بشكل عام بدلاً من كشف الخلل بشكل خاص إلى المؤسسة وإعطائها الوقت لإصلاحه مما يعطي الفرصة لاستغلاله من طرف قراصنة القبعات السوداء .,"{""question_type"": ""ما النتائج المترتبة على""}"
arasag,33,ما النتائج اللااخلاقية المترتبة على اختراق قراصنة القبّعات الرمادية لنظام مؤسسة ما ؟,عند قيام قراصنة القبعات الرمادية باختراق مؤسسة يقومون بجرائم من الناحية الفنية لأنهم يخترقون بدون إذن     ,3,0.0,5.0,cybercrimes,short_answer,7,arabic,,اختراق نظام أمن بدون إذن، كشف العيوب الأمنية في البرامج أو على مواقع الويب بشكل عام بدلاً من كشف الخلل بشكل خاص إلى المؤسسة وإعطائها الوقت لإصلاحه مما يعطي الفرصة لاستغلاله من طرف قراصنة القبعات السوداء .,"{""question_type"": ""ما النتائج المترتبة على""}"
arasag,33,ما النتائج اللااخلاقية المترتبة على اختراق قراصنة القبّعات الرمادية لنظام مؤسسة ما ؟,اما التصريح للمؤسسة المخترقة بانه تم اختراق النظام و الطلب منها تصليح العطل او التصريح بوجود ثغرة علنا و هو ما يستفيد منه قراصنة القبعات السوداء لتنفيذ هجماتهم ,2,0.0,5.0,cybercrimes,short_answer,7,arabic,,اختراق نظام أمن بدون إذن، كشف العيوب الأمنية في البرامج أو على مواقع الويب بشكل عام بدلاً من كشف الخلل بشكل خاص إلى المؤسسة وإعطائها الوقت لإصلاحه مما يعطي الفرصة لاستغلاله من طرف قراصنة القبعات السوداء .,"{""question_type"": ""ما النتائج المترتبة على""}"
arasag,33,ما النتائج اللااخلاقية المترتبة على اختراق قراصنة القبّعات الرمادية لنظام مؤسسة ما ؟,فضح الثغرات الموجودة في النظام بشكل عام ,2,0.0,5.0,cybercrimes,short_answer,7,arabic,,اختراق نظام أمن بدون إذن، كشف العيوب الأمنية في البرامج أو على مواقع الويب بشكل عام بدلاً من كشف الخلل بشكل خاص إلى المؤسسة وإعطائها الوقت لإصلاحه مما يعطي الفرصة لاستغلاله من طرف قراصنة القبعات السوداء .,"{""question_type"": ""ما النتائج المترتبة على""}"
arasag,33,ما النتائج اللااخلاقية المترتبة على اختراق قراصنة القبّعات الرمادية لنظام مؤسسة ما ؟,سرقة المعلومات الخاصة بها بفرض نشرها او بيعها او اتلافها ,1,0.0,5.0,cybercrimes,short_answer,7,arabic,,اختراق نظام أمن بدون إذن، كشف العيوب الأمنية في البرامج أو على مواقع الويب بشكل عام بدلاً من كشف الخلل بشكل خاص إلى المؤسسة وإعطائها الوقت لإصلاحه مما يعطي الفرصة لاستغلاله من طرف قراصنة القبعات السوداء .,"{""question_type"": ""ما النتائج المترتبة على""}"
arasag,33,ما النتائج اللااخلاقية المترتبة على اختراق قراصنة القبّعات الرمادية لنظام مؤسسة ما ؟,عطل مؤقت او كلي في نظام المعلومات، تهديد الذي تقع فيه المؤسسة من طرف القراصنة القبعات السوداء، الخسائر المالية المترتبة عن اختراق القراصنة القبعات السوداء، مشاكل مع الاعلام و الكشف عن المعلومات السرية للموظفين ,2,0.0,5.0,cybercrimes,short_answer,7,arabic,,اختراق نظام أمن بدون إذن، كشف العيوب الأمنية في البرامج أو على مواقع الويب بشكل عام بدلاً من كشف الخلل بشكل خاص إلى المؤسسة وإعطائها الوقت لإصلاحه مما يعطي الفرصة لاستغلاله من طرف قراصنة القبعات السوداء .,"{""question_type"": ""ما النتائج المترتبة على""}"
arasag,33,ما النتائج اللااخلاقية المترتبة على اختراق قراصنة القبّعات الرمادية لنظام مؤسسة ما ؟,الاطلاع و الحصول (السرقة) المعلومات بطريقة غير شرعية، تخريب و ابطاء و التعطيل، تغيير وجه الموقع ,2,0.0,5.0,cybercrimes,short_answer,7,arabic,,اختراق نظام أمن بدون إذن، كشف العيوب الأمنية في البرامج أو على مواقع الويب بشكل عام بدلاً من كشف الخلل بشكل خاص إلى المؤسسة وإعطائها الوقت لإصلاحه مما يعطي الفرصة لاستغلاله من طرف قراصنة القبعات السوداء .,"{""question_type"": ""ما النتائج المترتبة على""}"
arasag,33,ما النتائج اللااخلاقية المترتبة على اختراق قراصنة القبّعات الرمادية لنظام مؤسسة ما ؟,عدم ضمان سرية للنظام ,1,0.0,5.0,cybercrimes,short_answer,7,arabic,,اختراق نظام أمن بدون إذن، كشف العيوب الأمنية في البرامج أو على مواقع الويب بشكل عام بدلاً من كشف الخلل بشكل خاص إلى المؤسسة وإعطائها الوقت لإصلاحه مما يعطي الفرصة لاستغلاله من طرف قراصنة القبعات السوداء .,"{""question_type"": ""ما النتائج المترتبة على""}"
arasag,33,ما النتائج اللااخلاقية المترتبة على اختراق قراصنة القبّعات الرمادية لنظام مؤسسة ما ؟,اختلال و تعطل الأجهزة، زعزعة ثقة العمال في المؤسسة، حذف و تغيير البيانات، تكليف خسائر مادية و معنوية ,1,0.0,5.0,cybercrimes,short_answer,7,arabic,,اختراق نظام أمن بدون إذن، كشف العيوب الأمنية في البرامج أو على مواقع الويب بشكل عام بدلاً من كشف الخلل بشكل خاص إلى المؤسسة وإعطائها الوقت لإصلاحه مما يعطي الفرصة لاستغلاله من طرف قراصنة القبعات السوداء .,"{""question_type"": ""ما النتائج المترتبة على""}"
arasag,33,ما النتائج اللااخلاقية المترتبة على اختراق قراصنة القبّعات الرمادية لنظام مؤسسة ما ؟,عدم الالتزام بأخلاقيات النظام لانه يعمل على اختراق النظام الحاسب الالي بطريقة غير قانونية ,1,0.0,5.0,cybercrimes,short_answer,7,arabic,,اختراق نظام أمن بدون إذن، كشف العيوب الأمنية في البرامج أو على مواقع الويب بشكل عام بدلاً من كشف الخلل بشكل خاص إلى المؤسسة وإعطائها الوقت لإصلاحه مما يعطي الفرصة لاستغلاله من طرف قراصنة القبعات السوداء .,"{""question_type"": ""ما النتائج المترتبة على""}"
arasag,33,ما النتائج اللااخلاقية المترتبة على اختراق قراصنة القبّعات الرمادية لنظام مؤسسة ما ؟,اذا وجدوا عيبا في نظام الامن للمؤسسات و اعلنو عنه بشكل عام فقد يستغل ذلك الثغرة المخترقون ذوي القبعات السوداء,2,0.0,5.0,cybercrimes,short_answer,7,arabic,,اختراق نظام أمن بدون إذن، كشف العيوب الأمنية في البرامج أو على مواقع الويب بشكل عام بدلاً من كشف الخلل بشكل خاص إلى المؤسسة وإعطائها الوقت لإصلاحه مما يعطي الفرصة لاستغلاله من طرف قراصنة القبعات السوداء .,"{""question_type"": ""ما النتائج المترتبة على""}"
arasag,33,ما النتائج اللااخلاقية المترتبة على اختراق قراصنة القبّعات الرمادية لنظام مؤسسة ما ؟,الدخول بلا اذن مما يؤدي الى المعاقبة، الحصول على معلومات مجانية او بدون اذن المؤسسة، تشويه صورة البرامج في المؤسسة مما يجعلها غير امنة  و يصبح المستخدمون ليدفق في المؤسسة  ,3,0.0,5.0,cybercrimes,short_answer,7,arabic,,اختراق نظام أمن بدون إذن، كشف العيوب الأمنية في البرامج أو على مواقع الويب بشكل عام بدلاً من كشف الخلل بشكل خاص إلى المؤسسة وإعطائها الوقت لإصلاحه مما يعطي الفرصة لاستغلاله من طرف قراصنة القبعات السوداء .,"{""question_type"": ""ما النتائج المترتبة على""}"
arasag,33,ما النتائج اللااخلاقية المترتبة على اختراق قراصنة القبّعات الرمادية لنظام مؤسسة ما ؟,يخبر قراصنة القبعات الرمادية المؤسسة وحدها بالثغرات الموجودة لكي تتمكن المؤسسة من حماية نفسها و يبقى عمل غير قانوني ,1,0.0,5.0,cybercrimes,short_answer,7,arabic,,اختراق نظام أمن بدون إذن، كشف العيوب الأمنية في البرامج أو على مواقع الويب بشكل عام بدلاً من كشف الخلل بشكل خاص إلى المؤسسة وإعطائها الوقت لإصلاحه مما يعطي الفرصة لاستغلاله من طرف قراصنة القبعات السوداء .,"{""question_type"": ""ما النتائج المترتبة على""}"
arasag,33,ما النتائج اللااخلاقية المترتبة على اختراق قراصنة القبّعات الرمادية لنظام مؤسسة ما ؟,اكتشاف الثغرات و كشفها و اعلانها للعامة,4,0.0,5.0,cybercrimes,short_answer,7,arabic,,اختراق نظام أمن بدون إذن، كشف العيوب الأمنية في البرامج أو على مواقع الويب بشكل عام بدلاً من كشف الخلل بشكل خاص إلى المؤسسة وإعطائها الوقت لإصلاحه مما يعطي الفرصة لاستغلاله من طرف قراصنة القبعات السوداء .,"{""question_type"": ""ما النتائج المترتبة على""}"
arasag,33,ما النتائج اللااخلاقية المترتبة على اختراق قراصنة القبّعات الرمادية لنظام مؤسسة ما ؟,نشر الثغرات التى قد تستعمل من طرف القبعات السوداء، كشف سجلات المؤسسات و التلاعب بمعلوماتها، عدم ترك وقت للمؤسسة لتدارك و سد الثغرات,3,0.0,5.0,cybercrimes,short_answer,7,arabic,,اختراق نظام أمن بدون إذن، كشف العيوب الأمنية في البرامج أو على مواقع الويب بشكل عام بدلاً من كشف الخلل بشكل خاص إلى المؤسسة وإعطائها الوقت لإصلاحه مما يعطي الفرصة لاستغلاله من طرف قراصنة القبعات السوداء .,"{""question_type"": ""ما النتائج المترتبة على""}"
arasag,33,ما النتائج اللااخلاقية المترتبة على اختراق قراصنة القبّعات الرمادية لنظام مؤسسة ما ؟,تسريب معلومات بطريقة غير قانونية و بدون اذن و نشرها,3,0.0,5.0,cybercrimes,short_answer,7,arabic,,اختراق نظام أمن بدون إذن، كشف العيوب الأمنية في البرامج أو على مواقع الويب بشكل عام بدلاً من كشف الخلل بشكل خاص إلى المؤسسة وإعطائها الوقت لإصلاحه مما يعطي الفرصة لاستغلاله من طرف قراصنة القبعات السوداء .,"{""question_type"": ""ما النتائج المترتبة على""}"
arasag,33,ما النتائج اللااخلاقية المترتبة على اختراق قراصنة القبّعات الرمادية لنظام مؤسسة ما ؟,نشر للثغرة او المعلومات المستخلصة من العملية التي قد يستعملها قراصنة القبعات السود في عملياتهم الاجرامية  ,3,0.0,5.0,cybercrimes,short_answer,7,arabic,,اختراق نظام أمن بدون إذن، كشف العيوب الأمنية في البرامج أو على مواقع الويب بشكل عام بدلاً من كشف الخلل بشكل خاص إلى المؤسسة وإعطائها الوقت لإصلاحه مما يعطي الفرصة لاستغلاله من طرف قراصنة القبعات السوداء .,"{""question_type"": ""ما النتائج المترتبة على""}"
arasag,33,ما النتائج اللااخلاقية المترتبة على اختراق قراصنة القبّعات الرمادية لنظام مؤسسة ما ؟,عدم حصولهم على اذن من المؤسسة اثناء الاختراق و اخبار المؤسسة علنا بالثغرات بعد الاختراق يتيح الفرصة لقراصنة القبعة السوداء باقتحام النظام و سرقة المعلومات,4,0.0,5.0,cybercrimes,short_answer,7,arabic,,اختراق نظام أمن بدون إذن، كشف العيوب الأمنية في البرامج أو على مواقع الويب بشكل عام بدلاً من كشف الخلل بشكل خاص إلى المؤسسة وإعطائها الوقت لإصلاحه مما يعطي الفرصة لاستغلاله من طرف قراصنة القبعات السوداء .,"{""question_type"": ""ما النتائج المترتبة على""}"
arasag,33,ما النتائج اللااخلاقية المترتبة على اختراق قراصنة القبّعات الرمادية لنظام مؤسسة ما ؟,يعتبر سلوكهم لا قانوني حيث يقومون باختراق انظمة المؤسسة دون اذن بالتالي ابلاغ المؤسسة عن الثغرات المكتشفة بعد فوات الاوان حيث يكون الاختراق قد تم,3,0.0,5.0,cybercrimes,short_answer,7,arabic,,اختراق نظام أمن بدون إذن، كشف العيوب الأمنية في البرامج أو على مواقع الويب بشكل عام بدلاً من كشف الخلل بشكل خاص إلى المؤسسة وإعطائها الوقت لإصلاحه مما يعطي الفرصة لاستغلاله من طرف قراصنة القبعات السوداء .,"{""question_type"": ""ما النتائج المترتبة على""}"
arasag,33,ما النتائج اللااخلاقية المترتبة على اختراق قراصنة القبّعات الرمادية لنظام مؤسسة ما ؟,نشر امثال و وسائل الاختراق من قبل القبعات الرمادية تحت قراصنة قبعات السوداء على القيام بالمزيد من الاختراقات و هذا سيزيد عدد الجرائم,1,0.0,5.0,cybercrimes,short_answer,7,arabic,,اختراق نظام أمن بدون إذن، كشف العيوب الأمنية في البرامج أو على مواقع الويب بشكل عام بدلاً من كشف الخلل بشكل خاص إلى المؤسسة وإعطائها الوقت لإصلاحه مما يعطي الفرصة لاستغلاله من طرف قراصنة القبعات السوداء .,"{""question_type"": ""ما النتائج المترتبة على""}"
arasag,33,ما النتائج اللااخلاقية المترتبة على اختراق قراصنة القبّعات الرمادية لنظام مؤسسة ما ؟,الدخول الى نظام امن الكمبيوتر دون الحصول على اذن ) امر غير قانوني (، الكشف الضرر او الفجوة بطريق عامة بدلا من كشفه بطريقة خاصة لان هذا يترتب عليه استغلال، القبعات السوداء لمثل هذه الفرص,5,0.0,5.0,cybercrimes,short_answer,7,arabic,,اختراق نظام أمن بدون إذن، كشف العيوب الأمنية في البرامج أو على مواقع الويب بشكل عام بدلاً من كشف الخلل بشكل خاص إلى المؤسسة وإعطائها الوقت لإصلاحه مما يعطي الفرصة لاستغلاله من طرف قراصنة القبعات السوداء .,"{""question_type"": ""ما النتائج المترتبة على""}"
arasag,33,ما النتائج اللااخلاقية المترتبة على اختراق قراصنة القبّعات الرمادية لنظام مؤسسة ما ؟,النتائج اللاأخلاقية ي ه كشف الثغرات و العيوب للمؤسسة حيث يمكن للقبعات السوداء استعمالها قبل ان تغلقها المؤسسة فيؤذي ذلك المؤسسة و زبائنها,2,0.0,5.0,cybercrimes,short_answer,7,arabic,,اختراق نظام أمن بدون إذن، كشف العيوب الأمنية في البرامج أو على مواقع الويب بشكل عام بدلاً من كشف الخلل بشكل خاص إلى المؤسسة وإعطائها الوقت لإصلاحه مما يعطي الفرصة لاستغلاله من طرف قراصنة القبعات السوداء .,"{""question_type"": ""ما النتائج المترتبة على""}"
arasag,33,ما النتائج اللااخلاقية المترتبة على اختراق قراصنة القبّعات الرمادية لنظام مؤسسة ما ؟,نشر الثغرات في الانترنيت بدون علم المنظمة التي تحمل هذه الثغرة اصحاب القبعة السوداء تمكن ان يستعملوها قبل اصلاح الخلل، القيام بالاختراق غير قانون يعاقب عليها القانون، عدم تنبيه المنظمة صاحبة الثغرة,4,0.0,5.0,cybercrimes,short_answer,7,arabic,,اختراق نظام أمن بدون إذن، كشف العيوب الأمنية في البرامج أو على مواقع الويب بشكل عام بدلاً من كشف الخلل بشكل خاص إلى المؤسسة وإعطائها الوقت لإصلاحه مما يعطي الفرصة لاستغلاله من طرف قراصنة القبعات السوداء .,"{""question_type"": ""ما النتائج المترتبة على""}"
arasag,33,ما النتائج اللااخلاقية المترتبة على اختراق قراصنة القبّعات الرمادية لنظام مؤسسة ما ؟,ربما يقوم القراصنة بنشر الثغرة في الانترنيت مما يمكن ذوي القبعة السوداء من استغلالها قبل تصحيحها من طرف المؤسسة,3,0.0,5.0,cybercrimes,short_answer,7,arabic,,اختراق نظام أمن بدون إذن، كشف العيوب الأمنية في البرامج أو على مواقع الويب بشكل عام بدلاً من كشف الخلل بشكل خاص إلى المؤسسة وإعطائها الوقت لإصلاحه مما يعطي الفرصة لاستغلاله من طرف قراصنة القبعات السوداء .,"{""question_type"": ""ما النتائج المترتبة على""}"
arasag,1,  ما النتائج المترتبة على استعمال الخادم الوكيل في شبكة مؤسسة ما ؟,مراقبة أنشطة المستخدمين، مراقبة المواقع الالكترونية التي تتم زيارتها، حظر مواقع معينة لمجموعة من الأفراد، تقليل عرض النطاق الترددي.,3,0.0,5.0,cybercrimes,short_answer,7,arabic,,حجب  المواقع ، إعداد إحصاءات عن المواقع الإلكترونية لاستعمالها من طرف وكالات التسويق ، توفير عرض النطاق الترددي، إعداد إحصاءات المستخدم.,"{""question_type"": ""ما النتائج المترتبة على""}"
arasag,1,  ما النتائج المترتبة على استعمال الخادم الوكيل في شبكة مؤسسة ما ؟,حجب المواقع الغير المرغوبة لدخولها في المؤسسة، توفير عرض النطاق الترددي، إحصاء استخدامات المستخدم، إحصاء المواقع الالكترونية المرغوبة لوكالات الإعلان.,5,0.0,5.0,cybercrimes,short_answer,7,arabic,,حجب  المواقع ، إعداد إحصاءات عن المواقع الإلكترونية لاستعمالها من طرف وكالات التسويق ، توفير عرض النطاق الترددي، إعداد إحصاءات المستخدم.,"{""question_type"": ""ما النتائج المترتبة على""}"
arasag,1,  ما النتائج المترتبة على استعمال الخادم الوكيل في شبكة مؤسسة ما ؟,يصبح مستعملوا الشبكة غير قادرين على تصفح الانترنت بحرية كاملة؛ فكل مجموعة معينة يصرح لها استخدام مواقع محددة لأن الخادم الوكيل يستقبل طلبات تصفح الإنترنت ويمنع الأشخاص الغير مصرح لهم.,2,0.0,5.0,cybercrimes,short_answer,7,arabic,,حجب  المواقع ، إعداد إحصاءات عن المواقع الإلكترونية لاستعمالها من طرف وكالات التسويق ، توفير عرض النطاق الترددي، إعداد إحصاءات المستخدم.,"{""question_type"": ""ما النتائج المترتبة على""}"
arasag,1,  ما النتائج المترتبة على استعمال الخادم الوكيل في شبكة مؤسسة ما ؟,حجب المواقع، إمداد إحصائيات من المواقع التي تحبها وكالات التسويق، إعداد إحصاءات عن المستخدمين، إعداد النطاق الترددي.,4,0.0,5.0,cybercrimes,short_answer,7,arabic,,حجب  المواقع ، إعداد إحصاءات عن المواقع الإلكترونية لاستعمالها من طرف وكالات التسويق ، توفير عرض النطاق الترددي، إعداد إحصاءات المستخدم.,"{""question_type"": ""ما النتائج المترتبة على""}"
arasag,1,  ما النتائج المترتبة على استعمال الخادم الوكيل في شبكة مؤسسة ما ؟,هي حصر مستخدمي الإنترنت في وجهة واحدة لمنعهم من الوصول الى بعض المواقع المحجوبة,2,0.0,5.0,cybercrimes,short_answer,7,arabic,,حجب  المواقع ، إعداد إحصاءات عن المواقع الإلكترونية لاستعمالها من طرف وكالات التسويق ، توفير عرض النطاق الترددي، إعداد إحصاءات المستخدم.,"{""question_type"": ""ما النتائج المترتبة على""}"
arasag,1,  ما النتائج المترتبة على استعمال الخادم الوكيل في شبكة مؤسسة ما ؟,يقوم بحماية أنظمة تشغيل والأمان في المؤسسة بأرقام سرية خاصة وعند حدوث اي خلل او اختراق يقوم بالإبلاغ عنه ويقوم باللازم,2,0.0,5.0,cybercrimes,short_answer,7,arabic,,حجب  المواقع ، إعداد إحصاءات عن المواقع الإلكترونية لاستعمالها من طرف وكالات التسويق ، توفير عرض النطاق الترددي، إعداد إحصاءات المستخدم.,"{""question_type"": ""ما النتائج المترتبة على""}"
arasag,1,  ما النتائج المترتبة على استعمال الخادم الوكيل في شبكة مؤسسة ما ؟,الدخول إلى المواقع المحجوبة (التي أسستها هذه المؤسسة بحيث تمنع الخدام لدخول لها) فالخادم الوكيل يتم بواسطة وصول المخترق إلى مواقع المحجوبة لهذه المؤسسة.,2,0.0,5.0,cybercrimes,short_answer,7,arabic,,حجب  المواقع ، إعداد إحصاءات عن المواقع الإلكترونية لاستعمالها من طرف وكالات التسويق ، توفير عرض النطاق الترددي، إعداد إحصاءات المستخدم.,"{""question_type"": ""ما النتائج المترتبة على""}"
arasag,1,  ما النتائج المترتبة على استعمال الخادم الوكيل في شبكة مؤسسة ما ؟,تحجب مواقع بسبب الآلية أو الخطأ بشري بالإضافة إلى القيام بإحصائيات عن المواقع و عن المستخدمين وتوفير النطاق الترددي واستخدام تقنيات التحايل لتجاوز الوكيل.,4,0.0,5.0,cybercrimes,short_answer,7,arabic,,حجب  المواقع ، إعداد إحصاءات عن المواقع الإلكترونية لاستعمالها من طرف وكالات التسويق ، توفير عرض النطاق الترددي، إعداد إحصاءات المستخدم.,"{""question_type"": ""ما النتائج المترتبة على""}"
arasag,1,  ما النتائج المترتبة على استعمال الخادم الوكيل في شبكة مؤسسة ما ؟,حجب المواقع، إحصاءات المواقع الإلكترونية، إحصاءات المستخدم، توفير النطاق الترددي  ,4,0.0,5.0,cybercrimes,short_answer,7,arabic,,حجب  المواقع ، إعداد إحصاءات عن المواقع الإلكترونية لاستعمالها من طرف وكالات التسويق ، توفير عرض النطاق الترددي، إعداد إحصاءات المستخدم.,"{""question_type"": ""ما النتائج المترتبة على""}"
arasag,1,  ما النتائج المترتبة على استعمال الخادم الوكيل في شبكة مؤسسة ما ؟,توجيه اِرتباط جميع مستخدمي الشبكة في المؤسسة في اِتجاه واحد، حجب المواقع الغير مرغوبة.,2,0.0,5.0,cybercrimes,short_answer,7,arabic,,حجب  المواقع ، إعداد إحصاءات عن المواقع الإلكترونية لاستعمالها من طرف وكالات التسويق ، توفير عرض النطاق الترددي، إعداد إحصاءات المستخدم.,"{""question_type"": ""ما النتائج المترتبة على""}"
arasag,1,  ما النتائج المترتبة على استعمال الخادم الوكيل في شبكة مؤسسة ما ؟, لحصر أجهزة المتصلة بشبكة الانترنت عند قاعدة بيانات محددة لغرض حجب المواقع ولضمان وتوفير حماية للمعلومات، عرض النطاق الترددي واحصائيات للمواقع لإلكترونية المحبذة.,5,0.0,5.0,cybercrimes,short_answer,7,arabic,,حجب  المواقع ، إعداد إحصاءات عن المواقع الإلكترونية لاستعمالها من طرف وكالات التسويق ، توفير عرض النطاق الترددي، إعداد إحصاءات المستخدم.,"{""question_type"": ""ما النتائج المترتبة على""}"
arasag,1,  ما النتائج المترتبة على استعمال الخادم الوكيل في شبكة مؤسسة ما ؟,الحفاظ على سرية المعلومات في مؤسسة، يجمع مجموعة من مستخدمي لأنترنت في جهة واحدة لا يمكن أن تتطرف الى جميع المواقع التي تكون ممتلئة بالفيروسات.,3,0.0,5.0,cybercrimes,short_answer,7,arabic,,حجب  المواقع ، إعداد إحصاءات عن المواقع الإلكترونية لاستعمالها من طرف وكالات التسويق ، توفير عرض النطاق الترددي، إعداد إحصاءات المستخدم.,"{""question_type"": ""ما النتائج المترتبة على""}"
arasag,1,  ما النتائج المترتبة على استعمال الخادم الوكيل في شبكة مؤسسة ما ؟,حجب المواقع لإلكترونية أو الدخول إلى بعض المواقع المحجوبة باستعمال تقنيات التحايل، تجاوز الوكيل عبر الاِنترنت.,2,0.0,5.0,cybercrimes,short_answer,7,arabic,,حجب  المواقع ، إعداد إحصاءات عن المواقع الإلكترونية لاستعمالها من طرف وكالات التسويق ، توفير عرض النطاق الترددي، إعداد إحصاءات المستخدم.,"{""question_type"": ""ما النتائج المترتبة على""}"
arasag,1,  ما النتائج المترتبة على استعمال الخادم الوكيل في شبكة مؤسسة ما ؟,منع المواقع المحجوبة، اعداد احصاءات المستخدمين في تلك الشبكة، اعداد احصاءات (الوكالات التجارية) المواقع التي تحبها الوكالات التجارية ، توفير عرض النطاق الترددي.,4,0.0,5.0,cybercrimes,short_answer,7,arabic,,حجب  المواقع ، إعداد إحصاءات عن المواقع الإلكترونية لاستعمالها من طرف وكالات التسويق ، توفير عرض النطاق الترددي، إعداد إحصاءات المستخدم.,"{""question_type"": ""ما النتائج المترتبة على""}"
arasag,1,  ما النتائج المترتبة على استعمال الخادم الوكيل في شبكة مؤسسة ما ؟,العلم بكل ما يقوم به المستخدم، حجز المواقع الغير مراد بها ، وضع حواجز للمستخدمين حيث لا يستطيعون القيام بجميع العمليات التي يريدونها) لا يستطيع الكل التطلع على كل شيء.(,4,0.0,5.0,cybercrimes,short_answer,7,arabic,,حجب  المواقع ، إعداد إحصاءات عن المواقع الإلكترونية لاستعمالها من طرف وكالات التسويق ، توفير عرض النطاق الترددي، إعداد إحصاءات المستخدم.,"{""question_type"": ""ما النتائج المترتبة على""}"
arasag,1,  ما النتائج المترتبة على استعمال الخادم الوكيل في شبكة مؤسسة ما ؟,يقوم الخادم الوكيل بحصر مستخدمي الأنترنت في المؤسسة في جهة واحدة لغرض حجب مواقع إلكترونية و إحصاء مستخدمي المؤسسة و إحصاء المواقع الإلكترونية,4,0.0,5.0,cybercrimes,short_answer,7,arabic,,حجب  المواقع ، إعداد إحصاءات عن المواقع الإلكترونية لاستعمالها من طرف وكالات التسويق ، توفير عرض النطاق الترددي، إعداد إحصاءات المستخدم.,"{""question_type"": ""ما النتائج المترتبة على""}"
arasag,1,  ما النتائج المترتبة على استعمال الخادم الوكيل في شبكة مؤسسة ما ؟,حجب مواقع معينة حتى لا يدخلها الموظفون,2,0.0,5.0,cybercrimes,short_answer,7,arabic,,حجب  المواقع ، إعداد إحصاءات عن المواقع الإلكترونية لاستعمالها من طرف وكالات التسويق ، توفير عرض النطاق الترددي، إعداد إحصاءات المستخدم.,"{""question_type"": ""ما النتائج المترتبة على""}"
arasag,1,  ما النتائج المترتبة على استعمال الخادم الوكيل في شبكة مؤسسة ما ؟,حجب مجموعة من المواقع على مستعملي الأنترنت ، الحصول على حماية أفضل لأنه يتم التحكم في المواقع المتاحة.,2,0.0,5.0,cybercrimes,short_answer,7,arabic,,حجب  المواقع ، إعداد إحصاءات عن المواقع الإلكترونية لاستعمالها من طرف وكالات التسويق ، توفير عرض النطاق الترددي، إعداد إحصاءات المستخدم.,"{""question_type"": ""ما النتائج المترتبة على""}"
arasag,1,  ما النتائج المترتبة على استعمال الخادم الوكيل في شبكة مؤسسة ما ؟,يمنع المستخدمين الوصول إلى المواقع المحجوبة و لهذا يكون جزء من أمن المعلومات ,2,0.0,5.0,cybercrimes,short_answer,7,arabic,,حجب  المواقع ، إعداد إحصاءات عن المواقع الإلكترونية لاستعمالها من طرف وكالات التسويق ، توفير عرض النطاق الترددي، إعداد إحصاءات المستخدم.,"{""question_type"": ""ما النتائج المترتبة على""}"
arasag,1,  ما النتائج المترتبة على استعمال الخادم الوكيل في شبكة مؤسسة ما ؟,تكون في حصر شبكة المؤسسة فيجب مواقع حكومية أو مواقع مشبوهة عن المؤسسة فلا يمكن الوصول إليها ,2,0.0,5.0,cybercrimes,short_answer,7,arabic,,حجب  المواقع ، إعداد إحصاءات عن المواقع الإلكترونية لاستعمالها من طرف وكالات التسويق ، توفير عرض النطاق الترددي، إعداد إحصاءات المستخدم.,"{""question_type"": ""ما النتائج المترتبة على""}"
arasag,1,  ما النتائج المترتبة على استعمال الخادم الوكيل في شبكة مؤسسة ما ؟,"حجب المواقع لأغراض معينة (جنسية,معادية للدولة,...)، إجراء إحصاءات على المواقع التي تحبها وكالات التسويق ، إحصائيات المستخدم.",4,0.0,5.0,cybercrimes,short_answer,7,arabic,,حجب  المواقع ، إعداد إحصاءات عن المواقع الإلكترونية لاستعمالها من طرف وكالات التسويق ، توفير عرض النطاق الترددي، إعداد إحصاءات المستخدم.,"{""question_type"": ""ما النتائج المترتبة على""}"
arasag,1,  ما النتائج المترتبة على استعمال الخادم الوكيل في شبكة مؤسسة ما ؟,تفادي مواقع الأنترنت الغير مرغوب بها في تلك المؤسسة,2,0.0,5.0,cybercrimes,short_answer,7,arabic,,حجب  المواقع ، إعداد إحصاءات عن المواقع الإلكترونية لاستعمالها من طرف وكالات التسويق ، توفير عرض النطاق الترددي، إعداد إحصاءات المستخدم.,"{""question_type"": ""ما النتائج المترتبة على""}"
arasag,1,  ما النتائج المترتبة على استعمال الخادم الوكيل في شبكة مؤسسة ما ؟,التحكم في الإتصالات الخارجة منها نحو المواقع و امكانية منع الإلتحاق بها,2,0.0,5.0,cybercrimes,short_answer,7,arabic,,حجب  المواقع ، إعداد إحصاءات عن المواقع الإلكترونية لاستعمالها من طرف وكالات التسويق ، توفير عرض النطاق الترددي، إعداد إحصاءات المستخدم.,"{""question_type"": ""ما النتائج المترتبة على""}"
arasag,1,  ما النتائج المترتبة على استعمال الخادم الوكيل في شبكة مؤسسة ما ؟,حجب المواقع بمختلف صفاتها مراقبة الأشخاص من حيث المواقع التي يزورها,2,0.0,5.0,cybercrimes,short_answer,7,arabic,,حجب  المواقع ، إعداد إحصاءات عن المواقع الإلكترونية لاستعمالها من طرف وكالات التسويق ، توفير عرض النطاق الترددي، إعداد إحصاءات المستخدم.,"{""question_type"": ""ما النتائج المترتبة على""}"
arasag,1,  ما النتائج المترتبة على استعمال الخادم الوكيل في شبكة مؤسسة ما ؟,يستعمل الخادم الوكيل في شبكة مؤسسة ما من أجل الوصول إلى المواقع المحجوبة في شبكتها,0,0.0,5.0,cybercrimes,short_answer,7,arabic,,حجب  المواقع ، إعداد إحصاءات عن المواقع الإلكترونية لاستعمالها من طرف وكالات التسويق ، توفير عرض النطاق الترددي، إعداد إحصاءات المستخدم.,"{""question_type"": ""ما النتائج المترتبة على""}"
arasag,1,  ما النتائج المترتبة على استعمال الخادم الوكيل في شبكة مؤسسة ما ؟,يمنع المستخدمين من تصفح بعض المواقع المحجوبة و الغير المسموحة لكن في بعض الأحيان يستعمل هذا الخادم الوكيل بطريقة خاطئة فيمنع الوصول إلى مواقع التي ليس من المفروض منعها أو حجبها,3,0.0,5.0,cybercrimes,short_answer,7,arabic,,حجب  المواقع ، إعداد إحصاءات عن المواقع الإلكترونية لاستعمالها من طرف وكالات التسويق ، توفير عرض النطاق الترددي، إعداد إحصاءات المستخدم.,"{""question_type"": ""ما النتائج المترتبة على""}"
arasag,1,  ما النتائج المترتبة على استعمال الخادم الوكيل في شبكة مؤسسة ما ؟,حجب مواقع لا نريد من مستخدمي المؤسسة الولوج إليها، القيام بإحصاءات حول المواقع الأكثر زيارة من طرف مستخدمي المؤسسة.,4,0.0,5.0,cybercrimes,short_answer,7,arabic,,حجب  المواقع ، إعداد إحصاءات عن المواقع الإلكترونية لاستعمالها من طرف وكالات التسويق ، توفير عرض النطاق الترددي، إعداد إحصاءات المستخدم.,"{""question_type"": ""ما النتائج المترتبة على""}"
arasag,1,  ما النتائج المترتبة على استعمال الخادم الوكيل في شبكة مؤسسة ما ؟,ليتمكن من تأمينها و العثور على الثغرات,0,0.0,5.0,cybercrimes,short_answer,7,arabic,,حجب  المواقع ، إعداد إحصاءات عن المواقع الإلكترونية لاستعمالها من طرف وكالات التسويق ، توفير عرض النطاق الترددي، إعداد إحصاءات المستخدم.,"{""question_type"": ""ما النتائج المترتبة على""}"
arasag,1,  ما النتائج المترتبة على استعمال الخادم الوكيل في شبكة مؤسسة ما ؟,حجب بعض المواقع المراد حجبها لمنع أعضاء المؤسسة من الدخول إليها,2,0.0,5.0,cybercrimes,short_answer,7,arabic,,حجب  المواقع ، إعداد إحصاءات عن المواقع الإلكترونية لاستعمالها من طرف وكالات التسويق ، توفير عرض النطاق الترددي، إعداد إحصاءات المستخدم.,"{""question_type"": ""ما النتائج المترتبة على""}"
arasag,1,  ما النتائج المترتبة على استعمال الخادم الوكيل في شبكة مؤسسة ما ؟,"الوصول إلى مواقع محجوبة على المستخدم أما النتائج الأخرى فهي حجب بعض المواقع, معرفة استعمالات المستخدمين, إمكانية القيام بإحصائيات",4,0.0,5.0,cybercrimes,short_answer,7,arabic,,حجب  المواقع ، إعداد إحصاءات عن المواقع الإلكترونية لاستعمالها من طرف وكالات التسويق ، توفير عرض النطاق الترددي، إعداد إحصاءات المستخدم.,"{""question_type"": ""ما النتائج المترتبة على""}"
arasag,1,  ما النتائج المترتبة على استعمال الخادم الوكيل في شبكة مؤسسة ما ؟,حجب المواقع حضر ارتباط جميع مستخدمي الإنترنت في وجه واحدة ضمن جهاز موحد,2,0.0,5.0,cybercrimes,short_answer,7,arabic,,حجب  المواقع ، إعداد إحصاءات عن المواقع الإلكترونية لاستعمالها من طرف وكالات التسويق ، توفير عرض النطاق الترددي، إعداد إحصاءات المستخدم.,"{""question_type"": ""ما النتائج المترتبة على""}"
arasag,1,  ما النتائج المترتبة على استعمال الخادم الوكيل في شبكة مؤسسة ما ؟,تضمن سلامة مستعملي الشبكة لانها تحجب المواقع الضارة، تقيد مستعملي الشبكة أو الشركة بعدم تواصلهم مع جهات خارجية قد تكون هي بدورها سببا في اختراق المؤسسة.,2,0.0,5.0,cybercrimes,short_answer,7,arabic,,حجب  المواقع ، إعداد إحصاءات عن المواقع الإلكترونية لاستعمالها من طرف وكالات التسويق ، توفير عرض النطاق الترددي، إعداد إحصاءات المستخدم.,"{""question_type"": ""ما النتائج المترتبة على""}"
arasag,1,  ما النتائج المترتبة على استعمال الخادم الوكيل في شبكة مؤسسة ما ؟,حجب بعض المواقع، توفير عرض النطاق الترددي، عمل إحصائيات على المستخدم ما يجعل العمل جدي لكن قد تحدث أخطاء في حجب بعض المواقع العادية هذه التقنية معرضة لأخطاء بشرية,4,0.0,5.0,cybercrimes,short_answer,7,arabic,,حجب  المواقع ، إعداد إحصاءات عن المواقع الإلكترونية لاستعمالها من طرف وكالات التسويق ، توفير عرض النطاق الترددي، إعداد إحصاءات المستخدم.,"{""question_type"": ""ما النتائج المترتبة على""}"
arasag,1,  ما النتائج المترتبة على استعمال الخادم الوكيل في شبكة مؤسسة ما ؟,حجب بعض المواقع ,2,0.0,5.0,cybercrimes,short_answer,7,arabic,,حجب  المواقع ، إعداد إحصاءات عن المواقع الإلكترونية لاستعمالها من طرف وكالات التسويق ، توفير عرض النطاق الترددي، إعداد إحصاءات المستخدم.,"{""question_type"": ""ما النتائج المترتبة على""}"
arasag,1,  ما النتائج المترتبة على استعمال الخادم الوكيل في شبكة مؤسسة ما ؟,حجب بعض المواقع، توفير عرضة النطاق الترددي، إعداد إحصاءات المستخدم، اعداد إحصاءات عن المواقع الالكترونية التي تحبها الوكالات,5,0.0,5.0,cybercrimes,short_answer,7,arabic,,حجب  المواقع ، إعداد إحصاءات عن المواقع الإلكترونية لاستعمالها من طرف وكالات التسويق ، توفير عرض النطاق الترددي، إعداد إحصاءات المستخدم.,"{""question_type"": ""ما النتائج المترتبة على""}"
arasag,1,  ما النتائج المترتبة على استعمال الخادم الوكيل في شبكة مؤسسة ما ؟,حجب بعض المواقع في المؤسسة له اثر ايجابي على المؤسسة لانه يمنع الموظفين من الاشتغال بشيء اخر,2,0.0,5.0,cybercrimes,short_answer,7,arabic,,حجب  المواقع ، إعداد إحصاءات عن المواقع الإلكترونية لاستعمالها من طرف وكالات التسويق ، توفير عرض النطاق الترددي، إعداد إحصاءات المستخدم.,"{""question_type"": ""ما النتائج المترتبة على""}"
arasag,1,  ما النتائج المترتبة على استعمال الخادم الوكيل في شبكة مؤسسة ما ؟,احصاء و معرفة المواقع التي يتم زيارتها من طرف الموظفين، تسريع الانترنت و الخدمة بالمقابل، حجب المواقع التي ليس لها دور في العمل,4,0.0,5.0,cybercrimes,short_answer,7,arabic,,حجب  المواقع ، إعداد إحصاءات عن المواقع الإلكترونية لاستعمالها من طرف وكالات التسويق ، توفير عرض النطاق الترددي، إعداد إحصاءات المستخدم.,"{""question_type"": ""ما النتائج المترتبة على""}"
arasag,1,  ما النتائج المترتبة على استعمال الخادم الوكيل في شبكة مؤسسة ما ؟,منع المستخدمين من الدخول الى المواقع المحجوبة، الاطلاع على المواقع التي يزورها المستخدم,3,0.0,5.0,cybercrimes,short_answer,7,arabic,,حجب  المواقع ، إعداد إحصاءات عن المواقع الإلكترونية لاستعمالها من طرف وكالات التسويق ، توفير عرض النطاق الترددي، إعداد إحصاءات المستخدم.,"{""question_type"": ""ما النتائج المترتبة على""}"
arasag,1,  ما النتائج المترتبة على استعمال الخادم الوكيل في شبكة مؤسسة ما ؟,يمنع الموظفين من الاشتغال بشيء اخر,1,0.0,5.0,cybercrimes,short_answer,7,arabic,,حجب  المواقع ، إعداد إحصاءات عن المواقع الإلكترونية لاستعمالها من طرف وكالات التسويق ، توفير عرض النطاق الترددي، إعداد إحصاءات المستخدم.,"{""question_type"": ""ما النتائج المترتبة على""}"
arasag,1,  ما النتائج المترتبة على استعمال الخادم الوكيل في شبكة مؤسسة ما ؟,حجب بعض المواقع، التحكم في استخدام الانترنت,2,0.0,5.0,cybercrimes,short_answer,7,arabic,,حجب  المواقع ، إعداد إحصاءات عن المواقع الإلكترونية لاستعمالها من طرف وكالات التسويق ، توفير عرض النطاق الترددي، إعداد إحصاءات المستخدم.,"{""question_type"": ""ما النتائج المترتبة على""}"
arasag,23,علّل لماذا يشكل الإنسان الحلقة الضعيفة في سلسلة الأمن المعلوماتي؟,  نظرا لطبيعة الإنسان وأخلاقه فقد يشكل الحلقة الأضعف في النظام عن طريق تسريبه للمعلومات او ضعف كفاءته في مجال الأمن المعلوماتي.,2,0.0,5.0,cybercrimes,short_answer,7,arabic,,يثق الإنسان بالآخرين فيسهل خداعه عن طريق الهندسة الاجتماعية النفسية بحيث يمكن اختراق الأمن بسبل غير تقنية ، لا توجد تقنية تمنع خداع الإنسان، اختراق الإنسان أسهل من اختراق الأجهزة خاصة في ضوء قلة التوعية.,"{""question_type"": ""علل""}"
arasag,23,علّل لماذا يشكل الإنسان الحلقة الضعيفة في سلسلة الأمن المعلوماتي؟,تطبيق الهندسة النفسية الاجتماعية عليه و التي تستخدم مختلف أساليب التلاعب النفسي لإيذاء و خداع الآخرين للحصول على معلوماتهم الخاصة و كذلك لان الناس يثقون بغيرهم .,4,0.0,5.0,cybercrimes,short_answer,7,arabic,,يثق الإنسان بالآخرين فيسهل خداعه عن طريق الهندسة الاجتماعية النفسية بحيث يمكن اختراق الأمن بسبل غير تقنية ، لا توجد تقنية تمنع خداع الإنسان، اختراق الإنسان أسهل من اختراق الأجهزة خاصة في ضوء قلة التوعية.,"{""question_type"": ""علل""}"
arasag,23,علّل لماذا يشكل الإنسان الحلقة الضعيفة في سلسلة الأمن المعلوماتي؟,سهولة التلاعب به ثقته الكبيرة في الناس .,4,0.0,5.0,cybercrimes,short_answer,7,arabic,,يثق الإنسان بالآخرين فيسهل خداعه عن طريق الهندسة الاجتماعية النفسية بحيث يمكن اختراق الأمن بسبل غير تقنية ، لا توجد تقنية تمنع خداع الإنسان، اختراق الإنسان أسهل من اختراق الأجهزة خاصة في ضوء قلة التوعية.,"{""question_type"": ""علل""}"
arasag,23,علّل لماذا يشكل الإنسان الحلقة الضعيفة في سلسلة الأمن المعلوماتي؟,الانسان يثق بالآخرين و بسهولة يتم خداعه و تلاعب بنفسيته مما يسهل في عملية سرقة المعلومات ،و لا توجد أي طريقة لمعالجة هذا التلاعب و تتم بعدة طرق مثل : الهاتف، عبر صفحات الالكترونية، وجها لوجه,4,0.0,5.0,cybercrimes,short_answer,7,arabic,,يثق الإنسان بالآخرين فيسهل خداعه عن طريق الهندسة الاجتماعية النفسية بحيث يمكن اختراق الأمن بسبل غير تقنية ، لا توجد تقنية تمنع خداع الإنسان، اختراق الإنسان أسهل من اختراق الأجهزة خاصة في ضوء قلة التوعية.,"{""question_type"": ""علل""}"
arasag,23,علّل لماذا يشكل الإنسان الحلقة الضعيفة في سلسلة الأمن المعلوماتي؟,خضوعه للتضليل من طرف البرامج الاختراقية و خداعه بسهولة إلا من يتمتع بالذكاء,3,0.0,5.0,cybercrimes,short_answer,7,arabic,,يثق الإنسان بالآخرين فيسهل خداعه عن طريق الهندسة الاجتماعية النفسية بحيث يمكن اختراق الأمن بسبل غير تقنية ، لا توجد تقنية تمنع خداع الإنسان، اختراق الإنسان أسهل من اختراق الأجهزة خاصة في ضوء قلة التوعية.,"{""question_type"": ""علل""}"
arasag,23,علّل لماذا يشكل الإنسان الحلقة الضعيفة في سلسلة الأمن المعلوماتي؟,الإنسان يعتبر من أهم عناصر الأمن لأن إختراق الإنسان لها من إختراق الأجهزة ، من طرق الجريمة الإلكترونية هي الهندسة الإجتماعية النفسية في مكان إغرائه برسائل و بالمقابل يمنحك المعلومات,3,0.0,5.0,cybercrimes,short_answer,7,arabic,,يثق الإنسان بالآخرين فيسهل خداعه عن طريق الهندسة الاجتماعية النفسية بحيث يمكن اختراق الأمن بسبل غير تقنية ، لا توجد تقنية تمنع خداع الإنسان، اختراق الإنسان أسهل من اختراق الأجهزة خاصة في ضوء قلة التوعية.,"{""question_type"": ""علل""}"
arasag,23,علّل لماذا يشكل الإنسان الحلقة الضعيفة في سلسلة الأمن المعلوماتي؟,لأنه يثق بالآخرين ، و ليس واعي أو له ثقافة في أمن المعلومات .,2,0.0,5.0,cybercrimes,short_answer,7,arabic,,يثق الإنسان بالآخرين فيسهل خداعه عن طريق الهندسة الاجتماعية النفسية بحيث يمكن اختراق الأمن بسبل غير تقنية ، لا توجد تقنية تمنع خداع الإنسان، اختراق الإنسان أسهل من اختراق الأجهزة خاصة في ضوء قلة التوعية.,"{""question_type"": ""علل""}"
arasag,23,علّل لماذا يشكل الإنسان الحلقة الضعيفة في سلسلة الأمن المعلوماتي؟,الثقة بالغير، إختراق بطرق غير تقنية، لا توجد وسيلة لمنع، يستخدم في مختلف شؤون الحياة .,3,0.0,5.0,cybercrimes,short_answer,7,arabic,,يثق الإنسان بالآخرين فيسهل خداعه عن طريق الهندسة الاجتماعية النفسية بحيث يمكن اختراق الأمن بسبل غير تقنية ، لا توجد تقنية تمنع خداع الإنسان، اختراق الإنسان أسهل من اختراق الأجهزة خاصة في ضوء قلة التوعية.,"{""question_type"": ""علل""}"
arasag,23,علّل لماذا يشكل الإنسان الحلقة الضعيفة في سلسلة الأمن المعلوماتي؟,لأنه هو من يضع الحواجز الإلكترونية فإن الإنسان الذكي يمكنه خرق ذلك الجدار.,0,0.0,5.0,cybercrimes,short_answer,7,arabic,,يثق الإنسان بالآخرين فيسهل خداعه عن طريق الهندسة الاجتماعية النفسية بحيث يمكن اختراق الأمن بسبل غير تقنية ، لا توجد تقنية تمنع خداع الإنسان، اختراق الإنسان أسهل من اختراق الأجهزة خاصة في ضوء قلة التوعية.,"{""question_type"": ""علل""}"
arasag,23,علّل لماذا يشكل الإنسان الحلقة الضعيفة في سلسلة الأمن المعلوماتي؟,إختراق الإنسان أسهل من إختراق الأجهزة و ذلك لأن الإنسان يتأثر بما يشاهد و يسمع في الشبكات و قد يؤدي ذلك في بعض الأحيان إلى ضرره مثلا إذا كان في زيارة مواقع الإرهاب الإلكتروني .,2,0.0,5.0,cybercrimes,short_answer,7,arabic,,يثق الإنسان بالآخرين فيسهل خداعه عن طريق الهندسة الاجتماعية النفسية بحيث يمكن اختراق الأمن بسبل غير تقنية ، لا توجد تقنية تمنع خداع الإنسان، اختراق الإنسان أسهل من اختراق الأجهزة خاصة في ضوء قلة التوعية.,"{""question_type"": ""علل""}"
arasag,23,علّل لماذا يشكل الإنسان الحلقة الضعيفة في سلسلة الأمن المعلوماتي؟,لأن الانسان ضعيف و يمكن له أن يخطئ فيقع في ثغرات .,0,0.0,5.0,cybercrimes,short_answer,7,arabic,,يثق الإنسان بالآخرين فيسهل خداعه عن طريق الهندسة الاجتماعية النفسية بحيث يمكن اختراق الأمن بسبل غير تقنية ، لا توجد تقنية تمنع خداع الإنسان، اختراق الإنسان أسهل من اختراق الأجهزة خاصة في ضوء قلة التوعية.,"{""question_type"": ""علل""}"
arasag,23,علّل لماذا يشكل الإنسان الحلقة الضعيفة في سلسلة الأمن المعلوماتي؟,الهندسة النفسية الاجتماعية هي سلوك يقوم على التلاعب العقلي لإيذاء الآخرين و الحصول على معلومات سرية الناس يثقون بالآخرين .,3,0.0,5.0,cybercrimes,short_answer,7,arabic,,يثق الإنسان بالآخرين فيسهل خداعه عن طريق الهندسة الاجتماعية النفسية بحيث يمكن اختراق الأمن بسبل غير تقنية ، لا توجد تقنية تمنع خداع الإنسان، اختراق الإنسان أسهل من اختراق الأجهزة خاصة في ضوء قلة التوعية.,"{""question_type"": ""علل""}"
arasag,23,علّل لماذا يشكل الإنسان الحلقة الضعيفة في سلسلة الأمن المعلوماتي؟,لأنه يعتبر أهم مستهدف من طرف المخترقون و يكون الضحية السهلة .,2,0.0,5.0,cybercrimes,short_answer,7,arabic,,يثق الإنسان بالآخرين فيسهل خداعه عن طريق الهندسة الاجتماعية النفسية بحيث يمكن اختراق الأمن بسبل غير تقنية ، لا توجد تقنية تمنع خداع الإنسان، اختراق الإنسان أسهل من اختراق الأجهزة خاصة في ضوء قلة التوعية.,"{""question_type"": ""علل""}"
arasag,23,علّل لماذا يشكل الإنسان الحلقة الضعيفة في سلسلة الأمن المعلوماتي؟,لأنه قد يكون السبب في ضياعها عبر البوح بالكلمات المرورية لمعلومات تخص الشركة مثلا أو استخدام أحد الموظفين لسرقة بعض المعلومات مقابل مصلحة مادية .,4,0.0,5.0,cybercrimes,short_answer,7,arabic,,يثق الإنسان بالآخرين فيسهل خداعه عن طريق الهندسة الاجتماعية النفسية بحيث يمكن اختراق الأمن بسبل غير تقنية ، لا توجد تقنية تمنع خداع الإنسان، اختراق الإنسان أسهل من اختراق الأجهزة خاصة في ضوء قلة التوعية.,"{""question_type"": ""علل""}"
arasag,23,علّل لماذا يشكل الإنسان الحلقة الضعيفة في سلسلة الأمن المعلوماتي؟,لأنه يحتاج لتكوين قصد الإستغلال الأمثل للتكنولوجيا فمعظم المستعملين أناس معلوماتهم جد سطحية في الأمن المعلوماتي . أي شخص يمكن استهدافه بواسطة الهندسة الإجتماعية النفسية و التحايل عليه و خداعه .,4,0.0,5.0,cybercrimes,short_answer,7,arabic,,يثق الإنسان بالآخرين فيسهل خداعه عن طريق الهندسة الاجتماعية النفسية بحيث يمكن اختراق الأمن بسبل غير تقنية ، لا توجد تقنية تمنع خداع الإنسان، اختراق الإنسان أسهل من اختراق الأجهزة خاصة في ضوء قلة التوعية.,"{""question_type"": ""علل""}"
arasag,23,علّل لماذا يشكل الإنسان الحلقة الضعيفة في سلسلة الأمن المعلوماتي؟,لأنه يقع في الخطأ بطريقة الهندسة الإجتماعية، لأن الإنسان يثق بالناس، و لا يمكن محاربة هذه الهجمة الإجتماعية لأنها تعتمد على الإنسان نفسه .,4,0.0,5.0,cybercrimes,short_answer,7,arabic,,يثق الإنسان بالآخرين فيسهل خداعه عن طريق الهندسة الاجتماعية النفسية بحيث يمكن اختراق الأمن بسبل غير تقنية ، لا توجد تقنية تمنع خداع الإنسان، اختراق الإنسان أسهل من اختراق الأجهزة خاصة في ضوء قلة التوعية.,"{""question_type"": ""علل""}"
arasag,23,علّل لماذا يشكل الإنسان الحلقة الضعيفة في سلسلة الأمن المعلوماتي؟,لأنه يسهل إغواءه و استدراجه، الناس يثقون بالناس، لا يوجد حل تقني .,4,0.0,5.0,cybercrimes,short_answer,7,arabic,,يثق الإنسان بالآخرين فيسهل خداعه عن طريق الهندسة الاجتماعية النفسية بحيث يمكن اختراق الأمن بسبل غير تقنية ، لا توجد تقنية تمنع خداع الإنسان، اختراق الإنسان أسهل من اختراق الأجهزة خاصة في ضوء قلة التوعية.,"{""question_type"": ""علل""}"
arasag,23,علّل لماذا يشكل الإنسان الحلقة الضعيفة في سلسلة الأمن المعلوماتي؟,لأنه يتم التأثير عليه بسهولة و إقناعه بإستعمال أساليب نفسية و عقلية (الهندسة النفسية) .,4,0.0,5.0,cybercrimes,short_answer,7,arabic,,يثق الإنسان بالآخرين فيسهل خداعه عن طريق الهندسة الاجتماعية النفسية بحيث يمكن اختراق الأمن بسبل غير تقنية ، لا توجد تقنية تمنع خداع الإنسان، اختراق الإنسان أسهل من اختراق الأجهزة خاصة في ضوء قلة التوعية.,"{""question_type"": ""علل""}"
arasag,23,علّل لماذا يشكل الإنسان الحلقة الضعيفة في سلسلة الأمن المعلوماتي؟,الناس يثقون بالآخرين .,1,0.0,5.0,cybercrimes,short_answer,7,arabic,,يثق الإنسان بالآخرين فيسهل خداعه عن طريق الهندسة الاجتماعية النفسية بحيث يمكن اختراق الأمن بسبل غير تقنية ، لا توجد تقنية تمنع خداع الإنسان، اختراق الإنسان أسهل من اختراق الأجهزة خاصة في ضوء قلة التوعية.,"{""question_type"": ""علل""}"
arasag,23,علّل لماذا يشكل الإنسان الحلقة الضعيفة في سلسلة الأمن المعلوماتي؟,لأنه يمكن الإحتيال عليه بطرق نفسية التي لا تجدي نفعا مع الأنظمة .,4,0.0,5.0,cybercrimes,short_answer,7,arabic,,يثق الإنسان بالآخرين فيسهل خداعه عن طريق الهندسة الاجتماعية النفسية بحيث يمكن اختراق الأمن بسبل غير تقنية ، لا توجد تقنية تمنع خداع الإنسان، اختراق الإنسان أسهل من اختراق الأجهزة خاصة في ضوء قلة التوعية.,"{""question_type"": ""علل""}"
arasag,23,علّل لماذا يشكل الإنسان الحلقة الضعيفة في سلسلة الأمن المعلوماتي؟,لأن لا توجد وسائل تقنية لتعديل هذا الضعف و الحل الوحيد هو التوعية، لكن يبقى هناك مشكل من هذه الناحية .,1,0.0,5.0,cybercrimes,short_answer,7,arabic,,يثق الإنسان بالآخرين فيسهل خداعه عن طريق الهندسة الاجتماعية النفسية بحيث يمكن اختراق الأمن بسبل غير تقنية ، لا توجد تقنية تمنع خداع الإنسان، اختراق الإنسان أسهل من اختراق الأجهزة خاصة في ضوء قلة التوعية.,"{""question_type"": ""علل""}"
arasag,23,علّل لماذا يشكل الإنسان الحلقة الضعيفة في سلسلة الأمن المعلوماتي؟,لأنه سهل للإختراق و يمكن التلاعب به عن طريق الهندسة الاجتماعية .,3,0.0,5.0,cybercrimes,short_answer,7,arabic,,يثق الإنسان بالآخرين فيسهل خداعه عن طريق الهندسة الاجتماعية النفسية بحيث يمكن اختراق الأمن بسبل غير تقنية ، لا توجد تقنية تمنع خداع الإنسان، اختراق الإنسان أسهل من اختراق الأجهزة خاصة في ضوء قلة التوعية.,"{""question_type"": ""علل""}"
arasag,23,علّل لماذا يشكل الإنسان الحلقة الضعيفة في سلسلة الأمن المعلوماتي؟,لأنه مهدد بالإصابة بالهندسة الإجتماعية و ليس هناك تقنية تحمي من هذا النوع و هي متعلقة بشؤون الحياة كما أن الإنسان يثق بالآخرين .,5,0.0,5.0,cybercrimes,short_answer,7,arabic,,يثق الإنسان بالآخرين فيسهل خداعه عن طريق الهندسة الاجتماعية النفسية بحيث يمكن اختراق الأمن بسبل غير تقنية ، لا توجد تقنية تمنع خداع الإنسان، اختراق الإنسان أسهل من اختراق الأجهزة خاصة في ضوء قلة التوعية.,"{""question_type"": ""علل""}"
arasag,23,علّل لماذا يشكل الإنسان الحلقة الضعيفة في سلسلة الأمن المعلوماتي؟,لأنه يأمر إنسان آخر، يوجد عدة سبل في تقنية إرتكاب الجرائم المعلوماتية، لا يجد تقنية للحد على ذلك ، يحدث ذلك يوميا فالشخص متعرض إليها يوميا .,2,0.0,5.0,cybercrimes,short_answer,7,arabic,,يثق الإنسان بالآخرين فيسهل خداعه عن طريق الهندسة الاجتماعية النفسية بحيث يمكن اختراق الأمن بسبل غير تقنية ، لا توجد تقنية تمنع خداع الإنسان، اختراق الإنسان أسهل من اختراق الأجهزة خاصة في ضوء قلة التوعية.,"{""question_type"": ""علل""}"
arasag,23,علّل لماذا يشكل الإنسان الحلقة الضعيفة في سلسلة الأمن المعلوماتي؟,إختراق الإنسان أسهل من إختراق الأجهزة و أسرع ، غياب ثقافة أمن المعلومات عند الإنسان يشكل خطر كبير، من خلال الهندسة الإجتماعية نستطيع الحصول على معلومات كثيرة في وقت قصير .,4,0.0,5.0,cybercrimes,short_answer,7,arabic,,يثق الإنسان بالآخرين فيسهل خداعه عن طريق الهندسة الاجتماعية النفسية بحيث يمكن اختراق الأمن بسبل غير تقنية ، لا توجد تقنية تمنع خداع الإنسان، اختراق الإنسان أسهل من اختراق الأجهزة خاصة في ضوء قلة التوعية.,"{""question_type"": ""علل""}"
arasag,23,علّل لماذا يشكل الإنسان الحلقة الضعيفة في سلسلة الأمن المعلوماتي؟,لأنه يسهل على المخترق الوصول إلى مبتغاه لأنه يسهل خداعه بسبب جهله بالأجهزة الإلكترونية .,2,0.0,5.0,cybercrimes,short_answer,7,arabic,,يثق الإنسان بالآخرين فيسهل خداعه عن طريق الهندسة الاجتماعية النفسية بحيث يمكن اختراق الأمن بسبل غير تقنية ، لا توجد تقنية تمنع خداع الإنسان، اختراق الإنسان أسهل من اختراق الأجهزة خاصة في ضوء قلة التوعية.,"{""question_type"": ""علل""}"
arasag,23,علّل لماذا يشكل الإنسان الحلقة الضعيفة في سلسلة الأمن المعلوماتي؟,لأنه يمكن إختراق الإنسان بصفة سريعة و سهلة من إختراق الحاسوب ، يكفي على المجرم تطبيق الهندسة الإجتماعية النفسية على الضحية لأنها ممارسة تقوم على تلاعب العقلي النفسي بالضحية و هذا الإحتيال عليه و على معلوماته الخاصة بأدوات تقنية (البريد الإلكتروني ، الهاتف) أو بالكلام فقط لأن الإنسان يثق بالآخرين . ,5,0.0,5.0,cybercrimes,short_answer,7,arabic,,يثق الإنسان بالآخرين فيسهل خداعه عن طريق الهندسة الاجتماعية النفسية بحيث يمكن اختراق الأمن بسبل غير تقنية ، لا توجد تقنية تمنع خداع الإنسان، اختراق الإنسان أسهل من اختراق الأجهزة خاصة في ضوء قلة التوعية.,"{""question_type"": ""علل""}"
arasag,23,علّل لماذا يشكل الإنسان الحلقة الضعيفة في سلسلة الأمن المعلوماتي؟,لأنه ليس بريئ من الخطأ و يخضع الى اخطر اساليب الجرائم الالكترونية هي الهندسة الاجتماعية النفسية و لا يوجد اي تقنية لانذارها او لإيقافها.,3,0.0,5.0,cybercrimes,short_answer,7,arabic,,يثق الإنسان بالآخرين فيسهل خداعه عن طريق الهندسة الاجتماعية النفسية بحيث يمكن اختراق الأمن بسبل غير تقنية ، لا توجد تقنية تمنع خداع الإنسان، اختراق الإنسان أسهل من اختراق الأجهزة خاصة في ضوء قلة التوعية.,"{""question_type"": ""علل""}"
arasag,23,علّل لماذا يشكل الإنسان الحلقة الضعيفة في سلسلة الأمن المعلوماتي؟,لأنه من يتحكم في النظام المعلوماتي و لا توجد طرق ناجعة ١٠٠٪ من أجل تفادي اخطائه. ,0,0.0,5.0,cybercrimes,short_answer,7,arabic,,يثق الإنسان بالآخرين فيسهل خداعه عن طريق الهندسة الاجتماعية النفسية بحيث يمكن اختراق الأمن بسبل غير تقنية ، لا توجد تقنية تمنع خداع الإنسان، اختراق الإنسان أسهل من اختراق الأجهزة خاصة في ضوء قلة التوعية.,"{""question_type"": ""علل""}"
arasag,23,علّل لماذا يشكل الإنسان الحلقة الضعيفة في سلسلة الأمن المعلوماتي؟,سهولة التلاعب عليه للبوح بالمعلومات. سهولة الثقة في إنسان آخر. يمكن الاحتيال عليه دون استعمال أي برنامج للإختراق. ,3,0.0,5.0,cybercrimes,short_answer,7,arabic,,يثق الإنسان بالآخرين فيسهل خداعه عن طريق الهندسة الاجتماعية النفسية بحيث يمكن اختراق الأمن بسبل غير تقنية ، لا توجد تقنية تمنع خداع الإنسان، اختراق الإنسان أسهل من اختراق الأجهزة خاصة في ضوء قلة التوعية.,"{""question_type"": ""علل""}"
arasag,23,علّل لماذا يشكل الإنسان الحلقة الضعيفة في سلسلة الأمن المعلوماتي؟,لأنه يمكن أن يتعرض للهندسة الفكرية النفسية و هي ممارسة تقوم على إيذاء والنصب الفكري حيث يقوم بإغواء الأشخاص للحصول على المعلومات السرية الخاصة بهم. ,3,0.0,5.0,cybercrimes,short_answer,7,arabic,,يثق الإنسان بالآخرين فيسهل خداعه عن طريق الهندسة الاجتماعية النفسية بحيث يمكن اختراق الأمن بسبل غير تقنية ، لا توجد تقنية تمنع خداع الإنسان، اختراق الإنسان أسهل من اختراق الأجهزة خاصة في ضوء قلة التوعية.,"{""question_type"": ""علل""}"
arasag,23,علّل لماذا يشكل الإنسان الحلقة الضعيفة في سلسلة الأمن المعلوماتي؟,لأن الإنسان قد يتعرض للهندسة الاجتماعية النفسية التي تعتمد على التلاعب النفسي و العقلي و بالتالي احتمالية حصول المحترق على معلومات سرية يقوم بجريمته الالكترونية، احتمالية وقوعه في الخطأ.,4,0.0,5.0,cybercrimes,short_answer,7,arabic,,يثق الإنسان بالآخرين فيسهل خداعه عن طريق الهندسة الاجتماعية النفسية بحيث يمكن اختراق الأمن بسبل غير تقنية ، لا توجد تقنية تمنع خداع الإنسان، اختراق الإنسان أسهل من اختراق الأجهزة خاصة في ضوء قلة التوعية.,"{""question_type"": ""علل""}"
arasag,23,علّل لماذا يشكل الإنسان الحلقة الضعيفة في سلسلة الأمن المعلوماتي؟,لأن الإنسان هو أسهل عنصر من حيث الاختراق .,0,0.0,5.0,cybercrimes,short_answer,7,arabic,,يثق الإنسان بالآخرين فيسهل خداعه عن طريق الهندسة الاجتماعية النفسية بحيث يمكن اختراق الأمن بسبل غير تقنية ، لا توجد تقنية تمنع خداع الإنسان، اختراق الإنسان أسهل من اختراق الأجهزة خاصة في ضوء قلة التوعية.,"{""question_type"": ""علل""}"
arasag,23,علّل لماذا يشكل الإنسان الحلقة الضعيفة في سلسلة الأمن المعلوماتي؟,لأن اختراق الإنسان أكثر سهولة من اختراق الأجهزة حيث يمكن اغراءه سهولة .,2,0.0,5.0,cybercrimes,short_answer,7,arabic,,يثق الإنسان بالآخرين فيسهل خداعه عن طريق الهندسة الاجتماعية النفسية بحيث يمكن اختراق الأمن بسبل غير تقنية ، لا توجد تقنية تمنع خداع الإنسان، اختراق الإنسان أسهل من اختراق الأجهزة خاصة في ضوء قلة التوعية.,"{""question_type"": ""علل""}"
arasag,23,علّل لماذا يشكل الإنسان الحلقة الضعيفة في سلسلة الأمن المعلوماتي؟,الإنسان من أهم أركان النظام المعلوماتي ، لكنه سهل الاختراق حيث يمكن خداعه و الحصول على المعلومات السرية عن  طريق ممارسة الاعيب عقلية ذهنية على الشخص  لخداعه و هذا ما يطلق عليه اسم الهندسة الاجتماعية  النفسيه ,5,0.0,5.0,cybercrimes,short_answer,7,arabic,,يثق الإنسان بالآخرين فيسهل خداعه عن طريق الهندسة الاجتماعية النفسية بحيث يمكن اختراق الأمن بسبل غير تقنية ، لا توجد تقنية تمنع خداع الإنسان، اختراق الإنسان أسهل من اختراق الأجهزة خاصة في ضوء قلة التوعية.,"{""question_type"": ""علل""}"
arasag,23,علّل لماذا يشكل الإنسان الحلقة الضعيفة في سلسلة الأمن المعلوماتي؟,لأنه يمكن أخذ معلومات من الإنسان  ببساطة باستعمال علم النفس الاجتماعي بدون استعمال حواسيب و فيروسات. ,3,0.0,5.0,cybercrimes,short_answer,7,arabic,,يثق الإنسان بالآخرين فيسهل خداعه عن طريق الهندسة الاجتماعية النفسية بحيث يمكن اختراق الأمن بسبل غير تقنية ، لا توجد تقنية تمنع خداع الإنسان، اختراق الإنسان أسهل من اختراق الأجهزة خاصة في ضوء قلة التوعية.,"{""question_type"": ""علل""}"
arasag,23,علّل لماذا يشكل الإنسان الحلقة الضعيفة في سلسلة الأمن المعلوماتي؟,لان الانسان يعد من أكبر أسباب جرائم الاختراق و يشمل الهندسة الاجتماعية النفسية لسرقة المعلومات و كلمات المرور لتلك الأشخاص بكل سهولة.,3,0.0,5.0,cybercrimes,short_answer,7,arabic,,يثق الإنسان بالآخرين فيسهل خداعه عن طريق الهندسة الاجتماعية النفسية بحيث يمكن اختراق الأمن بسبل غير تقنية ، لا توجد تقنية تمنع خداع الإنسان، اختراق الإنسان أسهل من اختراق الأجهزة خاصة في ضوء قلة التوعية.,"{""question_type"": ""علل""}"
arasag,23,علّل لماذا يشكل الإنسان الحلقة الضعيفة في سلسلة الأمن المعلوماتي؟,نقص التوعية و تكتم بعض الضحايا إنعدام الخبرة الفنية للتعامل مع هذا النوع.,1,0.0,5.0,cybercrimes,short_answer,7,arabic,,يثق الإنسان بالآخرين فيسهل خداعه عن طريق الهندسة الاجتماعية النفسية بحيث يمكن اختراق الأمن بسبل غير تقنية ، لا توجد تقنية تمنع خداع الإنسان، اختراق الإنسان أسهل من اختراق الأجهزة خاصة في ضوء قلة التوعية.,"{""question_type"": ""علل""}"
arasag,23,علّل لماذا يشكل الإنسان الحلقة الضعيفة في سلسلة الأمن المعلوماتي؟,المخترقين .يعمد من يقوم باختراق المنظمة الأجنبية كما أنه قد يشارك في الجرائم بخطى أو بمساعدة ,0,0.0,5.0,cybercrimes,short_answer,7,arabic,,يثق الإنسان بالآخرين فيسهل خداعه عن طريق الهندسة الاجتماعية النفسية بحيث يمكن اختراق الأمن بسبل غير تقنية ، لا توجد تقنية تمنع خداع الإنسان، اختراق الإنسان أسهل من اختراق الأجهزة خاصة في ضوء قلة التوعية.,"{""question_type"": ""علل""}"
arasag,23,علّل لماذا يشكل الإنسان الحلقة الضعيفة في سلسلة الأمن المعلوماتي؟,لأنه من السهل اختراق الانسان ،كمثال التأثير عليه بالصوت أو الصورة أو كما رأينا ببكاء طفل.,1,0.0,5.0,cybercrimes,short_answer,7,arabic,,يثق الإنسان بالآخرين فيسهل خداعه عن طريق الهندسة الاجتماعية النفسية بحيث يمكن اختراق الأمن بسبل غير تقنية ، لا توجد تقنية تمنع خداع الإنسان، اختراق الإنسان أسهل من اختراق الأجهزة خاصة في ضوء قلة التوعية.,"{""question_type"": ""علل""}"
arasag,23,علّل لماذا يشكل الإنسان الحلقة الضعيفة في سلسلة الأمن المعلوماتي؟,لأن الانسان يثق بالآخر، و لا توجد تقنيات تمنع ذلك، نفسية الانسان ضعيفة و مرتبطة بالحياة المادية. ,2,0.0,5.0,cybercrimes,short_answer,7,arabic,,يثق الإنسان بالآخرين فيسهل خداعه عن طريق الهندسة الاجتماعية النفسية بحيث يمكن اختراق الأمن بسبل غير تقنية ، لا توجد تقنية تمنع خداع الإنسان، اختراق الإنسان أسهل من اختراق الأجهزة خاصة في ضوء قلة التوعية.,"{""question_type"": ""علل""}"
arasag,23,علّل لماذا يشكل الإنسان الحلقة الضعيفة في سلسلة الأمن المعلوماتي؟,لأن الإنسان هو المهدد الأول بالخطر (معلوماته،أمواله،وحساباته).,0,0.0,5.0,cybercrimes,short_answer,7,arabic,,يثق الإنسان بالآخرين فيسهل خداعه عن طريق الهندسة الاجتماعية النفسية بحيث يمكن اختراق الأمن بسبل غير تقنية ، لا توجد تقنية تمنع خداع الإنسان، اختراق الإنسان أسهل من اختراق الأجهزة خاصة في ضوء قلة التوعية.,"{""question_type"": ""علل""}"
arasag,23,علّل لماذا يشكل الإنسان الحلقة الضعيفة في سلسلة الأمن المعلوماتي؟,لانه سهل الخداع ، يثق في الغير ، تكتم الضحايا.,1,0.0,5.0,cybercrimes,short_answer,7,arabic,,يثق الإنسان بالآخرين فيسهل خداعه عن طريق الهندسة الاجتماعية النفسية بحيث يمكن اختراق الأمن بسبل غير تقنية ، لا توجد تقنية تمنع خداع الإنسان، اختراق الإنسان أسهل من اختراق الأجهزة خاصة في ضوء قلة التوعية.,"{""question_type"": ""علل""}"
arasag,23,علّل لماذا يشكل الإنسان الحلقة الضعيفة في سلسلة الأمن المعلوماتي؟,لانه قد يتسبب دون قصد في اختراقه و تسرب معلوماته الشخصية او المعلومات الغير شخصية (ثقة الناس ببعضهم)اضافة الى اعتماد القراصنة على الهندسة الاجتماعية النفسية ,5,0.0,5.0,cybercrimes,short_answer,7,arabic,,يثق الإنسان بالآخرين فيسهل خداعه عن طريق الهندسة الاجتماعية النفسية بحيث يمكن اختراق الأمن بسبل غير تقنية ، لا توجد تقنية تمنع خداع الإنسان، اختراق الإنسان أسهل من اختراق الأجهزة خاصة في ضوء قلة التوعية.,"{""question_type"": ""علل""}"
arasag,23,علّل لماذا يشكل الإنسان الحلقة الضعيفة في سلسلة الأمن المعلوماتي؟,أنه شخصية ضعيفة و سهلة الحصار، و ذلك عن طريق تطبيق الهندسة النفسية الإجتماعية و هي تتمثل في ترهيب و تهديد الإنسان و حصار شخصيته من أجل الحصول على المعلومات. ,3,0.0,5.0,cybercrimes,short_answer,7,arabic,,يثق الإنسان بالآخرين فيسهل خداعه عن طريق الهندسة الاجتماعية النفسية بحيث يمكن اختراق الأمن بسبل غير تقنية ، لا توجد تقنية تمنع خداع الإنسان، اختراق الإنسان أسهل من اختراق الأجهزة خاصة في ضوء قلة التوعية.,"{""question_type"": ""علل""}"
arasag,23,علّل لماذا يشكل الإنسان الحلقة الضعيفة في سلسلة الأمن المعلوماتي؟,لأنه تطبق عليه الهندسة النفسية و الانسان يثق في البرامج و الآخرين حيث يخترق الضحية بطرق غير تقنية منه لا يوجد أي نظام و لا طريقة لمنع التلاعب بالناس عن طريق الهندسة العقلية  ,4,0.0,5.0,cybercrimes,short_answer,7,arabic,,يثق الإنسان بالآخرين فيسهل خداعه عن طريق الهندسة الاجتماعية النفسية بحيث يمكن اختراق الأمن بسبل غير تقنية ، لا توجد تقنية تمنع خداع الإنسان، اختراق الإنسان أسهل من اختراق الأجهزة خاصة في ضوء قلة التوعية.,"{""question_type"": ""علل""}"
arasag,23,علّل لماذا يشكل الإنسان الحلقة الضعيفة في سلسلة الأمن المعلوماتي؟,لأن الإنسان ضعيف و يسهل التلاعب به فهو بطبعه يميل إلى الثقة بالآخرين و لا توجد سبل تقنية لحمايته من هذا. ,4,0.0,5.0,cybercrimes,short_answer,7,arabic,,يثق الإنسان بالآخرين فيسهل خداعه عن طريق الهندسة الاجتماعية النفسية بحيث يمكن اختراق الأمن بسبل غير تقنية ، لا توجد تقنية تمنع خداع الإنسان، اختراق الإنسان أسهل من اختراق الأجهزة خاصة في ضوء قلة التوعية.,"{""question_type"": ""علل""}"
arasag,23,علّل لماذا يشكل الإنسان الحلقة الضعيفة في سلسلة الأمن المعلوماتي؟,لأنه هو سهل التأثير و الخداع حيث بمساعدة الهندسة النفسية الاجتماعية، يمكن التلاعب النفسي والعقلي بالإنسان من أجل الحصول على معلومات خاصة بكلمات السر. ,4,0.0,5.0,cybercrimes,short_answer,7,arabic,,يثق الإنسان بالآخرين فيسهل خداعه عن طريق الهندسة الاجتماعية النفسية بحيث يمكن اختراق الأمن بسبل غير تقنية ، لا توجد تقنية تمنع خداع الإنسان، اختراق الإنسان أسهل من اختراق الأجهزة خاصة في ضوء قلة التوعية.,"{""question_type"": ""علل""}"
arasag,18,علّل تزايد فرص الإجرام الإلكتروني عبر العالم؟,انتشار برامج ووسائل متطورة للإختراق، زيادة عدد المحترفين ومنه زيادة عدد الثغرات ومنه زيادة فرص الاجرام، عدم تطبيق القانون، سرعة انتشار التقنية المعلوماتية.,4,0.0,5.0,cybercrimes,short_answer,7,arabic,,تزايد عدد المخترقين ويقابلها زيادة عدد الثغرات الأمنية للأجهزة والبرامج يوفر فرصاً للإجرام الإلكتروني بالإضافة إلى تطور برامج الاختراق وسهولة استعمالها,"{""question_type"": ""علل""}"
arasag,18,علّل تزايد فرص الإجرام الإلكتروني عبر العالم؟,الزيادة في استعمال التطبيقات، الزيادة في استخدام الشبكات، تطور كبير في العالم الرقمي، سرعة الهجمات ، زيادة كبيرة في عدد المخترقين، تطور وسائل الاختراق.,5,0.0,5.0,cybercrimes,short_answer,7,arabic,,تزايد عدد المخترقين ويقابلها زيادة عدد الثغرات الأمنية للأجهزة والبرامج يوفر فرصاً للإجرام الإلكتروني بالإضافة إلى تطور برامج الاختراق وسهولة استعمالها,"{""question_type"": ""علل""}"
arasag,18,علّل تزايد فرص الإجرام الإلكتروني عبر العالم؟,تطور برامج الاختراق وسهولة استعمالها، نقص تشريعات وقوانين معاقبة الاجرام، تكتم الضحايا، تطوير البرامج الضخمة ما يؤدي الى زيادة عدد الثغرات التي تتناسب طرديا مع الاختراق، ضعف أمن المعلومات.,4,0.0,5.0,cybercrimes,short_answer,7,arabic,,تزايد عدد المخترقين ويقابلها زيادة عدد الثغرات الأمنية للأجهزة والبرامج يوفر فرصاً للإجرام الإلكتروني بالإضافة إلى تطور برامج الاختراق وسهولة استعمالها,"{""question_type"": ""علل""}"
arasag,18,علّل تزايد فرص الإجرام الإلكتروني عبر العالم؟,تطور البرامج وكبرها وبالتالي زيادة الثغرات فيها ، تطور ادوات الاختراق وسهولة الوصول اليها و استعمالها، زيادة عدد المخترقين وبالتالي زيادة عدد الثغرات، انتشار استخدام الشبكات الالكترونية في ادارة الاعمال.,4,0.0,5.0,cybercrimes,short_answer,7,arabic,,تزايد عدد المخترقين ويقابلها زيادة عدد الثغرات الأمنية للأجهزة والبرامج يوفر فرصاً للإجرام الإلكتروني بالإضافة إلى تطور برامج الاختراق وسهولة استعمالها,"{""question_type"": ""علل""}"
arasag,18,علّل تزايد فرص الإجرام الإلكتروني عبر العالم؟,ابتكار انظمة ضخمة يقابلها تزايد في الثغرات، تكتم الضحايا ، سهولة تطوير أدوات الاختراق، القوانين والتشريعات المحلية والدولية وضرورة تطبيقها.,2,0.0,5.0,cybercrimes,short_answer,7,arabic,,تزايد عدد المخترقين ويقابلها زيادة عدد الثغرات الأمنية للأجهزة والبرامج يوفر فرصاً للإجرام الإلكتروني بالإضافة إلى تطور برامج الاختراق وسهولة استعمالها,"{""question_type"": ""علل""}"
arasag,18,علّل تزايد فرص الإجرام الإلكتروني عبر العالم؟,قلة القوانين التشريعية في معاقبة مرتكبيها وعدم التوعية حول مخاطر ارتكابها وكيفية تأمين أنفسنا,1,0.0,5.0,cybercrimes,short_answer,7,arabic,,تزايد عدد المخترقين ويقابلها زيادة عدد الثغرات الأمنية للأجهزة والبرامج يوفر فرصاً للإجرام الإلكتروني بالإضافة إلى تطور برامج الاختراق وسهولة استعمالها,"{""question_type"": ""علل""}"
arasag,18,علّل تزايد فرص الإجرام الإلكتروني عبر العالم؟,تطور الأنظمة و التطبيقات، الخدمات الإلكترونية مل التسويق الالكتروني، استعمال البنوك الالكترونية للقيام بتحويلات مالية. ,3,0.0,5.0,cybercrimes,short_answer,7,arabic,,تزايد عدد المخترقين ويقابلها زيادة عدد الثغرات الأمنية للأجهزة والبرامج يوفر فرصاً للإجرام الإلكتروني بالإضافة إلى تطور برامج الاختراق وسهولة استعمالها,"{""question_type"": ""علل""}"
arasag,18,علّل تزايد فرص الإجرام الإلكتروني عبر العالم؟,تقنيات الاختراق تتطور ، لا يمكن لمحقق عادي مجاراتها، لا تخلف اي اثار للجريمة ورائها، تكتم الصحية، سرعة الاختراق و الهجوم.,2,0.0,5.0,cybercrimes,short_answer,7,arabic,,تزايد عدد المخترقين ويقابلها زيادة عدد الثغرات الأمنية للأجهزة والبرامج يوفر فرصاً للإجرام الإلكتروني بالإضافة إلى تطور برامج الاختراق وسهولة استعمالها,"{""question_type"": ""علل""}"
arasag,18,علّل تزايد فرص الإجرام الإلكتروني عبر العالم؟,تطور الانظمة و كثرتها ، كثرة مستخدمي الانترنت، نقص وعي الامن المعلوماتي.,3,0.0,5.0,cybercrimes,short_answer,7,arabic,,تزايد عدد المخترقين ويقابلها زيادة عدد الثغرات الأمنية للأجهزة والبرامج يوفر فرصاً للإجرام الإلكتروني بالإضافة إلى تطور برامج الاختراق وسهولة استعمالها,"{""question_type"": ""علل""}"
arasag,18,علّل تزايد فرص الإجرام الإلكتروني عبر العالم؟,الجريمة الالكترونية لا تترك اثرا عند حدوثها تزايد عدد المخترقون و وسائل الاختراق، دعم الحماية الا بعد فوات الأوان، نقص في الاستراتيجيات و النفيات الخاصة بالحماية ، عدم معرفة مرتكب الجريمة.,3,0.0,5.0,cybercrimes,short_answer,7,arabic,,تزايد عدد المخترقين ويقابلها زيادة عدد الثغرات الأمنية للأجهزة والبرامج يوفر فرصاً للإجرام الإلكتروني بالإضافة إلى تطور برامج الاختراق وسهولة استعمالها,"{""question_type"": ""علل""}"
arasag,18,علّل تزايد فرص الإجرام الإلكتروني عبر العالم؟,لان الجريمة لا تترك اثرا، تطور العلم و البرمجيات، القدرة الفنية الهائلة للمخترقين، تحتاج الى ذكاء عالي و لا يستطيع الشخص التقليدي ان يخترق، عدم و جود دعم مادي للحد من الاجرام.,3,0.0,5.0,cybercrimes,short_answer,7,arabic,,تزايد عدد المخترقين ويقابلها زيادة عدد الثغرات الأمنية للأجهزة والبرامج يوفر فرصاً للإجرام الإلكتروني بالإضافة إلى تطور برامج الاختراق وسهولة استعمالها,"{""question_type"": ""علل""}"
arasag,18,علّل تزايد فرص الإجرام الإلكتروني عبر العالم؟,سهولة استخدام البرامج التي تساعد على الاختراق و بما انها جرائم لا تستطيع ترصدها و لصعوبة معرفة مرتكبيها,2,0.0,5.0,cybercrimes,short_answer,7,arabic,,تزايد عدد المخترقين ويقابلها زيادة عدد الثغرات الأمنية للأجهزة والبرامج يوفر فرصاً للإجرام الإلكتروني بالإضافة إلى تطور برامج الاختراق وسهولة استعمالها,"{""question_type"": ""علل""}"
arasag,18,علّل تزايد فرص الإجرام الإلكتروني عبر العالم؟,نقص تربية و توعية الثقافة، نقص ثقافة امن المعلومات، عدم تطبيق القوانين و التشريعات الدولية و المحلية، تضخم البرامج و زيادة فجوات الامنية و صعوبة مواجهتها، تقدم الضحايا و زيادة عدد المحترفين.,2,0.0,5.0,cybercrimes,short_answer,7,arabic,,تزايد عدد المخترقين ويقابلها زيادة عدد الثغرات الأمنية للأجهزة والبرامج يوفر فرصاً للإجرام الإلكتروني بالإضافة إلى تطور برامج الاختراق وسهولة استعمالها,"{""question_type"": ""علل""}"
arasag,18,علّل تزايد فرص الإجرام الإلكتروني عبر العالم؟,بسبب تزايد عدد مستخدمي الاجهزة الالكترونية و الانترنت في العالم,2,0.0,5.0,cybercrimes,short_answer,7,arabic,,تزايد عدد المخترقين ويقابلها زيادة عدد الثغرات الأمنية للأجهزة والبرامج يوفر فرصاً للإجرام الإلكتروني بالإضافة إلى تطور برامج الاختراق وسهولة استعمالها,"{""question_type"": ""علل""}"
arasag,18,علّل تزايد فرص الإجرام الإلكتروني عبر العالم؟,تطور و سهولة ادوات الاختراق تعتمد على الخداع في ارتكابها و عدم التضليل بالمرتكب، تطور البرامج يزيد من الثغور، زيادة المخترقين الذي يزيد في زيادة الثغرات، سرعة الهجوم.,4,0.0,5.0,cybercrimes,short_answer,7,arabic,,تزايد عدد المخترقين ويقابلها زيادة عدد الثغرات الأمنية للأجهزة والبرامج يوفر فرصاً للإجرام الإلكتروني بالإضافة إلى تطور برامج الاختراق وسهولة استعمالها,"{""question_type"": ""علل""}"
arasag,18,علّل تزايد فرص الإجرام الإلكتروني عبر العالم؟,زيادة إستخدام الهواتف و التطبيقات و الأنترنت، تطوير البرامج الضخمة مما يصعب من سد الثغرات ، إنتشار إستخدام الحاسوب في أداء العمل ، التزايد المفرط في عدد المخترقين و أدوات الإختراق.,5,0.0,5.0,cybercrimes,short_answer,7,arabic,,تزايد عدد المخترقين ويقابلها زيادة عدد الثغرات الأمنية للأجهزة والبرامج يوفر فرصاً للإجرام الإلكتروني بالإضافة إلى تطور برامج الاختراق وسهولة استعمالها,"{""question_type"": ""علل""}"
arasag,18,علّل تزايد فرص الإجرام الإلكتروني عبر العالم؟,ـتزايد عدد المخترقين في عالم الآلة و بالتالي زيادة عدد الثغرات، تطور مجال التقنية / إنتشار الأنترنت في كل أنحاء العالم.,4,0.0,5.0,cybercrimes,short_answer,7,arabic,,تزايد عدد المخترقين ويقابلها زيادة عدد الثغرات الأمنية للأجهزة والبرامج يوفر فرصاً للإجرام الإلكتروني بالإضافة إلى تطور برامج الاختراق وسهولة استعمالها,"{""question_type"": ""علل""}"
arasag,18,علّل تزايد فرص الإجرام الإلكتروني عبر العالم؟,زيادة مستخدمي الأنترنت، سهولة وجود برمجيات تسمح بإختراق حاسوب المستخدم دون أي معرفة في البرمجة و وجود دروس تسمح بتعلم البرمجة و القرصنة، التطور التكنولوجي السريع.,4,0.0,5.0,cybercrimes,short_answer,7,arabic,,تزايد عدد المخترقين ويقابلها زيادة عدد الثغرات الأمنية للأجهزة والبرامج يوفر فرصاً للإجرام الإلكتروني بالإضافة إلى تطور برامج الاختراق وسهولة استعمالها,"{""question_type"": ""علل""}"
arasag,18,علّل تزايد فرص الإجرام الإلكتروني عبر العالم؟,ـالبرامج الضخمة تخلق العديد من الثغرات ، تطور أدوات و تقنيات الإختراق، تعتم الضحايا، العائد المادي للأمن غير متطور ( إلا بعد فوات الأوان ).,4,0.0,5.0,cybercrimes,short_answer,7,arabic,,تزايد عدد المخترقين ويقابلها زيادة عدد الثغرات الأمنية للأجهزة والبرامج يوفر فرصاً للإجرام الإلكتروني بالإضافة إلى تطور برامج الاختراق وسهولة استعمالها,"{""question_type"": ""علل""}"
arasag,18,علّل تزايد فرص الإجرام الإلكتروني عبر العالم؟,سهولة و تطور برامج الاختراق، عدم إعطاء قيمة رغم أمن المعلومات، تطوير البرامج الضخمة و تزايد عدد الثغرات فيها.,4,0.0,5.0,cybercrimes,short_answer,7,arabic,,تزايد عدد المخترقين ويقابلها زيادة عدد الثغرات الأمنية للأجهزة والبرامج يوفر فرصاً للإجرام الإلكتروني بالإضافة إلى تطور برامج الاختراق وسهولة استعمالها,"{""question_type"": ""علل""}"
arasag,18,علّل تزايد فرص الإجرام الإلكتروني عبر العالم؟,تكنولوجية نظام المعلومات و أنظمة التشغيل وظهور عدة وسائل تساعد على الإختراق و هذا يرجع لتوسع الأنترنت عبر العالم ,2,0.0,5.0,cybercrimes,short_answer,7,arabic,,تزايد عدد المخترقين ويقابلها زيادة عدد الثغرات الأمنية للأجهزة والبرامج يوفر فرصاً للإجرام الإلكتروني بالإضافة إلى تطور برامج الاختراق وسهولة استعمالها,"{""question_type"": ""علل""}"
arasag,18,علّل تزايد فرص الإجرام الإلكتروني عبر العالم؟,عدم وجود دعم مادي ، تكتم الضحايا ، تزايد وسائل الإختراق ، عدم تطبيق القانون.,2,0.0,5.0,cybercrimes,short_answer,7,arabic,,تزايد عدد المخترقين ويقابلها زيادة عدد الثغرات الأمنية للأجهزة والبرامج يوفر فرصاً للإجرام الإلكتروني بالإضافة إلى تطور برامج الاختراق وسهولة استعمالها,"{""question_type"": ""علل""}"
arasag,18,علّل تزايد فرص الإجرام الإلكتروني عبر العالم؟,تكتم الضحايا ـ سرعة الهجمات ـ تطوير برامج كبيرة ـ زيادة عدد المخترقين ـ العائد المادي,2,0.0,5.0,cybercrimes,short_answer,7,arabic,,تزايد عدد المخترقين ويقابلها زيادة عدد الثغرات الأمنية للأجهزة والبرامج يوفر فرصاً للإجرام الإلكتروني بالإضافة إلى تطور برامج الاختراق وسهولة استعمالها,"{""question_type"": ""علل""}"
arasag,18,علّل تزايد فرص الإجرام الإلكتروني عبر العالم؟,انتشار الانترنت، تطور التكنولوجيا، ظهور الهواتف الذكية و الحاسوب الشخصي,2,0.0,5.0,cybercrimes,short_answer,7,arabic,,تزايد عدد المخترقين ويقابلها زيادة عدد الثغرات الأمنية للأجهزة والبرامج يوفر فرصاً للإجرام الإلكتروني بالإضافة إلى تطور برامج الاختراق وسهولة استعمالها,"{""question_type"": ""علل""}"
arasag,18,علّل تزايد فرص الإجرام الإلكتروني عبر العالم؟,تطور ادوات الاختراق، ادخال الحاسب في نظام عمل اغلب المؤسسات,2,0.0,5.0,cybercrimes,short_answer,7,arabic,,تزايد عدد المخترقين ويقابلها زيادة عدد الثغرات الأمنية للأجهزة والبرامج يوفر فرصاً للإجرام الإلكتروني بالإضافة إلى تطور برامج الاختراق وسهولة استعمالها,"{""question_type"": ""علل""}"
arasag,18,علّل تزايد فرص الإجرام الإلكتروني عبر العالم؟,تطور البرامج يخلق الثغرات فيها، سرعة الهجمات، ضعف العائد المالي، تكتم الضحايا، القوانين التشريعية,2,0.0,5.0,cybercrimes,short_answer,7,arabic,,تزايد عدد المخترقين ويقابلها زيادة عدد الثغرات الأمنية للأجهزة والبرامج يوفر فرصاً للإجرام الإلكتروني بالإضافة إلى تطور برامج الاختراق وسهولة استعمالها,"{""question_type"": ""علل""}"
arasag,18,علّل تزايد فرص الإجرام الإلكتروني عبر العالم؟,تطور البرامج يزيد الثغرات فيها، تطور ادوات الاختراق، القوانين والتشريعات المحلية والدولية وضرورة تطبيقها، سرعة الهجمات,4,0.0,5.0,cybercrimes,short_answer,7,arabic,,تزايد عدد المخترقين ويقابلها زيادة عدد الثغرات الأمنية للأجهزة والبرامج يوفر فرصاً للإجرام الإلكتروني بالإضافة إلى تطور برامج الاختراق وسهولة استعمالها,"{""question_type"": ""علل""}"
arasag,18,علّل تزايد فرص الإجرام الإلكتروني عبر العالم؟,تطور أدوات الاختراق، تكتم الضحايا، تقدير برامج عملاقة، سرعة تطور مجال الاختراق,4,0.0,5.0,cybercrimes,short_answer,7,arabic,,تزايد عدد المخترقين ويقابلها زيادة عدد الثغرات الأمنية للأجهزة والبرامج يوفر فرصاً للإجرام الإلكتروني بالإضافة إلى تطور برامج الاختراق وسهولة استعمالها,"{""question_type"": ""علل""}"
arasag,18,علّل تزايد فرص الإجرام الإلكتروني عبر العالم؟,كثرة استعمال النت، وجود برامج عملاقة، توفر وسائل الاختراق، عوبة تتبع الجريمة الالكترونية، ضعف العقوبات في بعض الدول,4,0.0,5.0,cybercrimes,short_answer,7,arabic,,تزايد عدد المخترقين ويقابلها زيادة عدد الثغرات الأمنية للأجهزة والبرامج يوفر فرصاً للإجرام الإلكتروني بالإضافة إلى تطور برامج الاختراق وسهولة استعمالها,"{""question_type"": ""علل""}"
arasag,18,علّل تزايد فرص الإجرام الإلكتروني عبر العالم؟,زيادة المخترقين، زيادة فرص الاجرام,4,0.0,5.0,cybercrimes,short_answer,7,arabic,,تزايد عدد المخترقين ويقابلها زيادة عدد الثغرات الأمنية للأجهزة والبرامج يوفر فرصاً للإجرام الإلكتروني بالإضافة إلى تطور برامج الاختراق وسهولة استعمالها,"{""question_type"": ""علل""}"
arasag,18,علّل تزايد فرص الإجرام الإلكتروني عبر العالم؟,تزايد فرص الاجرام نتيجة تزايد وتطور التقنيات و الاجهزة الالكترونية,2,0.0,5.0,cybercrimes,short_answer,7,arabic,,تزايد عدد المخترقين ويقابلها زيادة عدد الثغرات الأمنية للأجهزة والبرامج يوفر فرصاً للإجرام الإلكتروني بالإضافة إلى تطور برامج الاختراق وسهولة استعمالها,"{""question_type"": ""علل""}"
arasag,18,علّل تزايد فرص الإجرام الإلكتروني عبر العالم؟,تزايد فرص الاجرام يعود الى  تزايد وتطور التقنيات و الاجهزة الالكترونية و المستخدمين,2,0.0,5.0,cybercrimes,short_answer,7,arabic,,تزايد عدد المخترقين ويقابلها زيادة عدد الثغرات الأمنية للأجهزة والبرامج يوفر فرصاً للإجرام الإلكتروني بالإضافة إلى تطور برامج الاختراق وسهولة استعمالها,"{""question_type"": ""علل""}"
arasag,18,علّل تزايد فرص الإجرام الإلكتروني عبر العالم؟,لانهم يستطيعون اخفاء الأدلة، لان المحققون التقليديون لا يستطيعون المراقبة بوسائل قديمة، زيادة المجرمين الاذكياء مما يؤدي صعوبة ترقبهم   ,0,0.0,5.0,cybercrimes,short_answer,7,arabic,,تزايد عدد المخترقين ويقابلها زيادة عدد الثغرات الأمنية للأجهزة والبرامج يوفر فرصاً للإجرام الإلكتروني بالإضافة إلى تطور برامج الاختراق وسهولة استعمالها,"{""question_type"": ""علل""}"
arasag,18,علّل تزايد فرص الإجرام الإلكتروني عبر العالم؟,مع تطور البرامج و انتشار التكنولوجيا ت يظهر ثغرات كثيرا يستغلها المجرمون و ايضا ادوات الاختراق تتطور مع الوقت وظهور حيل جديدة ,4,0.0,5.0,cybercrimes,short_answer,7,arabic,,تزايد عدد المخترقين ويقابلها زيادة عدد الثغرات الأمنية للأجهزة والبرامج يوفر فرصاً للإجرام الإلكتروني بالإضافة إلى تطور برامج الاختراق وسهولة استعمالها,"{""question_type"": ""علل""}"
arasag,18,علّل تزايد فرص الإجرام الإلكتروني عبر العالم؟,تطور ادوات الاختراق الالكتروني، سرعة الهجمات، تطور الانترانت وبالتالي زيادة عدد المخترقين، تطوير البرامج الضخمة مما يترك ثغرات امنية ,4,0.0,5.0,cybercrimes,short_answer,7,arabic,,تزايد عدد المخترقين ويقابلها زيادة عدد الثغرات الأمنية للأجهزة والبرامج يوفر فرصاً للإجرام الإلكتروني بالإضافة إلى تطور برامج الاختراق وسهولة استعمالها,"{""question_type"": ""علل""}"
arasag,18,علّل تزايد فرص الإجرام الإلكتروني عبر العالم؟,تطور الانظمة و  البرامج و زيادة ثغرات، عدم تطبيق القانون، تكتم الناس على تعرضهم للأجرام، تطور برامج الهجمات و الاختراق، الفوائد المادية و المعنوية التي يحصل عليها المخترق ,3,0.0,5.0,cybercrimes,short_answer,7,arabic,,تزايد عدد المخترقين ويقابلها زيادة عدد الثغرات الأمنية للأجهزة والبرامج يوفر فرصاً للإجرام الإلكتروني بالإضافة إلى تطور برامج الاختراق وسهولة استعمالها,"{""question_type"": ""علل""}"
arasag,18,علّل تزايد فرص الإجرام الإلكتروني عبر العالم؟,بسبب تطور برامج  الاختراقات، الاستعمال الكبير للأجهزة الالكترونية ,2,0.0,5.0,cybercrimes,short_answer,7,arabic,,تزايد عدد المخترقين ويقابلها زيادة عدد الثغرات الأمنية للأجهزة والبرامج يوفر فرصاً للإجرام الإلكتروني بالإضافة إلى تطور برامج الاختراق وسهولة استعمالها,"{""question_type"": ""علل""}"
arasag,18,علّل تزايد فرص الإجرام الإلكتروني عبر العالم؟,تطور برامج، تطور ادوات الاختراق، غياب الدعم المادي، صعوبة وجود مرتكبي الجريمة ,3,0.0,5.0,cybercrimes,short_answer,7,arabic,,تزايد عدد المخترقين ويقابلها زيادة عدد الثغرات الأمنية للأجهزة والبرامج يوفر فرصاً للإجرام الإلكتروني بالإضافة إلى تطور برامج الاختراق وسهولة استعمالها,"{""question_type"": ""علل""}"
arasag,18,علّل تزايد فرص الإجرام الإلكتروني عبر العالم؟,زيادة فائقة في سرعة التقنيات، البرامج الضخمة تحمل عيوب و ثغرات، توفر ادوات الاختراق عبر الانترانت لعامة الناس، زيادة عدد المخترقين  ,4,0.0,5.0,cybercrimes,short_answer,7,arabic,,تزايد عدد المخترقين ويقابلها زيادة عدد الثغرات الأمنية للأجهزة والبرامج يوفر فرصاً للإجرام الإلكتروني بالإضافة إلى تطور برامج الاختراق وسهولة استعمالها,"{""question_type"": ""علل""}"
arasag,18,علّل تزايد فرص الإجرام الإلكتروني عبر العالم؟,الذكاء الخارق للمخترقين، لا يترك  اثر من الصعب تحديد مكان المخترقين تطور وسائل الاختراق و زيادة عدد المتكتمين و نقص القوانين، نقص الدعم المالي، سرعة الهجمات و عدد الثغرات في الانظمة ,2,0.0,5.0,cybercrimes,short_answer,7,arabic,,تزايد عدد المخترقين ويقابلها زيادة عدد الثغرات الأمنية للأجهزة والبرامج يوفر فرصاً للإجرام الإلكتروني بالإضافة إلى تطور برامج الاختراق وسهولة استعمالها,"{""question_type"": ""علل""}"
arasag,18,علّل تزايد فرص الإجرام الإلكتروني عبر العالم؟,زيادة عدد مستخدمي الانترنت خاصة القصر الذين يجهلون عن الامن المعلوماتي ما يجعلهم عرضة   للابتزاز و الاختراق في مواقع التواصل الاجتماعي ,2,0.0,5.0,cybercrimes,short_answer,7,arabic,,تزايد عدد المخترقين ويقابلها زيادة عدد الثغرات الأمنية للأجهزة والبرامج يوفر فرصاً للإجرام الإلكتروني بالإضافة إلى تطور برامج الاختراق وسهولة استعمالها,"{""question_type"": ""علل""}"
arasag,18,علّل تزايد فرص الإجرام الإلكتروني عبر العالم؟,زيادة استخدام الانترنت، التجارة الالكترونية و الحكومة الالكترونية، تطور وسائل الاختراق ,3,0.0,5.0,cybercrimes,short_answer,7,arabic,,تزايد عدد المخترقين ويقابلها زيادة عدد الثغرات الأمنية للأجهزة والبرامج يوفر فرصاً للإجرام الإلكتروني بالإضافة إلى تطور برامج الاختراق وسهولة استعمالها,"{""question_type"": ""علل""}"
arasag,18,علّل تزايد فرص الإجرام الإلكتروني عبر العالم؟,تزايد عدد البرامج أي تزايد الثغرات لذلك يمكن الولوج اليها (المواقع او الحاسوب),2,0.0,5.0,cybercrimes,short_answer,7,arabic,,تزايد عدد المخترقين ويقابلها زيادة عدد الثغرات الأمنية للأجهزة والبرامج يوفر فرصاً للإجرام الإلكتروني بالإضافة إلى تطور برامج الاختراق وسهولة استعمالها,"{""question_type"": ""علل""}"
arasag,18,علّل تزايد فرص الإجرام الإلكتروني عبر العالم؟,زيادة عدد المخترقين و عدد الثغرات بالإضافة الى سهولة و تطور ادوات الاختراق,4,0.0,5.0,cybercrimes,short_answer,7,arabic,,تزايد عدد المخترقين ويقابلها زيادة عدد الثغرات الأمنية للأجهزة والبرامج يوفر فرصاً للإجرام الإلكتروني بالإضافة إلى تطور برامج الاختراق وسهولة استعمالها,"{""question_type"": ""علل""}"
arasag,18,علّل تزايد فرص الإجرام الإلكتروني عبر العالم؟,تزايد فرص الاجرام بسب الانتشار الواسع للاجهزة و التقنيات. توفر جميع فئات المجتمع على هذه الاجهزة و التقنيات المرتبطة بشبكات الانترنيت,2,0.0,5.0,cybercrimes,short_answer,7,arabic,,تزايد عدد المخترقين ويقابلها زيادة عدد الثغرات الأمنية للأجهزة والبرامج يوفر فرصاً للإجرام الإلكتروني بالإضافة إلى تطور برامج الاختراق وسهولة استعمالها,"{""question_type"": ""علل""}"
arasag,18,علّل تزايد فرص الإجرام الإلكتروني عبر العالم؟,سرعة التطور في المجال المعلوماتي، تطور البرامج و كبر حجمها يؤدي الى زيادة الثغرات فيها، تطور ادوات و برامج الاختراق، زيادة عدد المخترقين مع زيادة عدد الثغرات,5,0.0,5.0,cybercrimes,short_answer,7,arabic,,تزايد عدد المخترقين ويقابلها زيادة عدد الثغرات الأمنية للأجهزة والبرامج يوفر فرصاً للإجرام الإلكتروني بالإضافة إلى تطور برامج الاختراق وسهولة استعمالها,"{""question_type"": ""علل""}"
arasag,18,علّل تزايد فرص الإجرام الإلكتروني عبر العالم؟,عدم الاهتمام بجانب امن البيانات الا بعد فوات الأوان، التطور السريع لانظمة الاختراق مما يسهل عملية الاختراق، النمو السريع و الكبير للشبكة الالكترونية و تزايد و تنوع استعمالاتها، تطوير برامج ضخمة ينتج عنه ثغرات عملية,4,0.0,5.0,cybercrimes,short_answer,7,arabic,,تزايد عدد المخترقين ويقابلها زيادة عدد الثغرات الأمنية للأجهزة والبرامج يوفر فرصاً للإجرام الإلكتروني بالإضافة إلى تطور برامج الاختراق وسهولة استعمالها,"{""question_type"": ""علل""}"
arasag,18,علّل تزايد فرص الإجرام الإلكتروني عبر العالم؟,تواطؤ المجرمين و المبرمجين و الموظفين في الاجرام الالكتروني، كلما زاد امن المعلومات زاد عدد المخترقون و زاد عدد الثغرات، الانسان هو العنصر البشري الضعيف في الحلقة,4,0.0,5.0,cybercrimes,short_answer,7,arabic,,تزايد عدد المخترقين ويقابلها زيادة عدد الثغرات الأمنية للأجهزة والبرامج يوفر فرصاً للإجرام الإلكتروني بالإضافة إلى تطور برامج الاختراق وسهولة استعمالها,"{""question_type"": ""علل""}"
arasag,18,علّل تزايد فرص الإجرام الإلكتروني عبر العالم؟,سكوت وتكتم الضحايا، القوانين و التشريعات و ضرورة تطبيقها سهولة الاختراق و زيادة عدد المخترقين، توفير ادوات الاختراق زيادة و تطور البرامج بالتالي زيادة الثغرات,4,0.0,5.0,cybercrimes,short_answer,7,arabic,,تزايد عدد المخترقين ويقابلها زيادة عدد الثغرات الأمنية للأجهزة والبرامج يوفر فرصاً للإجرام الإلكتروني بالإضافة إلى تطور برامج الاختراق وسهولة استعمالها,"{""question_type"": ""علل""}"
arasag,18,علّل تزايد فرص الإجرام الإلكتروني عبر العالم؟,زيادة عدد الاجهزة الالكترونية وعدد الثغرات الامنية و عدد وسائل الاختراق ستزيد من فرص القيام بالجرائم,4,0.0,5.0,cybercrimes,short_answer,7,arabic,,تزايد عدد المخترقين ويقابلها زيادة عدد الثغرات الأمنية للأجهزة والبرامج يوفر فرصاً للإجرام الإلكتروني بالإضافة إلى تطور برامج الاختراق وسهولة استعمالها,"{""question_type"": ""علل""}"
arasag,18,علّل تزايد فرص الإجرام الإلكتروني عبر العالم؟,تطور في انظمة التشغيل و البرامج فاصبح تقريبا كل شخص قادر على تعلمه,2,0.0,5.0,cybercrimes,short_answer,7,arabic,,تزايد عدد المخترقين ويقابلها زيادة عدد الثغرات الأمنية للأجهزة والبرامج يوفر فرصاً للإجرام الإلكتروني بالإضافة إلى تطور برامج الاختراق وسهولة استعمالها,"{""question_type"": ""علل""}"
arasag,18,علّل تزايد فرص الإجرام الإلكتروني عبر العالم؟,الاستخدام المتزايد للأنترنيت و الحاسب عالميا، تكاثر عدد المخترقين مما يزيد من عدد الثغرات، صعوبة الوصول الى المجرمين,4,0.0,5.0,cybercrimes,short_answer,7,arabic,,تزايد عدد المخترقين ويقابلها زيادة عدد الثغرات الأمنية للأجهزة والبرامج يوفر فرصاً للإجرام الإلكتروني بالإضافة إلى تطور برامج الاختراق وسهولة استعمالها,"{""question_type"": ""علل""}"
arasag,20,علّل كيف يكون تطوير البرامج الضخمة تحديا صعبا في مجال الأمن المعلوماتي ؟ ,لأن البرامج كل ما كانت ضخمة كل ما زاد عدد الثغرات الأمنية الموجودة فيها مما يستدعي ذكاء وخبرة في مجال الأمن,4,0.0,5.0,cybercrimes,short_answer,7,arabic,,إن تطوير البرامج الضخمة ينتج عنه ثغرات أمنية أكثر وصعوبات في التحكم فيها خاصة مع تزايد عدد المخترقين وسرعة الهجمات )كلما كبر البرنامج كلما كبرت الثغرات الأمنية(,"{""question_type"": ""علل""}"
arasag,20,علّل كيف يكون تطوير البرامج الضخمة تحديا صعبا في مجال الأمن المعلوماتي ؟ ,البرامج الضخمة تحتوي على ثغرات فذلك يصعب الآمن المعلوماتي لآن تصميمها معقد فيصعب على اِنسان  آخر فهمه فيكون اِستعماله قليل.,3,0.0,5.0,cybercrimes,short_answer,7,arabic,,إن تطوير البرامج الضخمة ينتج عنه ثغرات أمنية أكثر وصعوبات في التحكم فيها خاصة مع تزايد عدد المخترقين وسرعة الهجمات )كلما كبر البرنامج كلما كبرت الثغرات الأمنية(,"{""question_type"": ""علل""}"
arasag,20,علّل كيف يكون تطوير البرامج الضخمة تحديا صعبا في مجال الأمن المعلوماتي ؟ ,هناك تناسب طردي فكلما كانت البرامج ضخمة ازدادت عدد الثغرات الموجودة فيها فالجانب البشري هو من يقوم بعمل هذه البرامج وهم معرض دائما للقيام بالأخطاء.,4,0.0,5.0,cybercrimes,short_answer,7,arabic,,إن تطوير البرامج الضخمة ينتج عنه ثغرات أمنية أكثر وصعوبات في التحكم فيها خاصة مع تزايد عدد المخترقين وسرعة الهجمات )كلما كبر البرنامج كلما كبرت الثغرات الأمنية(,"{""question_type"": ""علل""}"
arasag,20,علّل كيف يكون تطوير البرامج الضخمة تحديا صعبا في مجال الأمن المعلوماتي ؟ ,لأن البرامج الضخمة تحتوي على الكثير من البيانات والمعلومات فنجد ثغرات صغيرة لا يمكن رؤيتها في الأول فإن المخترقين أو الكراكرز يستغلون هذه الثغرات ليتحكمو في النظام من الداخل لتخريب أو سرقة البيانات.,4,0.0,5.0,cybercrimes,short_answer,7,arabic,,إن تطوير البرامج الضخمة ينتج عنه ثغرات أمنية أكثر وصعوبات في التحكم فيها خاصة مع تزايد عدد المخترقين وسرعة الهجمات )كلما كبر البرنامج كلما كبرت الثغرات الأمنية(,"{""question_type"": ""علل""}"
arasag,20,علّل كيف يكون تطوير البرامج الضخمة تحديا صعبا في مجال الأمن المعلوماتي ؟ ,-تطوير البرامج الضخمة يساهم في زيادة عدد الثغرات مما يتيح للمخترقين فرص أكثر للإختراق.,4,0.0,5.0,cybercrimes,short_answer,7,arabic,,إن تطوير البرامج الضخمة ينتج عنه ثغرات أمنية أكثر وصعوبات في التحكم فيها خاصة مع تزايد عدد المخترقين وسرعة الهجمات )كلما كبر البرنامج كلما كبرت الثغرات الأمنية(,"{""question_type"": ""علل""}"
arasag,20,علّل كيف يكون تطوير البرامج الضخمة تحديا صعبا في مجال الأمن المعلوماتي ؟ ,تطوير البرامج الضخمة صعب لأمن المعلومات لأن وجود مخترقون موهوبون في البرامج مما يؤدي الى تطور الإختراق وهذا يصعب عمل امن المعلوماتي يصعب حمايتهم.,4,0.0,5.0,cybercrimes,short_answer,7,arabic,,إن تطوير البرامج الضخمة ينتج عنه ثغرات أمنية أكثر وصعوبات في التحكم فيها خاصة مع تزايد عدد المخترقين وسرعة الهجمات )كلما كبر البرنامج كلما كبرت الثغرات الأمنية(,"{""question_type"": ""علل""}"
arasag,20,علّل كيف يكون تطوير البرامج الضخمة تحديا صعبا في مجال الأمن المعلوماتي ؟ ,كلما كان البرنامج ضخمة كلما زادت ثغرات فيه؛ وبالتالي يستخدم المخترقون هذه الثغرات لكسر الحاجز لأمني، البرامج الضخمة تتناسب طردا مع الثغرات وبالتالي الاختراق.,4,0.0,5.0,cybercrimes,short_answer,7,arabic,,إن تطوير البرامج الضخمة ينتج عنه ثغرات أمنية أكثر وصعوبات في التحكم فيها خاصة مع تزايد عدد المخترقين وسرعة الهجمات )كلما كبر البرنامج كلما كبرت الثغرات الأمنية(,"{""question_type"": ""علل""}"
arasag,20,علّل كيف يكون تطوير البرامج الضخمة تحديا صعبا في مجال الأمن المعلوماتي ؟ ,تطوير البرامج الضخمة يزيد عدد الثغرات الأمنية وبالتالي زيادة الجرائم الإلكترونية,4,0.0,5.0,cybercrimes,short_answer,7,arabic,,إن تطوير البرامج الضخمة ينتج عنه ثغرات أمنية أكثر وصعوبات في التحكم فيها خاصة مع تزايد عدد المخترقين وسرعة الهجمات )كلما كبر البرنامج كلما كبرت الثغرات الأمنية(,"{""question_type"": ""علل""}"
arasag,20,علّل كيف يكون تطوير البرامج الضخمة تحديا صعبا في مجال الأمن المعلوماتي ؟ ,تطوير البرامج الضخمة ينتج عنه خلق ثغرات آمنية التي تعطي فرص للإجرام لإلكتروني، مثال: اِنشاء أنظمة وعدم تحليلها لمعرفة هل توجد بها ثغرات أمنية أو لا نتيجة ضخامة النظام.,5,0.0,5.0,cybercrimes,short_answer,7,arabic,,إن تطوير البرامج الضخمة ينتج عنه ثغرات أمنية أكثر وصعوبات في التحكم فيها خاصة مع تزايد عدد المخترقين وسرعة الهجمات )كلما كبر البرنامج كلما كبرت الثغرات الأمنية(,"{""question_type"": ""علل""}"
arasag,20,علّل كيف يكون تطوير البرامج الضخمة تحديا صعبا في مجال الأمن المعلوماتي ؟ ,لأن تطوير البرامج الضخمة يؤدي اِلى حدوث ثغرات أمنية في تلك البرامج من الصعب التحكم فيها؛ مما يسهل عملية الإختراق واِرتكاب الجرائم.,5,0.0,5.0,cybercrimes,short_answer,7,arabic,,إن تطوير البرامج الضخمة ينتج عنه ثغرات أمنية أكثر وصعوبات في التحكم فيها خاصة مع تزايد عدد المخترقين وسرعة الهجمات )كلما كبر البرنامج كلما كبرت الثغرات الأمنية(,"{""question_type"": ""علل""}"
arasag,20,علّل كيف يكون تطوير البرامج الضخمة تحديا صعبا في مجال الأمن المعلوماتي ؟ ,الثغرات وصعوبة التقنية؛ الجانب المادي؛ تكتم الضحايا؛ تطبيق القوانين؛ أدوات الإختراق؛ سرعة الهجمات.,2,0.0,5.0,cybercrimes,short_answer,7,arabic,,إن تطوير البرامج الضخمة ينتج عنه ثغرات أمنية أكثر وصعوبات في التحكم فيها خاصة مع تزايد عدد المخترقين وسرعة الهجمات )كلما كبر البرنامج كلما كبرت الثغرات الأمنية(,"{""question_type"": ""علل""}"
arasag,20,علّل كيف يكون تطوير البرامج الضخمة تحديا صعبا في مجال الأمن المعلوماتي ؟ ,حيث تطوير البرامج الضخمة يسبب ثغرات أمنية وبذلك سهولة عمل المخترقون.,4,0.0,5.0,cybercrimes,short_answer,7,arabic,,إن تطوير البرامج الضخمة ينتج عنه ثغرات أمنية أكثر وصعوبات في التحكم فيها خاصة مع تزايد عدد المخترقين وسرعة الهجمات )كلما كبر البرنامج كلما كبرت الثغرات الأمنية(,"{""question_type"": ""علل""}"
arasag,20,علّل كيف يكون تطوير البرامج الضخمة تحديا صعبا في مجال الأمن المعلوماتي ؟ ,كلما كانت البرامج ضخمة تكون فيها الثغرات كثيرة والعيوب ويسهل على المخترقون تحديدها وإختراقها. (المبرمج في غالب الآحيان يركز على برمجة البرنامج ويهمل الثغرات),4,0.0,5.0,cybercrimes,short_answer,7,arabic,,إن تطوير البرامج الضخمة ينتج عنه ثغرات أمنية أكثر وصعوبات في التحكم فيها خاصة مع تزايد عدد المخترقين وسرعة الهجمات )كلما كبر البرنامج كلما كبرت الثغرات الأمنية(,"{""question_type"": ""علل""}"
arasag,20,علّل كيف يكون تطوير البرامج الضخمة تحديا صعبا في مجال الأمن المعلوماتي ؟ ,اِن تطوير البرامج الضخمة يزيد من عدد الثغرات في البرنامج مما يزيد الإختراقات المعرض لها وبالتالي صعوبة أمن المعلومات,4,0.0,5.0,cybercrimes,short_answer,7,arabic,,إن تطوير البرامج الضخمة ينتج عنه ثغرات أمنية أكثر وصعوبات في التحكم فيها خاصة مع تزايد عدد المخترقين وسرعة الهجمات )كلما كبر البرنامج كلما كبرت الثغرات الأمنية(,"{""question_type"": ""علل""}"
arasag,20,علّل كيف يكون تطوير البرامج الضخمة تحديا صعبا في مجال الأمن المعلوماتي ؟ ,ان تطوير البرامج الضخمة يخلق ثغرات أمنية مما يزيد من فرص القرصنة؛ ويواجه صعوبات عملية و هذا ما يجعله تحديا صعبا في مجال الأمن المعلوماتي.,4,0.0,5.0,cybercrimes,short_answer,7,arabic,,إن تطوير البرامج الضخمة ينتج عنه ثغرات أمنية أكثر وصعوبات في التحكم فيها خاصة مع تزايد عدد المخترقين وسرعة الهجمات )كلما كبر البرنامج كلما كبرت الثغرات الأمنية(,"{""question_type"": ""علل""}"
arasag,20,علّل كيف يكون تطوير البرامج الضخمة تحديا صعبا في مجال الأمن المعلوماتي ؟ ,-لأن البرامج الضخمة تولد ثغرات أمنية كثيرة مما يسهل اختراقها.,4,0.0,5.0,cybercrimes,short_answer,7,arabic,,إن تطوير البرامج الضخمة ينتج عنه ثغرات أمنية أكثر وصعوبات في التحكم فيها خاصة مع تزايد عدد المخترقين وسرعة الهجمات )كلما كبر البرنامج كلما كبرت الثغرات الأمنية(,"{""question_type"": ""علل""}"
arasag,20,علّل كيف يكون تطوير البرامج الضخمة تحديا صعبا في مجال الأمن المعلوماتي ؟ ,البرامج الضخمة يمكن ان نجد لها ثغرات، لأنها أساسا تحتوي على عدد هائل من التعليمات لذ يصعب توفير الحماية لها.,4,0.0,5.0,cybercrimes,short_answer,7,arabic,,إن تطوير البرامج الضخمة ينتج عنه ثغرات أمنية أكثر وصعوبات في التحكم فيها خاصة مع تزايد عدد المخترقين وسرعة الهجمات )كلما كبر البرنامج كلما كبرت الثغرات الأمنية(,"{""question_type"": ""علل""}"
arasag,20,علّل كيف يكون تطوير البرامج الضخمة تحديا صعبا في مجال الأمن المعلوماتي ؟ ,تطوير البرامج الضخمة يخلق ثغرات أمنية مما يؤدي الى تناقص في استخدام  الأنظمة لإلكترونية والابتعاد عن المجال لإلكتروني لانه يؤدي الى انخفاض السرية وانتشار المعلومات الخاصة.,4,0.0,5.0,cybercrimes,short_answer,7,arabic,,إن تطوير البرامج الضخمة ينتج عنه ثغرات أمنية أكثر وصعوبات في التحكم فيها خاصة مع تزايد عدد المخترقين وسرعة الهجمات )كلما كبر البرنامج كلما كبرت الثغرات الأمنية(,"{""question_type"": ""علل""}"
arasag,20,علّل كيف يكون تطوير البرامج الضخمة تحديا صعبا في مجال الأمن المعلوماتي ؟ ,تطوير البرامج الضخمة يخلق ثغرات أمنية وبالتالي يمكن لهذه البرامج أن تخترق بطريقة سهلة.,4,0.0,5.0,cybercrimes,short_answer,7,arabic,,إن تطوير البرامج الضخمة ينتج عنه ثغرات أمنية أكثر وصعوبات في التحكم فيها خاصة مع تزايد عدد المخترقين وسرعة الهجمات )كلما كبر البرنامج كلما كبرت الثغرات الأمنية(,"{""question_type"": ""علل""}"
arasag,20,علّل كيف يكون تطوير البرامج الضخمة تحديا صعبا في مجال الأمن المعلوماتي ؟ ,  و ذلك في ان كلما زاد تطوير البرامج الضخمة كلما زادت الثغرات و الفجوات الامنية و كلما زادت فرص الإختراق و لهذا فإنه يجب تكريس نظام امن جد متطور للحد من سرعة الهجومات  نظرا لتطور اجهزة الاختراق,4,0.0,5.0,cybercrimes,short_answer,7,arabic,,إن تطوير البرامج الضخمة ينتج عنه ثغرات أمنية أكثر وصعوبات في التحكم فيها خاصة مع تزايد عدد المخترقين وسرعة الهجمات )كلما كبر البرنامج كلما كبرت الثغرات الأمنية(,"{""question_type"": ""علل""}"
arasag,20,علّل كيف يكون تطوير البرامج الضخمة تحديا صعبا في مجال الأمن المعلوماتي ؟ ,عند تطوير البرامج ضخمة يترني عنها زيادة عدد ثغرات لأنه يستحيل تواجد برامج من دونها و بهذا تزداد فرص القرصنة,3,0.0,5.0,cybercrimes,short_answer,7,arabic,,إن تطوير البرامج الضخمة ينتج عنه ثغرات أمنية أكثر وصعوبات في التحكم فيها خاصة مع تزايد عدد المخترقين وسرعة الهجمات )كلما كبر البرنامج كلما كبرت الثغرات الأمنية(,"{""question_type"": ""علل""}"
arasag,20,علّل كيف يكون تطوير البرامج الضخمة تحديا صعبا في مجال الأمن المعلوماتي ؟ ,"كلما كان البرنامج ضخم ,كانت ثغراته ضخمة مما يؤدي إلى جلب نظر كثير من المجرمين ",4,0.0,5.0,cybercrimes,short_answer,7,arabic,,إن تطوير البرامج الضخمة ينتج عنه ثغرات أمنية أكثر وصعوبات في التحكم فيها خاصة مع تزايد عدد المخترقين وسرعة الهجمات )كلما كبر البرنامج كلما كبرت الثغرات الأمنية(,"{""question_type"": ""علل""}"
arasag,20,علّل كيف يكون تطوير البرامج الضخمة تحديا صعبا في مجال الأمن المعلوماتي ؟ ,"يكون تطوير البرامج الضخمة تحديا صعبا لأنها تخلق ثغرات مما يسهل إختراقها , و عدم أخذ الأمن للبرامج بجد . أي تطوير أمن البرنامج لضخامته",4,0.0,5.0,cybercrimes,short_answer,7,arabic,,إن تطوير البرامج الضخمة ينتج عنه ثغرات أمنية أكثر وصعوبات في التحكم فيها خاصة مع تزايد عدد المخترقين وسرعة الهجمات )كلما كبر البرنامج كلما كبرت الثغرات الأمنية(,"{""question_type"": ""علل""}"
arasag,20,علّل كيف يكون تطوير البرامج الضخمة تحديا صعبا في مجال الأمن المعلوماتي ؟ ,البرامج الضخمة تخلق ثغرات أمنية كثيرة يكون من الصعب على المبرمجين إصلاحها كلها وهي تمثل  نقطة ضعف لأمن البرنامج التي يستغلها القراصنة,4,0.0,5.0,cybercrimes,short_answer,7,arabic,,إن تطوير البرامج الضخمة ينتج عنه ثغرات أمنية أكثر وصعوبات في التحكم فيها خاصة مع تزايد عدد المخترقين وسرعة الهجمات )كلما كبر البرنامج كلما كبرت الثغرات الأمنية(,"{""question_type"": ""علل""}"
arasag,20,علّل كيف يكون تطوير البرامج الضخمة تحديا صعبا في مجال الأمن المعلوماتي ؟ ,ينتج عن تطوير البرامج الضخمة ظهور الكثير من الفجوات في النظام و التي يصعب إخفاءها مع التطوير المستمر، التحديث المستمر للبرنامج.,2,0.0,5.0,cybercrimes,short_answer,7,arabic,,إن تطوير البرامج الضخمة ينتج عنه ثغرات أمنية أكثر وصعوبات في التحكم فيها خاصة مع تزايد عدد المخترقين وسرعة الهجمات )كلما كبر البرنامج كلما كبرت الثغرات الأمنية(,"{""question_type"": ""علل""}"
arasag,20,علّل كيف يكون تطوير البرامج الضخمة تحديا صعبا في مجال الأمن المعلوماتي ؟ ,إن تطوير البرامج الضخمة يولد ثغرات تمكن المخترقون من اختراق هذه البرامج مما يجعل هذه البرامج أكثر عرضة للنهب و الاستغلال من يخلق صعوبة في مجال الأمن المعلوماتي الهادف إلى القضاء على هذه الجرائم,4,0.0,5.0,cybercrimes,short_answer,7,arabic,,إن تطوير البرامج الضخمة ينتج عنه ثغرات أمنية أكثر وصعوبات في التحكم فيها خاصة مع تزايد عدد المخترقين وسرعة الهجمات )كلما كبر البرنامج كلما كبرت الثغرات الأمنية(,"{""question_type"": ""علل""}"
arasag,20,علّل كيف يكون تطوير البرامج الضخمة تحديا صعبا في مجال الأمن المعلوماتي ؟ ,"يكون تطوير البرامج الضخمة تحديا صعبا في مجال الأمن المعلوماتي بمنع تسرب و سرقة المعلومات , و حتى الإختراق ",1,0.0,5.0,cybercrimes,short_answer,7,arabic,,إن تطوير البرامج الضخمة ينتج عنه ثغرات أمنية أكثر وصعوبات في التحكم فيها خاصة مع تزايد عدد المخترقين وسرعة الهجمات )كلما كبر البرنامج كلما كبرت الثغرات الأمنية(,"{""question_type"": ""علل""}"
arasag,20,علّل كيف يكون تطوير البرامج الضخمة تحديا صعبا في مجال الأمن المعلوماتي ؟ ,فكلما تضخمت البرامج كثرة و صعبة تحديد الثغرات الموجودة فيها,4,0.0,5.0,cybercrimes,short_answer,7,arabic,,إن تطوير البرامج الضخمة ينتج عنه ثغرات أمنية أكثر وصعوبات في التحكم فيها خاصة مع تزايد عدد المخترقين وسرعة الهجمات )كلما كبر البرنامج كلما كبرت الثغرات الأمنية(,"{""question_type"": ""علل""}"
arasag,20,علّل كيف يكون تطوير البرامج الضخمة تحديا صعبا في مجال الأمن المعلوماتي ؟ , بتطور البرامج الضخمة يزيد عدد الثغرات في البرنامج و بالتالي زيادة إمكانية الإختراق,3,0.0,5.0,cybercrimes,short_answer,7,arabic,,إن تطوير البرامج الضخمة ينتج عنه ثغرات أمنية أكثر وصعوبات في التحكم فيها خاصة مع تزايد عدد المخترقين وسرعة الهجمات )كلما كبر البرنامج كلما كبرت الثغرات الأمنية(,"{""question_type"": ""علل""}"
arasag,20,علّل كيف يكون تطوير البرامج الضخمة تحديا صعبا في مجال الأمن المعلوماتي ؟ ,لأن البرامج تتطلب إمكانيات و أجهزة ضخمة وعالية الثمن، و المخترقين يقومون بتطوير وسائل إختراقهم في نفس الوقت.,3,0.0,5.0,cybercrimes,short_answer,7,arabic,,إن تطوير البرامج الضخمة ينتج عنه ثغرات أمنية أكثر وصعوبات في التحكم فيها خاصة مع تزايد عدد المخترقين وسرعة الهجمات )كلما كبر البرنامج كلما كبرت الثغرات الأمنية(,"{""question_type"": ""علل""}"
arasag,20,علّل كيف يكون تطوير البرامج الضخمة تحديا صعبا في مجال الأمن المعلوماتي ؟ ,لأن البرامج الضخمة تكون و جهة للعديد من المستخدمين و بالتالي اختراقها يكون انجاز لصاحبها مما يجعلها تحديا للمخترقين,3,0.0,5.0,cybercrimes,short_answer,7,arabic,,إن تطوير البرامج الضخمة ينتج عنه ثغرات أمنية أكثر وصعوبات في التحكم فيها خاصة مع تزايد عدد المخترقين وسرعة الهجمات )كلما كبر البرنامج كلما كبرت الثغرات الأمنية(,"{""question_type"": ""علل""}"
arasag,20,علّل كيف يكون تطوير البرامج الضخمة تحديا صعبا في مجال الأمن المعلوماتي ؟ ,التعدي يكمن في سهولة إنشاء البرامج لكسر أنظمة حماية، كثرة الجريمة الإلكترونية، عدم إختراق الملكية الفكرية، كثرة المخترقين يؤدي إلى صعوبة في تأمين هذا البرنامج، غياب الدعم المالي الكافي.,4,0.0,5.0,cybercrimes,short_answer,7,arabic,,إن تطوير البرامج الضخمة ينتج عنه ثغرات أمنية أكثر وصعوبات في التحكم فيها خاصة مع تزايد عدد المخترقين وسرعة الهجمات )كلما كبر البرنامج كلما كبرت الثغرات الأمنية(,"{""question_type"": ""علل""}"
arasag,20,علّل كيف يكون تطوير البرامج الضخمة تحديا صعبا في مجال الأمن المعلوماتي ؟ ,يكون تطوير البرامج الضخمة تحديا: كلما كان البرنامج ضخما كلما احتوى على ثغرات أمنية لا يمكن التحكم فيها و بالتالي تسمح للمخترقين بالقيام بالجرائم.,4,0.0,5.0,cybercrimes,short_answer,7,arabic,,إن تطوير البرامج الضخمة ينتج عنه ثغرات أمنية أكثر وصعوبات في التحكم فيها خاصة مع تزايد عدد المخترقين وسرعة الهجمات )كلما كبر البرنامج كلما كبرت الثغرات الأمنية(,"{""question_type"": ""علل""}"
arasag,20,علّل كيف يكون تطوير البرامج الضخمة تحديا صعبا في مجال الأمن المعلوماتي ؟ ,كلما كان برنامج ضخما كلما كانت عدد ثغرات أمنية أكبر و بالتالي صعوبة توفير أمن المعلومات بصفة أكاديمية أو ضمان حماية بصفة تقنية,4,0.0,5.0,cybercrimes,short_answer,7,arabic,,إن تطوير البرامج الضخمة ينتج عنه ثغرات أمنية أكثر وصعوبات في التحكم فيها خاصة مع تزايد عدد المخترقين وسرعة الهجمات )كلما كبر البرنامج كلما كبرت الثغرات الأمنية(,"{""question_type"": ""علل""}"
arasag,20,علّل كيف يكون تطوير البرامج الضخمة تحديا صعبا في مجال الأمن المعلوماتي ؟ ,كلما كبر البرنامج زادت الثغرات التي يمكن إستغلالها من طرف الدخيل,3,0.0,5.0,cybercrimes,short_answer,7,arabic,,إن تطوير البرامج الضخمة ينتج عنه ثغرات أمنية أكثر وصعوبات في التحكم فيها خاصة مع تزايد عدد المخترقين وسرعة الهجمات )كلما كبر البرنامج كلما كبرت الثغرات الأمنية(,"{""question_type"": ""علل""}"
arasag,20,علّل كيف يكون تطوير البرامج الضخمة تحديا صعبا في مجال الأمن المعلوماتي ؟ ,لأن تطوير البرامج الضخمة يكون فيه العديد من الثغرات,3,0.0,5.0,cybercrimes,short_answer,7,arabic,,إن تطوير البرامج الضخمة ينتج عنه ثغرات أمنية أكثر وصعوبات في التحكم فيها خاصة مع تزايد عدد المخترقين وسرعة الهجمات )كلما كبر البرنامج كلما كبرت الثغرات الأمنية(,"{""question_type"": ""علل""}"
arasag,20,علّل كيف يكون تطوير البرامج الضخمة تحديا صعبا في مجال الأمن المعلوماتي ؟ ,تطبيق الأمن أصعب من الجانب الفرضي، العائد المادي للأمن يكون عادة بعد فوات الأوان، مهما كان البرنامج مؤمن فانه يوجد دائما ثغرات و نقاط ضعف، أخطار الهندسة الإجتماعية النفسية.,3,0.0,5.0,cybercrimes,short_answer,7,arabic,,إن تطوير البرامج الضخمة ينتج عنه ثغرات أمنية أكثر وصعوبات في التحكم فيها خاصة مع تزايد عدد المخترقين وسرعة الهجمات )كلما كبر البرنامج كلما كبرت الثغرات الأمنية(,"{""question_type"": ""علل""}"
arasag,20,علّل كيف يكون تطوير البرامج الضخمة تحديا صعبا في مجال الأمن المعلوماتي ؟ ,تطوير البرامج الضخمة تحدي أصعب في مجال الأمن المعلوماتي لأنه تنتج عنه ثغرات تواجه صعوبات أمنية,3,0.0,5.0,cybercrimes,short_answer,7,arabic,,إن تطوير البرامج الضخمة ينتج عنه ثغرات أمنية أكثر وصعوبات في التحكم فيها خاصة مع تزايد عدد المخترقين وسرعة الهجمات )كلما كبر البرنامج كلما كبرت الثغرات الأمنية(,"{""question_type"": ""علل""}"
arasag,20,علّل كيف يكون تطوير البرامج الضخمة تحديا صعبا في مجال الأمن المعلوماتي ؟ ,كلما كبر و تعقد البرنامج كلما زادت قابليته و حساسيته للإختراق و لهذا يكون توفير الأمن فيه تحديا صعبا و خاصة من جميع النواحي,4,0.0,5.0,cybercrimes,short_answer,7,arabic,,إن تطوير البرامج الضخمة ينتج عنه ثغرات أمنية أكثر وصعوبات في التحكم فيها خاصة مع تزايد عدد المخترقين وسرعة الهجمات )كلما كبر البرنامج كلما كبرت الثغرات الأمنية(,"{""question_type"": ""علل""}"
arasag,20,علّل كيف يكون تطوير البرامج الضخمة تحديا صعبا في مجال الأمن المعلوماتي ؟ ,تطوير البرامج الضخمة يؤدي إلى وجود ثغرات أمنية و نقائص معلوماتية ما يؤدي إلى سهولة إختراقها,4,0.0,5.0,cybercrimes,short_answer,7,arabic,,إن تطوير البرامج الضخمة ينتج عنه ثغرات أمنية أكثر وصعوبات في التحكم فيها خاصة مع تزايد عدد المخترقين وسرعة الهجمات )كلما كبر البرنامج كلما كبرت الثغرات الأمنية(,"{""question_type"": ""علل""}"
arasag,20,علّل كيف يكون تطوير البرامج الضخمة تحديا صعبا في مجال الأمن المعلوماتي ؟ ,بما أن البرامج الضخمة تحتوي على كثير من الأسطر و لها الكثير من الوظائف فإنه يصعب عدم حدوث ثغرات في البرنامج,4,0.0,5.0,cybercrimes,short_answer,7,arabic,,إن تطوير البرامج الضخمة ينتج عنه ثغرات أمنية أكثر وصعوبات في التحكم فيها خاصة مع تزايد عدد المخترقين وسرعة الهجمات )كلما كبر البرنامج كلما كبرت الثغرات الأمنية(,"{""question_type"": ""علل""}"
arasag,20,علّل كيف يكون تطوير البرامج الضخمة تحديا صعبا في مجال الأمن المعلوماتي ؟ ,كلما كان البرنامج ضخما كانت الثغرات أكثر الأخطاء أكثر و بالتالي تحفيز المخترق على محاولة لتخريب البرنامج سواءا لإمتلاك البرنامج أو بدافع الفضول و التعري,4,0.0,5.0,cybercrimes,short_answer,7,arabic,,إن تطوير البرامج الضخمة ينتج عنه ثغرات أمنية أكثر وصعوبات في التحكم فيها خاصة مع تزايد عدد المخترقين وسرعة الهجمات )كلما كبر البرنامج كلما كبرت الثغرات الأمنية(,"{""question_type"": ""علل""}"
arasag,20,علّل كيف يكون تطوير البرامج الضخمة تحديا صعبا في مجال الأمن المعلوماتي ؟ ,يمكن ان تخلق ثغرات في اماكن منها مما يسهل للمخترق الاختراق للوسيلة,4,0.0,5.0,cybercrimes,short_answer,7,arabic,,إن تطوير البرامج الضخمة ينتج عنه ثغرات أمنية أكثر وصعوبات في التحكم فيها خاصة مع تزايد عدد المخترقين وسرعة الهجمات )كلما كبر البرنامج كلما كبرت الثغرات الأمنية(,"{""question_type"": ""علل""}"
arasag,20,علّل كيف يكون تطوير البرامج الضخمة تحديا صعبا في مجال الأمن المعلوماتي ؟ ,كلما كبرت البرامج زادت عدد الثغرات فيه و بالتالي تتيح للكثير من الهاكر استغلالها في الجرائم الالكترونية ,4,0.0,5.0,cybercrimes,short_answer,7,arabic,,إن تطوير البرامج الضخمة ينتج عنه ثغرات أمنية أكثر وصعوبات في التحكم فيها خاصة مع تزايد عدد المخترقين وسرعة الهجمات )كلما كبر البرنامج كلما كبرت الثغرات الأمنية(,"{""question_type"": ""علل""}"
arasag,20,علّل كيف يكون تطوير البرامج الضخمة تحديا صعبا في مجال الأمن المعلوماتي ؟ ,خلق الثغرات، تزايد عدد القراصنة، تطور الثغرات مع تطور البرمجيات، سرعة الهجمات ,4,0.0,5.0,cybercrimes,short_answer,7,arabic,,إن تطوير البرامج الضخمة ينتج عنه ثغرات أمنية أكثر وصعوبات في التحكم فيها خاصة مع تزايد عدد المخترقين وسرعة الهجمات )كلما كبر البرنامج كلما كبرت الثغرات الأمنية(,"{""question_type"": ""علل""}"
arasag,20,علّل كيف يكون تطوير البرامج الضخمة تحديا صعبا في مجال الأمن المعلوماتي ؟ ,كلما كبر برنامج زادت الثغرات,4,0.0,5.0,cybercrimes,short_answer,7,arabic,,إن تطوير البرامج الضخمة ينتج عنه ثغرات أمنية أكثر وصعوبات في التحكم فيها خاصة مع تزايد عدد المخترقين وسرعة الهجمات )كلما كبر البرنامج كلما كبرت الثغرات الأمنية(,"{""question_type"": ""علل""}"
arasag,20,علّل كيف يكون تطوير البرامج الضخمة تحديا صعبا في مجال الأمن المعلوماتي ؟ ,يمكن ان تخلق ثغرات امنية التي يصعب التحكم بها,4,0.0,5.0,cybercrimes,short_answer,7,arabic,,إن تطوير البرامج الضخمة ينتج عنه ثغرات أمنية أكثر وصعوبات في التحكم فيها خاصة مع تزايد عدد المخترقين وسرعة الهجمات )كلما كبر البرنامج كلما كبرت الثغرات الأمنية(,"{""question_type"": ""علل""}"
arasag,20,علّل كيف يكون تطوير البرامج الضخمة تحديا صعبا في مجال الأمن المعلوماتي ؟ ,لان تطويرها يؤدي الى زيادة عدد الثغرات الامنية بحيث يصعب تطوير برنامج ضخم و امن في نفس الوقت,4,0.0,5.0,cybercrimes,short_answer,7,arabic,,إن تطوير البرامج الضخمة ينتج عنه ثغرات أمنية أكثر وصعوبات في التحكم فيها خاصة مع تزايد عدد المخترقين وسرعة الهجمات )كلما كبر البرنامج كلما كبرت الثغرات الأمنية(,"{""question_type"": ""علل""}"
arasag,20,علّل كيف يكون تطوير البرامج الضخمة تحديا صعبا في مجال الأمن المعلوماتي ؟ ,تؤدي الى وجود ثغرات اكبر فكلما كان البرنامج ضخما اهتم المبرمج بالوظائف التي يؤديها,4,0.0,5.0,cybercrimes,short_answer,7,arabic,,إن تطوير البرامج الضخمة ينتج عنه ثغرات أمنية أكثر وصعوبات في التحكم فيها خاصة مع تزايد عدد المخترقين وسرعة الهجمات )كلما كبر البرنامج كلما كبرت الثغرات الأمنية(,"{""question_type"": ""علل""}"
arasag,22,علّل لماذا لا تفكر المؤسسات غالبا في دعم سياسة الأمن في وقت مبكر من تصميم وتطوير النظام المعلوماتي ؟,لأن العائدات المالية منه لا تظهر الا بعد فوات الاوان,4,0.0,5.0,cybercrimes,short_answer,7,arabic,,لأن العائد المادي لسياسة الأمن المبكر غير منظور مسبقا في غياب ثقافة الأمن,"{""question_type"": ""علل""}"
arasag,22,علّل لماذا لا تفكر المؤسسات غالبا في دعم سياسة الأمن في وقت مبكر من تصميم وتطوير النظام المعلوماتي ؟,في بعض الأحيان يكون الأمن مكلف و هي تكون تريد ان تحقق ربح مادي ،لكن عند وقوع مشكل تضطر الى تطبيق سياسة الأمن.بسبب العائد المادي من دعم الأمن,4,0.0,5.0,cybercrimes,short_answer,7,arabic,,لأن العائد المادي لسياسة الأمن المبكر غير منظور مسبقا في غياب ثقافة الأمن,"{""question_type"": ""علل""}"
arasag,22,علّل لماذا لا تفكر المؤسسات غالبا في دعم سياسة الأمن في وقت مبكر من تصميم وتطوير النظام المعلوماتي ؟,الرغبة في توفير الأموال، الأفكار المغلوطة عن أن الأمن هو تنصيب مضاد فيروسات,3,0.0,5.0,cybercrimes,short_answer,7,arabic,,لأن العائد المادي لسياسة الأمن المبكر غير منظور مسبقا في غياب ثقافة الأمن,"{""question_type"": ""علل""}"
arasag,22,علّل لماذا لا تفكر المؤسسات غالبا في دعم سياسة الأمن في وقت مبكر من تصميم وتطوير النظام المعلوماتي ؟,لأنها مكلفة ,2,0.0,5.0,cybercrimes,short_answer,7,arabic,,لأن العائد المادي لسياسة الأمن المبكر غير منظور مسبقا في غياب ثقافة الأمن,"{""question_type"": ""علل""}"
arasag,22,علّل لماذا لا تفكر المؤسسات غالبا في دعم سياسة الأمن في وقت مبكر من تصميم وتطوير النظام المعلوماتي ؟,لأنها تشعر بالإحساس الخاطئ بالأمن و لعدم وجود الدعم المالي و يعود السبب أيضا لتكتم الضحايا,1,0.0,5.0,cybercrimes,short_answer,7,arabic,,لأن العائد المادي لسياسة الأمن المبكر غير منظور مسبقا في غياب ثقافة الأمن,"{""question_type"": ""علل""}"
arasag,22,علّل لماذا لا تفكر المؤسسات غالبا في دعم سياسة الأمن في وقت مبكر من تصميم وتطوير النظام المعلوماتي ؟,لأنها ليست واعية على الخطر الذي يوجد في البيئة ولا توجد حملة ذات توعية أو تثقيف. ,1,0.0,5.0,cybercrimes,short_answer,7,arabic,,لأن العائد المادي لسياسة الأمن المبكر غير منظور مسبقا في غياب ثقافة الأمن,"{""question_type"": ""علل""}"
arasag,22,علّل لماذا لا تفكر المؤسسات غالبا في دعم سياسة الأمن في وقت مبكر من تصميم وتطوير النظام المعلوماتي ؟,غياب العائد المادي، غياب الوعي لدى المؤسسات و الإحساس الخاطئ بالأمن .,5,0.0,5.0,cybercrimes,short_answer,7,arabic,,لأن العائد المادي لسياسة الأمن المبكر غير منظور مسبقا في غياب ثقافة الأمن,"{""question_type"": ""علل""}"
arasag,22,علّل لماذا لا تفكر المؤسسات غالبا في دعم سياسة الأمن في وقت مبكر من تصميم وتطوير النظام المعلوماتي ؟,لا تفكر في ذلك المؤسسات لأن في بعض الأحيان تكون التكاليف عالية أو تكون متأكدة من أن نظامها آمن أو أن وقت تجهيز النظام لم يكن كافي لمعالجة النظام من الجهة الأمنية.,3,0.0,5.0,cybercrimes,short_answer,7,arabic,,لأن العائد المادي لسياسة الأمن المبكر غير منظور مسبقا في غياب ثقافة الأمن,"{""question_type"": ""علل""}"
arasag,22,علّل لماذا لا تفكر المؤسسات غالبا في دعم سياسة الأمن في وقت مبكر من تصميم وتطوير النظام المعلوماتي ؟,أولا يجب أن تقوم بفحص أولي لتعرف سياسة الأمن اللازم اتخاذها و أيضا كلما كبر حجم النظام كلما زاد حجم الثغرات,0,0.0,5.0,cybercrimes,short_answer,7,arabic,,لأن العائد المادي لسياسة الأمن المبكر غير منظور مسبقا في غياب ثقافة الأمن,"{""question_type"": ""علل""}"
arasag,22,علّل لماذا لا تفكر المؤسسات غالبا في دعم سياسة الأمن في وقت مبكر من تصميم وتطوير النظام المعلوماتي ؟,أولا لأنها مكلفة و تعتمد على الخبرة في انجازها كمدتها تستغرق وقت كبير لذلك فان المؤسسات لا تشعر بأهمية الأمن حتى تتعرض إلى هجوم يكلفها خسائر كبيرة ، اضافة أنها لا تعي أي نوع من الهجومات هي معرضة له .,3,0.0,5.0,cybercrimes,short_answer,7,arabic,,لأن العائد المادي لسياسة الأمن المبكر غير منظور مسبقا في غياب ثقافة الأمن,"{""question_type"": ""علل""}"
arasag,22,علّل لماذا لا تفكر المؤسسات غالبا في دعم سياسة الأمن في وقت مبكر من تصميم وتطوير النظام المعلوماتي ؟,لأنها تفتقر للوعي و ثقافة الأمن المعلوماتي .,2,0.0,5.0,cybercrimes,short_answer,7,arabic,,لأن العائد المادي لسياسة الأمن المبكر غير منظور مسبقا في غياب ثقافة الأمن,"{""question_type"": ""علل""}"
arasag,22,علّل لماذا لا تفكر المؤسسات غالبا في دعم سياسة الأمن في وقت مبكر من تصميم وتطوير النظام المعلوماتي ؟,لعدم توفر الخبرة الكافية لمكافحة إختراقها، عدم الوعي بخطورة الأمر حتى حدوثه، عدم توفر ثقافة أمن المعلومات .,2,0.0,5.0,cybercrimes,short_answer,7,arabic,,لأن العائد المادي لسياسة الأمن المبكر غير منظور مسبقا في غياب ثقافة الأمن,"{""question_type"": ""علل""}"
arasag,22,علّل لماذا لا تفكر المؤسسات غالبا في دعم سياسة الأمن في وقت مبكر من تصميم وتطوير النظام المعلوماتي ؟,لأن العائد المادي غير منظور و لا يمكن إكتشافه إلا بعد فوات الأوان .,5,0.0,5.0,cybercrimes,short_answer,7,arabic,,لأن العائد المادي لسياسة الأمن المبكر غير منظور مسبقا في غياب ثقافة الأمن,"{""question_type"": ""علل""}"
arasag,22,علّل لماذا لا تفكر المؤسسات غالبا في دعم سياسة الأمن في وقت مبكر من تصميم وتطوير النظام المعلوماتي ؟,لأن مردوده قليل جدا، و يتطلب مجهود و مال كبير لدعمه خاصة إذا كان نظاما كبيرا .,4,0.0,5.0,cybercrimes,short_answer,7,arabic,,لأن العائد المادي لسياسة الأمن المبكر غير منظور مسبقا في غياب ثقافة الأمن,"{""question_type"": ""علل""}"
arasag,22,علّل لماذا لا تفكر المؤسسات غالبا في دعم سياسة الأمن في وقت مبكر من تصميم وتطوير النظام المعلوماتي ؟,لأن عادة ما يكون النظام المطور كبير الحجم مما يصعب القيام بإجراءات لتأمينه بعد أن تكون المنشأة ضحية ستقوم بتأمين نظامها .,2,0.0,5.0,cybercrimes,short_answer,7,arabic,,لأن العائد المادي لسياسة الأمن المبكر غير منظور مسبقا في غياب ثقافة الأمن,"{""question_type"": ""علل""}"
arasag,22,علّل لماذا لا تفكر المؤسسات غالبا في دعم سياسة الأمن في وقت مبكر من تصميم وتطوير النظام المعلوماتي ؟,لأنها لا ترى نفسها قابلة للإختراق حتى بعد فوات الأوان .,2,0.0,5.0,cybercrimes,short_answer,7,arabic,,لأن العائد المادي لسياسة الأمن المبكر غير منظور مسبقا في غياب ثقافة الأمن,"{""question_type"": ""علل""}"
arasag,22,علّل لماذا لا تفكر المؤسسات غالبا في دعم سياسة الأمن في وقت مبكر من تصميم وتطوير النظام المعلوماتي ؟,لأنها في البداية لا تعرف الثغرات و طرق الإختراق و مع مرور الزمن يحدث لها إختراقات فتقوم بدعم سياسة الأمن و لكن تتطرأ إلى خسائر .,2,0.0,5.0,cybercrimes,short_answer,7,arabic,,لأن العائد المادي لسياسة الأمن المبكر غير منظور مسبقا في غياب ثقافة الأمن,"{""question_type"": ""علل""}"
arasag,22,علّل لماذا لا تفكر المؤسسات غالبا في دعم سياسة الأمن في وقت مبكر من تصميم وتطوير النظام المعلوماتي ؟,الإهمال، غياب الوعي بأهمية تأمين النظام .,2,0.0,5.0,cybercrimes,short_answer,7,arabic,,لأن العائد المادي لسياسة الأمن المبكر غير منظور مسبقا في غياب ثقافة الأمن,"{""question_type"": ""علل""}"
arasag,22,علّل لماذا لا تفكر المؤسسات غالبا في دعم سياسة الأمن في وقت مبكر من تصميم وتطوير النظام المعلوماتي ؟,لأنها تجهل أهمية و حجم الأموال التي يمكن توفيرها و جنيها من خلال تأمين المعلومات .,3,0.0,5.0,cybercrimes,short_answer,7,arabic,,لأن العائد المادي لسياسة الأمن المبكر غير منظور مسبقا في غياب ثقافة الأمن,"{""question_type"": ""علل""}"
arasag,22,علّل لماذا لا تفكر المؤسسات غالبا في دعم سياسة الأمن في وقت مبكر من تصميم وتطوير النظام المعلوماتي ؟,لأنها لا تقدر خطورة الأمر إلا بعد فوات الأوان .,2,0.0,5.0,cybercrimes,short_answer,7,arabic,,لأن العائد المادي لسياسة الأمن المبكر غير منظور مسبقا في غياب ثقافة الأمن,"{""question_type"": ""علل""}"
arasag,22,علّل لماذا لا تفكر المؤسسات غالبا في دعم سياسة الأمن في وقت مبكر من تصميم وتطوير النظام المعلوماتي ؟,لكثرة المصاريف و الإحساس الخاطئ بالأمن .,4,0.0,5.0,cybercrimes,short_answer,7,arabic,,لأن العائد المادي لسياسة الأمن المبكر غير منظور مسبقا في غياب ثقافة الأمن,"{""question_type"": ""علل""}"
arasag,22,علّل لماذا لا تفكر المؤسسات غالبا في دعم سياسة الأمن في وقت مبكر من تصميم وتطوير النظام المعلوماتي ؟,غالبا لأنها لم يصيبها إختراق قبل ذلك .,0,0.0,5.0,cybercrimes,short_answer,7,arabic,,لأن العائد المادي لسياسة الأمن المبكر غير منظور مسبقا في غياب ثقافة الأمن,"{""question_type"": ""علل""}"
arasag,22,علّل لماذا لا تفكر المؤسسات غالبا في دعم سياسة الأمن في وقت مبكر من تصميم وتطوير النظام المعلوماتي ؟,لعدم وعيها بمخاطر ضعف الأمن ، و عدم الرغبة في صرف أموال عن الأمن .,4,0.0,5.0,cybercrimes,short_answer,7,arabic,,لأن العائد المادي لسياسة الأمن المبكر غير منظور مسبقا في غياب ثقافة الأمن,"{""question_type"": ""علل""}"
arasag,22,علّل لماذا لا تفكر المؤسسات غالبا في دعم سياسة الأمن في وقت مبكر من تصميم وتطوير النظام المعلوماتي ؟,لأنها تعطي أهمية قليلة لسياسة الأمن و تفضل الدعم في أمور معروفة و هذا بسبب نقص ثقافة الأمن .,2,0.0,5.0,cybercrimes,short_answer,7,arabic,,لأن العائد المادي لسياسة الأمن المبكر غير منظور مسبقا في غياب ثقافة الأمن,"{""question_type"": ""علل""}"
arasag,22,علّل لماذا لا تفكر المؤسسات غالبا في دعم سياسة الأمن في وقت مبكر من تصميم وتطوير النظام المعلوماتي ؟,لربح الأموال و الوقت لتصميم و تطوير النظام المعلوماتي لأن سياسة الأمن تكلف أموال كبرى.,3,0.0,5.0,cybercrimes,short_answer,7,arabic,,لأن العائد المادي لسياسة الأمن المبكر غير منظور مسبقا في غياب ثقافة الأمن,"{""question_type"": ""علل""}"
arasag,22,علّل لماذا لا تفكر المؤسسات غالبا في دعم سياسة الأمن في وقت مبكر من تصميم وتطوير النظام المعلوماتي ؟,الفوائد و تجنب الخسائر العائدة من تطوير سياسة الأمن في وقت مبكر غير متطور و متجاهل كما يتم الإستهانة به (الشعور بالأمان)، إدراك أهمية الأمر بعد حدوث إختراق للنظام .,2,0.0,5.0,cybercrimes,short_answer,7,arabic,,لأن العائد المادي لسياسة الأمن المبكر غير منظور مسبقا في غياب ثقافة الأمن,"{""question_type"": ""علل""}"
arasag,22,علّل لماذا لا تفكر المؤسسات غالبا في دعم سياسة الأمن في وقت مبكر من تصميم وتطوير النظام المعلوماتي ؟,لأنها تسعى دائما لتحقيق الأرباح دون إعطاء أهمية إلى الخطر الذي يشكله غياب الأمن المعلوماتي إضافة إلى إحساسها الخاطئ بالأمن .,3,0.0,5.0,cybercrimes,short_answer,7,arabic,,لأن العائد المادي لسياسة الأمن المبكر غير منظور مسبقا في غياب ثقافة الأمن,"{""question_type"": ""علل""}"
arasag,22,علّل لماذا لا تفكر المؤسسات غالبا في دعم سياسة الأمن في وقت مبكر من تصميم وتطوير النظام المعلوماتي ؟,ذلك بسبب قلة شهرتها في العالم الإقتصادي، مما قد يبعد عنها الهاكر . ,0,0.0,5.0,cybercrimes,short_answer,7,arabic,,لأن العائد المادي لسياسة الأمن المبكر غير منظور مسبقا في غياب ثقافة الأمن,"{""question_type"": ""علل""}"
arasag,22,علّل لماذا لا تفكر المؤسسات غالبا في دعم سياسة الأمن في وقت مبكر من تصميم وتطوير النظام المعلوماتي ؟,دعم سياسة الأمن لا يرد مدخول مادي، سهولة و تطور اجهزة الاختراق، سرعة الهجمات.,2,0.0,5.0,cybercrimes,short_answer,7,arabic,,لأن العائد المادي لسياسة الأمن المبكر غير منظور مسبقا في غياب ثقافة الأمن,"{""question_type"": ""علل""}"
arasag,22,علّل لماذا لا تفكر المؤسسات غالبا في دعم سياسة الأمن في وقت مبكر من تصميم وتطوير النظام المعلوماتي ؟,غياب الوعي. ,1,0.0,5.0,cybercrimes,short_answer,7,arabic,,لأن العائد المادي لسياسة الأمن المبكر غير منظور مسبقا في غياب ثقافة الأمن,"{""question_type"": ""علل""}"
arasag,22,علّل لماذا لا تفكر المؤسسات غالبا في دعم سياسة الأمن في وقت مبكر من تصميم وتطوير النظام المعلوماتي ؟,الدعم المادي الناقص. جهل مدى خطورة اختراق الأمن. ,2,0.0,5.0,cybercrimes,short_answer,7,arabic,,لأن العائد المادي لسياسة الأمن المبكر غير منظور مسبقا في غياب ثقافة الأمن,"{""question_type"": ""علل""}"
arasag,22,علّل لماذا لا تفكر المؤسسات غالبا في دعم سياسة الأمن في وقت مبكر من تصميم وتطوير النظام المعلوماتي ؟,لأنها غالبا ما تضن أنها محمية من الإختراق إلى أن يخترق نظامها.,2,0.0,5.0,cybercrimes,short_answer,7,arabic,,لأن العائد المادي لسياسة الأمن المبكر غير منظور مسبقا في غياب ثقافة الأمن,"{""question_type"": ""علل""}"
arasag,22,علّل لماذا لا تفكر المؤسسات غالبا في دعم سياسة الأمن في وقت مبكر من تصميم وتطوير النظام المعلوماتي ؟,لأن المؤسسات تهتم بالعائدات المادية من الانظمة. و العائد المادي لدعم الأمن المعلوماتي غير منظور الا بعد فوات الاوان .,4,0.0,5.0,cybercrimes,short_answer,7,arabic,,لأن العائد المادي لسياسة الأمن المبكر غير منظور مسبقا في غياب ثقافة الأمن,"{""question_type"": ""علل""}"
arasag,22,علّل لماذا لا تفكر المؤسسات غالبا في دعم سياسة الأمن في وقت مبكر من تصميم وتطوير النظام المعلوماتي ؟,"لأن الدعم المادي للأمن (الأموال) تكون ضخمة جدا مما يجعل المؤسسات يغفلون عنها , حيث يقوم يصرف الأموال في التصميم و التطوير أولا و هذا خطأ.",3,0.0,5.0,cybercrimes,short_answer,7,arabic,,لأن العائد المادي لسياسة الأمن المبكر غير منظور مسبقا في غياب ثقافة الأمن,"{""question_type"": ""علل""}"
arasag,22,علّل لماذا لا تفكر المؤسسات غالبا في دعم سياسة الأمن في وقت مبكر من تصميم وتطوير النظام المعلوماتي ؟,المؤسسات لا تفكر في دعم سياسة أمنها لأنها   لا تنظر في العائد المادي الذي قد تكسب من أمن المعلومات الا بعد فوات الأوان. ,4,0.0,5.0,cybercrimes,short_answer,7,arabic,,لأن العائد المادي لسياسة الأمن المبكر غير منظور مسبقا في غياب ثقافة الأمن,"{""question_type"": ""علل""}"
arasag,22,علّل لماذا لا تفكر المؤسسات غالبا في دعم سياسة الأمن في وقت مبكر من تصميم وتطوير النظام المعلوماتي ؟,عدم الاكتراث بالمخاطر في البداية لصغر النظام، فكلما زاد تطور النظام المعلوماتي زادت نسبة وجود ثغرات فيه و بالتالي زيادة نسبة حدوث جرائم واختراقات.,1,0.0,5.0,cybercrimes,short_answer,7,arabic,,لأن العائد المادي لسياسة الأمن المبكر غير منظور مسبقا في غياب ثقافة الأمن,"{""question_type"": ""علل""}"
arasag,22,علّل لماذا لا تفكر المؤسسات غالبا في دعم سياسة الأمن في وقت مبكر من تصميم وتطوير النظام المعلوماتي ؟,لان كلما يزداد تطور البرامج يزداد معه عدد الثغرات و زيادة عدد المخترقين و يقابله زيادة عدد الجرائم الالكترونية و العائد المادي غير منظور ,2,0.0,5.0,cybercrimes,short_answer,7,arabic,,لأن العائد المادي لسياسة الأمن المبكر غير منظور مسبقا في غياب ثقافة الأمن,"{""question_type"": ""علل""}"
arasag,22,علّل لماذا لا تفكر المؤسسات غالبا في دعم سياسة الأمن في وقت مبكر من تصميم وتطوير النظام المعلوماتي ؟,تطور السريع لأداة الاختراق ، كثرة المخترقون الذكيون . ,0,0.0,5.0,cybercrimes,short_answer,7,arabic,,لأن العائد المادي لسياسة الأمن المبكر غير منظور مسبقا في غياب ثقافة الأمن,"{""question_type"": ""علل""}"
arasag,22,علّل لماذا لا تفكر المؤسسات غالبا في دعم سياسة الأمن في وقت مبكر من تصميم وتطوير النظام المعلوماتي ؟,لا تفكر المؤسسات غالبا في دعم سياسة الأمن في وقت مبكر. لأنها تشعر بأمن و هذا شعور خاطئ.,1,0.0,5.0,cybercrimes,short_answer,7,arabic,,لأن العائد المادي لسياسة الأمن المبكر غير منظور مسبقا في غياب ثقافة الأمن,"{""question_type"": ""علل""}"
arasag,22,علّل لماذا لا تفكر المؤسسات غالبا في دعم سياسة الأمن في وقت مبكر من تصميم وتطوير النظام المعلوماتي ؟,الجانب المادي غير محبوب الى بعد فوات الاوان و هذا راجع لأسباب مثل : الإسراع في تقديم برنامج ما ، تكلفة تأمين هذه البرمجيات و الأنظمة.,1,0.0,5.0,cybercrimes,short_answer,7,arabic,,لأن العائد المادي لسياسة الأمن المبكر غير منظور مسبقا في غياب ثقافة الأمن,"{""question_type"": ""علل""}"
arasag,22,علّل لماذا لا تفكر المؤسسات غالبا في دعم سياسة الأمن في وقت مبكر من تصميم وتطوير النظام المعلوماتي ؟,يعود هذا إلى عدم الإهتمام بالناحية الامنية ،الانشغال بأعمال المؤسسة ، سرعة الهجمات ، الاستهانة بعمليات القرصنة .,1,0.0,5.0,cybercrimes,short_answer,7,arabic,,لأن العائد المادي لسياسة الأمن المبكر غير منظور مسبقا في غياب ثقافة الأمن,"{""question_type"": ""علل""}"
arasag,22,علّل لماذا لا تفكر المؤسسات غالبا في دعم سياسة الأمن في وقت مبكر من تصميم وتطوير النظام المعلوماتي ؟,عدم إدراك المخاطر التي تهدد المؤسسة و زبائنها جراء الجرائم الالكترونية ، الظن بان النظام سليم و لا يستحق خسارة المال من أجل نظام أمني .,2,0.0,5.0,cybercrimes,short_answer,7,arabic,,لأن العائد المادي لسياسة الأمن المبكر غير منظور مسبقا في غياب ثقافة الأمن,"{""question_type"": ""علل""}"
arasag,22,علّل لماذا لا تفكر المؤسسات غالبا في دعم سياسة الأمن في وقت مبكر من تصميم وتطوير النظام المعلوماتي ؟,لأنها لا تعطي أهمية حتى يتم اختراق النظام عندها يكون فات الآوان و تقوم الشركات بدعم مالي لتعزيز الأمن في نظامها. ,2,0.0,5.0,cybercrimes,short_answer,7,arabic,,لأن العائد المادي لسياسة الأمن المبكر غير منظور مسبقا في غياب ثقافة الأمن,"{""question_type"": ""علل""}"
arasag,22,علّل لماذا لا تفكر المؤسسات غالبا في دعم سياسة الأمن في وقت مبكر من تصميم وتطوير النظام المعلوماتي ؟,غياب الدعم المادي لسياسة الأمن إلا بعد فوات الأوان ،ظنا أن النظام المعلوماتي للمؤسسات آمن و غير معرض للخطر.,2,0.0,5.0,cybercrimes,short_answer,7,arabic,,لأن العائد المادي لسياسة الأمن المبكر غير منظور مسبقا في غياب ثقافة الأمن,"{""question_type"": ""علل""}"
arasag,22,علّل لماذا لا تفكر المؤسسات غالبا في دعم سياسة الأمن في وقت مبكر من تصميم وتطوير النظام المعلوماتي ؟,ظنا منها انها لن تكون عرضة للاختراق (الاستهزاء و التهاون )و تفضيلها عدم صرف أموال طائلة لمخترقون لكشف عيوب موقعها و بالتالي لغياب ثقافة الوعي لديهم.,3,0.0,5.0,cybercrimes,short_answer,7,arabic,,لأن العائد المادي لسياسة الأمن المبكر غير منظور مسبقا في غياب ثقافة الأمن,"{""question_type"": ""علل""}"
arasag,22,علّل لماذا لا تفكر المؤسسات غالبا في دعم سياسة الأمن في وقت مبكر من تصميم وتطوير النظام المعلوماتي ؟,لأن المؤسسات ليست واعية بمخاطر الجرائم الالكترونية في المستقبل، و لأنها ترى أن إنفاق الأموال على دعم سياسة الأمن في وقت مبكر من تصميم و تطوير النظام المعلوماتي ه,3,0.0,5.0,cybercrimes,short_answer,7,arabic,,لأن العائد المادي لسياسة الأمن المبكر غير منظور مسبقا في غياب ثقافة الأمن,"{""question_type"": ""علل""}"
arasag,22,علّل لماذا لا تفكر المؤسسات غالبا في دعم سياسة الأمن في وقت مبكر من تصميم وتطوير النظام المعلوماتي ؟,لعدم تطور ثقافة أمن المعلومات و أغلب الناس لا يفكرون في دعم سياسة الأمن إلا بعد فوات الأوان و هذا الأمر من الأساسيات في صعوبة أمن المعلومات. ,3,0.0,5.0,cybercrimes,short_answer,7,arabic,,لأن العائد المادي لسياسة الأمن المبكر غير منظور مسبقا في غياب ثقافة الأمن,"{""question_type"": ""علل""}"
arasag,22,علّل لماذا لا تفكر المؤسسات غالبا في دعم سياسة الأمن في وقت مبكر من تصميم وتطوير النظام المعلوماتي ؟,لأن تطوير البرامج الضخمة يؤدي إلى ظهور ثغرات خاصة في بدايته لأن العائد المادي من دعم أمن المعلومات غير منظور أي لا يظهر إلا بعد فوات الأوان. ,3,0.0,5.0,cybercrimes,short_answer,7,arabic,,لأن العائد المادي لسياسة الأمن المبكر غير منظور مسبقا في غياب ثقافة الأمن,"{""question_type"": ""علل""}"
arasag,22,علّل لماذا لا تفكر المؤسسات غالبا في دعم سياسة الأمن في وقت مبكر من تصميم وتطوير النظام المعلوماتي ؟,لأنها تؤمن بعدم وجود ثغرات في نظامها المعلوماتي و أنها غير مهددة. كما أنها لا تريد خسارة الأموال في دعم سياسة الأمن إلا بعد فوات الأوان. ,3,0.0,5.0,cybercrimes,short_answer,7,arabic,,لأن العائد المادي لسياسة الأمن المبكر غير منظور مسبقا في غياب ثقافة الأمن,"{""question_type"": ""علل""}"
arasag,22,علّل لماذا لا تفكر المؤسسات غالبا في دعم سياسة الأمن في وقت مبكر من تصميم وتطوير النظام المعلوماتي ؟,لعدم انتشار ثقافة الوعي الأمني فيعتبرونه هدم للمال و أحيانا لغياب الخبرة التقنية. ,3,0.0,5.0,cybercrimes,short_answer,7,arabic,,لأن العائد المادي لسياسة الأمن المبكر غير منظور مسبقا في غياب ثقافة الأمن,"{""question_type"": ""علل""}"
arasag,22,علّل لماذا لا تفكر المؤسسات غالبا في دعم سياسة الأمن في وقت مبكر من تصميم وتطوير النظام المعلوماتي ؟,لأنها تكلف كثيرا في غالب الأحيان و عائد المادي غير منظور. ,4,0.0,5.0,cybercrimes,short_answer,7,arabic,,لأن العائد المادي لسياسة الأمن المبكر غير منظور مسبقا في غياب ثقافة الأمن,"{""question_type"": ""علل""}"
arasag,19,علّل عدم وجود إحصائيات حقيقية للجريمة الإلكترونية ؟,يرجع ذلك لصعوبة اثبات الجرائم الالكترونية لأنها لا تترك أثرا كما تحتاج خبرة فنية كبيرة لكشفها وهي تعتمد على الخداع والتضليل والذكاء الفائق لارتكابها مما يصعب الوصول الى المجرمين,2,0.0,5.0,cybercrimes,short_answer,7,arabic,,نظرا لتكتم الضحايا على الجرائم تفاديا للإعلان والتشهير لما فيه من إساءة للعائلات أو لسمعة المؤسسات بالإضافة إلى أن الكثير من الجرائم لا تترك أثرا,"{""question_type"": ""علل""}"
arasag,19,علّل عدم وجود إحصائيات حقيقية للجريمة الإلكترونية ؟,صعوبة التعرف على الجريمة حيث انها لاتترك أثرا ، تحتاج الى خبرة فنية حيث ان محقق تقليدي لا يمكنه التعامل معها ، تعتمد على التضليل والخداع، المجرمون هم اشخاص اذكياء.,1,0.0,5.0,cybercrimes,short_answer,7,arabic,,نظرا لتكتم الضحايا على الجرائم تفاديا للإعلان والتشهير لما فيه من إساءة للعائلات أو لسمعة المؤسسات بالإضافة إلى أن الكثير من الجرائم لا تترك أثرا,"{""question_type"": ""علل""}"
arasag,19,علّل عدم وجود إحصائيات حقيقية للجريمة الإلكترونية ؟,في حين أن أكثر من %70 من الجرائم الالكترونية هي جرائم الشرف حيث تستر العائلات عن هذه الجرائم أدى الى عدم وجود احصائيات، تكتم الضحايا.,4,0.0,5.0,cybercrimes,short_answer,7,arabic,,نظرا لتكتم الضحايا على الجرائم تفاديا للإعلان والتشهير لما فيه من إساءة للعائلات أو لسمعة المؤسسات بالإضافة إلى أن الكثير من الجرائم لا تترك أثرا,"{""question_type"": ""علل""}"
arasag,19,علّل عدم وجود إحصائيات حقيقية للجريمة الإلكترونية ؟,صمت الضحايا,2,0.0,5.0,cybercrimes,short_answer,7,arabic,,نظرا لتكتم الضحايا على الجرائم تفاديا للإعلان والتشهير لما فيه من إساءة للعائلات أو لسمعة المؤسسات بالإضافة إلى أن الكثير من الجرائم لا تترك أثرا,"{""question_type"": ""علل""}"
arasag,19,علّل عدم وجود إحصائيات حقيقية للجريمة الإلكترونية ؟,هذا راجع لكثرة الجرائم الالكترونية وعدم القدرة على مواجهتها,0,0.0,5.0,cybercrimes,short_answer,7,arabic,,نظرا لتكتم الضحايا على الجرائم تفاديا للإعلان والتشهير لما فيه من إساءة للعائلات أو لسمعة المؤسسات بالإضافة إلى أن الكثير من الجرائم لا تترك أثرا,"{""question_type"": ""علل""}"
arasag,19,علّل عدم وجود إحصائيات حقيقية للجريمة الإلكترونية ؟,لأن الجريمة الإلكترونية غير مرئية ومشفرة وإكتشافها يكون بالصدفة وبعد مرور مدة زمنية طويلة على حصولها كما أنها تتطلب ذكاء خارق لمعرفتها و المحقق التقليدي لا يستطيع معرفتها,2,0.0,5.0,cybercrimes,short_answer,7,arabic,,نظرا لتكتم الضحايا على الجرائم تفاديا للإعلان والتشهير لما فيه من إساءة للعائلات أو لسمعة المؤسسات بالإضافة إلى أن الكثير من الجرائم لا تترك أثرا,"{""question_type"": ""علل""}"
arasag,19,علّل عدم وجود إحصائيات حقيقية للجريمة الإلكترونية ؟,الجريمة الالكترونية عادة لا تترك ا اثر تستر الشركات الكبرى عن عمليات الاختراق خوفا من سمعة الشركة,4,0.0,5.0,cybercrimes,short_answer,7,arabic,,نظرا لتكتم الضحايا على الجرائم تفاديا للإعلان والتشهير لما فيه من إساءة للعائلات أو لسمعة المؤسسات بالإضافة إلى أن الكثير من الجرائم لا تترك أثرا,"{""question_type"": ""علل""}"
arasag,19,علّل عدم وجود إحصائيات حقيقية للجريمة الإلكترونية ؟,تكتم الضحية ، لا يوجد نقص في الاموال او سرقة مجوهرات  يوجد ارقام كي يبدو نقص، عدم وجود اثار للجريمة ، سرعة الهجوم.,3,0.0,5.0,cybercrimes,short_answer,7,arabic,,نظرا لتكتم الضحايا على الجرائم تفاديا للإعلان والتشهير لما فيه من إساءة للعائلات أو لسمعة المؤسسات بالإضافة إلى أن الكثير من الجرائم لا تترك أثرا,"{""question_type"": ""علل""}"
arasag,19,علّل عدم وجود إحصائيات حقيقية للجريمة الإلكترونية ؟,لان اكثر من 75% من الضحايا لا يقومون بالابلاغ عن الانتهاكات وذلك بسبب خوفهم من التشهير و لخجلهم مما تعرضو له,3,0.0,5.0,cybercrimes,short_answer,7,arabic,,نظرا لتكتم الضحايا على الجرائم تفاديا للإعلان والتشهير لما فيه من إساءة للعائلات أو لسمعة المؤسسات بالإضافة إلى أن الكثير من الجرائم لا تترك أثرا,"{""question_type"": ""علل""}"
arasag,19,علّل عدم وجود إحصائيات حقيقية للجريمة الإلكترونية ؟,الجريمة الالكترونية لا تترك اثرا لحظة حدوثها ليست كوسيلة و اجهزة او اموال سرقت و انما هي ارقام تتغير في النظام الالكتروني حيث ان دخول اي مجرم للنظام لا يوجد تسجيل لعملية التغيير.,2,0.0,5.0,cybercrimes,short_answer,7,arabic,,نظرا لتكتم الضحايا على الجرائم تفاديا للإعلان والتشهير لما فيه من إساءة للعائلات أو لسمعة المؤسسات بالإضافة إلى أن الكثير من الجرائم لا تترك أثرا,"{""question_type"": ""علل""}"
arasag,19,علّل عدم وجود إحصائيات حقيقية للجريمة الإلكترونية ؟,لان اغلبية الجرائم المرتكبة (%75) منها غير مصرح بها لانها جرائم تمس الشرف، تكتم الضحية ، لا وجود لقانون للحد منها، الجريمة لا تترك اثرا.,4,0.0,5.0,cybercrimes,short_answer,7,arabic,,نظرا لتكتم الضحايا على الجرائم تفاديا للإعلان والتشهير لما فيه من إساءة للعائلات أو لسمعة المؤسسات بالإضافة إلى أن الكثير من الجرائم لا تترك أثرا,"{""question_type"": ""علل""}"
arasag,19,علّل عدم وجود إحصائيات حقيقية للجريمة الإلكترونية ؟,عادة ما يتم اكتشافها بعد وقت طويل لا تترك اثرا، تعتمد على الذكاء في ارتكابها و التضليل فلا يستطيع للمحقق التقليدي التحقيق فيها,1,0.0,5.0,cybercrimes,short_answer,7,arabic,,نظرا لتكتم الضحايا على الجرائم تفاديا للإعلان والتشهير لما فيه من إساءة للعائلات أو لسمعة المؤسسات بالإضافة إلى أن الكثير من الجرائم لا تترك أثرا,"{""question_type"": ""علل""}"
arasag,19,علّل عدم وجود إحصائيات حقيقية للجريمة الإلكترونية ؟,انها جريمة لا تترك لها اثرا عند ارتكابها، لأنها تعتمد على الخداع و قيمة الذكاء في ارتكابه و تضليل في وجود مرتكبيها.,1,0.0,5.0,cybercrimes,short_answer,7,arabic,,نظرا لتكتم الضحايا على الجرائم تفاديا للإعلان والتشهير لما فيه من إساءة للعائلات أو لسمعة المؤسسات بالإضافة إلى أن الكثير من الجرائم لا تترك أثرا,"{""question_type"": ""علل""}"
arasag,19,علّل عدم وجود إحصائيات حقيقية للجريمة الإلكترونية ؟,لان الجريمة الالكترونية لا تترك اثرا فيزيائيا مثل الجريمة في الواقع لذلك يصعب على المحقق التقليدي التحقق في الجريمة الالكترونية ,2,0.0,5.0,cybercrimes,short_answer,7,arabic,,نظرا لتكتم الضحايا على الجرائم تفاديا للإعلان والتشهير لما فيه من إساءة للعائلات أو لسمعة المؤسسات بالإضافة إلى أن الكثير من الجرائم لا تترك أثرا,"{""question_type"": ""علل""}"
arasag,19,علّل عدم وجود إحصائيات حقيقية للجريمة الإلكترونية ؟,لان معظم الجرائم لم تكتشف بسبب عدم وجود اثر لها و صعوبة الوصول الى مرتكبيها اذ تعتمد على ذكاء تقني و خدع و تكتم الضحايا له دور في ذلك ,3,0.0,5.0,cybercrimes,short_answer,7,arabic,,نظرا لتكتم الضحايا على الجرائم تفاديا للإعلان والتشهير لما فيه من إساءة للعائلات أو لسمعة المؤسسات بالإضافة إلى أن الكثير من الجرائم لا تترك أثرا,"{""question_type"": ""علل""}"
arasag,19,علّل عدم وجود إحصائيات حقيقية للجريمة الإلكترونية ؟,ـلأن الجرائم المسكوت عنها أكثر بكثير من التي تم الكشف عنها ( لأن أغلبيتها يتعلق بالشرف )، عدم كشف جميع الجرائم لصعوبة إكتشافها و لأنها تستخدم قمة الذكاء في ارتكابها و تستخدم التظليل.,4,0.0,5.0,cybercrimes,short_answer,7,arabic,,نظرا لتكتم الضحايا على الجرائم تفاديا للإعلان والتشهير لما فيه من إساءة للعائلات أو لسمعة المؤسسات بالإضافة إلى أن الكثير من الجرائم لا تترك أثرا,"{""question_type"": ""علل""}"
arasag,19,علّل عدم وجود إحصائيات حقيقية للجريمة الإلكترونية ؟,لأن ليس كل الجرائم مبلغ عنها فهناك تكتم للضحايا بسبب التخويف أو التهديد و العدد في تزايد كل يوم بل كل لحظة  ,3,0.0,5.0,cybercrimes,short_answer,7,arabic,,نظرا لتكتم الضحايا على الجرائم تفاديا للإعلان والتشهير لما فيه من إساءة للعائلات أو لسمعة المؤسسات بالإضافة إلى أن الكثير من الجرائم لا تترك أثرا,"{""question_type"": ""علل""}"
arasag,19,علّل عدم وجود إحصائيات حقيقية للجريمة الإلكترونية ؟,أكبر نسبة من الجرائم الإلكترونية الضحية لا تزال فائقة بأنها قد وقعت في جريمة ( سرقة لما معلومات أو غير معلومات …) و بالتالي لا يمكن تقديم إحصائيات ,0,0.0,5.0,cybercrimes,short_answer,7,arabic,,نظرا لتكتم الضحايا على الجرائم تفاديا للإعلان والتشهير لما فيه من إساءة للعائلات أو لسمعة المؤسسات بالإضافة إلى أن الكثير من الجرائم لا تترك أثرا,"{""question_type"": ""علل""}"
arasag,19,علّل عدم وجود إحصائيات حقيقية للجريمة الإلكترونية ؟,"ـ تكتم الضحايا عن الجرائم , فمثلا أغلبها جرائم شرف لو لا تكتم عنها لأساءت للعائلات ",2,0.0,5.0,cybercrimes,short_answer,7,arabic,,نظرا لتكتم الضحايا على الجرائم تفاديا للإعلان والتشهير لما فيه من إساءة للعائلات أو لسمعة المؤسسات بالإضافة إلى أن الكثير من الجرائم لا تترك أثرا,"{""question_type"": ""علل""}"
arasag,19,علّل عدم وجود إحصائيات حقيقية للجريمة الإلكترونية ؟,تكتم الضحايا، صعوبة كشف الجرائم الإلكترونية كونها لا تترك أثر، صعوبة التعامل معها من طرف المحقق التقليدي كونها تتطلب خبرة تقنية، كونها تعتمد على  الخداع و التضليل.,4,0.0,5.0,cybercrimes,short_answer,7,arabic,,نظرا لتكتم الضحايا على الجرائم تفاديا للإعلان والتشهير لما فيه من إساءة للعائلات أو لسمعة المؤسسات بالإضافة إلى أن الكثير من الجرائم لا تترك أثرا,"{""question_type"": ""علل""}"
arasag,19,علّل عدم وجود إحصائيات حقيقية للجريمة الإلكترونية ؟,لأن الجريمة الإلكترونية تتم بصفة سرية لذلك صعب وضع الإحصائيات لها ,1,0.0,5.0,cybercrimes,short_answer,7,arabic,,نظرا لتكتم الضحايا على الجرائم تفاديا للإعلان والتشهير لما فيه من إساءة للعائلات أو لسمعة المؤسسات بالإضافة إلى أن الكثير من الجرائم لا تترك أثرا,"{""question_type"": ""علل""}"
arasag,19,علّل عدم وجود إحصائيات حقيقية للجريمة الإلكترونية ؟,التشريع القانوني العادي لا يمكنه ضبط كل الجرائم الإلكترونية، أغلب الضحايا تتكتم على الأمر لا تقوم بالإبلاغ عن الجريمة حفاظا على سمعة العائلات.,2,0.0,5.0,cybercrimes,short_answer,7,arabic,,نظرا لتكتم الضحايا على الجرائم تفاديا للإعلان والتشهير لما فيه من إساءة للعائلات أو لسمعة المؤسسات بالإضافة إلى أن الكثير من الجرائم لا تترك أثرا,"{""question_type"": ""علل""}"
arasag,19,علّل عدم وجود إحصائيات حقيقية للجريمة الإلكترونية ؟,لأن الجريمة الإلكترونية لا يمكن تتبعها تعتمد على التضليل و الخداع و تعتمد على الذكاء و تحتاج خبرة فنية و لا تترك أثر,1,0.0,5.0,cybercrimes,short_answer,7,arabic,,نظرا لتكتم الضحايا على الجرائم تفاديا للإعلان والتشهير لما فيه من إساءة للعائلات أو لسمعة المؤسسات بالإضافة إلى أن الكثير من الجرائم لا تترك أثرا,"{""question_type"": ""علل""}"
arasag,19,علّل عدم وجود إحصائيات حقيقية للجريمة الإلكترونية ؟,  لكثرة انتشارها ولزلك بعض الجرائم لم يستطع الكشف عنها بتاتا,1,0.0,5.0,cybercrimes,short_answer,7,arabic,,نظرا لتكتم الضحايا على الجرائم تفاديا للإعلان والتشهير لما فيه من إساءة للعائلات أو لسمعة المؤسسات بالإضافة إلى أن الكثير من الجرائم لا تترك أثرا,"{""question_type"": ""علل""}"
arasag,19,علّل عدم وجود إحصائيات حقيقية للجريمة الإلكترونية ؟, اغلب الجرائم غير مكشوفة او تم التستر عنها او تم اكتشافها بعد فوات الاوان,4,0.0,5.0,cybercrimes,short_answer,7,arabic,,نظرا لتكتم الضحايا على الجرائم تفاديا للإعلان والتشهير لما فيه من إساءة للعائلات أو لسمعة المؤسسات بالإضافة إلى أن الكثير من الجرائم لا تترك أثرا,"{""question_type"": ""علل""}"
arasag,19,علّل عدم وجود إحصائيات حقيقية للجريمة الإلكترونية ؟,صعوبة التعرف على الجريمة حيث انها لاتترك أثرا، تحتاج الى خبرة فنية حيث ان محقق تقليدي لا يمكنه التعامل معها ,2,0.0,5.0,cybercrimes,short_answer,7,arabic,,نظرا لتكتم الضحايا على الجرائم تفاديا للإعلان والتشهير لما فيه من إساءة للعائلات أو لسمعة المؤسسات بالإضافة إلى أن الكثير من الجرائم لا تترك أثرا,"{""question_type"": ""علل""}"
arasag,19,علّل عدم وجود إحصائيات حقيقية للجريمة الإلكترونية ؟,تكتم الضحايا، عدم وجود اثر للجريمة، وجود انظمة التحايل,3,0.0,5.0,cybercrimes,short_answer,7,arabic,,نظرا لتكتم الضحايا على الجرائم تفاديا للإعلان والتشهير لما فيه من إساءة للعائلات أو لسمعة المؤسسات بالإضافة إلى أن الكثير من الجرائم لا تترك أثرا,"{""question_type"": ""علل""}"
arasag,19,علّل عدم وجود إحصائيات حقيقية للجريمة الإلكترونية ؟,صمت الضحايا، الكشف يكون بالصدفة أي هناك قضايا لم يكشف الستار عنها,4,0.0,5.0,cybercrimes,short_answer,7,arabic,,نظرا لتكتم الضحايا على الجرائم تفاديا للإعلان والتشهير لما فيه من إساءة للعائلات أو لسمعة المؤسسات بالإضافة إلى أن الكثير من الجرائم لا تترك أثرا,"{""question_type"": ""علل""}"
arasag,19,علّل عدم وجود إحصائيات حقيقية للجريمة الإلكترونية ؟,تكتم الضحايا خوفا من التشهير حيث يفضل اهل الضحية عدم الاخبار عنه كي لا يصبح متداولا على كل لسان ,4,0.0,5.0,cybercrimes,short_answer,7,arabic,,نظرا لتكتم الضحايا على الجرائم تفاديا للإعلان والتشهير لما فيه من إساءة للعائلات أو لسمعة المؤسسات بالإضافة إلى أن الكثير من الجرائم لا تترك أثرا,"{""question_type"": ""علل""}"
arasag,19,علّل عدم وجود إحصائيات حقيقية للجريمة الإلكترونية ؟,تكتم الضحايا، تعتمد على الخبرة و الذكاء و الخداع، عدم ترك اثر دليل,4,0.0,5.0,cybercrimes,short_answer,7,arabic,,نظرا لتكتم الضحايا على الجرائم تفاديا للإعلان والتشهير لما فيه من إساءة للعائلات أو لسمعة المؤسسات بالإضافة إلى أن الكثير من الجرائم لا تترك أثرا,"{""question_type"": ""علل""}"
arasag,19,علّل عدم وجود إحصائيات حقيقية للجريمة الإلكترونية ؟,اغلب الجرائم لا يصرح بها إذا كانت تتعلق بالشرف ويتم اكتشافها بالصدفة,4,0.0,5.0,cybercrimes,short_answer,7,arabic,,نظرا لتكتم الضحايا على الجرائم تفاديا للإعلان والتشهير لما فيه من إساءة للعائلات أو لسمعة المؤسسات بالإضافة إلى أن الكثير من الجرائم لا تترك أثرا,"{""question_type"": ""علل""}"
arasag,19,علّل عدم وجود إحصائيات حقيقية للجريمة الإلكترونية ؟,معظم الهجمات لا يتم التعرف عليها عدم الابلاغ عن حدوث جريمة,4,0.0,5.0,cybercrimes,short_answer,7,arabic,,نظرا لتكتم الضحايا على الجرائم تفاديا للإعلان والتشهير لما فيه من إساءة للعائلات أو لسمعة المؤسسات بالإضافة إلى أن الكثير من الجرائم لا تترك أثرا,"{""question_type"": ""علل""}"
arasag,19,علّل عدم وجود إحصائيات حقيقية للجريمة الإلكترونية ؟,تكتم الضحايا هو السبب الرئيسي وهناك حالات يكون المستخدم مخترق ولا يدري ذلك,3,0.0,5.0,cybercrimes,short_answer,7,arabic,,نظرا لتكتم الضحايا على الجرائم تفاديا للإعلان والتشهير لما فيه من إساءة للعائلات أو لسمعة المؤسسات بالإضافة إلى أن الكثير من الجرائم لا تترك أثرا,"{""question_type"": ""علل""}"
arasag,19,علّل عدم وجود إحصائيات حقيقية للجريمة الإلكترونية ؟,لاخفائهم عن الناس لكي لا يبرهن ان عدد المجرمين كبير و لا يمكن ترقبهم مما يؤدي الى خوف المستخدمون من استعمال الانترنت و كل التكنولوجيا,1,0.0,5.0,cybercrimes,short_answer,7,arabic,,نظرا لتكتم الضحايا على الجرائم تفاديا للإعلان والتشهير لما فيه من إساءة للعائلات أو لسمعة المؤسسات بالإضافة إلى أن الكثير من الجرائم لا تترك أثرا,"{""question_type"": ""علل""}"
arasag,19,علّل عدم وجود إحصائيات حقيقية للجريمة الإلكترونية ؟,لان معظم الجرائم الالكترونية لا يتم الابلاغ عنها حيث يتم التستر عنها ,3,0.0,5.0,cybercrimes,short_answer,7,arabic,,نظرا لتكتم الضحايا على الجرائم تفاديا للإعلان والتشهير لما فيه من إساءة للعائلات أو لسمعة المؤسسات بالإضافة إلى أن الكثير من الجرائم لا تترك أثرا,"{""question_type"": ""علل""}"
arasag,19,علّل عدم وجود إحصائيات حقيقية للجريمة الإلكترونية ؟,وجوب توفر خبرة فنية لدى المحققين في هذه الجرائم، تكتم الضحايا، لانها تعتمد على الخداع ,4,0.0,5.0,cybercrimes,short_answer,7,arabic,,نظرا لتكتم الضحايا على الجرائم تفاديا للإعلان والتشهير لما فيه من إساءة للعائلات أو لسمعة المؤسسات بالإضافة إلى أن الكثير من الجرائم لا تترك أثرا,"{""question_type"": ""علل""}"
arasag,19,علّل عدم وجود إحصائيات حقيقية للجريمة الإلكترونية ؟,عادة الجرائم الالكترونية يصعب تتبعها اضافة الى ان العديد من المستخدمين  لا يبلغون عنها بحجج مختلفة ,4,0.0,5.0,cybercrimes,short_answer,7,arabic,,نظرا لتكتم الضحايا على الجرائم تفاديا للإعلان والتشهير لما فيه من إساءة للعائلات أو لسمعة المؤسسات بالإضافة إلى أن الكثير من الجرائم لا تترك أثرا,"{""question_type"": ""علل""}"
arasag,19,علّل عدم وجود إحصائيات حقيقية للجريمة الإلكترونية ؟,الذكاء الخارق للمخترقين، لا يترك اثر من الصعب تحديد هوية المخترقين، يحتاج خبرة فنية لا يملكها الموظف التقليدي، احباط المحققين  و استعمال المخترقين للحيلة و التضليل ,2,0.0,5.0,cybercrimes,short_answer,7,arabic,,نظرا لتكتم الضحايا على الجرائم تفاديا للإعلان والتشهير لما فيه من إساءة للعائلات أو لسمعة المؤسسات بالإضافة إلى أن الكثير من الجرائم لا تترك أثرا,"{""question_type"": ""علل""}"
arasag,19,علّل عدم وجود إحصائيات حقيقية للجريمة الإلكترونية ؟,تكتم الضحايا ,2,0.0,5.0,cybercrimes,short_answer,7,arabic,,نظرا لتكتم الضحايا على الجرائم تفاديا للإعلان والتشهير لما فيه من إساءة للعائلات أو لسمعة المؤسسات بالإضافة إلى أن الكثير من الجرائم لا تترك أثرا,"{""question_type"": ""علل""}"
arasag,19,علّل عدم وجود إحصائيات حقيقية للجريمة الإلكترونية ؟,للتطور السريع و الهائل في طرق الجريمة الالكترونية، لا يوجد نظام معلوماتي امن مئة بالمئة  و بالتالي مهما بلغت نسبة الحماية لا نقدر على احصاء العيوب و احصاء الاختراقات ,1,0.0,5.0,cybercrimes,short_answer,7,arabic,,نظرا لتكتم الضحايا على الجرائم تفاديا للإعلان والتشهير لما فيه من إساءة للعائلات أو لسمعة المؤسسات بالإضافة إلى أن الكثير من الجرائم لا تترك أثرا,"{""question_type"": ""علل""}"
arasag,19,علّل عدم وجود إحصائيات حقيقية للجريمة الإلكترونية ؟,تكتم المستخدمين، عدم اللجوء الى التشريع القانوني، اعتمادها على الذكاء، تتم بخبرة فنية هائلة ,3,0.0,5.0,cybercrimes,short_answer,7,arabic,,نظرا لتكتم الضحايا على الجرائم تفاديا للإعلان والتشهير لما فيه من إساءة للعائلات أو لسمعة المؤسسات بالإضافة إلى أن الكثير من الجرائم لا تترك أثرا,"{""question_type"": ""علل""}"
arasag,19,علّل عدم وجود إحصائيات حقيقية للجريمة الإلكترونية ؟,لصعوبة اكتشافها و اكتشاف مرتكبها و اكتشاف مرتكبها ,1,0.0,5.0,cybercrimes,short_answer,7,arabic,,نظرا لتكتم الضحايا على الجرائم تفاديا للإعلان والتشهير لما فيه من إساءة للعائلات أو لسمعة المؤسسات بالإضافة إلى أن الكثير من الجرائم لا تترك أثرا,"{""question_type"": ""علل""}"
arasag,19,علّل عدم وجود إحصائيات حقيقية للجريمة الإلكترونية ؟,لان الجريمة  الالكترونية او عملية الاختراق تكون بطريقة ذكية حيث لا يمكن التنبؤ لها الا بعد مرور وقت طويل ولا تترك أي اثر ورائها و لا يمكن للمحقق العادي تعقبها او التعامل معها ,2,0.0,5.0,cybercrimes,short_answer,7,arabic,,نظرا لتكتم الضحايا على الجرائم تفاديا للإعلان والتشهير لما فيه من إساءة للعائلات أو لسمعة المؤسسات بالإضافة إلى أن الكثير من الجرائم لا تترك أثرا,"{""question_type"": ""علل""}"
arasag,19,علّل عدم وجود إحصائيات حقيقية للجريمة الإلكترونية ؟,لانها لا تترك اثر و هناك من يتكتم عليها لكي لا تسيء سمعته  ,4,0.0,5.0,cybercrimes,short_answer,7,arabic,,نظرا لتكتم الضحايا على الجرائم تفاديا للإعلان والتشهير لما فيه من إساءة للعائلات أو لسمعة المؤسسات بالإضافة إلى أن الكثير من الجرائم لا تترك أثرا,"{""question_type"": ""علل""}"
arasag,19,علّل عدم وجود إحصائيات حقيقية للجريمة الإلكترونية ؟,تكتم الضحايا، صعوبة رصد هذه الجرائم، نقص الوعي في امن المعلومات، عدم تطبيق التشريعات و القوانين,4,0.0,5.0,cybercrimes,short_answer,7,arabic,,نظرا لتكتم الضحايا على الجرائم تفاديا للإعلان والتشهير لما فيه من إساءة للعائلات أو لسمعة المؤسسات بالإضافة إلى أن الكثير من الجرائم لا تترك أثرا,"{""question_type"": ""علل""}"
arasag,19,علّل عدم وجود إحصائيات حقيقية للجريمة الإلكترونية ؟,لصعوبة تقفي اثر مرتكبي الجريمة، تطور الوسائل و الاعتماد على الذكاء، تستر الضحايا هذا يجعل اغلب الجرائم لا تكتشف,2,0.0,5.0,cybercrimes,short_answer,7,arabic,,نظرا لتكتم الضحايا على الجرائم تفاديا للإعلان والتشهير لما فيه من إساءة للعائلات أو لسمعة المؤسسات بالإضافة إلى أن الكثير من الجرائم لا تترك أثرا,"{""question_type"": ""علل""}"
arasag,19,علّل عدم وجود إحصائيات حقيقية للجريمة الإلكترونية ؟,صعوبة ايجاد اثر للجريمة و مسج جميع اثارها و سرعتها,2,0.0,5.0,cybercrimes,short_answer,7,arabic,,نظرا لتكتم الضحايا على الجرائم تفاديا للإعلان والتشهير لما فيه من إساءة للعائلات أو لسمعة المؤسسات بالإضافة إلى أن الكثير من الجرائم لا تترك أثرا,"{""question_type"": ""علل""}"
arasag,19,علّل عدم وجود إحصائيات حقيقية للجريمة الإلكترونية ؟,لانها تحتاج ذكاء و خبرة كبيرة لاكتشافها لانها لا تترك ادلة ملموسة و كونها تعتمد على التضليل و كذلك تكتم الضحايا لكونها تمس في الغالب قضايا بالشرف (الجريمة على الأشخاص),4,0.0,5.0,cybercrimes,short_answer,7,arabic,,نظرا لتكتم الضحايا على الجرائم تفاديا للإعلان والتشهير لما فيه من إساءة للعائلات أو لسمعة المؤسسات بالإضافة إلى أن الكثير من الجرائم لا تترك أثرا,"{""question_type"": ""علل""}"
arasag,19,علّل عدم وجود إحصائيات حقيقية للجريمة الإلكترونية ؟,الجريمة الالكترونية لا تترك اثر، تؤدى هذه الجريمة بقمة الذكاء فلا يمكن معرفة المخترقين، تكتم الضحايا، العنصر البشري ضعيف,3,0.0,5.0,cybercrimes,short_answer,7,arabic,,نظرا لتكتم الضحايا على الجرائم تفاديا للإعلان والتشهير لما فيه من إساءة للعائلات أو لسمعة المؤسسات بالإضافة إلى أن الكثير من الجرائم لا تترك أثرا,"{""question_type"": ""علل""}"
arasag,19,علّل عدم وجود إحصائيات حقيقية للجريمة الإلكترونية ؟,لا تترك اثر لتتبعها، تعتبر في قيمة الذكاء، تعتبر في قمة الدقة، لا يمكن لمحقق تقليدي اكتشافها,2,0.0,5.0,cybercrimes,short_answer,7,arabic,,نظرا لتكتم الضحايا على الجرائم تفاديا للإعلان والتشهير لما فيه من إساءة للعائلات أو لسمعة المؤسسات بالإضافة إلى أن الكثير من الجرائم لا تترك أثرا,"{""question_type"": ""علل""}"
arasag,19,علّل عدم وجود إحصائيات حقيقية للجريمة الإلكترونية ؟,صعوبة اثباتها، تكتم الضحايا، الاحتياج الى خبرة تقنية لايجادها,4,0.0,5.0,cybercrimes,short_answer,7,arabic,,نظرا لتكتم الضحايا على الجرائم تفاديا للإعلان والتشهير لما فيه من إساءة للعائلات أو لسمعة المؤسسات بالإضافة إلى أن الكثير من الجرائم لا تترك أثرا,"{""question_type"": ""علل""}"
arasag,19,علّل عدم وجود إحصائيات حقيقية للجريمة الإلكترونية ؟,تكتم الضحايا و استعمالها لاجهزة وهمية مما لا يترك اثرا حتى بعد وقوع الجريمة,3,0.0,5.0,cybercrimes,short_answer,7,arabic,,نظرا لتكتم الضحايا على الجرائم تفاديا للإعلان والتشهير لما فيه من إساءة للعائلات أو لسمعة المؤسسات بالإضافة إلى أن الكثير من الجرائم لا تترك أثرا,"{""question_type"": ""علل""}"
arasag,19,علّل عدم وجود إحصائيات حقيقية للجريمة الإلكترونية ؟,هي لا تترك اثرا عند حصولها فهي مجرد ارقام و بيانات تسرق بدون علم صاحبها و معظم اكتشافات للجريمة كانت بصدفة و بعد فوات الاوان,2,0.0,5.0,cybercrimes,short_answer,7,arabic,,نظرا لتكتم الضحايا على الجرائم تفاديا للإعلان والتشهير لما فيه من إساءة للعائلات أو لسمعة المؤسسات بالإضافة إلى أن الكثير من الجرائم لا تترك أثرا,"{""question_type"": ""علل""}"
arasag,19,علّل عدم وجود إحصائيات حقيقية للجريمة الإلكترونية ؟,لان معظم الجرائم لم يتم اكتشافها بحيث يتم اكتشاف جرائم قد حدثت منذ 10 سنوات او اكثر,1,0.0,5.0,cybercrimes,short_answer,7,arabic,,نظرا لتكتم الضحايا على الجرائم تفاديا للإعلان والتشهير لما فيه من إساءة للعائلات أو لسمعة المؤسسات بالإضافة إلى أن الكثير من الجرائم لا تترك أثرا,"{""question_type"": ""علل""}"
arasag,24,علّل لماذا يصعب إثبات الجرائم الإلكترونية ؟,- تحتاج لذكاء، تحتاج لخبرة فنية، عدم ترك أثر للجريمة، المخترقون اشخاص أذكياء وذو خبرة لذا يصعب اكتشافهم، تكتم بعض الضحايا.,4,0.0,5.0,cybercrimes,short_answer,7,arabic,,لا تترك أثرا لها بعد ارتكابها، تحتاج إلى خبرة فنية ويصعب على المحقق التقليدي التعامل معها، تعتمد على الخداع في ارتكابها، والتضليل في التعرف على مرتكبيها، تعتمد على قمة الذكاء .    ,"{""question_type"": ""علل""}"
arasag,24,علّل لماذا يصعب إثبات الجرائم الإلكترونية ؟,"لأنها ليس لها آثر بعد ارتكابها، كما يجب محقق متخصص ""جانب الفني""، الاِنسان الذي ارتكبها يكون عادة فائق ذكاء مما يصعب اِثبات.",3,0.0,5.0,cybercrimes,short_answer,7,arabic,,لا تترك أثرا لها بعد ارتكابها، تحتاج إلى خبرة فنية ويصعب على المحقق التقليدي التعامل معها، تعتمد على الخداع في ارتكابها، والتضليل في التعرف على مرتكبيها، تعتمد على قمة الذكاء .    ,"{""question_type"": ""علل""}"
arasag,24,علّل لماذا يصعب إثبات الجرائم الإلكترونية ؟,لاتترك أثر لها بعد قيامها بالأختراق، تحتاج اِلى فنية ويصعب على المحقق التقليدي اكتشافها، تعتمد على الخداع في ارتكابها والتضليل لمعرفة مرتكبيها، انها تعتمد على الذكاء في ارتكابها.,4,0.0,5.0,cybercrimes,short_answer,7,arabic,,لا تترك أثرا لها بعد ارتكابها، تحتاج إلى خبرة فنية ويصعب على المحقق التقليدي التعامل معها، تعتمد على الخداع في ارتكابها، والتضليل في التعرف على مرتكبيها، تعتمد على قمة الذكاء .    ,"{""question_type"": ""علل""}"
arasag,24,علّل لماذا يصعب إثبات الجرائم الإلكترونية ؟,قمة الذكاء عند إرتكابها، تعتمد على التضليل والخداع مما يصعب معرفة مرتكبها، تحتاج إلى تقنيات فنية حيث يصعب على المحقق العادي التعامل معها.,5,0.0,5.0,cybercrimes,short_answer,7,arabic,,لا تترك أثرا لها بعد ارتكابها، تحتاج إلى خبرة فنية ويصعب على المحقق التقليدي التعامل معها، تعتمد على الخداع في ارتكابها، والتضليل في التعرف على مرتكبيها، تعتمد على قمة الذكاء .    ,"{""question_type"": ""علل""}"
arasag,24,علّل لماذا يصعب إثبات الجرائم الإلكترونية ؟,تعتمد على خداع، تعتمد على الذكاء، تحتاج الى خبرة فنية، عدم ترك أثرا.,4,0.0,5.0,cybercrimes,short_answer,7,arabic,,لا تترك أثرا لها بعد ارتكابها، تحتاج إلى خبرة فنية ويصعب على المحقق التقليدي التعامل معها، تعتمد على الخداع في ارتكابها، والتضليل في التعرف على مرتكبيها، تعتمد على قمة الذكاء .    ,"{""question_type"": ""علل""}"
arasag,24,علّل لماذا يصعب إثبات الجرائم الإلكترونية ؟,قمة في الذكاء عند ارتكابها، لاتترك أثر للمخترقين، عدم وجود التجربة للمحققين التقليدين.,4,0.0,5.0,cybercrimes,short_answer,7,arabic,,لا تترك أثرا لها بعد ارتكابها، تحتاج إلى خبرة فنية ويصعب على المحقق التقليدي التعامل معها، تعتمد على الخداع في ارتكابها، والتضليل في التعرف على مرتكبيها، تعتمد على قمة الذكاء .    ,"{""question_type"": ""علل""}"
arasag,24,علّل لماذا يصعب إثبات الجرائم الإلكترونية ؟,لا تترك اثرا بعد ارتكابها ، صعوبة التعرف على مرتكبيها لذلك لا يستطيع المحقق التقليدي التعرف عليها ، استخدام برامج انتحال الشخصية لسرعة *المعلومات والأرقام والسرية.,4,0.0,5.0,cybercrimes,short_answer,7,arabic,,لا تترك أثرا لها بعد ارتكابها، تحتاج إلى خبرة فنية ويصعب على المحقق التقليدي التعامل معها، تعتمد على الخداع في ارتكابها، والتضليل في التعرف على مرتكبيها، تعتمد على قمة الذكاء .    ,"{""question_type"": ""علل""}"
arasag,24,علّل لماذا يصعب إثبات الجرائم الإلكترونية ؟,لا تترك أثرا بعد اِرتكابها، تعتمد على قمة الذكاء لإرتكابها، تعتمد على الخداع في اِرتكابها والتضليل في محاولة الوصول الى مرتكبها، تحتاج الى خبرة فنية؛ يصعب على المحقق العادي التعامل معها.,5,0.0,5.0,cybercrimes,short_answer,7,arabic,,لا تترك أثرا لها بعد ارتكابها، تحتاج إلى خبرة فنية ويصعب على المحقق التقليدي التعامل معها، تعتمد على الخداع في ارتكابها، والتضليل في التعرف على مرتكبيها، تعتمد على قمة الذكاء .    ,"{""question_type"": ""علل""}"
arasag,24,علّل لماذا يصعب إثبات الجرائم الإلكترونية ؟,لا تترك أثرا؛ تحتاج خبرة تقنية صعبة على المحقق العادي؛ الذكاء الخداع والتضليل,3,0.0,5.0,cybercrimes,short_answer,7,arabic,,لا تترك أثرا لها بعد ارتكابها، تحتاج إلى خبرة فنية ويصعب على المحقق التقليدي التعامل معها، تعتمد على الخداع في ارتكابها، والتضليل في التعرف على مرتكبيها، تعتمد على قمة الذكاء .    ,"{""question_type"": ""علل""}"
arasag,24,علّل لماذا يصعب إثبات الجرائم الإلكترونية ؟,-لأنها جريمة لا تترك أثر، لأنه يستعمل التظليل فلا يمكن الوصول الى فاعلها، مبنية على من الذكاء، يلزمها خبرة فلا يمكن للمحقق التقليدي الكشف عنها.,5,0.0,5.0,cybercrimes,short_answer,7,arabic,,لا تترك أثرا لها بعد ارتكابها، تحتاج إلى خبرة فنية ويصعب على المحقق التقليدي التعامل معها، تعتمد على الخداع في ارتكابها، والتضليل في التعرف على مرتكبيها، تعتمد على قمة الذكاء .    ,"{""question_type"": ""علل""}"
arasag,24,علّل لماذا يصعب إثبات الجرائم الإلكترونية ؟,لا أثر لها، تحتاج إلى الخبرة في التحقيق، تحتاج إلى ذكاء عالي، على التحايل و الخداع.,4,0.0,5.0,cybercrimes,short_answer,7,arabic,,لا تترك أثرا لها بعد ارتكابها، تحتاج إلى خبرة فنية ويصعب على المحقق التقليدي التعامل معها، تعتمد على الخداع في ارتكابها، والتضليل في التعرف على مرتكبيها، تعتمد على قمة الذكاء .    ,"{""question_type"": ""علل""}"
arasag,24,علّل لماذا يصعب إثبات الجرائم الإلكترونية ؟,لأنها لا تترك آثرا، لا تكتشف الا بعد حدوثها بوقت طويل، تعتمد على الخداع والتضليل، لا يمكن لتقني بسيط اِكتشافها تحتاج تقني فني تتطلب الذكاء.,4,0.0,5.0,cybercrimes,short_answer,7,arabic,,لا تترك أثرا لها بعد ارتكابها، تحتاج إلى خبرة فنية ويصعب على المحقق التقليدي التعامل معها، تعتمد على الخداع في ارتكابها، والتضليل في التعرف على مرتكبيها، تعتمد على قمة الذكاء .    ,"{""question_type"": ""علل""}"
arasag,24,علّل لماذا يصعب إثبات الجرائم الإلكترونية ؟,لا تترك أثر لها بعد ارتكابها، تحتاج الى خبرة فنية حيث يصعب على المحقق التقليدي اكتشافها، تعتمد على الخداع في ارتكابها والتضليل في معرفة مرتكبيها، تعتمد على قمة الذكاء في ارتكابها.,5,0.0,5.0,cybercrimes,short_answer,7,arabic,,لا تترك أثرا لها بعد ارتكابها، تحتاج إلى خبرة فنية ويصعب على المحقق التقليدي التعامل معها، تعتمد على الخداع في ارتكابها، والتضليل في التعرف على مرتكبيها، تعتمد على قمة الذكاء .    ,"{""question_type"": ""علل""}"
arasag,24,علّل لماذا يصعب إثبات الجرائم الإلكترونية ؟,عدم ترك أثر لها، عدم الوصول الى مرتكبيها.,2,0.0,5.0,cybercrimes,short_answer,7,arabic,,لا تترك أثرا لها بعد ارتكابها، تحتاج إلى خبرة فنية ويصعب على المحقق التقليدي التعامل معها، تعتمد على الخداع في ارتكابها، والتضليل في التعرف على مرتكبيها، تعتمد على قمة الذكاء .    ,"{""question_type"": ""علل""}"
arasag,24,علّل لماذا يصعب إثبات الجرائم الإلكترونية ؟,لا تترك أثر عند ارتكابها، تعتمد الجرائم لإلكترونية على التضليل والخداع في التعرف على مرتكبيها، تعتمد على الخبرة الفنية والذكاء الحاد في إرتكابها.,5,0.0,5.0,cybercrimes,short_answer,7,arabic,,لا تترك أثرا لها بعد ارتكابها، تحتاج إلى خبرة فنية ويصعب على المحقق التقليدي التعامل معها، تعتمد على الخداع في ارتكابها، والتضليل في التعرف على مرتكبيها، تعتمد على قمة الذكاء .    ,"{""question_type"": ""علل""}"
arasag,24,علّل لماذا يصعب إثبات الجرائم الإلكترونية ؟,لأنها تتطلب ذكاء كبير من أجل إرتكابها، لا تترك أي أكثر لمرتكبيها، ضخامة البرامج و الأنظمة ثغرات أمنية.,3,0.0,5.0,cybercrimes,short_answer,7,arabic,,لا تترك أثرا لها بعد ارتكابها، تحتاج إلى خبرة فنية ويصعب على المحقق التقليدي التعامل معها، تعتمد على الخداع في ارتكابها، والتضليل في التعرف على مرتكبيها، تعتمد على قمة الذكاء .    ,"{""question_type"": ""علل""}"
arasag,24,علّل لماذا يصعب إثبات الجرائم الإلكترونية ؟,لا تترك أثر، يحتاج اثباتها إلى خبرة فنية لا يتقنها الخبراء التقليديون، تحتاج إلى ذكاء عالي.,4,0.0,5.0,cybercrimes,short_answer,7,arabic,,لا تترك أثرا لها بعد ارتكابها، تحتاج إلى خبرة فنية ويصعب على المحقق التقليدي التعامل معها، تعتمد على الخداع في ارتكابها، والتضليل في التعرف على مرتكبيها، تعتمد على قمة الذكاء .    ,"{""question_type"": ""علل""}"
arasag,24,علّل لماذا يصعب إثبات الجرائم الإلكترونية ؟,تعتمد على قمة الذكاء، لا تترك أثر، تعتمد على الخبرة الفنية في الكشف عنها حيث لا يتسنى للمحقق عادي الكشف عنها.,4,0.0,5.0,cybercrimes,short_answer,7,arabic,,لا تترك أثرا لها بعد ارتكابها، تحتاج إلى خبرة فنية ويصعب على المحقق التقليدي التعامل معها، تعتمد على الخداع في ارتكابها، والتضليل في التعرف على مرتكبيها، تعتمد على قمة الذكاء .    ,"{""question_type"": ""علل""}"
arasag,24,علّل لماذا يصعب إثبات الجرائم الإلكترونية ؟,لأن وسائل و تقنيات الإجرام تتطور بسرعة، تكتم الضحية و أن من الصعب وجود أثر للجريمة الإلكترونية لأنها ليست مجوهرات أو شيء مادي بل أنها عبارة عن أرقام تتغير في البيانات.,2,0.0,5.0,cybercrimes,short_answer,7,arabic,,لا تترك أثرا لها بعد ارتكابها، تحتاج إلى خبرة فنية ويصعب على المحقق التقليدي التعامل معها، تعتمد على الخداع في ارتكابها، والتضليل في التعرف على مرتكبيها، تعتمد على قمة الذكاء .    ,"{""question_type"": ""علل""}"
arasag,24,علّل لماذا يصعب إثبات الجرائم الإلكترونية ؟,يصعب إثبات الجرائم الإلكترونية لأن تطوير البرامج الضخمة ينتج عنه ثغرات تواجه صعوبات أمنية، العائد المادي ليس منظور إلا بعد فوات الأوان.,0,0.0,5.0,cybercrimes,short_answer,7,arabic,,لا تترك أثرا لها بعد ارتكابها، تحتاج إلى خبرة فنية ويصعب على المحقق التقليدي التعامل معها، تعتمد على الخداع في ارتكابها، والتضليل في التعرف على مرتكبيها، تعتمد على قمة الذكاء .    ,"{""question_type"": ""علل""}"
arasag,24,علّل لماذا يصعب إثبات الجرائم الإلكترونية ؟,لأن المخترق ذكي ولا يترك اثرا كما يستعمل التضليل و كذلك لنقص الفنيات لتعقب الجريمة,2,0.0,5.0,cybercrimes,short_answer,7,arabic,,لا تترك أثرا لها بعد ارتكابها، تحتاج إلى خبرة فنية ويصعب على المحقق التقليدي التعامل معها، تعتمد على الخداع في ارتكابها، والتضليل في التعرف على مرتكبيها، تعتمد على قمة الذكاء .    ,"{""question_type"": ""علل""}"
arasag,24,علّل لماذا يصعب إثبات الجرائم الإلكترونية ؟,يصعب اثباتها لانها تترك آثار لا تترك آثار، تتطلب محققين في قدرات فنية و ليس محققين تقليديين ، تعتمد على الذكاء في ارتكابها، تعتمد على الخداع في تركيبها و التضليل في التعرف على مرتكبيها,5,0.0,5.0,cybercrimes,short_answer,7,arabic,,لا تترك أثرا لها بعد ارتكابها، تحتاج إلى خبرة فنية ويصعب على المحقق التقليدي التعامل معها، تعتمد على الخداع في ارتكابها، والتضليل في التعرف على مرتكبيها، تعتمد على قمة الذكاء .    ,"{""question_type"": ""علل""}"
arasag,24,علّل لماذا يصعب إثبات الجرائم الإلكترونية ؟,يتم إكتشافها متأخرا و يصعب على محقق عادي تعامل معها ، لا تترك اثر عند إرتكابها، يعمل على خداع في تطبيقها و تضليل في اكتشافها.,4,0.0,5.0,cybercrimes,short_answer,7,arabic,,لا تترك أثرا لها بعد ارتكابها، تحتاج إلى خبرة فنية ويصعب على المحقق التقليدي التعامل معها، تعتمد على الخداع في ارتكابها، والتضليل في التعرف على مرتكبيها، تعتمد على قمة الذكاء .    ,"{""question_type"": ""علل""}"
arasag,24,علّل لماذا يصعب إثبات الجرائم الإلكترونية ؟,لا تترك أثر بعد إكمالها، المحقق التقليدي لن يجد حل لها، تعتمد على التحايل و الذكاء.,4,0.0,5.0,cybercrimes,short_answer,7,arabic,,لا تترك أثرا لها بعد ارتكابها، تحتاج إلى خبرة فنية ويصعب على المحقق التقليدي التعامل معها، تعتمد على الخداع في ارتكابها، والتضليل في التعرف على مرتكبيها، تعتمد على قمة الذكاء .    ,"{""question_type"": ""علل""}"
arasag,24,علّل لماذا يصعب إثبات الجرائم الإلكترونية ؟," لا تترك أثر فاعلها ,لأنها تتطلب ذكاء و خبرة كبيرة و لا يمكن للمحقق العادي حلها, تتطلب الذكاء و الخبرة في تصميم البرامج",4,0.0,5.0,cybercrimes,short_answer,7,arabic,,لا تترك أثرا لها بعد ارتكابها، تحتاج إلى خبرة فنية ويصعب على المحقق التقليدي التعامل معها، تعتمد على الخداع في ارتكابها، والتضليل في التعرف على مرتكبيها، تعتمد على قمة الذكاء .    ,"{""question_type"": ""علل""}"
arasag,24,علّل لماذا يصعب إثبات الجرائم الإلكترونية ؟,لا تترك أثار، تستخدم بمهارات فنية عالية  يصعب على المحقق التقليدي التحقيق، قمة ذكاء المجرمون و علمهم بكيفية عمل أجهزة تمكنهم من عدم ترك أثار.,4,0.0,5.0,cybercrimes,short_answer,7,arabic,,لا تترك أثرا لها بعد ارتكابها، تحتاج إلى خبرة فنية ويصعب على المحقق التقليدي التعامل معها، تعتمد على الخداع في ارتكابها، والتضليل في التعرف على مرتكبيها، تعتمد على قمة الذكاء .    ,"{""question_type"": ""علل""}"
arasag,24,علّل لماذا يصعب إثبات الجرائم الإلكترونية ؟,"لأنها تحدث في فضاء رقمي بين الشبكات إذن لا تترك أي آثار بعدها, كذلك تحتاج إلى معارف تقنية و فنية متقدمة يصعب على المحقق العادي فهمها و تستعمل أيضا أسلوب الخداع و مرتكبو الجرائم هم عادة أذكياء",4,0.0,5.0,cybercrimes,short_answer,7,arabic,,لا تترك أثرا لها بعد ارتكابها، تحتاج إلى خبرة فنية ويصعب على المحقق التقليدي التعامل معها، تعتمد على الخداع في ارتكابها، والتضليل في التعرف على مرتكبيها، تعتمد على قمة الذكاء .    ,"{""question_type"": ""علل""}"
arasag,24,علّل لماذا يصعب إثبات الجرائم الإلكترونية ؟,"يصعب إثبات الجرائم الإلكترونية ,لكثرة تطوير و انتشار أجهزة الإختراق و كذلك المخترقون يملكون خبرة فنية و التي تمنع المعامل التقليدي التعامل مع المعلومات",4,0.0,5.0,cybercrimes,short_answer,7,arabic,,لا تترك أثرا لها بعد ارتكابها، تحتاج إلى خبرة فنية ويصعب على المحقق التقليدي التعامل معها، تعتمد على الخداع في ارتكابها، والتضليل في التعرف على مرتكبيها، تعتمد على قمة الذكاء .    ,"{""question_type"": ""علل""}"
arasag,24,علّل لماذا يصعب إثبات الجرائم الإلكترونية ؟,"لا تترك أثر ، تعتمد على الذكاء العالي في إرتكابها ، تتطلب مهارة فنية عالية, عدم قدرة المحقق العادي في التعامل معه، تعتمد على التضليل لعدم التعرف على مرتكبيها.",4,0.0,5.0,cybercrimes,short_answer,7,arabic,,لا تترك أثرا لها بعد ارتكابها، تحتاج إلى خبرة فنية ويصعب على المحقق التقليدي التعامل معها، تعتمد على الخداع في ارتكابها، والتضليل في التعرف على مرتكبيها، تعتمد على قمة الذكاء .    ,"{""question_type"": ""علل""}"
arasag,24,علّل لماذا يصعب إثبات الجرائم الإلكترونية ؟,"يصعب إثبات الجرائم الإلكترونية لأن لا تترك أثرا.تلتزم فنية لأدائها , تلتزم بتحايل و التضلل",2,0.0,5.0,cybercrimes,short_answer,7,arabic,,لا تترك أثرا لها بعد ارتكابها، تحتاج إلى خبرة فنية ويصعب على المحقق التقليدي التعامل معها، تعتمد على الخداع في ارتكابها، والتضليل في التعرف على مرتكبيها، تعتمد على قمة الذكاء .    ,"{""question_type"": ""علل""}"
arasag,24,علّل لماذا يصعب إثبات الجرائم الإلكترونية ؟,عدم ترك الآثار، يتطلب ذكاء و معرفة كبيرة لإثبات ذلك، صعوبة تحديد المجرم، يكون المجرم ذو ذكاء عال.,4,0.0,5.0,cybercrimes,short_answer,7,arabic,,لا تترك أثرا لها بعد ارتكابها، تحتاج إلى خبرة فنية ويصعب على المحقق التقليدي التعامل معها، تعتمد على الخداع في ارتكابها، والتضليل في التعرف على مرتكبيها، تعتمد على قمة الذكاء .    ,"{""question_type"": ""علل""}"
arasag,24,علّل لماذا يصعب إثبات الجرائم الإلكترونية ؟,يصعب إثبات الجرائم نظرا لكونها لا تترك أثرا و يصعب للمحقق التقليدي كشفها زد على ذلك اعتمادها على الخداع و التضليل,4,0.0,5.0,cybercrimes,short_answer,7,arabic,,لا تترك أثرا لها بعد ارتكابها، تحتاج إلى خبرة فنية ويصعب على المحقق التقليدي التعامل معها، تعتمد على الخداع في ارتكابها، والتضليل في التعرف على مرتكبيها، تعتمد على قمة الذكاء .    ,"{""question_type"": ""علل""}"
arasag,24,علّل لماذا يصعب إثبات الجرائم الإلكترونية ؟,يصعب إثبات الجرائم الإلكترونية لأنها تتطلب ذكاء حاد و غالبا لا تترك أثر واضح وراءها أو يتطلب من المسؤول حل القضية أن تكون له دراية تقنية بالموضوع,4,0.0,5.0,cybercrimes,short_answer,7,arabic,,لا تترك أثرا لها بعد ارتكابها، تحتاج إلى خبرة فنية ويصعب على المحقق التقليدي التعامل معها، تعتمد على الخداع في ارتكابها، والتضليل في التعرف على مرتكبيها، تعتمد على قمة الذكاء .    ,"{""question_type"": ""علل""}"
arasag,24,علّل لماذا يصعب إثبات الجرائم الإلكترونية ؟,عدم وجود أدلة ملموسة، صعوبة تتبع مصادر الجريمة، نقص الوعي لدى مستخدمي الشبكات، التطور السريع للإلكترونيات,3,0.0,5.0,cybercrimes,short_answer,7,arabic,,لا تترك أثرا لها بعد ارتكابها، تحتاج إلى خبرة فنية ويصعب على المحقق التقليدي التعامل معها، تعتمد على الخداع في ارتكابها، والتضليل في التعرف على مرتكبيها، تعتمد على قمة الذكاء .    ,"{""question_type"": ""علل""}"
arasag,24,علّل لماذا يصعب إثبات الجرائم الإلكترونية ؟,لانها جرائم قام بها اشخاص أذكياء و لا تترك اثر لمرتكبها كما انه يصعب معرفة ان الجريمة حدثت الا بعد مرور وقت طويل   ,3,0.0,5.0,cybercrimes,short_answer,7,arabic,,لا تترك أثرا لها بعد ارتكابها، تحتاج إلى خبرة فنية ويصعب على المحقق التقليدي التعامل معها، تعتمد على الخداع في ارتكابها، والتضليل في التعرف على مرتكبيها، تعتمد على قمة الذكاء .    ,"{""question_type"": ""علل""}"
arasag,24,علّل لماذا يصعب إثبات الجرائم الإلكترونية ؟,تحتاج الى خبرة فنية و بالتالي المحقق التقليدي تصعب عليه اثباتها، تعتمد على الدكاء في ارتكابها، تعتمد على الخداع و التحايل، يصعب معرفة وقت ارتكابها ,4,0.0,5.0,cybercrimes,short_answer,7,arabic,,لا تترك أثرا لها بعد ارتكابها، تحتاج إلى خبرة فنية ويصعب على المحقق التقليدي التعامل معها، تعتمد على الخداع في ارتكابها، والتضليل في التعرف على مرتكبيها، تعتمد على قمة الذكاء .    ,"{""question_type"": ""علل""}"
arasag,24,علّل لماذا يصعب إثبات الجرائم الإلكترونية ؟,هي جرائم لا تترك اثرا، يصعب على الجهات المعنية التقليدية تتبعها، تتطلب تدقيق واسع لملاحظتها، معظم الجرائم تكتشف بعد وقت طويل ,4,0.0,5.0,cybercrimes,short_answer,7,arabic,,لا تترك أثرا لها بعد ارتكابها، تحتاج إلى خبرة فنية ويصعب على المحقق التقليدي التعامل معها، تعتمد على الخداع في ارتكابها، والتضليل في التعرف على مرتكبيها، تعتمد على قمة الذكاء .    ,"{""question_type"": ""علل""}"
arasag,24,علّل لماذا يصعب إثبات الجرائم الإلكترونية ؟,لا يمكن اثبات حدوثها بعدما حدثت ,1,0.0,5.0,cybercrimes,short_answer,7,arabic,,لا تترك أثرا لها بعد ارتكابها، تحتاج إلى خبرة فنية ويصعب على المحقق التقليدي التعامل معها، تعتمد على الخداع في ارتكابها، والتضليل في التعرف على مرتكبيها، تعتمد على قمة الذكاء .    ,"{""question_type"": ""علل""}"
arasag,24,علّل لماذا يصعب إثبات الجرائم الإلكترونية ؟,لا يترك اثر للجريمة، يجب خبرة كبيرة في هدا المجال، المخترقون يتمتعون بدكاء عالي والخداع و التمويه,4,0.0,5.0,cybercrimes,short_answer,7,arabic,,لا تترك أثرا لها بعد ارتكابها، تحتاج إلى خبرة فنية ويصعب على المحقق التقليدي التعامل معها، تعتمد على الخداع في ارتكابها، والتضليل في التعرف على مرتكبيها، تعتمد على قمة الذكاء .    ,"{""question_type"": ""علل""}"
arasag,24,علّل لماذا يصعب إثبات الجرائم الإلكترونية ؟,لانها لا تترك اثر خلفها، صعوبة معرفة المجرم، تكتم الضحايا، لا ينفع معها المحققين التقليديين,4,0.0,5.0,cybercrimes,short_answer,7,arabic,,لا تترك أثرا لها بعد ارتكابها، تحتاج إلى خبرة فنية ويصعب على المحقق التقليدي التعامل معها، تعتمد على الخداع في ارتكابها، والتضليل في التعرف على مرتكبيها، تعتمد على قمة الذكاء .    ,"{""question_type"": ""علل""}"
arasag,24,علّل لماذا يصعب إثبات الجرائم الإلكترونية ؟,لانها لا تترك اثر خلفها، سرعة الهجمات، ضعف المحققين من الناحية التقنية ,3,0.0,5.0,cybercrimes,short_answer,7,arabic,,لا تترك أثرا لها بعد ارتكابها، تحتاج إلى خبرة فنية ويصعب على المحقق التقليدي التعامل معها، تعتمد على الخداع في ارتكابها، والتضليل في التعرف على مرتكبيها، تعتمد على قمة الذكاء .    ,"{""question_type"": ""علل""}"
arasag,21,علّل كيف يمكن لمؤسسة ما أن تتعرف على عادات المستخدمين لشبكتها ؟, تستطيع ذلك عن طريق الوكيل (proxy) الذي يقدم إحصائيات عن ذلك,4,0.0,5.0,cybercrimes,short_answer,7,arabic,,بفضل الخادم الوكيل (البروكسي) الذي يقوم بإعداد إحصاءات عن المستخدمين و عن المواقع الإلكترونية التي يتصفحونها,"{""question_type"": ""علل""}"
arasag,21,علّل كيف يمكن لمؤسسة ما أن تتعرف على عادات المستخدمين لشبكتها ؟,تقوم باستخدام البروكسي(البرنامج الوكيل).,3,0.0,5.0,cybercrimes,short_answer,7,arabic,,بفضل الخادم الوكيل (البروكسي) الذي يقوم بإعداد إحصاءات عن المستخدمين و عن المواقع الإلكترونية التي يتصفحونها,"{""question_type"": ""علل""}"
arasag,21,علّل كيف يمكن لمؤسسة ما أن تتعرف على عادات المستخدمين لشبكتها ؟,عن طريق الخادم الوكيل,3,0.0,5.0,cybercrimes,short_answer,7,arabic,,بفضل الخادم الوكيل (البروكسي) الذي يقوم بإعداد إحصاءات عن المستخدمين و عن المواقع الإلكترونية التي يتصفحونها,"{""question_type"": ""علل""}"
arasag,21,علّل كيف يمكن لمؤسسة ما أن تتعرف على عادات المستخدمين لشبكتها ؟,تثبيت برامج التجسس على مواقع المستخدمين عبر تسجيل نقرات لوحة لمفاتيح ,1,0.0,5.0,cybercrimes,short_answer,7,arabic,,بفضل الخادم الوكيل (البروكسي) الذي يقوم بإعداد إحصاءات عن المستخدمين و عن المواقع الإلكترونية التي يتصفحونها,"{""question_type"": ""علل""}"
arasag,21,علّل كيف يمكن لمؤسسة ما أن تتعرف على عادات المستخدمين لشبكتها ؟,بواسطة تثبيت برامج تسجل كل ما يضغط على لوحة المفاتيح أو شيء من هذا القبيل و بإمكانها حصر مستخدميها في تصفح المواقع مثل حجبها عن الوصول إلى مواقع محجوبة ( تعقيدية، جنسية، الخ ..) بواسطة البروكسي.,2,0.0,5.0,cybercrimes,short_answer,7,arabic,,بفضل الخادم الوكيل (البروكسي) الذي يقوم بإعداد إحصاءات عن المستخدمين و عن المواقع الإلكترونية التي يتصفحونها,"{""question_type"": ""علل""}"
arasag,21,علّل كيف يمكن لمؤسسة ما أن تتعرف على عادات المستخدمين لشبكتها ؟,إستخدام البروكسي حيث تضم مستخدمي الانترنت في جهة واحدة و بالتالي يمكنها الحصول على إحصاءات المستخدمين و التعرف على عاداتهم و منعهم من زيارة المواقع الأخرى .,4,0.0,5.0,cybercrimes,short_answer,7,arabic,,بفضل الخادم الوكيل (البروكسي) الذي يقوم بإعداد إحصاءات عن المستخدمين و عن المواقع الإلكترونية التي يتصفحونها,"{""question_type"": ""علل""}"
arasag,21,علّل كيف يمكن لمؤسسة ما أن تتعرف على عادات المستخدمين لشبكتها ؟,باستخدام برنامج يقوم بتخزين كل المواقع التي قام المستخدمين بزيارتها مثل البروكسي الذي يقوم بإحصائيات المستخدمين و إحصائيات شبكة المعلومات لمواقع التي تحبها شركة التسويق .,4,0.0,5.0,cybercrimes,short_answer,7,arabic,,بفضل الخادم الوكيل (البروكسي) الذي يقوم بإعداد إحصاءات عن المستخدمين و عن المواقع الإلكترونية التي يتصفحونها,"{""question_type"": ""علل""}"
arasag,21,علّل كيف يمكن لمؤسسة ما أن تتعرف على عادات المستخدمين لشبكتها ؟,بتثبيت برامج لحفظ كل ما قامو به من تصفح على الموقع .,1,0.0,5.0,cybercrimes,short_answer,7,arabic,,بفضل الخادم الوكيل (البروكسي) الذي يقوم بإعداد إحصاءات عن المستخدمين و عن المواقع الإلكترونية التي يتصفحونها,"{""question_type"": ""علل""}"
arasag,21,علّل كيف يمكن لمؤسسة ما أن تتعرف على عادات المستخدمين لشبكتها ؟,باستعمال البروكسي الذي يقوم بتخزين كافة النشاطات و المواقع و العناوين لكل مستخدم و التي يمكن إستغلالها فيما بعد على شكل إحصاءات .,4,0.0,5.0,cybercrimes,short_answer,7,arabic,,بفضل الخادم الوكيل (البروكسي) الذي يقوم بإعداد إحصاءات عن المستخدمين و عن المواقع الإلكترونية التي يتصفحونها,"{""question_type"": ""علل""}"
arasag,21,علّل كيف يمكن لمؤسسة ما أن تتعرف على عادات المستخدمين لشبكتها ؟,وضع بروكسي بين مستخدمي شبكتها، و شبكة الأنترنت، هكذا كل شيء يقوم به المستخدمين يمر بهذا البروكسي .,3,0.0,5.0,cybercrimes,short_answer,7,arabic,,بفضل الخادم الوكيل (البروكسي) الذي يقوم بإعداد إحصاءات عن المستخدمين و عن المواقع الإلكترونية التي يتصفحونها,"{""question_type"": ""علل""}"
arasag,21,علّل كيف يمكن لمؤسسة ما أن تتعرف على عادات المستخدمين لشبكتها ؟,من خلال الوكيل (البروكسي) الذي يشكل نظام وسيط للمستخدمين لأن فيه ذاكرة تحتفظ بعادات المستخدمين يمنع المتصفح في بعض المواقع المحجوبة . ,4,0.0,5.0,cybercrimes,short_answer,7,arabic,,بفضل الخادم الوكيل (البروكسي) الذي يقوم بإعداد إحصاءات عن المستخدمين و عن المواقع الإلكترونية التي يتصفحونها,"{""question_type"": ""علل""}"
arasag,21,علّل كيف يمكن لمؤسسة ما أن تتعرف على عادات المستخدمين لشبكتها ؟,التجسس على الأحرف المكتوبة .,0,0.0,5.0,cybercrimes,short_answer,7,arabic,,بفضل الخادم الوكيل (البروكسي) الذي يقوم بإعداد إحصاءات عن المستخدمين و عن المواقع الإلكترونية التي يتصفحونها,"{""question_type"": ""علل""}"
arasag,21,علّل كيف يمكن لمؤسسة ما أن تتعرف على عادات المستخدمين لشبكتها ؟,بإستخدام الخادم الوكيل و حصر جميع مستخدمين الشركة في جهة واحدة و بهذا الوكيل يمكنه تحديد إستخدامات الموظفين .,3,0.0,5.0,cybercrimes,short_answer,7,arabic,,بفضل الخادم الوكيل (البروكسي) الذي يقوم بإعداد إحصاءات عن المستخدمين و عن المواقع الإلكترونية التي يتصفحونها,"{""question_type"": ""علل""}"
arasag,21,علّل كيف يمكن لمؤسسة ما أن تتعرف على عادات المستخدمين لشبكتها ؟,إستعمال البروكسي الذي يعمل على حصر المستخدمين في جهاز موحد .,3,0.0,5.0,cybercrimes,short_answer,7,arabic,,بفضل الخادم الوكيل (البروكسي) الذي يقوم بإعداد إحصاءات عن المستخدمين و عن المواقع الإلكترونية التي يتصفحونها,"{""question_type"": ""علل""}"
arasag,21,علّل كيف يمكن لمؤسسة ما أن تتعرف على عادات المستخدمين لشبكتها ؟,عن طريق وضع بروكسي خادم للقيام بالإحصاءات .,4,0.0,5.0,cybercrimes,short_answer,7,arabic,,بفضل الخادم الوكيل (البروكسي) الذي يقوم بإعداد إحصاءات عن المستخدمين و عن المواقع الإلكترونية التي يتصفحونها,"{""question_type"": ""علل""}"
arasag,21,علّل كيف يمكن لمؤسسة ما أن تتعرف على عادات المستخدمين لشبكتها ؟,يمكن مثلا إستعمال البروكسي كي يسجل المواقع المتصفحة كثيرا من طرف المستخدمين و من خلال الإحصائيات يمكن التعرف على أكثر الصفحات تصفحا .,3,0.0,5.0,cybercrimes,short_answer,7,arabic,,بفضل الخادم الوكيل (البروكسي) الذي يقوم بإعداد إحصاءات عن المستخدمين و عن المواقع الإلكترونية التي يتصفحونها,"{""question_type"": ""علل""}"
arasag,21,علّل كيف يمكن لمؤسسة ما أن تتعرف على عادات المستخدمين لشبكتها ؟,من خلال معرفة المواقع التي يستعملها المستخدم بكثرة، الذي يسمح بمعرفة إتجاه و طريقة تفكير المستخدم و بالتالي معرفة عاداته .,2,0.0,5.0,cybercrimes,short_answer,7,arabic,,بفضل الخادم الوكيل (البروكسي) الذي يقوم بإعداد إحصاءات عن المستخدمين و عن المواقع الإلكترونية التي يتصفحونها,"{""question_type"": ""علل""}"
arasag,21,علّل كيف يمكن لمؤسسة ما أن تتعرف على عادات المستخدمين لشبكتها ؟,باستخدام الوكيل  و هو برنامج يحصر مستخدمي الإنترنت في جهة من أجل منعهم من دخول مواقع محظورة و عند تجاوزه يتم تسجيل ذلك ايضا. ,3,0.0,5.0,cybercrimes,short_answer,7,arabic,,بفضل الخادم الوكيل (البروكسي) الذي يقوم بإعداد إحصاءات عن المستخدمين و عن المواقع الإلكترونية التي يتصفحونها,"{""question_type"": ""علل""}"
arasag,21,علّل كيف يمكن لمؤسسة ما أن تتعرف على عادات المستخدمين لشبكتها ؟,عن طريق تصفح الذاكرة الموجودة بالوكيل ,2,0.0,5.0,cybercrimes,short_answer,7,arabic,,بفضل الخادم الوكيل (البروكسي) الذي يقوم بإعداد إحصاءات عن المستخدمين و عن المواقع الإلكترونية التي يتصفحونها,"{""question_type"": ""علل""}"
arasag,21,علّل كيف يمكن لمؤسسة ما أن تتعرف على عادات المستخدمين لشبكتها ؟,من خلال الوكيل الذي يقوم بحصر ارتباط جميع المستخدمين الانترنت بجهة واحدة و جهاز واحد ،هذا ما يمكنه من اعداد احصائيات حول المستخدمين و بالتالي التعرف على عاداتهم.,4,0.0,5.0,cybercrimes,short_answer,7,arabic,,بفضل الخادم الوكيل (البروكسي) الذي يقوم بإعداد إحصاءات عن المستخدمين و عن المواقع الإلكترونية التي يتصفحونها,"{""question_type"": ""علل""}"
arasag,21,علّل كيف يمكن لمؤسسة ما أن تتعرف على عادات المستخدمين لشبكتها ؟,عن طريق الخادم الوكيل بتسجيل عناوين IP الخاصة. ,2,0.0,5.0,cybercrimes,short_answer,7,arabic,,بفضل الخادم الوكيل (البروكسي) الذي يقوم بإعداد إحصاءات عن المستخدمين و عن المواقع الإلكترونية التي يتصفحونها,"{""question_type"": ""علل""}"
arasag,21,علّل كيف يمكن لمؤسسة ما أن تتعرف على عادات المستخدمين لشبكتها ؟,اعداد إحصائيات لهؤلاء المستخدمين باستعمال البروكسي الذي يسجل مواقع التي يزورها المستخدم، هذه المعلومات تستخدم كمعطيات في الإحصاء. ,4,0.0,5.0,cybercrimes,short_answer,7,arabic,,بفضل الخادم الوكيل (البروكسي) الذي يقوم بإعداد إحصاءات عن المستخدمين و عن المواقع الإلكترونية التي يتصفحونها,"{""question_type"": ""علل""}"
arasag,21,علّل كيف يمكن لمؤسسة ما أن تتعرف على عادات المستخدمين لشبكتها ؟,باستعمال البروكسي وهي حصر جميع المستخدمين في جهاز موحد و يوفر البروكسي احصاءات عادات المستخدمين فمن هذه الناحية تتعرف على عادات المستخدمين.,4,0.0,5.0,cybercrimes,short_answer,7,arabic,,بفضل الخادم الوكيل (البروكسي) الذي يقوم بإعداد إحصاءات عن المستخدمين و عن المواقع الإلكترونية التي يتصفحونها,"{""question_type"": ""علل""}"
arasag,21,علّل كيف يمكن لمؤسسة ما أن تتعرف على عادات المستخدمين لشبكتها ؟,يكون هذا عن طريق البروكسي الذي يسمح بتقديم احصائيات عن استخدامات المستخدمين و المواقع الأكثر بحثا .,5,0.0,5.0,cybercrimes,short_answer,7,arabic,,بفضل الخادم الوكيل (البروكسي) الذي يقوم بإعداد إحصاءات عن المستخدمين و عن المواقع الإلكترونية التي يتصفحونها,"{""question_type"": ""علل""}"
arasag,21,علّل كيف يمكن لمؤسسة ما أن تتعرف على عادات المستخدمين لشبكتها ؟,عن طريق البروكسي حيث يسمح بتحديد المواقع المتداولة و يسمح بحجب بعض المواقع.,2,0.0,5.0,cybercrimes,short_answer,7,arabic,,بفضل الخادم الوكيل (البروكسي) الذي يقوم بإعداد إحصاءات عن المستخدمين و عن المواقع الإلكترونية التي يتصفحونها,"{""question_type"": ""علل""}"
arasag,21,علّل كيف يمكن لمؤسسة ما أن تتعرف على عادات المستخدمين لشبكتها ؟,التجسس عليهم و ذلك بالقيام باستخدام برمجيات تتبع أثر المستخدمين على شبكة الانترنت عن طريق الخادم الوكيل  ,2,0.0,5.0,cybercrimes,short_answer,7,arabic,,بفضل الخادم الوكيل (البروكسي) الذي يقوم بإعداد إحصاءات عن المستخدمين و عن المواقع الإلكترونية التي يتصفحونها,"{""question_type"": ""علل""}"
arasag,21,علّل كيف يمكن لمؤسسة ما أن تتعرف على عادات المستخدمين لشبكتها ؟,عن طريق الوكيل حيث يقوم بتسجيل كل خطواتك و كل المواقع التي تزوره و الوقت أيضا. ,4,0.0,5.0,cybercrimes,short_answer,7,arabic,,بفضل الخادم الوكيل (البروكسي) الذي يقوم بإعداد إحصاءات عن المستخدمين و عن المواقع الإلكترونية التي يتصفحونها,"{""question_type"": ""علل""}"
arasag,21,علّل كيف يمكن لمؤسسة ما أن تتعرف على عادات المستخدمين لشبكتها ؟,تقوم بإنشاء خادم وكيل تحجب مواقع فتحصل على قائمة عادات المستخدمين . كما تستطيع الكشف عن عناوين IP للأجهزة التي تجاوزت  الخادم الوكيل .,3,0.0,5.0,cybercrimes,short_answer,7,arabic,,بفضل الخادم الوكيل (البروكسي) الذي يقوم بإعداد إحصاءات عن المستخدمين و عن المواقع الإلكترونية التي يتصفحونها,"{""question_type"": ""علل""}"
arasag,21,علّل كيف يمكن لمؤسسة ما أن تتعرف على عادات المستخدمين لشبكتها ؟,بفضل الخدمة المقدمة من طرف الخادم الوكيل proxy حيث يقوم هذا الاخير باعداد احصاءات حول المواقع الاكثر زيادة و مشاهدة على الشبكة اضافة الى احصاءات كل مستخدم على حدة.,5,0.0,5.0,cybercrimes,short_answer,7,arabic,,بفضل الخادم الوكيل (البروكسي) الذي يقوم بإعداد إحصاءات عن المستخدمين و عن المواقع الإلكترونية التي يتصفحونها,"{""question_type"": ""علل""}"
arasag,21,علّل كيف يمكن لمؤسسة ما أن تتعرف على عادات المستخدمين لشبكتها ؟,عن طريق البروكسي proxy فهو يقدم إحصاءات عن المستخدم (كل شيء عن المستخدم المواقع التي زرعها في الانترنت.),4,0.0,5.0,cybercrimes,short_answer,7,arabic,,بفضل الخادم الوكيل (البروكسي) الذي يقوم بإعداد إحصاءات عن المستخدمين و عن المواقع الإلكترونية التي يتصفحونها,"{""question_type"": ""علل""}"
arasag,21,علّل كيف يمكن لمؤسسة ما أن تتعرف على عادات المستخدمين لشبكتها ؟,يحصر جميع مستخدمي الشبكة في جهة واحدة من طرف البروكسي حيث يعمل عدة خدمات منها إعداد إحصاءات عن المواقع التي يزورها المستخدمين في الشبكة و منه خادم البروكسي يعرف عامة المستخدمين. ,4,0.0,5.0,cybercrimes,short_answer,7,arabic,,بفضل الخادم الوكيل (البروكسي) الذي يقوم بإعداد إحصاءات عن المستخدمين و عن المواقع الإلكترونية التي يتصفحونها,"{""question_type"": ""علل""}"
arasag,21,علّل كيف يمكن لمؤسسة ما أن تتعرف على عادات المستخدمين لشبكتها ؟,من خلال تطبيق برنامج الخادم الوكيل حيث يمكنه حجب المواقع المراد حجبها كما يمكن إحصاء و معرفتهم المواقع التي يتصل بها المستخدمين المتصلين بالبروكسي. ,4,0.0,5.0,cybercrimes,short_answer,7,arabic,,بفضل الخادم الوكيل (البروكسي) الذي يقوم بإعداد إحصاءات عن المستخدمين و عن المواقع الإلكترونية التي يتصفحونها,"{""question_type"": ""علل""}"
arasag,21,علّل كيف يمكن لمؤسسة ما أن تتعرف على عادات المستخدمين لشبكتها ؟,من خلال الخادم الوكيل فهو يقوم بإعداد إحصاءات عن عادات مستخدمين و ما يحبون. ,4,0.0,5.0,cybercrimes,short_answer,7,arabic,,بفضل الخادم الوكيل (البروكسي) الذي يقوم بإعداد إحصاءات عن المستخدمين و عن المواقع الإلكترونية التي يتصفحونها,"{""question_type"": ""علل""}"
arasag,17,علل صعوبة استعمال التشريع القانوني العادي في مكافحة الجريمة الإلكترونية؟,تتطلب أكثر من مجرد محقق عادي بل محقق يمتلك مهارات ، لا تترك أثر ، تتم بواسطة الاحتيال، تعتد علة ذكاء حاد.,2,0.0,5.0,cybercrimes,short_answer,7,arabic,,نقص الخبرة الفنية للمحققين المتعلقة باستعمال التكنولوجيا في إثبات الجرائم و عدم إدراج مختلف أنواع الجرائم الالكترونية في التشريع القانوني لأنها جرائم جديدة.,"{""question_type"": ""علل""}"
arasag,17,علل صعوبة استعمال التشريع القانوني العادي في مكافحة الجريمة الإلكترونية؟,لا تترك أثر بعد ارتكابها حيث يصعب على المحقق التقليدي معرفته، استعمال الخداع في ارتكاب الجريمة والتضليل استعمال ذكاء خارق في استعمال الجريمة. ,2,0.0,5.0,cybercrimes,short_answer,7,arabic,,نقص الخبرة الفنية للمحققين المتعلقة باستعمال التكنولوجيا في إثبات الجرائم و عدم إدراج مختلف أنواع الجرائم الالكترونية في التشريع القانوني لأنها جرائم جديدة.,"{""question_type"": ""علل""}"
arasag,17,علل صعوبة استعمال التشريع القانوني العادي في مكافحة الجريمة الإلكترونية؟,لأن الجرائم الالكترونية مختلفة تماما على الجرائم العادية وصعبة الكشف ويستطيع الكثير ارتكابها وقد تؤثر في عدة مجالات جد حساسة كالدفاع الوطني والمؤسسات ومنظمات القانون العام,3,0.0,5.0,cybercrimes,short_answer,7,arabic,,نقص الخبرة الفنية للمحققين المتعلقة باستعمال التكنولوجيا في إثبات الجرائم و عدم إدراج مختلف أنواع الجرائم الالكترونية في التشريع القانوني لأنها جرائم جديدة.,"{""question_type"": ""علل""}"
arasag,17,علل صعوبة استعمال التشريع القانوني العادي في مكافحة الجريمة الإلكترونية؟,لأن الجريمة الالكترونية لا تترك أثرا، مرتكبوها لديهم قدرة وذكاء عاليين، تحتاج خبرة فنية المحقق التقليدي يصعب عليه التعامل معها، تعتمد على الخداع و التضليل في ارتكابها.,2,0.0,5.0,cybercrimes,short_answer,7,arabic,,نقص الخبرة الفنية للمحققين المتعلقة باستعمال التكنولوجيا في إثبات الجرائم و عدم إدراج مختلف أنواع الجرائم الالكترونية في التشريع القانوني لأنها جرائم جديدة.,"{""question_type"": ""علل""}"
arasag,17,علل صعوبة استعمال التشريع القانوني العادي في مكافحة الجريمة الإلكترونية؟,تكتب الضحايا عند طلب عون القانون، المخترق لا يترك أثرا خلفه، تنجز بطريقة فنية في حين المحقق العادي لا يستطيع حلها، التضليل في الوصول الى مرتكبها، المثالية في ارتكاب الجريمة، مسح كل الأثر ,2,0.0,5.0,cybercrimes,short_answer,7,arabic,,نقص الخبرة الفنية للمحققين المتعلقة باستعمال التكنولوجيا في إثبات الجرائم و عدم إدراج مختلف أنواع الجرائم الالكترونية في التشريع القانوني لأنها جرائم جديدة.,"{""question_type"": ""علل""}"
arasag,17,علل صعوبة استعمال التشريع القانوني العادي في مكافحة الجريمة الإلكترونية؟,لان القانون العادي يخص كل بلد ويختلف من بلد لآخر و الجريمة الالكترونية مثلا ترتكب في بلد و مرتكبها من بلد آخر لذلك يجب ان تكون قوانين عالمية في مكافحة الجريمة الالكترونية ,2,0.0,5.0,cybercrimes,short_answer,7,arabic,,نقص الخبرة الفنية للمحققين المتعلقة باستعمال التكنولوجيا في إثبات الجرائم و عدم إدراج مختلف أنواع الجرائم الالكترونية في التشريع القانوني لأنها جرائم جديدة.,"{""question_type"": ""علل""}"
arasag,17,علل صعوبة استعمال التشريع القانوني العادي في مكافحة الجريمة الإلكترونية؟,لا يمكن معرفة المخترق بسهولة (اخفاء هوية الهجوم)، لا يوجد اثار للجريمة، تكتم الضحية ، لا يمكن لمحقق عادي تقفي اثرها بسهولة.,2,0.0,5.0,cybercrimes,short_answer,7,arabic,,نقص الخبرة الفنية للمحققين المتعلقة باستعمال التكنولوجيا في إثبات الجرائم و عدم إدراج مختلف أنواع الجرائم الالكترونية في التشريع القانوني لأنها جرائم جديدة.,"{""question_type"": ""علل""}"
arasag,17,علل صعوبة استعمال التشريع القانوني العادي في مكافحة الجريمة الإلكترونية؟,-ذلك بسبب التحايل لدى المنتهكين حيث انهم اشخاص اذكياء كما انه لا تتوفر وسائل دقيقة تمكن من تتبع هذه الانتهاكات,0,0.0,5.0,cybercrimes,short_answer,7,arabic,,نقص الخبرة الفنية للمحققين المتعلقة باستعمال التكنولوجيا في إثبات الجرائم و عدم إدراج مختلف أنواع الجرائم الالكترونية في التشريع القانوني لأنها جرائم جديدة.,"{""question_type"": ""علل""}"
arasag,17,علل صعوبة استعمال التشريع القانوني العادي في مكافحة الجريمة الإلكترونية؟,لاستعمال المجرم طرق تقنية يصعب على المحقق العادي العمل بها،  محلها و اثرها الشبكة.,1,0.0,5.0,cybercrimes,short_answer,7,arabic,,نقص الخبرة الفنية للمحققين المتعلقة باستعمال التكنولوجيا في إثبات الجرائم و عدم إدراج مختلف أنواع الجرائم الالكترونية في التشريع القانوني لأنها جرائم جديدة.,"{""question_type"": ""علل""}"
arasag,17,علل صعوبة استعمال التشريع القانوني العادي في مكافحة الجريمة الإلكترونية؟,لا تترك اثرا حقيقي او فيزيائيا لذلك يصعب على المحقق العادي او التقليدي التحقيق و منه صعوبة استعمال التشريع القانوني العادي ,2,0.0,5.0,cybercrimes,short_answer,7,arabic,,نقص الخبرة الفنية للمحققين المتعلقة باستعمال التكنولوجيا في إثبات الجرائم و عدم إدراج مختلف أنواع الجرائم الالكترونية في التشريع القانوني لأنها جرائم جديدة.,"{""question_type"": ""علل""}"
arasag,17,علل صعوبة استعمال التشريع القانوني العادي في مكافحة الجريمة الإلكترونية؟,تحتاج الى خبرة تقنية و لا يمكن للمحقق التقليدي التعامل معها، لا تترك اثرا عند ارتكابها، تعتمد على الخداع و قمة الذكاء في ارتكابها و تضليل مرتكبيها.,2,0.0,5.0,cybercrimes,short_answer,7,arabic,,نقص الخبرة الفنية للمحققين المتعلقة باستعمال التكنولوجيا في إثبات الجرائم و عدم إدراج مختلف أنواع الجرائم الالكترونية في التشريع القانوني لأنها جرائم جديدة.,"{""question_type"": ""علل""}"
arasag,17,علل صعوبة استعمال التشريع القانوني العادي في مكافحة الجريمة الإلكترونية؟,تعتمد على ذكاء و خبرة في ارتكابها,0,0.0,5.0,cybercrimes,short_answer,7,arabic,,نقص الخبرة الفنية للمحققين المتعلقة باستعمال التكنولوجيا في إثبات الجرائم و عدم إدراج مختلف أنواع الجرائم الالكترونية في التشريع القانوني لأنها جرائم جديدة.,"{""question_type"": ""علل""}"
arasag,17,علل صعوبة استعمال التشريع القانوني العادي في مكافحة الجريمة الإلكترونية؟,لصعوبة تحديد هوية المجرم ( الجريمة الالكترونية لا تترك اثرا) لانها منتشرة بسرعة كبيرة ( سرعة التقنية المعلوماتية),1,0.0,5.0,cybercrimes,short_answer,7,arabic,,نقص الخبرة الفنية للمحققين المتعلقة باستعمال التكنولوجيا في إثبات الجرائم و عدم إدراج مختلف أنواع الجرائم الالكترونية في التشريع القانوني لأنها جرائم جديدة.,"{""question_type"": ""علل""}"
arasag,17,علل صعوبة استعمال التشريع القانوني العادي في مكافحة الجريمة الإلكترونية؟,لأننا لا نعرف مرتكبوها، لا نعرف وقت حدوثها، لا يوجد أثرا لها، لا يمكن اتهام شخص ما بدون ادلة ثبوتية .,2,0.0,5.0,cybercrimes,short_answer,7,arabic,,نقص الخبرة الفنية للمحققين المتعلقة باستعمال التكنولوجيا في إثبات الجرائم و عدم إدراج مختلف أنواع الجرائم الالكترونية في التشريع القانوني لأنها جرائم جديدة.,"{""question_type"": ""علل""}"
arasag,17,علل صعوبة استعمال التشريع القانوني العادي في مكافحة الجريمة الإلكترونية؟,"لأنها تحتاج خبرة فنية , بحيث يصعب للمحقق العادي فهمها أو التعامل معها ، لأنها تعتمد على التضليل في ارتكابها.",3,0.0,5.0,cybercrimes,short_answer,7,arabic,,نقص الخبرة الفنية للمحققين المتعلقة باستعمال التكنولوجيا في إثبات الجرائم و عدم إدراج مختلف أنواع الجرائم الالكترونية في التشريع القانوني لأنها جرائم جديدة.,"{""question_type"": ""علل""}"
arasag,17,علل صعوبة استعمال التشريع القانوني العادي في مكافحة الجريمة الإلكترونية؟,لا تترك أثر في أغلب الأوقات و يستلزم فيها تقنيات و خبراء و تستعمل فيها الحيل و المراوغات و الذكاء ,2,0.0,5.0,cybercrimes,short_answer,7,arabic,,نقص الخبرة الفنية للمحققين المتعلقة باستعمال التكنولوجيا في إثبات الجرائم و عدم إدراج مختلف أنواع الجرائم الالكترونية في التشريع القانوني لأنها جرائم جديدة.,"{""question_type"": ""علل""}"
arasag,17,علل صعوبة استعمال التشريع القانوني العادي في مكافحة الجريمة الإلكترونية؟,يقوم به أشخاص غير عاديين ( ذوي قدرات عالية ) ، لا يترك أثر ـ في بعض الأحيان الضحية ولا تعلم أنها ضحية.,1,0.0,5.0,cybercrimes,short_answer,7,arabic,,نقص الخبرة الفنية للمحققين المتعلقة باستعمال التكنولوجيا في إثبات الجرائم و عدم إدراج مختلف أنواع الجرائم الالكترونية في التشريع القانوني لأنها جرائم جديدة.,"{""question_type"": ""علل""}"
arasag,17,علل صعوبة استعمال التشريع القانوني العادي في مكافحة الجريمة الإلكترونية؟,"ليست بجرائم عادية أو تقليدية , فهي جرائم معاصرة و يصعب على المحققين التقليديين التعامل معها ",2,0.0,5.0,cybercrimes,short_answer,7,arabic,,نقص الخبرة الفنية للمحققين المتعلقة باستعمال التكنولوجيا في إثبات الجرائم و عدم إدراج مختلف أنواع الجرائم الالكترونية في التشريع القانوني لأنها جرائم جديدة.,"{""question_type"": ""علل""}"
arasag,17,علل صعوبة استعمال التشريع القانوني العادي في مكافحة الجريمة الإلكترونية؟,صعوبة تطبيق مفاهيم الحياة الواقعية على الواقع الإفتراضي ، عدم ترك الجريمة لأدلة ملموسة ، التغيير المستمر في تطور الأنظمة الإلكترونية.,1,0.0,5.0,cybercrimes,short_answer,7,arabic,,نقص الخبرة الفنية للمحققين المتعلقة باستعمال التكنولوجيا في إثبات الجرائم و عدم إدراج مختلف أنواع الجرائم الالكترونية في التشريع القانوني لأنها جرائم جديدة.,"{""question_type"": ""علل""}"
arasag,17,علل صعوبة استعمال التشريع القانوني العادي في مكافحة الجريمة الإلكترونية؟,لا تترك أثر، تتطلب خبرة فنية عالية، تعتمد على الخداع و التضليل، تعتمد على الذكاء في تنفيذها.,2,0.0,5.0,cybercrimes,short_answer,7,arabic,,نقص الخبرة الفنية للمحققين المتعلقة باستعمال التكنولوجيا في إثبات الجرائم و عدم إدراج مختلف أنواع الجرائم الالكترونية في التشريع القانوني لأنها جرائم جديدة.,"{""question_type"": ""علل""}"
arasag,17,علل صعوبة استعمال التشريع القانوني العادي في مكافحة الجريمة الإلكترونية؟,صعوبة تتبع الأثر، معرفة الفاعل، التعرف على الفاعل بعد مدة طويلة من الزمن.,2,0.0,5.0,cybercrimes,short_answer,7,arabic,,نقص الخبرة الفنية للمحققين المتعلقة باستعمال التكنولوجيا في إثبات الجرائم و عدم إدراج مختلف أنواع الجرائم الالكترونية في التشريع القانوني لأنها جرائم جديدة.,"{""question_type"": ""علل""}"
arasag,17,علل صعوبة استعمال التشريع القانوني العادي في مكافحة الجريمة الإلكترونية؟,  لصعوبة كشف هوية المخترق و حدوث عمليات الاختراق من قبل بارعين,2,0.0,5.0,cybercrimes,short_answer,7,arabic,,نقص الخبرة الفنية للمحققين المتعلقة باستعمال التكنولوجيا في إثبات الجرائم و عدم إدراج مختلف أنواع الجرائم الالكترونية في التشريع القانوني لأنها جرائم جديدة.,"{""question_type"": ""علل""}"
arasag,17,علل صعوبة استعمال التشريع القانوني العادي في مكافحة الجريمة الإلكترونية؟,تعتمد على الاحتيال في التنفيذ، الجريمة لا تترك أثر، استعمال ذكاء خارق، فالمحقق العادي لا يمكنه تتبعها بل يحتاج الى خبرة فنية,2,0.0,5.0,cybercrimes,short_answer,7,arabic,,نقص الخبرة الفنية للمحققين المتعلقة باستعمال التكنولوجيا في إثبات الجرائم و عدم إدراج مختلف أنواع الجرائم الالكترونية في التشريع القانوني لأنها جرائم جديدة.,"{""question_type"": ""علل""}"
arasag,17,علل صعوبة استعمال التشريع القانوني العادي في مكافحة الجريمة الإلكترونية؟,لأنها لا تترك أثر بعد ارتكابها لذلك يصعب معرفة الفاعل,2,0.0,5.0,cybercrimes,short_answer,7,arabic,,نقص الخبرة الفنية للمحققين المتعلقة باستعمال التكنولوجيا في إثبات الجرائم و عدم إدراج مختلف أنواع الجرائم الالكترونية في التشريع القانوني لأنها جرائم جديدة.,"{""question_type"": ""علل""}"
arasag,17,علل صعوبة استعمال التشريع القانوني العادي في مكافحة الجريمة الإلكترونية؟,يصعب على المحقق العادي كشفها، لا توجد لها قوانين صارمة,3,0.0,5.0,cybercrimes,short_answer,7,arabic,,نقص الخبرة الفنية للمحققين المتعلقة باستعمال التكنولوجيا في إثبات الجرائم و عدم إدراج مختلف أنواع الجرائم الالكترونية في التشريع القانوني لأنها جرائم جديدة.,"{""question_type"": ""علل""}"
arasag,17,علل صعوبة استعمال التشريع القانوني العادي في مكافحة الجريمة الإلكترونية؟,لأنها جريمة  لا تترك أثرا، تحتاج خبرة فنية ,2,0.0,5.0,cybercrimes,short_answer,7,arabic,,نقص الخبرة الفنية للمحققين المتعلقة باستعمال التكنولوجيا في إثبات الجرائم و عدم إدراج مختلف أنواع الجرائم الالكترونية في التشريع القانوني لأنها جرائم جديدة.,"{""question_type"": ""علل""}"
arasag,17,علل صعوبة استعمال التشريع القانوني العادي في مكافحة الجريمة الإلكترونية؟,لا تترك اثرا,2,0.0,5.0,cybercrimes,short_answer,7,arabic,,نقص الخبرة الفنية للمحققين المتعلقة باستعمال التكنولوجيا في إثبات الجرائم و عدم إدراج مختلف أنواع الجرائم الالكترونية في التشريع القانوني لأنها جرائم جديدة.,"{""question_type"": ""علل""}"
arasag,17,علل صعوبة استعمال التشريع القانوني العادي في مكافحة الجريمة الإلكترونية؟,العائد المادي، تحتاج الى خبرة، ذكاء المجرم، الاعتماد على الخداع و التضليل، عدم ترك أثر بعد ارتكابها,3,0.0,5.0,cybercrimes,short_answer,7,arabic,,نقص الخبرة الفنية للمحققين المتعلقة باستعمال التكنولوجيا في إثبات الجرائم و عدم إدراج مختلف أنواع الجرائم الالكترونية في التشريع القانوني لأنها جرائم جديدة.,"{""question_type"": ""علل""}"
arasag,17,علل صعوبة استعمال التشريع القانوني العادي في مكافحة الجريمة الإلكترونية؟, إخفاء هوية المجرم، لا يوجد أثار للجريمة، تطور الجريمة مما يصعب إنشاء مواد كافية للعقوبات,5,0.0,5.0,cybercrimes,short_answer,7,arabic,,نقص الخبرة الفنية للمحققين المتعلقة باستعمال التكنولوجيا في إثبات الجرائم و عدم إدراج مختلف أنواع الجرائم الالكترونية في التشريع القانوني لأنها جرائم جديدة.,"{""question_type"": ""علل""}"
arasag,17,علل صعوبة استعمال التشريع القانوني العادي في مكافحة الجريمة الإلكترونية؟,راجع لصعوبة تتبع اثارها,2,0.0,5.0,cybercrimes,short_answer,7,arabic,,نقص الخبرة الفنية للمحققين المتعلقة باستعمال التكنولوجيا في إثبات الجرائم و عدم إدراج مختلف أنواع الجرائم الالكترونية في التشريع القانوني لأنها جرائم جديدة.,"{""question_type"": ""علل""}"
arasag,17,علل صعوبة استعمال التشريع القانوني العادي في مكافحة الجريمة الإلكترونية؟,لاستعمال المجرم طرق تقنية يصعب على المحقق العادي العمل بها، عدم وجود احصائيات دقيقة، اغلب الجرائم لا تترك اثر,2,0.0,5.0,cybercrimes,short_answer,7,arabic,,نقص الخبرة الفنية للمحققين المتعلقة باستعمال التكنولوجيا في إثبات الجرائم و عدم إدراج مختلف أنواع الجرائم الالكترونية في التشريع القانوني لأنها جرائم جديدة.,"{""question_type"": ""علل""}"
arasag,17,علل صعوبة استعمال التشريع القانوني العادي في مكافحة الجريمة الإلكترونية؟,لانهم يخفون الادلة لان في مكافحة الجريمة الالكترونية تستلزم وقت كبير و البرمجيون اذكياء و حقيقيون مما يصعب الامر   ,2,0.0,5.0,cybercrimes,short_answer,7,arabic,,نقص الخبرة الفنية للمحققين المتعلقة باستعمال التكنولوجيا في إثبات الجرائم و عدم إدراج مختلف أنواع الجرائم الالكترونية في التشريع القانوني لأنها جرائم جديدة.,"{""question_type"": ""علل""}"
arasag,17,علل صعوبة استعمال التشريع القانوني العادي في مكافحة الجريمة الإلكترونية؟,تترك  أي اثر سواء على مستوى الحاسب او الدليل على من قام بها ,2,0.0,5.0,cybercrimes,short_answer,7,arabic,,نقص الخبرة الفنية للمحققين المتعلقة باستعمال التكنولوجيا في إثبات الجرائم و عدم إدراج مختلف أنواع الجرائم الالكترونية في التشريع القانوني لأنها جرائم جديدة.,"{""question_type"": ""علل""}"
arasag,17,علل صعوبة استعمال التشريع القانوني العادي في مكافحة الجريمة الإلكترونية؟,غير مطابق حيث سرعة تطور الوسائل المستعملة في هذه الجرائم يقابله بطء في تطور التشريع ,2,0.0,5.0,cybercrimes,short_answer,7,arabic,,نقص الخبرة الفنية للمحققين المتعلقة باستعمال التكنولوجيا في إثبات الجرائم و عدم إدراج مختلف أنواع الجرائم الالكترونية في التشريع القانوني لأنها جرائم جديدة.,"{""question_type"": ""علل""}"
arasag,17,علل صعوبة استعمال التشريع القانوني العادي في مكافحة الجريمة الإلكترونية؟,مكان الجريمة الالكترونية قد يكون في بلد اخر و عليه التشريع القانوني العادي يحتاج الى تعديل و اضافات ,1,0.0,5.0,cybercrimes,short_answer,7,arabic,,نقص الخبرة الفنية للمحققين المتعلقة باستعمال التكنولوجيا في إثبات الجرائم و عدم إدراج مختلف أنواع الجرائم الالكترونية في التشريع القانوني لأنها جرائم جديدة.,"{""question_type"": ""علل""}"
arasag,17,علل صعوبة استعمال التشريع القانوني العادي في مكافحة الجريمة الإلكترونية؟,هي جرائم من الصعب اثباتها و من الصعب التعامل معها لذلك لا بد من بين قوانين مخصصة للمكافحة من هذه الجرائم الالكترونية ,2,0.0,5.0,cybercrimes,short_answer,7,arabic,,نقص الخبرة الفنية للمحققين المتعلقة باستعمال التكنولوجيا في إثبات الجرائم و عدم إدراج مختلف أنواع الجرائم الالكترونية في التشريع القانوني لأنها جرائم جديدة.,"{""question_type"": ""علل""}"
arasag,17,علل صعوبة استعمال التشريع القانوني العادي في مكافحة الجريمة الإلكترونية؟,جريمة لا تترك اثر لها عند ارتكابها، تعتمد على الذكاء في ارتكابها، تعتمد على الخداع و التضليل في الوصول الى مرتكبيها، تعتمد على قدرة فنية عالية ,2,0.0,5.0,cybercrimes,short_answer,7,arabic,,نقص الخبرة الفنية للمحققين المتعلقة باستعمال التكنولوجيا في إثبات الجرائم و عدم إدراج مختلف أنواع الجرائم الالكترونية في التشريع القانوني لأنها جرائم جديدة.,"{""question_type"": ""علل""}"
arasag,17,علل صعوبة استعمال التشريع القانوني العادي في مكافحة الجريمة الإلكترونية؟, لصعوبة تحديد هوية المجرمين و ذلك لانتحالهم شخصيات وهمية و اتباعهم لتقنيات دقيقة و كذلك قدرتهم على انتهاك انظمة القانون العام ,1,0.0,5.0,cybercrimes,short_answer,7,arabic,,نقص الخبرة الفنية للمحققين المتعلقة باستعمال التكنولوجيا في إثبات الجرائم و عدم إدراج مختلف أنواع الجرائم الالكترونية في التشريع القانوني لأنها جرائم جديدة.,"{""question_type"": ""علل""}"
arasag,17,علل صعوبة استعمال التشريع القانوني العادي في مكافحة الجريمة الإلكترونية؟,لان التشريع القانوني العادي لا ينظر ولا يدقق في عمليات الجريمة الالكترونية ولا يعرف مدى خطورتها ,0,0.0,5.0,cybercrimes,short_answer,7,arabic,,نقص الخبرة الفنية للمحققين المتعلقة باستعمال التكنولوجيا في إثبات الجرائم و عدم إدراج مختلف أنواع الجرائم الالكترونية في التشريع القانوني لأنها جرائم جديدة.,"{""question_type"": ""علل""}"
arasag,17,علل صعوبة استعمال التشريع القانوني العادي في مكافحة الجريمة الإلكترونية؟,تكتم الضحايا – صعوبة معرفة المجرمون  - نقص في ثقافة  امن المعلومات ,1,0.0,5.0,cybercrimes,short_answer,7,arabic,,نقص الخبرة الفنية للمحققين المتعلقة باستعمال التكنولوجيا في إثبات الجرائم و عدم إدراج مختلف أنواع الجرائم الالكترونية في التشريع القانوني لأنها جرائم جديدة.,"{""question_type"": ""علل""}"
arasag,17,علل صعوبة استعمال التشريع القانوني العادي في مكافحة الجريمة الإلكترونية؟, مع تطور البرامج و انتشار الحكومات الالكترونية  و التجارة الالكترونية لايمكن لقانون قبل هذا ان يعم لذلك يجب اخذ عوامل جديدة في القانون التشريعي ,2,0.0,5.0,cybercrimes,short_answer,7,arabic,,نقص الخبرة الفنية للمحققين المتعلقة باستعمال التكنولوجيا في إثبات الجرائم و عدم إدراج مختلف أنواع الجرائم الالكترونية في التشريع القانوني لأنها جرائم جديدة.,"{""question_type"": ""علل""}"
arasag,17,علل صعوبة استعمال التشريع القانوني العادي في مكافحة الجريمة الإلكترونية؟,و ذلك لاختلاف نتائج الجريمة الالكترونية عن الجريمة العادية و كذلك لاختلاف اصناف و أنواع الجريمة الالكترونية,0,0.0,5.0,cybercrimes,short_answer,7,arabic,,نقص الخبرة الفنية للمحققين المتعلقة باستعمال التكنولوجيا في إثبات الجرائم و عدم إدراج مختلف أنواع الجرائم الالكترونية في التشريع القانوني لأنها جرائم جديدة.,"{""question_type"": ""علل""}"
arasag,17,علل صعوبة استعمال التشريع القانوني العادي في مكافحة الجريمة الإلكترونية؟,لان وسائل الجريمة غير عادية و التشريع العادي لا ينص عن هذه الانواع من الجرائم التي ترى من بعيد على انها غير ضارة وفي حقيقتها هي اكبر سلاح يمكن ان يستعمل ضد الاشخاص والانظمة,3,0.0,5.0,cybercrimes,short_answer,7,arabic,,نقص الخبرة الفنية للمحققين المتعلقة باستعمال التكنولوجيا في إثبات الجرائم و عدم إدراج مختلف أنواع الجرائم الالكترونية في التشريع القانوني لأنها جرائم جديدة.,"{""question_type"": ""علل""}"
arasag,17,علل صعوبة استعمال التشريع القانوني العادي في مكافحة الجريمة الإلكترونية؟,بسبب عدم تبليغ الضحايا للجريمة، عدم احترام القوانين الخاصة بها المجال,0,0.0,5.0,cybercrimes,short_answer,7,arabic,,نقص الخبرة الفنية للمحققين المتعلقة باستعمال التكنولوجيا في إثبات الجرائم و عدم إدراج مختلف أنواع الجرائم الالكترونية في التشريع القانوني لأنها جرائم جديدة.,"{""question_type"": ""علل""}"
arasag,17,علل صعوبة استعمال التشريع القانوني العادي في مكافحة الجريمة الإلكترونية؟,يقوم التشريع العادي على الادلة العادية المحسوسة و الذي تخالفه الجرائم الالكترونية كونها تكون في الواقع غير ملموس و لا تدع في الغالب أي دليل مادي,2,0.0,5.0,cybercrimes,short_answer,7,arabic,,نقص الخبرة الفنية للمحققين المتعلقة باستعمال التكنولوجيا في إثبات الجرائم و عدم إدراج مختلف أنواع الجرائم الالكترونية في التشريع القانوني لأنها جرائم جديدة.,"{""question_type"": ""علل""}"
arasag,17,علل صعوبة استعمال التشريع القانوني العادي في مكافحة الجريمة الإلكترونية؟,لان التشريع القانوني العادي لا يحتوي على قوانين خاصة بمحاربة الجريمة الالكترونية كما ان الجريمة الالكترونية ليست كباقي الجرائم فهي جريمة لا تترك اثر و يصعب ايجاد المخترقين,4,0.0,5.0,cybercrimes,short_answer,7,arabic,,نقص الخبرة الفنية للمحققين المتعلقة باستعمال التكنولوجيا في إثبات الجرائم و عدم إدراج مختلف أنواع الجرائم الالكترونية في التشريع القانوني لأنها جرائم جديدة.,"{""question_type"": ""علل""}"
arasag,17,علل صعوبة استعمال التشريع القانوني العادي في مكافحة الجريمة الإلكترونية؟,لعدم وجود اثار لهذه الجرائم حيث تعتبر جرائم في مستوى الدقة و الذكاء و لا يمكن لمحقق تقليدي اكتشافها,2,0.0,5.0,cybercrimes,short_answer,7,arabic,,نقص الخبرة الفنية للمحققين المتعلقة باستعمال التكنولوجيا في إثبات الجرائم و عدم إدراج مختلف أنواع الجرائم الالكترونية في التشريع القانوني لأنها جرائم جديدة.,"{""question_type"": ""علل""}"
arasag,17,علل صعوبة استعمال التشريع القانوني العادي في مكافحة الجريمة الإلكترونية؟,احتياج المكافحون الى خبرة تقنية و فنية،  صعوبة اثبات الجرائم و شدة ذكاء المرتكبون,2,0.0,5.0,cybercrimes,short_answer,7,arabic,,نقص الخبرة الفنية للمحققين المتعلقة باستعمال التكنولوجيا في إثبات الجرائم و عدم إدراج مختلف أنواع الجرائم الالكترونية في التشريع القانوني لأنها جرائم جديدة.,"{""question_type"": ""علل""}"
arasag,17,علل صعوبة استعمال التشريع القانوني العادي في مكافحة الجريمة الإلكترونية؟,لضعف او تراخي في الحكم بالقانون،  تساهل مع المخترقين في قضايا الاختراق,1,0.0,5.0,cybercrimes,short_answer,7,arabic,,نقص الخبرة الفنية للمحققين المتعلقة باستعمال التكنولوجيا في إثبات الجرائم و عدم إدراج مختلف أنواع الجرائم الالكترونية في التشريع القانوني لأنها جرائم جديدة.,"{""question_type"": ""علل""}"
arasag,17,علل صعوبة استعمال التشريع القانوني العادي في مكافحة الجريمة الإلكترونية؟,لانه غير مدعوم من الدولة و ايضا لا يتوافق مع العصرنة الحالية و ذلك بسبب عدم وجود اثر دامغ للجرائم الحقيقية (المجرمين),2,0.0,5.0,cybercrimes,short_answer,7,arabic,,نقص الخبرة الفنية للمحققين المتعلقة باستعمال التكنولوجيا في إثبات الجرائم و عدم إدراج مختلف أنواع الجرائم الالكترونية في التشريع القانوني لأنها جرائم جديدة.,"{""question_type"": ""علل""}"
arasag,17,علل صعوبة استعمال التشريع القانوني العادي في مكافحة الجريمة الإلكترونية؟,صعوبة ايجاد الادلة للقيام بمتابعة الجريمة، هي جريمة يمكن القيام بها عن بعد و في الكثير من الاحيان لا يمكن تتبع من قام بها، الطرق التقليدية للتحقيق لا تجدي نفعا امامها,4,0.0,5.0,cybercrimes,short_answer,7,arabic,,نقص الخبرة الفنية للمحققين المتعلقة باستعمال التكنولوجيا في إثبات الجرائم و عدم إدراج مختلف أنواع الجرائم الالكترونية في التشريع القانوني لأنها جرائم جديدة.,"{""question_type"": ""علل""}"
arasag,17,علل صعوبة استعمال التشريع القانوني العادي في مكافحة الجريمة الإلكترونية؟,صعوبة توفير الدلائل، قلة الوعي العام، عدم تعدد القوانين و عموميتها,2,0.0,5.0,cybercrimes,short_answer,7,arabic,,نقص الخبرة الفنية للمحققين المتعلقة باستعمال التكنولوجيا في إثبات الجرائم و عدم إدراج مختلف أنواع الجرائم الالكترونية في التشريع القانوني لأنها جرائم جديدة.,"{""question_type"": ""علل""}"
arasag,15,علل أهمية أمن المعلومات في تصميم النظام المعلوماتي ؟,الاهتمام بأمن المعلومات يقي النظام من كثير من الثغرات و الهجمات ويقلل من التكاليف المادية والمعنوية ويحفظ سلامة النظام,0,0.0,5.0,cybercrimes,short_answer,7,arabic,,النمو السريع في استخدامات التطبيقات الإلكترونية واستخدام الانترنت  والتي تتطلب بيئة آمنة. (التجارة الإلكترونية، والحكومة الإلكترونية.) ، سرعة تغير مجال التقنية المعلوماتية، تزايد عدد المخترقين ويقابلها زيادة عدد الثغرات الأمنية.,"{""question_type"": ""علل""}"
arasag,15,علل أهمية أمن المعلومات في تصميم النظام المعلوماتي ؟,تساعد على كشف على العديد من الجرائم الغير مكشوف عنها، ساعد على محاربة الفساد والكتمان الضحايا. تنشئ مجتمع يخلو من الغش تساعد في التجارة الاِلكترونية. تحافظ على الخصوصية.,1,0.0,5.0,cybercrimes,short_answer,7,arabic,,النمو السريع في استخدامات التطبيقات الإلكترونية واستخدام الانترنت  والتي تتطلب بيئة آمنة. (التجارة الإلكترونية، والحكومة الإلكترونية.) ، سرعة تغير مجال التقنية المعلوماتية، تزايد عدد المخترقين ويقابلها زيادة عدد الثغرات الأمنية.,"{""question_type"": ""علل""}"
arasag,15,علل أهمية أمن المعلومات في تصميم النظام المعلوماتي ؟,التجارة الالكترونية والحكومة الالكترونية، تزايد استخدام تطبيقات الإلكترونية وشبكات الانترنت التي تتطلب بنية آمنة، استخدام شبكات الانترنت للقيام بالأعمال، تطور التقنية المعلوماتية.,4,0.0,5.0,cybercrimes,short_answer,7,arabic,,النمو السريع في استخدامات التطبيقات الإلكترونية واستخدام الانترنت  والتي تتطلب بيئة آمنة. (التجارة الإلكترونية، والحكومة الإلكترونية.) ، سرعة تغير مجال التقنية المعلوماتية، تزايد عدد المخترقين ويقابلها زيادة عدد الثغرات الأمنية.,"{""question_type"": ""علل""}"
arasag,15,علل أهمية أمن المعلومات في تصميم النظام المعلوماتي ؟,نستطيع إيجاد ثغرات في النظام أو البرامج. فيجب تطبيق كل الإجراءات الازمة أثناء تصميم أي نظام أو برنامج.,1,0.0,5.0,cybercrimes,short_answer,7,arabic,,النمو السريع في استخدامات التطبيقات الإلكترونية واستخدام الانترنت  والتي تتطلب بيئة آمنة. (التجارة الإلكترونية، والحكومة الإلكترونية.) ، سرعة تغير مجال التقنية المعلوماتية، تزايد عدد المخترقين ويقابلها زيادة عدد الثغرات الأمنية.,"{""question_type"": ""علل""}"
arasag,15,علل أهمية أمن المعلومات في تصميم النظام المعلوماتي ؟,التجارة الإلكترونية والحكومات الإلكترونية، انتشار استخدام الحسب الآلي في أداء الأعمال، سرعة انتشار اِستخدام التطبيقات لإلكترونية ولأنترنت التي تتطلب بيئة آمنة، سرعة تطور التقنية المعلوماتية.,4,0.0,5.0,cybercrimes,short_answer,7,arabic,,النمو السريع في استخدامات التطبيقات الإلكترونية واستخدام الانترنت  والتي تتطلب بيئة آمنة. (التجارة الإلكترونية، والحكومة الإلكترونية.) ، سرعة تغير مجال التقنية المعلوماتية، تزايد عدد المخترقين ويقابلها زيادة عدد الثغرات الأمنية.,"{""question_type"": ""علل""}"
arasag,15,علل أهمية أمن المعلومات في تصميم النظام المعلوماتي ؟,النمو السريع في استخدام الكومبيوتر وانترنت، التجارة الإلكترونية حكومة الكترونية، انتشار شبكة الحاسوب لأداء الأعمال ، تغيير مجال التقنية المعلوماتية.,4,0.0,5.0,cybercrimes,short_answer,7,arabic,,النمو السريع في استخدامات التطبيقات الإلكترونية واستخدام الانترنت  والتي تتطلب بيئة آمنة. (التجارة الإلكترونية، والحكومة الإلكترونية.) ، سرعة تغير مجال التقنية المعلوماتية، تزايد عدد المخترقين ويقابلها زيادة عدد الثغرات الأمنية.,"{""question_type"": ""علل""}"
arasag,15,علل أهمية أمن المعلومات في تصميم النظام المعلوماتي ؟,التجارة الالكترونية؛ والحكومة الالكتروني، النمو السريع لاستخدام الشبكة الالكتروني، زيادة المحترفين يقابلها زيادة ثغرات مما يؤدي الى جريمة الكترونية، زيادة استخدام لأنترنت في لأعمال.,4,0.0,5.0,cybercrimes,short_answer,7,arabic,,النمو السريع في استخدامات التطبيقات الإلكترونية واستخدام الانترنت  والتي تتطلب بيئة آمنة. (التجارة الإلكترونية، والحكومة الإلكترونية.) ، سرعة تغير مجال التقنية المعلوماتية، تزايد عدد المخترقين ويقابلها زيادة عدد الثغرات الأمنية.,"{""question_type"": ""علل""}"
arasag,15,علل أهمية أمن المعلومات في تصميم النظام المعلوماتي ؟,تطوير استخدام التطبيقات الإلكترونية واستخدام الإنترنت في بيئة آمنة ، الحكومة الإلكترونية والجريمة الإلكترونية، انتشار استخدام الحاسب لأغراض العمل، زيادة عدد المخترقون وبالتالي زيادة الثغرات الأمنية.,5,0.0,5.0,cybercrimes,short_answer,7,arabic,,النمو السريع في استخدامات التطبيقات الإلكترونية واستخدام الانترنت  والتي تتطلب بيئة آمنة. (التجارة الإلكترونية، والحكومة الإلكترونية.) ، سرعة تغير مجال التقنية المعلوماتية، تزايد عدد المخترقين ويقابلها زيادة عدد الثغرات الأمنية.,"{""question_type"": ""علل""}"
arasag,15,علل أهمية أمن المعلومات في تصميم النظام المعلوماتي ؟,اِذا كانت المعلومات غير محمية فاِن النظام المعلوماتي غير محمي؛ فمثلا يستطيع المجرم اِستعمال معلومات حساسة تخص شخص ينتمي الى النظام للقيام بالتهديد واِبتزاز المؤسسة بأكملها؛ أو استعمال صلاحياته للدخول الى نظام المؤسسة وسرقة المعلومات والقيام بالتجسس الصناعي مثلا.,2,0.0,5.0,cybercrimes,short_answer,7,arabic,,النمو السريع في استخدامات التطبيقات الإلكترونية واستخدام الانترنت  والتي تتطلب بيئة آمنة. (التجارة الإلكترونية، والحكومة الإلكترونية.) ، سرعة تغير مجال التقنية المعلوماتية، تزايد عدد المخترقين ويقابلها زيادة عدد الثغرات الأمنية.,"{""question_type"": ""علل""}"
arasag,15,علل أهمية أمن المعلومات في تصميم النظام المعلوماتي ؟,استخدامات التطبيقات ولأنترنت؛ التجارة والمواقع الحكومية الإلكترونية؛ انتشار شبكات الحاسب تغير مجال المعلومات التقنية؛ تزايد في عدد الثغرات والمخترقين,4,0.0,5.0,cybercrimes,short_answer,7,arabic,,النمو السريع في استخدامات التطبيقات الإلكترونية واستخدام الانترنت  والتي تتطلب بيئة آمنة. (التجارة الإلكترونية، والحكومة الإلكترونية.) ، سرعة تغير مجال التقنية المعلوماتية، تزايد عدد المخترقين ويقابلها زيادة عدد الثغرات الأمنية.,"{""question_type"": ""علل""}"
arasag,15,علل أهمية أمن المعلومات في تصميم النظام المعلوماتي ؟,تزايد استعمال الأجهزة الاِلكترونية التي تحتاج إلى بيئة آمنة، التجارة الاِلكترونية؛ الحكومة الاِلكترونية، استخدام الأجهزة الاِلكترونية والشبكات في العمل.,4,0.0,5.0,cybercrimes,short_answer,7,arabic,,النمو السريع في استخدامات التطبيقات الإلكترونية واستخدام الانترنت  والتي تتطلب بيئة آمنة. (التجارة الإلكترونية، والحكومة الإلكترونية.) ، سرعة تغير مجال التقنية المعلوماتية، تزايد عدد المخترقين ويقابلها زيادة عدد الثغرات الأمنية.,"{""question_type"": ""علل""}"
arasag,15,علل أهمية أمن المعلومات في تصميم النظام المعلوماتي ؟,تزايد استخدام التطبيقات لإلكترونية واستخدام لأنترنت، التجارة لإلكترونية والحكومة لإلكترونية، تزايد استعمال الحاسب لآلي في مجال الأعمال.,4,0.0,5.0,cybercrimes,short_answer,7,arabic,,النمو السريع في استخدامات التطبيقات الإلكترونية واستخدام الانترنت  والتي تتطلب بيئة آمنة. (التجارة الإلكترونية، والحكومة الإلكترونية.) ، سرعة تغير مجال التقنية المعلوماتية، تزايد عدد المخترقين ويقابلها زيادة عدد الثغرات الأمنية.,"{""question_type"": ""علل""}"
arasag,15,علل أهمية أمن المعلومات في تصميم النظام المعلوماتي ؟,-توفير الحماية للمعلومات في النظام المعلوماتي لكي يمنع اللجوء الى اختراق قاعدة البيانات أو قواعد البيانات الخاصة كسبيل المثال بمؤسسات أو شركات.,0,0.0,5.0,cybercrimes,short_answer,7,arabic,,النمو السريع في استخدامات التطبيقات الإلكترونية واستخدام الانترنت  والتي تتطلب بيئة آمنة. (التجارة الإلكترونية، والحكومة الإلكترونية.) ، سرعة تغير مجال التقنية المعلوماتية، تزايد عدد المخترقين ويقابلها زيادة عدد الثغرات الأمنية.,"{""question_type"": ""علل""}"
arasag,15,علل أهمية أمن المعلومات في تصميم النظام المعلوماتي ؟,تزايد استخدام البرامج لإلكترونية، التجارة و الحكومة لإلكترونية.,2,0.0,5.0,cybercrimes,short_answer,7,arabic,,النمو السريع في استخدامات التطبيقات الإلكترونية واستخدام الانترنت  والتي تتطلب بيئة آمنة. (التجارة الإلكترونية، والحكومة الإلكترونية.) ، سرعة تغير مجال التقنية المعلوماتية، تزايد عدد المخترقين ويقابلها زيادة عدد الثغرات الأمنية.,"{""question_type"": ""علل""}"
arasag,15,علل أهمية أمن المعلومات في تصميم النظام المعلوماتي ؟,إستعمال الأنظمة الإلكترونية في التبادل المالي، الحكومة الإلكترونية، كثرة المخترقين الذي يؤدي إلى إكتشاف الكثير من الثغرات، سرعة الإختراقات ، سهولة إنشاء البرامج للاختراق.,4,0.0,5.0,cybercrimes,short_answer,7,arabic,,النمو السريع في استخدامات التطبيقات الإلكترونية واستخدام الانترنت  والتي تتطلب بيئة آمنة. (التجارة الإلكترونية، والحكومة الإلكترونية.) ، سرعة تغير مجال التقنية المعلوماتية، تزايد عدد المخترقين ويقابلها زيادة عدد الثغرات الأمنية.,"{""question_type"": ""علل""}"
arasag,15,علل أهمية أمن المعلومات في تصميم النظام المعلوماتي ؟,  تطور البرامج، التجارة الإلكترونية، إنتشار إستعمال (الجانب) في أداء الأعمال، النمو السريع في استخدامات الأجهزة الإلكترونية و الأنترنت.,4,0.0,5.0,cybercrimes,short_answer,7,arabic,,النمو السريع في استخدامات التطبيقات الإلكترونية واستخدام الانترنت  والتي تتطلب بيئة آمنة. (التجارة الإلكترونية، والحكومة الإلكترونية.) ، سرعة تغير مجال التقنية المعلوماتية، تزايد عدد المخترقين ويقابلها زيادة عدد الثغرات الأمنية.,"{""question_type"": ""علل""}"
arasag,15,علل أهمية أمن المعلومات في تصميم النظام المعلوماتي ؟,يجب على النظام المعلوماتي أن يوفر أمن لمعلوماته و إلا إنه سيصبح معرض إلى هجمات القراصنة والمخترقين الذين يستولون على المعلومات التي يحتويه و يقومون بتخزينه.  ,1,0.0,5.0,cybercrimes,short_answer,7,arabic,,النمو السريع في استخدامات التطبيقات الإلكترونية واستخدام الانترنت  والتي تتطلب بيئة آمنة. (التجارة الإلكترونية، والحكومة الإلكترونية.) ، سرعة تغير مجال التقنية المعلوماتية، تزايد عدد المخترقين ويقابلها زيادة عدد الثغرات الأمنية.,"{""question_type"": ""علل""}"
arasag,15,علل أهمية أمن المعلومات في تصميم النظام المعلوماتي ؟,يكمن في جعل النظام آمنا و غير قابل للإختراق و ذو مصداقية و يكون هناك إدراج لمفهوم الأمن بكل جوانبه في مرحلة تصميم النظام المعلوماتي.,1,0.0,5.0,cybercrimes,short_answer,7,arabic,,النمو السريع في استخدامات التطبيقات الإلكترونية واستخدام الانترنت  والتي تتطلب بيئة آمنة. (التجارة الإلكترونية، والحكومة الإلكترونية.) ، سرعة تغير مجال التقنية المعلوماتية، تزايد عدد المخترقين ويقابلها زيادة عدد الثغرات الأمنية.,"{""question_type"": ""علل""}"
arasag,15,علل أهمية أمن المعلومات في تصميم النظام المعلوماتي ؟,للحصول على نظام معلوماتي جيد سريع مأمن و لكثرة مستخدمين له ,0,0.0,5.0,cybercrimes,short_answer,7,arabic,,النمو السريع في استخدامات التطبيقات الإلكترونية واستخدام الانترنت  والتي تتطلب بيئة آمنة. (التجارة الإلكترونية، والحكومة الإلكترونية.) ، سرعة تغير مجال التقنية المعلوماتية، تزايد عدد المخترقين ويقابلها زيادة عدد الثغرات الأمنية.,"{""question_type"": ""علل""}"
arasag,15,علل أهمية أمن المعلومات في تصميم النظام المعلوماتي ؟,النمو السريع في استخدام التطبيقات الإلكترونية و الإنترنت و التي تتطلب بيئة هادئة، إنتشار إستخدام شبكة التحايل، إستخدام برنامج تسجيل ضغط المفاتيح.,2,0.0,5.0,cybercrimes,short_answer,7,arabic,,النمو السريع في استخدامات التطبيقات الإلكترونية واستخدام الانترنت  والتي تتطلب بيئة آمنة. (التجارة الإلكترونية، والحكومة الإلكترونية.) ، سرعة تغير مجال التقنية المعلوماتية، تزايد عدد المخترقين ويقابلها زيادة عدد الثغرات الأمنية.,"{""question_type"": ""علل""}"
arasag,15,علل أهمية أمن المعلومات في تصميم النظام المعلوماتي ؟,تطور الوسائل و البرامج الضخمة زيادة الثغرات، الحكومة والتجارة الالكترونية، سرعة تطوير و تغيير النظام المعلوماتي، استعمال الحاسوب في اداء الاعمال، تطور التكنولوجيا التي تتطلب بيئة آمنة.,4,0.0,5.0,cybercrimes,short_answer,7,arabic,,النمو السريع في استخدامات التطبيقات الإلكترونية واستخدام الانترنت  والتي تتطلب بيئة آمنة. (التجارة الإلكترونية، والحكومة الإلكترونية.) ، سرعة تغير مجال التقنية المعلوماتية، تزايد عدد المخترقين ويقابلها زيادة عدد الثغرات الأمنية.,"{""question_type"": ""علل""}"
arasag,15,علل أهمية أمن المعلومات في تصميم النظام المعلوماتي ؟,تقوم بتوفير جميع أدوات لازمة لمعالجة المعلومات و هذا في مختلف أماكن تواجدها,0,0.0,5.0,cybercrimes,short_answer,7,arabic,,النمو السريع في استخدامات التطبيقات الإلكترونية واستخدام الانترنت  والتي تتطلب بيئة آمنة. (التجارة الإلكترونية، والحكومة الإلكترونية.) ، سرعة تغير مجال التقنية المعلوماتية، تزايد عدد المخترقين ويقابلها زيادة عدد الثغرات الأمنية.,"{""question_type"": ""علل""}"
arasag,15,علل أهمية أمن المعلومات في تصميم النظام المعلوماتي ؟,يجب ضمان خصوصية المعلومات التي يدخلها المستخدم كي لا يحدث له أي خلل أو ثغرة قد تسبب خسائر مادية كبيرة.,0,0.0,5.0,cybercrimes,short_answer,7,arabic,,النمو السريع في استخدامات التطبيقات الإلكترونية واستخدام الانترنت  والتي تتطلب بيئة آمنة. (التجارة الإلكترونية، والحكومة الإلكترونية.) ، سرعة تغير مجال التقنية المعلوماتية، تزايد عدد المخترقين ويقابلها زيادة عدد الثغرات الأمنية.,"{""question_type"": ""علل""}"
arasag,15,علل أهمية أمن المعلومات في تصميم النظام المعلوماتي ؟,تساعد أمن المعلومات في تصميم النظام المعلوماتي فتساعد على الثقة في الأنترنت و عدم خوف المستخدم عند استعمال الأنترنت,0,0.0,5.0,cybercrimes,short_answer,7,arabic,,النمو السريع في استخدامات التطبيقات الإلكترونية واستخدام الانترنت  والتي تتطلب بيئة آمنة. (التجارة الإلكترونية، والحكومة الإلكترونية.) ، سرعة تغير مجال التقنية المعلوماتية، تزايد عدد المخترقين ويقابلها زيادة عدد الثغرات الأمنية.,"{""question_type"": ""علل""}"
arasag,15,علل أهمية أمن المعلومات في تصميم النظام المعلوماتي ؟,-التجارة الإلكترونية والحكومة الإلكترونية، تطور مجال تقنية المعلومات، زيادة إستخدام التطبيقات الإلكترونية وزيادة إستخدام الإنترنت، زيادة المخترقين يقابله زيادة الثغرات الأمنية.,4,0.0,5.0,cybercrimes,short_answer,7,arabic,,النمو السريع في استخدامات التطبيقات الإلكترونية واستخدام الانترنت  والتي تتطلب بيئة آمنة. (التجارة الإلكترونية، والحكومة الإلكترونية.) ، سرعة تغير مجال التقنية المعلوماتية، تزايد عدد المخترقين ويقابلها زيادة عدد الثغرات الأمنية.,"{""question_type"": ""علل""}"
arasag,15,علل أهمية أمن المعلومات في تصميم النظام المعلوماتي ؟,"لأن هناك تطور في التطبيقات المستعملة .و كثرة إستعمال الحاسب الآلي في أداء الأعمال ,ظهور التجارة الإلكترونية و الحكومة الإلكترونية و أيضا زيادة عدد المخترقون ",4,0.0,5.0,cybercrimes,short_answer,7,arabic,,النمو السريع في استخدامات التطبيقات الإلكترونية واستخدام الانترنت  والتي تتطلب بيئة آمنة. (التجارة الإلكترونية، والحكومة الإلكترونية.) ، سرعة تغير مجال التقنية المعلوماتية، تزايد عدد المخترقين ويقابلها زيادة عدد الثغرات الأمنية.,"{""question_type"": ""علل""}"
arasag,15,علل أهمية أمن المعلومات في تصميم النظام المعلوماتي ؟,النمو السريع في استخدام شبكات الأنترنت، التجارة الإلكترونية و الحكومات الإلكترونية.,2,0.0,5.0,cybercrimes,short_answer,7,arabic,,النمو السريع في استخدامات التطبيقات الإلكترونية واستخدام الانترنت  والتي تتطلب بيئة آمنة. (التجارة الإلكترونية، والحكومة الإلكترونية.) ، سرعة تغير مجال التقنية المعلوماتية، تزايد عدد المخترقين ويقابلها زيادة عدد الثغرات الأمنية.,"{""question_type"": ""علل""}"
arasag,15,علل أهمية أمن المعلومات في تصميم النظام المعلوماتي ؟,"حكومة إلكترونية آمنة و سرية المعلومات و توفر نظام شراء و تسوق إلكتروني آمن ,و السرعة في معرفة مجال و تطورات عمل الحاسب الآلي",4,0.0,5.0,cybercrimes,short_answer,7,arabic,,النمو السريع في استخدامات التطبيقات الإلكترونية واستخدام الانترنت  والتي تتطلب بيئة آمنة. (التجارة الإلكترونية، والحكومة الإلكترونية.) ، سرعة تغير مجال التقنية المعلوماتية، تزايد عدد المخترقين ويقابلها زيادة عدد الثغرات الأمنية.,"{""question_type"": ""علل""}"
arasag,15,علل أهمية أمن المعلومات في تصميم النظام المعلوماتي ؟,المحافظة على الجوانب المادية و المعنوية و البشرية للنظام المعلومات مما يسمح له بزيادة الإنتاجية و التطوير في حد ذاته و مقاومة الاعتداءات الخارجية محافظا على سلامة سيرورته,0,0.0,5.0,cybercrimes,short_answer,7,arabic,,النمو السريع في استخدامات التطبيقات الإلكترونية واستخدام الانترنت  والتي تتطلب بيئة آمنة. (التجارة الإلكترونية، والحكومة الإلكترونية.) ، سرعة تغير مجال التقنية المعلوماتية، تزايد عدد المخترقين ويقابلها زيادة عدد الثغرات الأمنية.,"{""question_type"": ""علل""}"
arasag,15,علل أهمية أمن المعلومات في تصميم النظام المعلوماتي ؟,تطور إستخدام التكنولوجيا في بيئة آمنة ، تطور تجارة و الحكومة التكنولوجية ، تغيير الكثير أعمال و تجاهها الى التكنولوجيا.,3,0.0,5.0,cybercrimes,short_answer,7,arabic,,النمو السريع في استخدامات التطبيقات الإلكترونية واستخدام الانترنت  والتي تتطلب بيئة آمنة. (التجارة الإلكترونية، والحكومة الإلكترونية.) ، سرعة تغير مجال التقنية المعلوماتية، تزايد عدد المخترقين ويقابلها زيادة عدد الثغرات الأمنية.,"{""question_type"": ""علل""}"
arasag,15,علل أهمية أمن المعلومات في تصميم النظام المعلوماتي ؟,تطور و تعميم المعلوماتية ، أصبحت أغلب العمليات تقوم بشكل معلوماتي، كثرة وجود المخترقون و المجرمين لذى أصبح الأمن أساسيا في المعلوماتية.,4,0.0,5.0,cybercrimes,short_answer,7,arabic,,النمو السريع في استخدامات التطبيقات الإلكترونية واستخدام الانترنت  والتي تتطلب بيئة آمنة. (التجارة الإلكترونية، والحكومة الإلكترونية.) ، سرعة تغير مجال التقنية المعلوماتية، تزايد عدد المخترقين ويقابلها زيادة عدد الثغرات الأمنية.,"{""question_type"": ""علل""}"
arasag,15,علل أهمية أمن المعلومات في تصميم النظام المعلوماتي ؟,"لجعل من النظام يتمتع بكل مصداقيته و ثقة مستخدميه , فهو يؤثر فعاليته و جودته, و يجعل منه ذا صيت مقارنة بمنافسيه",1,0.0,5.0,cybercrimes,short_answer,7,arabic,,النمو السريع في استخدامات التطبيقات الإلكترونية واستخدام الانترنت  والتي تتطلب بيئة آمنة. (التجارة الإلكترونية، والحكومة الإلكترونية.) ، سرعة تغير مجال التقنية المعلوماتية، تزايد عدد المخترقين ويقابلها زيادة عدد الثغرات الأمنية.,"{""question_type"": ""علل""}"
arasag,15,علل أهمية أمن المعلومات في تصميم النظام المعلوماتي ؟,لسرية و أهمية هذه المعلومات و لحمايتها من القرصنة السرية أو التخريب و تصعيب هذا الأمر على المجرمين,1,0.0,5.0,cybercrimes,short_answer,7,arabic,,النمو السريع في استخدامات التطبيقات الإلكترونية واستخدام الانترنت  والتي تتطلب بيئة آمنة. (التجارة الإلكترونية، والحكومة الإلكترونية.) ، سرعة تغير مجال التقنية المعلوماتية، تزايد عدد المخترقين ويقابلها زيادة عدد الثغرات الأمنية.,"{""question_type"": ""علل""}"
arasag,15,علل أهمية أمن المعلومات في تصميم النظام المعلوماتي ؟,المعلومة هي أهم ما في النظام المعلوماتي يجب عدم سرقتها تغييرها أو حذفها فهذا ان حدث يعود بخسائر و اضطرابات للمنشأة و تضعف قوتها,0,0.0,5.0,cybercrimes,short_answer,7,arabic,,النمو السريع في استخدامات التطبيقات الإلكترونية واستخدام الانترنت  والتي تتطلب بيئة آمنة. (التجارة الإلكترونية، والحكومة الإلكترونية.) ، سرعة تغير مجال التقنية المعلوماتية، تزايد عدد المخترقين ويقابلها زيادة عدد الثغرات الأمنية.,"{""question_type"": ""علل""}"
arasag,15,علل أهمية أمن المعلومات في تصميم النظام المعلوماتي ؟,لحماية المعلومات عند الحفظ النقل و الاستعمال من الاختراق و التجسس ,1,0.0,5.0,cybercrimes,short_answer,7,arabic,,النمو السريع في استخدامات التطبيقات الإلكترونية واستخدام الانترنت  والتي تتطلب بيئة آمنة. (التجارة الإلكترونية، والحكومة الإلكترونية.) ، سرعة تغير مجال التقنية المعلوماتية، تزايد عدد المخترقين ويقابلها زيادة عدد الثغرات الأمنية.,"{""question_type"": ""علل""}"
arasag,15,علل أهمية أمن المعلومات في تصميم النظام المعلوماتي ؟,التجارة و الحكومة الالكترونية، النمو السريع في استخدام البرامج و التطبيقات، سرعة تغير التقنية الالكترونية، تزايد عدد المخترقين ,5,0.0,5.0,cybercrimes,short_answer,7,arabic,,النمو السريع في استخدامات التطبيقات الإلكترونية واستخدام الانترنت  والتي تتطلب بيئة آمنة. (التجارة الإلكترونية، والحكومة الإلكترونية.) ، سرعة تغير مجال التقنية المعلوماتية، تزايد عدد المخترقين ويقابلها زيادة عدد الثغرات الأمنية.,"{""question_type"": ""علل""}"
arasag,15,علل أهمية أمن المعلومات في تصميم النظام المعلوماتي ؟,حماية البيانات، توفير السرية,0,0.0,5.0,cybercrimes,short_answer,7,arabic,,النمو السريع في استخدامات التطبيقات الإلكترونية واستخدام الانترنت  والتي تتطلب بيئة آمنة. (التجارة الإلكترونية، والحكومة الإلكترونية.) ، سرعة تغير مجال التقنية المعلوماتية، تزايد عدد المخترقين ويقابلها زيادة عدد الثغرات الأمنية.,"{""question_type"": ""علل""}"
arasag,15,علل أهمية أمن المعلومات في تصميم النظام المعلوماتي ؟,سرية المعلومات و البيانات والحفاظ عليها لكي لا يمكن للمخترقين سحبها للحفاظ على سرية المستخدم ,2,0.0,5.0,cybercrimes,short_answer,7,arabic,,النمو السريع في استخدامات التطبيقات الإلكترونية واستخدام الانترنت  والتي تتطلب بيئة آمنة. (التجارة الإلكترونية، والحكومة الإلكترونية.) ، سرعة تغير مجال التقنية المعلوماتية، تزايد عدد المخترقين ويقابلها زيادة عدد الثغرات الأمنية.,"{""question_type"": ""علل""}"
arasag,15,علل أهمية أمن المعلومات في تصميم النظام المعلوماتي ؟,توفير بيئة امنة لكثرة مستعملي  الانترنت و التطبيقات، زيادة عدد المخترقين يقابلها زيادة الثغرات، التجارة الالكترونية و استعمال الحاسوب للقيام بالعمل ,5,0.0,5.0,cybercrimes,short_answer,7,arabic,,النمو السريع في استخدامات التطبيقات الإلكترونية واستخدام الانترنت  والتي تتطلب بيئة آمنة. (التجارة الإلكترونية، والحكومة الإلكترونية.) ، سرعة تغير مجال التقنية المعلوماتية، تزايد عدد المخترقين ويقابلها زيادة عدد الثغرات الأمنية.,"{""question_type"": ""علل""}"
arasag,15,علل أهمية أمن المعلومات في تصميم النظام المعلوماتي ؟,زيادة عدد مستخدمي الانترنت، التجارة و الحكومة الالكترونية، التطور السريع في الوسائل التقنية، الانتشار الواسع لاستخدام الانترنت ,4,0.0,5.0,cybercrimes,short_answer,7,arabic,,النمو السريع في استخدامات التطبيقات الإلكترونية واستخدام الانترنت  والتي تتطلب بيئة آمنة. (التجارة الإلكترونية، والحكومة الإلكترونية.) ، سرعة تغير مجال التقنية المعلوماتية، تزايد عدد المخترقين ويقابلها زيادة عدد الثغرات الأمنية.,"{""question_type"": ""علل""}"
arasag,15,علل أهمية أمن المعلومات في تصميم النظام المعلوماتي ؟,التجارة الالكترونية، الحكومة الالكترونية، الانتشار الواسع لاستخدام الانترنت ,4,0.0,5.0,cybercrimes,short_answer,7,arabic,,النمو السريع في استخدامات التطبيقات الإلكترونية واستخدام الانترنت  والتي تتطلب بيئة آمنة. (التجارة الإلكترونية، والحكومة الإلكترونية.) ، سرعة تغير مجال التقنية المعلوماتية، تزايد عدد المخترقين ويقابلها زيادة عدد الثغرات الأمنية.,"{""question_type"": ""علل""}"
arasag,16,علل صحة العبارة: الإحساس الخاطئ بالأمن أخطر من الإحساس الصحيح بعدم الأمن ؟,  الإحساس الخاطئ بالأمن يسبب التعاون في رفع مستوى تأمين المعلومة مما يؤدي الى سهولة قرصنتها,3,0.0,5.0,cybercrimes,short_answer,7,arabic,,الإحساس الخاطئ بالأمن أمر خطير لأنه يؤدي إلى إهمال التدابير الأمنية ، على الرغم من عدم وجود نظام أمني مثالي  فيما يساعد الشعور العام بانعدام الأمن على منع المخاطر الأمنية  وتعزيز سياسة الأمن,"{""question_type"": ""علل""}"
arasag,16,علل صحة العبارة: الإحساس الخاطئ بالأمن أخطر من الإحساس الصحيح بعدم الأمن ؟,لا يمكن توفير الأمن بصفة كاملة.,0,0.0,5.0,cybercrimes,short_answer,7,arabic,,الإحساس الخاطئ بالأمن أمر خطير لأنه يؤدي إلى إهمال التدابير الأمنية ، على الرغم من عدم وجود نظام أمني مثالي  فيما يساعد الشعور العام بانعدام الأمن على منع المخاطر الأمنية  وتعزيز سياسة الأمن,"{""question_type"": ""علل""}"
arasag,16,علل صحة العبارة: الإحساس الخاطئ بالأمن أخطر من الإحساس الصحيح بعدم الأمن ؟,الإحساس الخاطئ  بعدم الأمن أفضل من الإحساس الصحيح  بالأمن ,0,0.0,5.0,cybercrimes,short_answer,7,arabic,,الإحساس الخاطئ بالأمن أمر خطير لأنه يؤدي إلى إهمال التدابير الأمنية ، على الرغم من عدم وجود نظام أمني مثالي  فيما يساعد الشعور العام بانعدام الأمن على منع المخاطر الأمنية  وتعزيز سياسة الأمن,"{""question_type"": ""علل""}"
arasag,16,علل صحة العبارة: الإحساس الخاطئ بالأمن أخطر من الإحساس الصحيح بعدم الأمن ؟,الاحساس بأمان النظام يؤدي إلى الثقة به مما يؤدي إلى عدم تطوير لترتفع نسبة الخطر و تعرض الاختراق اما الاحساس بغير الامان فيؤدي الى تطوير النظام بصفة مستمرة مما يؤدي الى انخفاض عدد الثغرات و نسبة التعرض للاختراق,4,0.0,5.0,cybercrimes,short_answer,7,arabic,,الإحساس الخاطئ بالأمن أمر خطير لأنه يؤدي إلى إهمال التدابير الأمنية ، على الرغم من عدم وجود نظام أمني مثالي  فيما يساعد الشعور العام بانعدام الأمن على منع المخاطر الأمنية  وتعزيز سياسة الأمن,"{""question_type"": ""علل""}"
arasag,16,علل صحة العبارة: الإحساس الخاطئ بالأمن أخطر من الإحساس الصحيح بعدم الأمن ؟,الإحساس الصحيح بعدم الأمن يعني المستخدم واعي على الحقيقة و يستطيع إتخاذ إجراءات حماية الأنظمة و تأمينها، لكن الإحساس الخاطئ بالأمن لا يخاف يتعرض إلى الجرائم و بعدها يكون فات الأوان .,3,0.0,5.0,cybercrimes,short_answer,7,arabic,,الإحساس الخاطئ بالأمن أمر خطير لأنه يؤدي إلى إهمال التدابير الأمنية ، على الرغم من عدم وجود نظام أمني مثالي  فيما يساعد الشعور العام بانعدام الأمن على منع المخاطر الأمنية  وتعزيز سياسة الأمن,"{""question_type"": ""علل""}"
arasag,16,علل صحة العبارة: الإحساس الخاطئ بالأمن أخطر من الإحساس الصحيح بعدم الأمن ؟,لأنه لا يوجد نظام آمن فإن إحتمالية الإختراق موجودة لذا الإحساس بعدم الأمن يبقى موجود دائما لزيادة الحماية .,1,0.0,5.0,cybercrimes,short_answer,7,arabic,,الإحساس الخاطئ بالأمن أمر خطير لأنه يؤدي إلى إهمال التدابير الأمنية ، على الرغم من عدم وجود نظام أمني مثالي  فيما يساعد الشعور العام بانعدام الأمن على منع المخاطر الأمنية  وتعزيز سياسة الأمن,"{""question_type"": ""علل""}"
arasag,16,علل صحة العبارة: الإحساس الخاطئ بالأمن أخطر من الإحساس الصحيح بعدم الأمن ؟,الإحساس الخاطئ بالأمن أخطر لأن المؤسسة تكون متأكدة من أمن نظامها فيتم إختراقها و قرصنتها بسهولة أما الإحساس الصحيح بعدم الأمن يجعل المؤسسة تتأكد من سلامة و سرية نظامها .,5,0.0,5.0,cybercrimes,short_answer,7,arabic,,الإحساس الخاطئ بالأمن أمر خطير لأنه يؤدي إلى إهمال التدابير الأمنية ، على الرغم من عدم وجود نظام أمني مثالي  فيما يساعد الشعور العام بانعدام الأمن على منع المخاطر الأمنية  وتعزيز سياسة الأمن,"{""question_type"": ""علل""}"
arasag,16,علل صحة العبارة: الإحساس الخاطئ بالأمن أخطر من الإحساس الصحيح بعدم الأمن ؟,لأن الذي يعلم أنه غير آمن يستطيع أن يبحث عن طرق تصلح الى الأمن ، أما الذي لا يعي أنه آمن فهو كالجاهل .,2,0.0,5.0,cybercrimes,short_answer,7,arabic,,الإحساس الخاطئ بالأمن أمر خطير لأنه يؤدي إلى إهمال التدابير الأمنية ، على الرغم من عدم وجود نظام أمني مثالي  فيما يساعد الشعور العام بانعدام الأمن على منع المخاطر الأمنية  وتعزيز سياسة الأمن,"{""question_type"": ""علل""}"
arasag,16,علل صحة العبارة: الإحساس الخاطئ بالأمن أخطر من الإحساس الصحيح بعدم الأمن ؟,الاحساس الخاطئ بالأمن غالبا أخطر من الاحساس الصحيح بعدم الأمن لأن أغلب الاختراقات تستهدف برامج الأمان و يكون كسر نظام الأمان سهل، فيكون الأمن الثغرة للهجوم .,1,0.0,5.0,cybercrimes,short_answer,7,arabic,,الإحساس الخاطئ بالأمن أمر خطير لأنه يؤدي إلى إهمال التدابير الأمنية ، على الرغم من عدم وجود نظام أمني مثالي  فيما يساعد الشعور العام بانعدام الأمن على منع المخاطر الأمنية  وتعزيز سياسة الأمن,"{""question_type"": ""علل""}"
arasag,16,علل صحة العبارة: الإحساس الخاطئ بالأمن أخطر من الإحساس الصحيح بعدم الأمن ؟,بما أن الأمن أمر نسبي، و مع التطور المستمر للتكنولوجيا فيجب علينا أن نبقى متيقظين دائما و أبدا لأي خطر .,2,0.0,5.0,cybercrimes,short_answer,7,arabic,,الإحساس الخاطئ بالأمن أمر خطير لأنه يؤدي إلى إهمال التدابير الأمنية ، على الرغم من عدم وجود نظام أمني مثالي  فيما يساعد الشعور العام بانعدام الأمن على منع المخاطر الأمنية  وتعزيز سياسة الأمن,"{""question_type"": ""علل""}"
arasag,16,علل صحة العبارة: الإحساس الخاطئ بالأمن أخطر من الإحساس الصحيح بعدم الأمن ؟,الشعور الخاطئ بالأمن أي يقوم المستخدم أنه غير قابل للإختراق فبذلك لا يطور نظامه . الشعور الصحيح بعدم الأمن يرى نفسه قابل للإختراق فبذلك يأخذ بتطوير النظام الأمني له .  ,4,0.0,5.0,cybercrimes,short_answer,7,arabic,,الإحساس الخاطئ بالأمن أمر خطير لأنه يؤدي إلى إهمال التدابير الأمنية ، على الرغم من عدم وجود نظام أمني مثالي  فيما يساعد الشعور العام بانعدام الأمن على منع المخاطر الأمنية  وتعزيز سياسة الأمن,"{""question_type"": ""علل""}"
arasag,16,علل صحة العبارة: الإحساس الخاطئ بالأمن أخطر من الإحساس الصحيح بعدم الأمن ؟,لا يوجد أمن بشكل 100% ، يجب دائما أخذ الحذر و عدم الإحساس بالأمن لأنه ليس هناك أمن في الحقيقة، لذا يجب عدم ترك المعلومات الشخصية في أي مكان .,3,0.0,5.0,cybercrimes,short_answer,7,arabic,,الإحساس الخاطئ بالأمن أمر خطير لأنه يؤدي إلى إهمال التدابير الأمنية ، على الرغم من عدم وجود نظام أمني مثالي  فيما يساعد الشعور العام بانعدام الأمن على منع المخاطر الأمنية  وتعزيز سياسة الأمن,"{""question_type"": ""علل""}"
arasag,16,علل صحة العبارة: الإحساس الخاطئ بالأمن أخطر من الإحساس الصحيح بعدم الأمن ؟,لأنه لا يوجد نظام آمن كليا في العالم و لذلك يجب دائما الإحساس بعدم الأمن .,2,0.0,5.0,cybercrimes,short_answer,7,arabic,,الإحساس الخاطئ بالأمن أمر خطير لأنه يؤدي إلى إهمال التدابير الأمنية ، على الرغم من عدم وجود نظام أمني مثالي  فيما يساعد الشعور العام بانعدام الأمن على منع المخاطر الأمنية  وتعزيز سياسة الأمن,"{""question_type"": ""علل""}"
arasag,16,علل صحة العبارة: الإحساس الخاطئ بالأمن أخطر من الإحساس الصحيح بعدم الأمن ؟,لأنه في كلتا الحالتين هناك عدم أمن لكن الإحساس بالأمن في وجود الخطر يعتبر خطير لأنه بذلك معرض للخطر لعدم مراعاة الأخطار و أما بمجرد الإحساس بعدم الأمن يدفع إلى البحث  لتوفير الأمان حتى و لو كان الأمان متوفرا .,4,0.0,5.0,cybercrimes,short_answer,7,arabic,,الإحساس الخاطئ بالأمن أمر خطير لأنه يؤدي إلى إهمال التدابير الأمنية ، على الرغم من عدم وجود نظام أمني مثالي  فيما يساعد الشعور العام بانعدام الأمن على منع المخاطر الأمنية  وتعزيز سياسة الأمن,"{""question_type"": ""علل""}"
arasag,16,علل صحة العبارة: الإحساس الخاطئ بالأمن أخطر من الإحساس الصحيح بعدم الأمن ؟,يمكن إتخاذ التدابير و الإجراءات اللازمة عند الإحساس الصحيح بعدم الأمن و لكن تجاهلها عند الإحساس الخاطئ بالأمن لذلك هو أخطر .,4,0.0,5.0,cybercrimes,short_answer,7,arabic,,الإحساس الخاطئ بالأمن أمر خطير لأنه يؤدي إلى إهمال التدابير الأمنية ، على الرغم من عدم وجود نظام أمني مثالي  فيما يساعد الشعور العام بانعدام الأمن على منع المخاطر الأمنية  وتعزيز سياسة الأمن,"{""question_type"": ""علل""}"
arasag,16,علل صحة العبارة: الإحساس الخاطئ بالأمن أخطر من الإحساس الصحيح بعدم الأمن ؟,الإحساس الصحيح بعدم الأمن يكون الشخص واعيا بأنه يوجد أخطار و يمكنها أن تمسه ، أما الإحساس الخاطئ بالأمن فهو الجهل بوجود الخطر و هذا هو الخطر الرئيسي .,4,0.0,5.0,cybercrimes,short_answer,7,arabic,,الإحساس الخاطئ بالأمن أمر خطير لأنه يؤدي إلى إهمال التدابير الأمنية ، على الرغم من عدم وجود نظام أمني مثالي  فيما يساعد الشعور العام بانعدام الأمن على منع المخاطر الأمنية  وتعزيز سياسة الأمن,"{""question_type"": ""علل""}"
arasag,16,علل صحة العبارة: الإحساس الخاطئ بالأمن أخطر من الإحساس الصحيح بعدم الأمن ؟,حين تحس بالخطر يمكنك إتخاذ إجراءات ضد الخطر إن أمكن لكن الإحساس الخاطئ بالأمن يجعلك تظن أنك آمن و لكن الواقع عكس ذلك فتكون هدفا سهلا .,4,0.0,5.0,cybercrimes,short_answer,7,arabic,,الإحساس الخاطئ بالأمن أمر خطير لأنه يؤدي إلى إهمال التدابير الأمنية ، على الرغم من عدم وجود نظام أمني مثالي  فيما يساعد الشعور العام بانعدام الأمن على منع المخاطر الأمنية  وتعزيز سياسة الأمن,"{""question_type"": ""علل""}"
arasag,16,علل صحة العبارة: الإحساس الخاطئ بالأمن أخطر من الإحساس الصحيح بعدم الأمن ؟,الإنسان الواثق بإحساسه الخاطئ للأمن لا يحاول الإستمرار في حماية نفسه و تكون ثقته كبيرة بالأمن مما يؤدي إلى إختراقه ، أما الإنسان المحسوس بصحة عدم الأمن يكون متيقضا للخطر و يستمر في محاولة حماية معلوماته .,5,0.0,5.0,cybercrimes,short_answer,7,arabic,,الإحساس الخاطئ بالأمن أمر خطير لأنه يؤدي إلى إهمال التدابير الأمنية ، على الرغم من عدم وجود نظام أمني مثالي  فيما يساعد الشعور العام بانعدام الأمن على منع المخاطر الأمنية  وتعزيز سياسة الأمن,"{""question_type"": ""علل""}"
arasag,16,علل صحة العبارة: الإحساس الخاطئ بالأمن أخطر من الإحساس الصحيح بعدم الأمن ؟,الإحساس الخاطئ بالأمن يدفع إلى تجاهل و عدم إعتماد سياسة و إجراءات أمن و حماية المعلومات لذلك هو خطير و ممكن أن يؤدي إلى حدوث إختراق .,3,0.0,5.0,cybercrimes,short_answer,7,arabic,,الإحساس الخاطئ بالأمن أمر خطير لأنه يؤدي إلى إهمال التدابير الأمنية ، على الرغم من عدم وجود نظام أمني مثالي  فيما يساعد الشعور العام بانعدام الأمن على منع المخاطر الأمنية  وتعزيز سياسة الأمن,"{""question_type"": ""علل""}"
arasag,16,علل صحة العبارة: الإحساس الخاطئ بالأمن أخطر من الإحساس الصحيح بعدم الأمن ؟,الإحساس الخاطئ بالأمن يظهر لنا اننا في أمن و معزولين من أي خطر، فتصبح أمانتنا ضعيفة و لكن اذا كان الاحساس صحيح بعدم الأمن فتكون دائم في محاولة سد الثغرات الموجودة في النظام.,4,0.0,5.0,cybercrimes,short_answer,7,arabic,,الإحساس الخاطئ بالأمن أمر خطير لأنه يؤدي إلى إهمال التدابير الأمنية ، على الرغم من عدم وجود نظام أمني مثالي  فيما يساعد الشعور العام بانعدام الأمن على منع المخاطر الأمنية  وتعزيز سياسة الأمن,"{""question_type"": ""علل""}"
arasag,16,علل صحة العبارة: الإحساس الخاطئ بالأمن أخطر من الإحساس الصحيح بعدم الأمن ؟,لأن الإحساس الخاطئ بالأمن سبب التماطل وعدم الاعتناء بتحصين النظام، و الاحساس الصحيح بعدم الامن يدفع مسؤولي النظام للتصرف و الوقاية. ,4,0.0,5.0,cybercrimes,short_answer,7,arabic,,الإحساس الخاطئ بالأمن أمر خطير لأنه يؤدي إلى إهمال التدابير الأمنية ، على الرغم من عدم وجود نظام أمني مثالي  فيما يساعد الشعور العام بانعدام الأمن على منع المخاطر الأمنية  وتعزيز سياسة الأمن,"{""question_type"": ""علل""}"
arasag,16,علل صحة العبارة: الإحساس الخاطئ بالأمن أخطر من الإحساس الصحيح بعدم الأمن ؟,الإحساس بعدم الأمن يحفز المستخدم على الحماية و الوقاية من الاختراقات أفضل من الإحساس بالأمان و قد يكون غير آمن (لا يرى الجهات الغير آمنة). ,4,0.0,5.0,cybercrimes,short_answer,7,arabic,,الإحساس الخاطئ بالأمن أمر خطير لأنه يؤدي إلى إهمال التدابير الأمنية ، على الرغم من عدم وجود نظام أمني مثالي  فيما يساعد الشعور العام بانعدام الأمن على منع المخاطر الأمنية  وتعزيز سياسة الأمن,"{""question_type"": ""علل""}"
arasag,16,علل صحة العبارة: الإحساس الخاطئ بالأمن أخطر من الإحساس الصحيح بعدم الأمن ؟,الإحساس بعدم الأمن يؤدي الى دعم الأمن المعلوماتي في حين الإحساس بالأمن يؤدي الى التهاون و بالتالي احتمالية وقوع الجريمة يكون أكبر .,5,0.0,5.0,cybercrimes,short_answer,7,arabic,,الإحساس الخاطئ بالأمن أمر خطير لأنه يؤدي إلى إهمال التدابير الأمنية ، على الرغم من عدم وجود نظام أمني مثالي  فيما يساعد الشعور العام بانعدام الأمن على منع المخاطر الأمنية  وتعزيز سياسة الأمن,"{""question_type"": ""علل""}"
arasag,16,علل صحة العبارة: الإحساس الخاطئ بالأمن أخطر من الإحساس الصحيح بعدم الأمن ؟,الاحساس الصحيح بعدم الأمن يؤدي إلى ابتكار وسائل الدفاع والحماية أما الإحساس الخاطئ بالأمن يعود إلى عدم توفير وسائل الحماية و هذا يسهل عمليات الاختراق.,4,0.0,5.0,cybercrimes,short_answer,7,arabic,,الإحساس الخاطئ بالأمن أمر خطير لأنه يؤدي إلى إهمال التدابير الأمنية ، على الرغم من عدم وجود نظام أمني مثالي  فيما يساعد الشعور العام بانعدام الأمن على منع المخاطر الأمنية  وتعزيز سياسة الأمن,"{""question_type"": ""علل""}"
arasag,16,علل صحة العبارة: الإحساس الخاطئ بالأمن أخطر من الإحساس الصحيح بعدم الأمن ؟,لأن الإحساس الصحيح بعدم الأمن يجعلك تقوم بما يلزم لحماية نفسك (نظامك) على عكس الإحساس الخاطئ بالأمن مما قد يسبب لك اضرار جسيمة في الأخير و أنت غافل. ,4,0.0,5.0,cybercrimes,short_answer,7,arabic,,الإحساس الخاطئ بالأمن أمر خطير لأنه يؤدي إلى إهمال التدابير الأمنية ، على الرغم من عدم وجود نظام أمني مثالي  فيما يساعد الشعور العام بانعدام الأمن على منع المخاطر الأمنية  وتعزيز سياسة الأمن,"{""question_type"": ""علل""}"
arasag,16,علل صحة العبارة: الإحساس الخاطئ بالأمن أخطر من الإحساس الصحيح بعدم الأمن ؟,الاحساس بالامن يجعل الفرد غير مباليا لسلامة و سرية الاحساس الصحيح بعدم الأمن يجعل الفرد يأخذ احتياطاته من أجل حماية معلوماته ,4,0.0,5.0,cybercrimes,short_answer,7,arabic,,الإحساس الخاطئ بالأمن أمر خطير لأنه يؤدي إلى إهمال التدابير الأمنية ، على الرغم من عدم وجود نظام أمني مثالي  فيما يساعد الشعور العام بانعدام الأمن على منع المخاطر الأمنية  وتعزيز سياسة الأمن,"{""question_type"": ""علل""}"
arasag,16,علل صحة العبارة: الإحساس الخاطئ بالأمن أخطر من الإحساس الصحيح بعدم الأمن ؟,اي ان الانسان اذا حس بوجود أمن خاطئ و غير مطبق من كل الجهات أخطر من أن يحس و يتقين بعدم وجود أمن اساسا و كل برامج المعلوماتية معرضة للاختراق و القرصنة و غيرها...,1,0.0,5.0,cybercrimes,short_answer,7,arabic,,الإحساس الخاطئ بالأمن أمر خطير لأنه يؤدي إلى إهمال التدابير الأمنية ، على الرغم من عدم وجود نظام أمني مثالي  فيما يساعد الشعور العام بانعدام الأمن على منع المخاطر الأمنية  وتعزيز سياسة الأمن,"{""question_type"": ""علل""}"
arasag,16,علل صحة العبارة: الإحساس الخاطئ بالأمن أخطر من الإحساس الصحيح بعدم الأمن ؟,الاحساس الخاطئ بالأمن يولد عدم الاهتمام بالناحية الامنية مما يسهل على المخترقين اختراق هاته الأنظمة ، في حين أن الاحساس بعدم الأمن يجعل  الأشخاص يسعون إلى تحسين دفاعاتهم.,5,0.0,5.0,cybercrimes,short_answer,7,arabic,,الإحساس الخاطئ بالأمن أمر خطير لأنه يؤدي إلى إهمال التدابير الأمنية ، على الرغم من عدم وجود نظام أمني مثالي  فيما يساعد الشعور العام بانعدام الأمن على منع المخاطر الأمنية  وتعزيز سياسة الأمن,"{""question_type"": ""علل""}"
arasag,16,علل صحة العبارة: الإحساس الخاطئ بالأمن أخطر من الإحساس الصحيح بعدم الأمن ؟,لانه عند الإحساس الخاطئ بالأمن لا يتم التعرف و الكشف عن الخطر بعكس الإحساس الصحيح بعدم الأمن دليل على وجود خلل ما .,1,0.0,5.0,cybercrimes,short_answer,7,arabic,,الإحساس الخاطئ بالأمن أمر خطير لأنه يؤدي إلى إهمال التدابير الأمنية ، على الرغم من عدم وجود نظام أمني مثالي  فيما يساعد الشعور العام بانعدام الأمن على منع المخاطر الأمنية  وتعزيز سياسة الأمن,"{""question_type"": ""علل""}"
arasag,16,علل صحة العبارة: الإحساس الخاطئ بالأمن أخطر من الإحساس الصحيح بعدم الأمن ؟,الاحساس الصحيح بعدم الأمن بعدها يمكن تأمين أو إتباع الأسس للحد من الجريمة الالكترونية ، لكن عن الإحساس الخاطئ بالأمن أي أن يكون اختراق سهل و صعوبة الكشف عن الإختراق.,2,0.0,5.0,cybercrimes,short_answer,7,arabic,,الإحساس الخاطئ بالأمن أمر خطير لأنه يؤدي إلى إهمال التدابير الأمنية ، على الرغم من عدم وجود نظام أمني مثالي  فيما يساعد الشعور العام بانعدام الأمن على منع المخاطر الأمنية  وتعزيز سياسة الأمن,"{""question_type"": ""علل""}"
arasag,16,علل صحة العبارة: الإحساس الخاطئ بالأمن أخطر من الإحساس الصحيح بعدم الأمن ؟,"لأن الإحساس الصحيح بعدم الامن تجعل الفرد أو المنظمات تتخذ الاحتياطات والتدبير اللازمة لحماية معلوماتها قبل التعرض للاختراق ""الوقاية خير من العلاج""",4,0.0,5.0,cybercrimes,short_answer,7,arabic,,الإحساس الخاطئ بالأمن أمر خطير لأنه يؤدي إلى إهمال التدابير الأمنية ، على الرغم من عدم وجود نظام أمني مثالي  فيما يساعد الشعور العام بانعدام الأمن على منع المخاطر الأمنية  وتعزيز سياسة الأمن,"{""question_type"": ""علل""}"
arasag,16,علل صحة العبارة: الإحساس الخاطئ بالأمن أخطر من الإحساس الصحيح بعدم الأمن ؟,لأنه لا يوجد برنامج أو نظام آمن كليا كما أن الأخطار التي نعلم بها أقل بكثير من تلك التي نعلمها.,2,0.0,5.0,cybercrimes,short_answer,7,arabic,,الإحساس الخاطئ بالأمن أمر خطير لأنه يؤدي إلى إهمال التدابير الأمنية ، على الرغم من عدم وجود نظام أمني مثالي  فيما يساعد الشعور العام بانعدام الأمن على منع المخاطر الأمنية  وتعزيز سياسة الأمن,"{""question_type"": ""علل""}"
arasag,16,علل صحة العبارة: الإحساس الخاطئ بالأمن أخطر من الإحساس الصحيح بعدم الأمن ؟,الاحساس الصحيح بعدم لأمن يؤدي بالشخص إلى وجود طرق واستراتيجيات لأمن الإحساس الخاطئ يؤدي بالشخص للأمان وهو في حقيقة ذلك مهيأ للاختراق في أي لحظة.,3,0.0,5.0,cybercrimes,short_answer,7,arabic,,الإحساس الخاطئ بالأمن أمر خطير لأنه يؤدي إلى إهمال التدابير الأمنية ، على الرغم من عدم وجود نظام أمني مثالي  فيما يساعد الشعور العام بانعدام الأمن على منع المخاطر الأمنية  وتعزيز سياسة الأمن,"{""question_type"": ""علل""}"
arasag,16,علل صحة العبارة: الإحساس الخاطئ بالأمن أخطر من الإحساس الصحيح بعدم الأمن ؟,الإحساس الخاطئ بالأمن يدعوا لعدم أخذ الاِجراءات الازمة لتفادي الأخطار(الجرائم الاِلكترونية) وهو اخطر من الإحساس الصحيح بعدم الأمن فتتخذ الاِجراءات الازمة للدفاع عن حاسوبك وجهازك,4,0.0,5.0,cybercrimes,short_answer,7,arabic,,الإحساس الخاطئ بالأمن أمر خطير لأنه يؤدي إلى إهمال التدابير الأمنية ، على الرغم من عدم وجود نظام أمني مثالي  فيما يساعد الشعور العام بانعدام الأمن على منع المخاطر الأمنية  وتعزيز سياسة الأمن,"{""question_type"": ""علل""}"
arasag,16,علل صحة العبارة: الإحساس الخاطئ بالأمن أخطر من الإحساس الصحيح بعدم الأمن ؟,الإحساس الخاطئ بالأمن يولد تهاونا وتراخيا في تطبيق سياسة أمن المعلومات عكس الإحساس الصحيح بعدم الأمن الذي يجعل المستخدم دائما يبحث عن طرق حماية البيانات ,4,0.0,5.0,cybercrimes,short_answer,7,arabic,,الإحساس الخاطئ بالأمن أمر خطير لأنه يؤدي إلى إهمال التدابير الأمنية ، على الرغم من عدم وجود نظام أمني مثالي  فيما يساعد الشعور العام بانعدام الأمن على منع المخاطر الأمنية  وتعزيز سياسة الأمن,"{""question_type"": ""علل""}"
arasag,16,علل صحة العبارة: الإحساس الخاطئ بالأمن أخطر من الإحساس الصحيح بعدم الأمن ؟,إن الإحساس الخاطئ بالأمن خطير لأن كل جهاز معرض إلى الاختراق بمجرد اتصاله بالأنترنت ولا يوجد نظام أمن كامل لهذا فإنه أخطر من الإحساس الصحيح بعدم الأمن.,3,0.0,5.0,cybercrimes,short_answer,7,arabic,,الإحساس الخاطئ بالأمن أمر خطير لأنه يؤدي إلى إهمال التدابير الأمنية ، على الرغم من عدم وجود نظام أمني مثالي  فيما يساعد الشعور العام بانعدام الأمن على منع المخاطر الأمنية  وتعزيز سياسة الأمن,"{""question_type"": ""علل""}"
arasag,16,علل صحة العبارة: الإحساس الخاطئ بالأمن أخطر من الإحساس الصحيح بعدم الأمن ؟,لأنه عند الاحساس بالأمن المستخدم لا يأخذ حذره عند استعمال البرامج أو المواقع أو الانترنت والاجهزة الالكترونية بشكل عام,4,0.0,5.0,cybercrimes,short_answer,7,arabic,,الإحساس الخاطئ بالأمن أمر خطير لأنه يؤدي إلى إهمال التدابير الأمنية ، على الرغم من عدم وجود نظام أمني مثالي  فيما يساعد الشعور العام بانعدام الأمن على منع المخاطر الأمنية  وتعزيز سياسة الأمن,"{""question_type"": ""علل""}"
arasag,16,علل صحة العبارة: الإحساس الخاطئ بالأمن أخطر من الإحساس الصحيح بعدم الأمن ؟,لا يوجد نظام معلوماتي امن بشكل تام كلما كبر النظام زادت الثغرات ، اخذ الحيطة والحذر ,3,0.0,5.0,cybercrimes,short_answer,7,arabic,,الإحساس الخاطئ بالأمن أمر خطير لأنه يؤدي إلى إهمال التدابير الأمنية ، على الرغم من عدم وجود نظام أمني مثالي  فيما يساعد الشعور العام بانعدام الأمن على منع المخاطر الأمنية  وتعزيز سياسة الأمن,"{""question_type"": ""علل""}"
arasag,16,علل صحة العبارة: الإحساس الخاطئ بالأمن أخطر من الإحساس الصحيح بعدم الأمن ؟,الاحساس الخاطئ بالأمن ينشر الاقتناع بنظام الحماية وعدم السعي لتطويره، أما الاحساس الصحيح بعدم الأمن يدفع لتطوير نظام الحماية ,4,0.0,5.0,cybercrimes,short_answer,7,arabic,,الإحساس الخاطئ بالأمن أمر خطير لأنه يؤدي إلى إهمال التدابير الأمنية ، على الرغم من عدم وجود نظام أمني مثالي  فيما يساعد الشعور العام بانعدام الأمن على منع المخاطر الأمنية  وتعزيز سياسة الأمن,"{""question_type"": ""علل""}"
arasag,16,علل صحة العبارة: الإحساس الخاطئ بالأمن أخطر من الإحساس الصحيح بعدم الأمن ؟,نقص التوعية الأمنية ، عدم معرفة المستخدم لظاهرة الاختراقات والقرصنة فيظن انه بامان  على عكس المستخدم الواعي بهذه الظواهر فدائما يرى نفس في عدم امان.,3,0.0,5.0,cybercrimes,short_answer,7,arabic,,الإحساس الخاطئ بالأمن أمر خطير لأنه يؤدي إلى إهمال التدابير الأمنية ، على الرغم من عدم وجود نظام أمني مثالي  فيما يساعد الشعور العام بانعدام الأمن على منع المخاطر الأمنية  وتعزيز سياسة الأمن,"{""question_type"": ""علل""}"
arasag,16,علل صحة العبارة: الإحساس الخاطئ بالأمن أخطر من الإحساس الصحيح بعدم الأمن ؟,الإحساس الخاطئ بالأمن يدفع بالضحية إلى عدم تطوير أمن معلوماته و عليه يكون عرضة لجرائم الاختراق، الاحساس الصحيح بعدم الأمن يدفع الى تطوير امن معلوماته و تحسينه دائما.,4,0.0,5.0,cybercrimes,short_answer,7,arabic,,الإحساس الخاطئ بالأمن أمر خطير لأنه يؤدي إلى إهمال التدابير الأمنية ، على الرغم من عدم وجود نظام أمني مثالي  فيما يساعد الشعور العام بانعدام الأمن على منع المخاطر الأمنية  وتعزيز سياسة الأمن,"{""question_type"": ""علل""}"
arasag,16,علل صحة العبارة: الإحساس الخاطئ بالأمن أخطر من الإحساس الصحيح بعدم الأمن ؟,لان الاحساس الخاطئ بالأمن يؤدي الى عدم توخي الحذر و منه الوقوع في مواقع مخترقة اما الاحساس الصحيح بعدم الامن يؤدي الى توخي الحذر ,4,0.0,5.0,cybercrimes,short_answer,7,arabic,,الإحساس الخاطئ بالأمن أمر خطير لأنه يؤدي إلى إهمال التدابير الأمنية ، على الرغم من عدم وجود نظام أمني مثالي  فيما يساعد الشعور العام بانعدام الأمن على منع المخاطر الأمنية  وتعزيز سياسة الأمن,"{""question_type"": ""علل""}"
arasag,16,علل صحة العبارة: الإحساس الخاطئ بالأمن أخطر من الإحساس الصحيح بعدم الأمن ؟,لان لا يوجد نظام كامل الامن مما يخلق فرصة الى ارتكاب الجرائم  الالكترونية,1,0.0,5.0,cybercrimes,short_answer,7,arabic,,الإحساس الخاطئ بالأمن أمر خطير لأنه يؤدي إلى إهمال التدابير الأمنية ، على الرغم من عدم وجود نظام أمني مثالي  فيما يساعد الشعور العام بانعدام الأمن على منع المخاطر الأمنية  وتعزيز سياسة الأمن,"{""question_type"": ""علل""}"
arasag,16,علل صحة العبارة: الإحساس الخاطئ بالأمن أخطر من الإحساس الصحيح بعدم الأمن ؟,عند الاحساس الصحيح بعدم الامن يكون الاشخاص على يقظة و خوف من الاختراق و لكن عند الاحساس الخاطئ بالأمن  قد يكون الشخص مطمئن و يفعل كل شيء يريده على الانترنت,4,0.0,5.0,cybercrimes,short_answer,7,arabic,,الإحساس الخاطئ بالأمن أمر خطير لأنه يؤدي إلى إهمال التدابير الأمنية ، على الرغم من عدم وجود نظام أمني مثالي  فيما يساعد الشعور العام بانعدام الأمن على منع المخاطر الأمنية  وتعزيز سياسة الأمن,"{""question_type"": ""علل""}"
arasag,16,علل صحة العبارة: الإحساس الخاطئ بالأمن أخطر من الإحساس الصحيح بعدم الأمن ؟,الإحساس بالأمن يجعل المستخدم يتهاون في حماية نظامه إذ أنه يجهل الخطر الذي يهدده بينما الإحساس بعدم الأمن يجعله يتخذ الإجراءات اللازمة لدعم أمن جهازه و حمايته  ,4,0.0,5.0,cybercrimes,short_answer,7,arabic,,الإحساس الخاطئ بالأمن أمر خطير لأنه يؤدي إلى إهمال التدابير الأمنية ، على الرغم من عدم وجود نظام أمني مثالي  فيما يساعد الشعور العام بانعدام الأمن على منع المخاطر الأمنية  وتعزيز سياسة الأمن,"{""question_type"": ""علل""}"
arasag,16,علل صحة العبارة: الإحساس الخاطئ بالأمن أخطر من الإحساس الصحيح بعدم الأمن ؟,الإحساس الخاطئ بالأمن يجعلك لا تتخذ كل الإجراءات الازم اتخاذها لتحقيق الأمن,2,0.0,5.0,cybercrimes,short_answer,7,arabic,,الإحساس الخاطئ بالأمن أمر خطير لأنه يؤدي إلى إهمال التدابير الأمنية ، على الرغم من عدم وجود نظام أمني مثالي  فيما يساعد الشعور العام بانعدام الأمن على منع المخاطر الأمنية  وتعزيز سياسة الأمن,"{""question_type"": ""علل""}"
arasag,16,علل صحة العبارة: الإحساس الخاطئ بالأمن أخطر من الإحساس الصحيح بعدم الأمن ؟,أي أن الشخص غير مدرك بالخطورة الحقيقية لأنه لا وجود لنظام معلوماتي أمني كليا إذن هو دائما في خطر,2,0.0,5.0,cybercrimes,short_answer,7,arabic,,الإحساس الخاطئ بالأمن أمر خطير لأنه يؤدي إلى إهمال التدابير الأمنية ، على الرغم من عدم وجود نظام أمني مثالي  فيما يساعد الشعور العام بانعدام الأمن على منع المخاطر الأمنية  وتعزيز سياسة الأمن,"{""question_type"": ""علل""}"
arasag,16,علل صحة العبارة: الإحساس الخاطئ بالأمن أخطر من الإحساس الصحيح بعدم الأمن ؟,عند الاحساس الصحيح بعدم الامن يدفع المستخدم الى تعزيز الحماية و اخذ الحذر، أما عند الاحساس الخاطئ بالامن فيترك المستخدم عرضة للاختراق,4,0.0,5.0,cybercrimes,short_answer,7,arabic,,الإحساس الخاطئ بالأمن أمر خطير لأنه يؤدي إلى إهمال التدابير الأمنية ، على الرغم من عدم وجود نظام أمني مثالي  فيما يساعد الشعور العام بانعدام الأمن على منع المخاطر الأمنية  وتعزيز سياسة الأمن,"{""question_type"": ""علل""}"
arasag,16,علل صحة العبارة: الإحساس الخاطئ بالأمن أخطر من الإحساس الصحيح بعدم الأمن ؟,لان عند الاحساس بعدم الامن ناخد احتياطاتنا و نتجنب عمليات المؤدية للاختراق على عكس الاحساس بالامن و الثقة الزائدة التي تاخذنا للهلاك ,4,0.0,5.0,cybercrimes,short_answer,7,arabic,,الإحساس الخاطئ بالأمن أمر خطير لأنه يؤدي إلى إهمال التدابير الأمنية ، على الرغم من عدم وجود نظام أمني مثالي  فيما يساعد الشعور العام بانعدام الأمن على منع المخاطر الأمنية  وتعزيز سياسة الأمن,"{""question_type"": ""علل""}"
arasag,16,علل صحة العبارة: الإحساس الخاطئ بالأمن أخطر من الإحساس الصحيح بعدم الأمن ؟,هناك حالات يستغر الشخص بالامن في مكان خاطئ حيث يشعر بالامن دون رؤية كل الاخطار التي تحاصره لذلك من الاحسن ان تشهر بالخوف في مكان امن على ان تكون مطمئن و مرتاح البال في مكان مخيف و مجهول ,2,0.0,5.0,cybercrimes,short_answer,7,arabic,,الإحساس الخاطئ بالأمن أمر خطير لأنه يؤدي إلى إهمال التدابير الأمنية ، على الرغم من عدم وجود نظام أمني مثالي  فيما يساعد الشعور العام بانعدام الأمن على منع المخاطر الأمنية  وتعزيز سياسة الأمن,"{""question_type"": ""علل""}"
arasag,16,علل صحة العبارة: الإحساس الخاطئ بالأمن أخطر من الإحساس الصحيح بعدم الأمن ؟,لانه لا يوجد نظام غير قابل للاختراق خاصة الانسان ,2,0.0,5.0,cybercrimes,short_answer,7,arabic,,الإحساس الخاطئ بالأمن أمر خطير لأنه يؤدي إلى إهمال التدابير الأمنية ، على الرغم من عدم وجود نظام أمني مثالي  فيما يساعد الشعور العام بانعدام الأمن على منع المخاطر الأمنية  وتعزيز سياسة الأمن,"{""question_type"": ""علل""}"
arasag,16,علل صحة العبارة: الإحساس الخاطئ بالأمن أخطر من الإحساس الصحيح بعدم الأمن ؟,يجب دائما التاكد قبل ادخال المعلومات في نظام ما ,0,0.0,5.0,cybercrimes,short_answer,7,arabic,,الإحساس الخاطئ بالأمن أمر خطير لأنه يؤدي إلى إهمال التدابير الأمنية ، على الرغم من عدم وجود نظام أمني مثالي  فيما يساعد الشعور العام بانعدام الأمن على منع المخاطر الأمنية  وتعزيز سياسة الأمن,"{""question_type"": ""علل""}"
arasag,16,علل صحة العبارة: الإحساس الخاطئ بالأمن أخطر من الإحساس الصحيح بعدم الأمن ؟,الاحساس الصحيح يؤدي بالفرد الى البحث عن الحماية و تحصين المعلومات على عكس الاحساس الخاطئ الدي يجعل الفرد لا يقوم بالتامين مما قد يتسبب في الكوارث ,4,0.0,5.0,cybercrimes,short_answer,7,arabic,,الإحساس الخاطئ بالأمن أمر خطير لأنه يؤدي إلى إهمال التدابير الأمنية ، على الرغم من عدم وجود نظام أمني مثالي  فيما يساعد الشعور العام بانعدام الأمن على منع المخاطر الأمنية  وتعزيز سياسة الأمن,"{""question_type"": ""علل""}"
arasag,16,علل صحة العبارة: الإحساس الخاطئ بالأمن أخطر من الإحساس الصحيح بعدم الأمن ؟,عند الاحساس الخاطئ بعدم الاكن لا يتخد الانسان الاجراءات اللازمة لحماية نفسه بينما هو معرض لاشكال كثيرة من الخطر,3,0.0,5.0,cybercrimes,short_answer,7,arabic,,الإحساس الخاطئ بالأمن أمر خطير لأنه يؤدي إلى إهمال التدابير الأمنية ، على الرغم من عدم وجود نظام أمني مثالي  فيما يساعد الشعور العام بانعدام الأمن على منع المخاطر الأمنية  وتعزيز سياسة الأمن,"{""question_type"": ""علل""}"
arasag,32,ما الفرق بين عمل قراصنة القبعات البيضاء و عمل قراصنة القبعات السوداء؟, كلاهما لديه القدرة على اختراق البرمجيات و الأجهزة الالية ،لكن عمل القراصنة ذات القبعة السوداء يكون لأغراض شريرة وتفيد نفسه أو مقابل مبلغ مادي على عكس القبعات البيضاء لأغراض سلمية وامنية.,5,0.0,5.0,cybercrimes,short_answer,7,arabic,,"للاثنين القدرة على اختراق أنظمة التشغيل والبرامج والشبكات ولكن الكراكر(قرصان  ""القبعة السوداء"") عمله تخريبي ولا ينفع سوى نفسه أو من يدفع له أما الهاكر (قرصان ""القبعة البيضاء"") فعمله مفيد و ينفع الآخرين ","{""question_type"": ""ما الفرق بين""}"
arasag,32,ما الفرق بين عمل قراصنة القبعات البيضاء و عمل قراصنة القبعات السوداء؟,عمل القبعات السوداء :الاختراق من اجل  التخريب او السرقة لأهداف شخصية للمحترف او من دفع له ، اما القبعات البيضاء: الاختراق من اجل اكتشاف الثغرات و تصحيحها ا من أجل الفوز بمسابقات الاختراق.,4,0.0,5.0,cybercrimes,short_answer,7,arabic,,"للاثنين القدرة على اختراق أنظمة التشغيل والبرامج والشبكات ولكن الكراكر(قرصان  ""القبعة السوداء"") عمله تخريبي ولا ينفع سوى نفسه أو من يدفع له أما الهاكر (قرصان ""القبعة البيضاء"") فعمله مفيد و ينفع الآخرين ","{""question_type"": ""ما الفرق بين""}"
arasag,32,ما الفرق بين عمل قراصنة القبعات البيضاء و عمل قراصنة القبعات السوداء؟,القبعات البيضاء يقومون بالاختراق لأغراض سلمية مفيدة لمصلحة الغير  اما قراصنة القبعة السوداء الكراكر يخصصون معرفتهم لأغراض شريرة اما لمصلحتهم او لمصلحة شخص يدفع لهم  المال و هدفهم تخريب اجهزة استبدال مواقع او سرقة اموال و معلومات سرية,4,0.0,5.0,cybercrimes,short_answer,7,arabic,,"للاثنين القدرة على اختراق أنظمة التشغيل والبرامج والشبكات ولكن الكراكر(قرصان  ""القبعة السوداء"") عمله تخريبي ولا ينفع سوى نفسه أو من يدفع له أما الهاكر (قرصان ""القبعة البيضاء"") فعمله مفيد و ينفع الآخرين ","{""question_type"": ""ما الفرق بين""}"
arasag,32,ما الفرق بين عمل قراصنة القبعات البيضاء و عمل قراصنة القبعات السوداء؟,قراصنة القبعات البيضاء يقومون بأعمال اخلاقية لا تهدف لمصلحتهم الشخصية و اعمالهم تساعد عل تقوية انظمة المؤسسات، قراصنة القبعات السوداء يعملون لصالحهم الشخصي اعمال غير أخلاقية.,4,0.0,5.0,cybercrimes,short_answer,7,arabic,,"للاثنين القدرة على اختراق أنظمة التشغيل والبرامج والشبكات ولكن الكراكر(قرصان  ""القبعة السوداء"") عمله تخريبي ولا ينفع سوى نفسه أو من يدفع له أما الهاكر (قرصان ""القبعة البيضاء"") فعمله مفيد و ينفع الآخرين ","{""question_type"": ""ما الفرق بين""}"
arasag,32,ما الفرق بين عمل قراصنة القبعات البيضاء و عمل قراصنة القبعات السوداء؟,القبعة السوداء الكراكر عمله تخريب ويسعى للربح الشخصي فهو لا يفيد الا نفسه أو من يدفع له ، أما القبعة البيضاء يدعى المتسلل الاخلاقي يسعى من خلال اختبار الاختراق كشف الثغرات لإصلاحها وتقوية نظام الأمن فهو يسعى للمنفعة العامة ,5,0.0,5.0,cybercrimes,short_answer,7,arabic,,"للاثنين القدرة على اختراق أنظمة التشغيل والبرامج والشبكات ولكن الكراكر(قرصان  ""القبعة السوداء"") عمله تخريبي ولا ينفع سوى نفسه أو من يدفع له أما الهاكر (قرصان ""القبعة البيضاء"") فعمله مفيد و ينفع الآخرين ","{""question_type"": ""ما الفرق بين""}"
arasag,32,ما الفرق بين عمل قراصنة القبعات البيضاء و عمل قراصنة القبعات السوداء؟,كلاهما قادران على خرق الأنظمة او البرنامج أو الشبكات لكن ذو القبعة السوداء هدفهم غير اخلاقي تخريبي يرتكبها من أجل المال واهداف شخصية بعكس ذو القبعة البيضاء هدفه نبيل اخلاقي يقوم به لصالح الغير ومعالجة الانظمة,5,0.0,5.0,cybercrimes,short_answer,7,arabic,,"للاثنين القدرة على اختراق أنظمة التشغيل والبرامج والشبكات ولكن الكراكر(قرصان  ""القبعة السوداء"") عمله تخريبي ولا ينفع سوى نفسه أو من يدفع له أما الهاكر (قرصان ""القبعة البيضاء"") فعمله مفيد و ينفع الآخرين ","{""question_type"": ""ما الفرق بين""}"
arasag,32,ما الفرق بين عمل قراصنة القبعات البيضاء و عمل قراصنة القبعات السوداء؟,عمل قراصنة القبعات السوداء يستغلون قدراتهم للسرقة والتخريب ، اما قراصنة القبعات البيضاء يستغلون قدراتهم في تطوير نظام الحماية.,4,0.0,5.0,cybercrimes,short_answer,7,arabic,,"للاثنين القدرة على اختراق أنظمة التشغيل والبرامج والشبكات ولكن الكراكر(قرصان  ""القبعة السوداء"") عمله تخريبي ولا ينفع سوى نفسه أو من يدفع له أما الهاكر (قرصان ""القبعة البيضاء"") فعمله مفيد و ينفع الآخرين ","{""question_type"": ""ما الفرق بين""}"
arasag,32,ما الفرق بين عمل قراصنة القبعات البيضاء و عمل قراصنة القبعات السوداء؟,القبعات البيضاء اخلاقيون لا يقومون بالتخريب يقومون باخبار الشركات بالاخطاء الأمنية على عكس القبعات السوداء لا اخلاقيون يقومون بالتخريب ونشر الثغرات وتكبيد الشركات الخسائر,4,0.0,5.0,cybercrimes,short_answer,7,arabic,,"للاثنين القدرة على اختراق أنظمة التشغيل والبرامج والشبكات ولكن الكراكر(قرصان  ""القبعة السوداء"") عمله تخريبي ولا ينفع سوى نفسه أو من يدفع له أما الهاكر (قرصان ""القبعة البيضاء"") فعمله مفيد و ينفع الآخرين ","{""question_type"": ""ما الفرق بين""}"
arasag,32,ما الفرق بين عمل قراصنة القبعات البيضاء و عمل قراصنة القبعات السوداء؟,الكراكر: يعملون لاغراض تحقق مكتسباتهم او مقابل اموال و عملهم غير قانوني و يقومون باختراق المواقع هدفهم النهب و التخريب اما الهاكر هم المتسللون الاخلاقيون عملهم قانوني و هدفهم تصحيح و تحسين نظم الشركات ,4,0.0,5.0,cybercrimes,short_answer,7,arabic,,"للاثنين القدرة على اختراق أنظمة التشغيل والبرامج والشبكات ولكن الكراكر(قرصان  ""القبعة السوداء"") عمله تخريبي ولا ينفع سوى نفسه أو من يدفع له أما الهاكر (قرصان ""القبعة البيضاء"") فعمله مفيد و ينفع الآخرين ","{""question_type"": ""ما الفرق بين""}"
arasag,32,ما الفرق بين عمل قراصنة القبعات البيضاء و عمل قراصنة القبعات السوداء؟,عمل القراصنة القبعات البيضاء هو اختراق الانظمة بإذن صاحب النظام من اجل اكتشاف الثغرات من اجل تطوير النظام (عمل خير)، عمل قراصنة القبعات السوداء هو تخريبي (شرير) يقومون باختراق الانظمة من اجل تخريبها، سرقة المعلومات او تدمير النظام كليا.,5,0.0,5.0,cybercrimes,short_answer,7,arabic,,"للاثنين القدرة على اختراق أنظمة التشغيل والبرامج والشبكات ولكن الكراكر(قرصان  ""القبعة السوداء"") عمله تخريبي ولا ينفع سوى نفسه أو من يدفع له أما الهاكر (قرصان ""القبعة البيضاء"") فعمله مفيد و ينفع الآخرين ","{""question_type"": ""ما الفرق بين""}"
arasag,32,ما الفرق بين عمل قراصنة القبعات البيضاء و عمل قراصنة القبعات السوداء؟,قبعة السوداء: يقوم باختراق الانظمة غير مجانية و يقوم بتغيير برمجتها ، يقوم بكسر امن الكومبيوتر بهدف التخريب و القضاء على النظام معلوماتي الالكتروني، قبعة البيضاء : يقوم بتعرف على عمل النظام لتحسينه و تطويره له القدرة على الاختراق بالانترنت.,4,0.0,5.0,cybercrimes,short_answer,7,arabic,,"للاثنين القدرة على اختراق أنظمة التشغيل والبرامج والشبكات ولكن الكراكر(قرصان  ""القبعة السوداء"") عمله تخريبي ولا ينفع سوى نفسه أو من يدفع له أما الهاكر (قرصان ""القبعة البيضاء"") فعمله مفيد و ينفع الآخرين ","{""question_type"": ""ما الفرق بين""}"
arasag,32,ما الفرق بين عمل قراصنة القبعات البيضاء و عمل قراصنة القبعات السوداء؟,القبعات البيضاء: عملهم مفيد يقومون باختراق النظام الالكتروني بطريق قانونية من اجل دراسة و فهم سير النظام لتطويره و تحسينه لفائدة الجميع، القبعات السوداء : عملهم شرير يقومون باختراق النظام الالكتروني من اجل التخريب و سرقة المعلومات لفوائد الشخصية.,5,0.0,5.0,cybercrimes,short_answer,7,arabic,,"للاثنين القدرة على اختراق أنظمة التشغيل والبرامج والشبكات ولكن الكراكر(قرصان  ""القبعة السوداء"") عمله تخريبي ولا ينفع سوى نفسه أو من يدفع له أما الهاكر (قرصان ""القبعة البيضاء"") فعمله مفيد و ينفع الآخرين ","{""question_type"": ""ما الفرق بين""}"
arasag,32,ما الفرق بين عمل قراصنة القبعات البيضاء و عمل قراصنة القبعات السوداء؟,قراصنة القبعة البيضاء يستخدمون قدراتهم لأغراض جيدة وقانونية بهدف التطوير ويساهمون في حل المشاكل إذ يؤمنون بالعمل التطوعي ، أما قراصنة القبعة السوداء فهم يسخرون قدراتهم لأعمال شريرة هدفهم تخريبي ويقومون بكسر أنظمة الامان أو سرقة المعلومات ,4,0.0,5.0,cybercrimes,short_answer,7,arabic,,"للاثنين القدرة على اختراق أنظمة التشغيل والبرامج والشبكات ولكن الكراكر(قرصان  ""القبعة السوداء"") عمله تخريبي ولا ينفع سوى نفسه أو من يدفع له أما الهاكر (قرصان ""القبعة البيضاء"") فعمله مفيد و ينفع الآخرين ","{""question_type"": ""ما الفرق بين""}"
arasag,32,ما الفرق بين عمل قراصنة القبعات البيضاء و عمل قراصنة القبعات السوداء؟,كلاهما يتقنان الدخول إلى نظام المعلوماتية  الا ان قراصنة القبعات السوداء يستعمل خبراته في الاعمال الشريرة و اللاأخلاقية لمصلحته فقط او لمصلحة مادية ويقوم بالاختراق من اجل سرقة او تدمير المعلومات او حتى القضاء على النظام في حين ان قراصنة القبعات البيضاء يستعمل ذكاءه بطريقة اخلاقية حيث تعمل على إيجاد الثغرات ومحاولة إصلاحها وهو يؤمن بالعمل التطوعي.,4,0.0,5.0,cybercrimes,short_answer,7,arabic,,"للاثنين القدرة على اختراق أنظمة التشغيل والبرامج والشبكات ولكن الكراكر(قرصان  ""القبعة السوداء"") عمله تخريبي ولا ينفع سوى نفسه أو من يدفع له أما الهاكر (قرصان ""القبعة البيضاء"") فعمله مفيد و ينفع الآخرين ","{""question_type"": ""ما الفرق بين""}"
arasag,32,ما الفرق بين عمل قراصنة القبعات البيضاء و عمل قراصنة القبعات السوداء؟,قراصنة القبعة السوداء يستطيعون اختراق الأنظمة و فهم كيفية عمل الكمبيوتر لكنهم يستغلون إمكانياتهم في أغراض شريرة قراصنة القبعة البيضاء لديهم نفس الإمكانيات لكنهم يستغلونها في حماية الأنظمة و التبليغ عن الثغرات و حماية الخصوصية ...,5,0.0,5.0,cybercrimes,short_answer,7,arabic,,"للاثنين القدرة على اختراق أنظمة التشغيل والبرامج والشبكات ولكن الكراكر(قرصان  ""القبعة السوداء"") عمله تخريبي ولا ينفع سوى نفسه أو من يدفع له أما الهاكر (قرصان ""القبعة البيضاء"") فعمله مفيد و ينفع الآخرين ","{""question_type"": ""ما الفرق بين""}"
arasag,32,ما الفرق بين عمل قراصنة القبعات البيضاء و عمل قراصنة القبعات السوداء؟,قراصنة القبعة البيضاء يسخرون قدراتهم في إصلاح الدفاعات الأمنية و سد الثغرات ، قراصنة القبعة السوداء يسخرون قدراتهم و تقنياتهم لسرقة أو إزالة أو إتلاف المعلومات بعد اختراق النظام.,4,0.0,5.0,cybercrimes,short_answer,7,arabic,,"للاثنين القدرة على اختراق أنظمة التشغيل والبرامج والشبكات ولكن الكراكر(قرصان  ""القبعة السوداء"") عمله تخريبي ولا ينفع سوى نفسه أو من يدفع له أما الهاكر (قرصان ""القبعة البيضاء"") فعمله مفيد و ينفع الآخرين ","{""question_type"": ""ما الفرق بين""}"
arasag,32,ما الفرق بين عمل قراصنة القبعات البيضاء و عمل قراصنة القبعات السوداء؟,القبعات السوداء أشرار يعملون من أجل التخريب و تكسير أنظمة الأمان و سرقة المعلومات و قرصنتهم لا قانونية ، بينما القبعات البيضاء يؤمنون بالعمل التطوعي يعملون بطريقة قانونية تسمح للمؤسسات بتصليح نظام دفاعها.,5,0.0,5.0,cybercrimes,short_answer,7,arabic,,"للاثنين القدرة على اختراق أنظمة التشغيل والبرامج والشبكات ولكن الكراكر(قرصان  ""القبعة السوداء"") عمله تخريبي ولا ينفع سوى نفسه أو من يدفع له أما الهاكر (قرصان ""القبعة البيضاء"") فعمله مفيد و ينفع الآخرين ","{""question_type"": ""ما الفرق بين""}"
arasag,32,ما الفرق بين عمل قراصنة القبعات البيضاء و عمل قراصنة القبعات السوداء؟,قراصنة القبعات البيضاء يخترقون الأنظمة بعلم مالكها و بغرض اكتشاف الثغرات لتصحيحها و تقوية أمن الجهاز بينما قراصنة القبعات السوداء يقومون باختراق الأجهزة دون إذن بهدف التخريب و سرقة المعلومات و إلحاق الضرر و يحصلون على فوائد مادية ,4,0.0,5.0,cybercrimes,short_answer,7,arabic,,"للاثنين القدرة على اختراق أنظمة التشغيل والبرامج والشبكات ولكن الكراكر(قرصان  ""القبعة السوداء"") عمله تخريبي ولا ينفع سوى نفسه أو من يدفع له أما الهاكر (قرصان ""القبعة البيضاء"") فعمله مفيد و ينفع الآخرين ","{""question_type"": ""ما الفرق بين""}"
arasag,32,ما الفرق بين عمل قراصنة القبعات البيضاء و عمل قراصنة القبعات السوداء؟,قراصنة القبعات البيضاء (الهاكر) : هم المخترقون و لكن بصفة أخلاقية لهدف الحصول على كيفية و عمل نظام معلوماتي ما ، قراصنة القبعات السوداء ( الكراكر ) : هم المخترقون و لكن بصفة لا أخلاقية يعني بهدف السيطرة على النظام و تشويشه و سرقة المعلومات.,4,0.0,5.0,cybercrimes,short_answer,7,arabic,,"للاثنين القدرة على اختراق أنظمة التشغيل والبرامج والشبكات ولكن الكراكر(قرصان  ""القبعة السوداء"") عمله تخريبي ولا ينفع سوى نفسه أو من يدفع له أما الهاكر (قرصان ""القبعة البيضاء"") فعمله مفيد و ينفع الآخرين ","{""question_type"": ""ما الفرق بين""}"
arasag,32,ما الفرق بين عمل قراصنة القبعات البيضاء و عمل قراصنة القبعات السوداء؟,قراصنة القبعات البيضاء يستعملون قدراتهم في أغراض مفيدة في تصحيح وسائل الدفاع توظفهم المؤسسات من أجل اختبار مدى أمن أنظمتهم ، قراصنة القبعات السوداء يستعملون قدراتهم لأغراض شريرة من سرقة أجل سرقة و تخريب المعلومات.,4,0.0,5.0,cybercrimes,short_answer,7,arabic,,"للاثنين القدرة على اختراق أنظمة التشغيل والبرامج والشبكات ولكن الكراكر(قرصان  ""القبعة السوداء"") عمله تخريبي ولا ينفع سوى نفسه أو من يدفع له أما الهاكر (قرصان ""القبعة البيضاء"") فعمله مفيد و ينفع الآخرين ","{""question_type"": ""ما الفرق بين""}"
arasag,32,ما الفرق بين عمل قراصنة القبعات البيضاء و عمل قراصنة القبعات السوداء؟,كلاهما له القدرة على اختراق الأجهزة الالكترونية لكن القبعات البيضاء تسعى إلى تصليح النظام و يتم توظيفها للكشف عن الثغرات و غلقها أما القبعات السوداء عكس ذلك سرق و خرب المعلومات.,4,0.0,5.0,cybercrimes,short_answer,7,arabic,,"للاثنين القدرة على اختراق أنظمة التشغيل والبرامج والشبكات ولكن الكراكر(قرصان  ""القبعة السوداء"") عمله تخريبي ولا ينفع سوى نفسه أو من يدفع له أما الهاكر (قرصان ""القبعة البيضاء"") فعمله مفيد و ينفع الآخرين ","{""question_type"": ""ما الفرق بين""}"
arasag,32,ما الفرق بين عمل قراصنة القبعات البيضاء و عمل قراصنة القبعات السوداء؟,القبعات البيضاء يمتلكون القدرة على الاختراق ويستعملونها بطريقة اخلاقية وقانونية، القبعات السوداء يقومون بالاختراق بطريقة غير قانونية و غير اخلاقية,5,0.0,5.0,cybercrimes,short_answer,7,arabic,,"للاثنين القدرة على اختراق أنظمة التشغيل والبرامج والشبكات ولكن الكراكر(قرصان  ""القبعة السوداء"") عمله تخريبي ولا ينفع سوى نفسه أو من يدفع له أما الهاكر (قرصان ""القبعة البيضاء"") فعمله مفيد و ينفع الآخرين ","{""question_type"": ""ما الفرق بين""}"
arasag,32,ما الفرق بين عمل قراصنة القبعات البيضاء و عمل قراصنة القبعات السوداء؟,عمل القبعات السوداء : هدفهم الاختراق من اجل  التخريب او السرقة او اصابة الضحية باضرار بمقابل مادي، اما القبعات البيضاء: الاختراق من اجل اكتشاف الثغرات لتعزيز الامن و الحماية,5,0.0,5.0,cybercrimes,short_answer,7,arabic,,"للاثنين القدرة على اختراق أنظمة التشغيل والبرامج والشبكات ولكن الكراكر(قرصان  ""القبعة السوداء"") عمله تخريبي ولا ينفع سوى نفسه أو من يدفع له أما الهاكر (قرصان ""القبعة البيضاء"") فعمله مفيد و ينفع الآخرين ","{""question_type"": ""ما الفرق بين""}"
arasag,32,ما الفرق بين عمل قراصنة القبعات البيضاء و عمل قراصنة القبعات السوداء؟, قراصنة القبعات السوداء هم قراصنة غير أخلاقيون، قراصنة القبعات البيضاء هم قراصنة أخلاقيون يساعدون في حماية الأنظمة من الاختراق ,4,0.0,5.0,cybercrimes,short_answer,7,arabic,,"للاثنين القدرة على اختراق أنظمة التشغيل والبرامج والشبكات ولكن الكراكر(قرصان  ""القبعة السوداء"") عمله تخريبي ولا ينفع سوى نفسه أو من يدفع له أما الهاكر (قرصان ""القبعة البيضاء"") فعمله مفيد و ينفع الآخرين ","{""question_type"": ""ما الفرق بين""}"
arasag,32,ما الفرق بين عمل قراصنة القبعات البيضاء و عمل قراصنة القبعات السوداء؟,قراصنة القبعات البيضاء يقومون بأعمال اخلاقية لا تهدف لمصلحتهم الشخصية و اعمالهم تساعد عل تقوية انظمة المؤسسات، قراصنة القبعات السوداء يعملون لصالحهم الشخصي اعمال غير اخلاقية,4,0.0,5.0,cybercrimes,short_answer,7,arabic,,"للاثنين القدرة على اختراق أنظمة التشغيل والبرامج والشبكات ولكن الكراكر(قرصان  ""القبعة السوداء"") عمله تخريبي ولا ينفع سوى نفسه أو من يدفع له أما الهاكر (قرصان ""القبعة البيضاء"") فعمله مفيد و ينفع الآخرين ","{""question_type"": ""ما الفرق بين""}"
arasag,32,ما الفرق بين عمل قراصنة القبعات البيضاء و عمل قراصنة القبعات السوداء؟,كلاهما قادران على خرق الأنظمة او البرنامج أو الشبكات لكن ذو القبعة السوداء هدفهم غير اخلاقي تخريبي يرتكبها من أجل المال واهداف شخصية بعكس ذو القبعة البيضاء هدفه نبيل اخلاقي يقوم به لصالح الغير ومعالجة الانظمة,5,0.0,5.0,cybercrimes,short_answer,7,arabic,,"للاثنين القدرة على اختراق أنظمة التشغيل والبرامج والشبكات ولكن الكراكر(قرصان  ""القبعة السوداء"") عمله تخريبي ولا ينفع سوى نفسه أو من يدفع له أما الهاكر (قرصان ""القبعة البيضاء"") فعمله مفيد و ينفع الآخرين ","{""question_type"": ""ما الفرق بين""}"
arasag,32,ما الفرق بين عمل قراصنة القبعات البيضاء و عمل قراصنة القبعات السوداء؟,يقوم قراصنة القبعات البيضاء باختبارات الاختراق لاختبار امن النظام وهدا مشروع في القانون، اما قراصنة القبعات السوداء فيقومون باستهداف الانظمة من اجل ارباح مالية تعود على الضحية باضرار مادية او معنوية ,5,0.0,5.0,cybercrimes,short_answer,7,arabic,,"للاثنين القدرة على اختراق أنظمة التشغيل والبرامج والشبكات ولكن الكراكر(قرصان  ""القبعة السوداء"") عمله تخريبي ولا ينفع سوى نفسه أو من يدفع له أما الهاكر (قرصان ""القبعة البيضاء"") فعمله مفيد و ينفع الآخرين ","{""question_type"": ""ما الفرق بين""}"
arasag,32,ما الفرق بين عمل قراصنة القبعات البيضاء و عمل قراصنة القبعات السوداء؟,عمل قراصنة القبعات السوداء عملهم شرير من اجل السرقة والتخريب ، اما قراصنة القبعات البيضاء اخلاقي,4,0.0,5.0,cybercrimes,short_answer,7,arabic,,"للاثنين القدرة على اختراق أنظمة التشغيل والبرامج والشبكات ولكن الكراكر(قرصان  ""القبعة السوداء"") عمله تخريبي ولا ينفع سوى نفسه أو من يدفع له أما الهاكر (قرصان ""القبعة البيضاء"") فعمله مفيد و ينفع الآخرين ","{""question_type"": ""ما الفرق بين""}"
arasag,32,ما الفرق بين عمل قراصنة القبعات البيضاء و عمل قراصنة القبعات السوداء؟,القبعات البيضاء اخلاقيون يقومون بإخبار الشركات بالاخطاء الأمنية على عكس القبعات السوداء لا اخلاقيون يقومون بالتخريب ونشر الثغرات وتكبيد الشركات الخسائر,4,0.0,5.0,cybercrimes,short_answer,7,arabic,,"للاثنين القدرة على اختراق أنظمة التشغيل والبرامج والشبكات ولكن الكراكر(قرصان  ""القبعة السوداء"") عمله تخريبي ولا ينفع سوى نفسه أو من يدفع له أما الهاكر (قرصان ""القبعة البيضاء"") فعمله مفيد و ينفع الآخرين ","{""question_type"": ""ما الفرق بين""}"
arasag,32,ما الفرق بين عمل قراصنة القبعات البيضاء و عمل قراصنة القبعات السوداء؟,قراصنة القبعات السوداء يستعمل خبراته في الاعمال الشريرة و اللاأخلاقية لمصلحته فقط او لمصلحة مادية ويقوم بالاختراق من اجل سرقة او تدمير المعلومات او حتى القضاء على النظام، في حين ان قراصنة القبعات البيضاء يستعمل ذكاءه بطريقة اخلاقية حيث تعمل على ايجاد الثغرات ومحاولة اصلاحها وهو يؤمن بالعمل التطوعي,5,0.0,5.0,cybercrimes,short_answer,7,arabic,,"للاثنين القدرة على اختراق أنظمة التشغيل والبرامج والشبكات ولكن الكراكر(قرصان  ""القبعة السوداء"") عمله تخريبي ولا ينفع سوى نفسه أو من يدفع له أما الهاكر (قرصان ""القبعة البيضاء"") فعمله مفيد و ينفع الآخرين ","{""question_type"": ""ما الفرق بين""}"
arasag,32,ما الفرق بين عمل قراصنة القبعات البيضاء و عمل قراصنة القبعات السوداء؟,القراصنة القبعات البيضاء يتم توظيفهم من قبل المؤسسات لاكتشاف الثغرات الموجودة في الانظمة ثم يتم الدفع لهم بينما عمل القراصنة القبعات السوداء يكمن في اختراق الحسابات و البنوك و الانظمة لهدف غير اخلاقي او من اجل مصلحة شخصية ,4,0.0,5.0,cybercrimes,short_answer,7,arabic,,"للاثنين القدرة على اختراق أنظمة التشغيل والبرامج والشبكات ولكن الكراكر(قرصان  ""القبعة السوداء"") عمله تخريبي ولا ينفع سوى نفسه أو من يدفع له أما الهاكر (قرصان ""القبعة البيضاء"") فعمله مفيد و ينفع الآخرين ","{""question_type"": ""ما الفرق بين""}"
arasag,32,ما الفرق بين عمل قراصنة القبعات البيضاء و عمل قراصنة القبعات السوداء؟,قراصنة القبعات السوداء يسخرون قدراتهم من اجل سرقة المعلومات او اتلافها عكس قراصنة القبعات البيضاء الذين يعملون من اجل ايجاد الثغرات و تصحيحها و تطوير وسائل الدفاع ,5,0.0,5.0,cybercrimes,short_answer,7,arabic,,"للاثنين القدرة على اختراق أنظمة التشغيل والبرامج والشبكات ولكن الكراكر(قرصان  ""القبعة السوداء"") عمله تخريبي ولا ينفع سوى نفسه أو من يدفع له أما الهاكر (قرصان ""القبعة البيضاء"") فعمله مفيد و ينفع الآخرين ","{""question_type"": ""ما الفرق بين""}"
arasag,32,ما الفرق بين عمل قراصنة القبعات البيضاء و عمل قراصنة القبعات السوداء؟,القبعات السوداء القرصنة من اجل الاتلاف او السرقة، القبعات البيضاء من اجل اختبار الاختراق او ايجاد الثغرات و نيل الجوائز المقدمة من طرف صاحب النظام دون المساس بأي شخص  ,4,0.0,5.0,cybercrimes,short_answer,7,arabic,,"للاثنين القدرة على اختراق أنظمة التشغيل والبرامج والشبكات ولكن الكراكر(قرصان  ""القبعة السوداء"") عمله تخريبي ولا ينفع سوى نفسه أو من يدفع له أما الهاكر (قرصان ""القبعة البيضاء"") فعمله مفيد و ينفع الآخرين ","{""question_type"": ""ما الفرق بين""}"
arasag,32,ما الفرق بين عمل قراصنة القبعات البيضاء و عمل قراصنة القبعات السوداء؟,قراصنة القبعات البيضاء يستخدمون ذكائهم للخير و يؤمنون العمل التطوعي يقومون بحماية النظام من الاختراق و يجدون الثغرات فيه، قراصنة القبعات السوداء يسخرون ذكائهم للشر يخترقون الانظمة لمكاسب شخصية و يقومون بنسخ البرامج بطريقة مجانية و يعملون على تعطيل و اتلاف المعلومات ,5,0.0,5.0,cybercrimes,short_answer,7,arabic,,"للاثنين القدرة على اختراق أنظمة التشغيل والبرامج والشبكات ولكن الكراكر(قرصان  ""القبعة السوداء"") عمله تخريبي ولا ينفع سوى نفسه أو من يدفع له أما الهاكر (قرصان ""القبعة البيضاء"") فعمله مفيد و ينفع الآخرين ","{""question_type"": ""ما الفرق بين""}"
arasag,32,ما الفرق بين عمل قراصنة القبعات البيضاء و عمل قراصنة القبعات السوداء؟,قراصنة القبعات البيضاء يستعملون  ذكائهم في امور مفيدة و اخلاقية و قانونية من اجل التحسين اما قراصنة القبعات السوداء فهم مجرمو الكمبيوتر يستعملون ذكائهم في امور غير قانونية مثل التخريب و السرقة ,4,0.0,5.0,cybercrimes,short_answer,7,arabic,,"للاثنين القدرة على اختراق أنظمة التشغيل والبرامج والشبكات ولكن الكراكر(قرصان  ""القبعة السوداء"") عمله تخريبي ولا ينفع سوى نفسه أو من يدفع له أما الهاكر (قرصان ""القبعة البيضاء"") فعمله مفيد و ينفع الآخرين ","{""question_type"": ""ما الفرق بين""}"
arasag,32,ما الفرق بين عمل قراصنة القبعات البيضاء و عمل قراصنة القبعات السوداء؟,كلاهما يقومان بانشاء برامج لسرقة البيانات و المعلومات و لكن عمل قراصنة القبعات السوداء اثار سلبية عديدة و لا يعود بالفائدة سوى على المجرم  او الدافعين له اما قراصنة القبعات البيضاء فهم يقومون بحماية وسائل الدفاع فقط ,5,0.0,5.0,cybercrimes,short_answer,7,arabic,,"للاثنين القدرة على اختراق أنظمة التشغيل والبرامج والشبكات ولكن الكراكر(قرصان  ""القبعة السوداء"") عمله تخريبي ولا ينفع سوى نفسه أو من يدفع له أما الهاكر (قرصان ""القبعة البيضاء"") فعمله مفيد و ينفع الآخرين ","{""question_type"": ""ما الفرق بين""}"
arasag,32,ما الفرق بين عمل قراصنة القبعات البيضاء و عمل قراصنة القبعات السوداء؟,قراصنة  القبعات السوداء يسخرون قوتهم بطريقة شريرة فيعملون على سرقة و تخريب المعلومات اما القبعات البيضاء فهم يخترقون النظام و لكن ليعملوا على تقوية نظام الدفاع فنواياهم تكون غير شريرة و يكون عملهم نافع ,4,0.0,5.0,cybercrimes,short_answer,7,arabic,,"للاثنين القدرة على اختراق أنظمة التشغيل والبرامج والشبكات ولكن الكراكر(قرصان  ""القبعة السوداء"") عمله تخريبي ولا ينفع سوى نفسه أو من يدفع له أما الهاكر (قرصان ""القبعة البيضاء"") فعمله مفيد و ينفع الآخرين ","{""question_type"": ""ما الفرق بين""}"
arasag,32,ما الفرق بين عمل قراصنة القبعات البيضاء و عمل قراصنة القبعات السوداء؟,الاثنين لديهم قدرة عالية على اختراق الانظمة ولكن القبعات البيضاء يخترقون بعد اذن من الشركة ولكي يحموها من القبعة  السوداء الذين يخترقون لمصالح شخصية و اهداف شريرة ,5,0.0,5.0,cybercrimes,short_answer,7,arabic,,"للاثنين القدرة على اختراق أنظمة التشغيل والبرامج والشبكات ولكن الكراكر(قرصان  ""القبعة السوداء"") عمله تخريبي ولا ينفع سوى نفسه أو من يدفع له أما الهاكر (قرصان ""القبعة البيضاء"") فعمله مفيد و ينفع الآخرين ","{""question_type"": ""ما الفرق بين""}"
arasag,32,ما الفرق بين عمل قراصنة القبعات البيضاء و عمل قراصنة القبعات السوداء؟,عمل قراصنة القبعات البيضاء نواياهم حسنة في مساعدة المؤسسة لضمان امن المؤسسة اما هدف القبعة السوداء نواياهم سيئة يريدون تشويه الصورة وهم الكراكر الذين يريدون اتلاف البيانات  ,4,0.0,5.0,cybercrimes,short_answer,7,arabic,,"للاثنين القدرة على اختراق أنظمة التشغيل والبرامج والشبكات ولكن الكراكر(قرصان  ""القبعة السوداء"") عمله تخريبي ولا ينفع سوى نفسه أو من يدفع له أما الهاكر (قرصان ""القبعة البيضاء"") فعمله مفيد و ينفع الآخرين ","{""question_type"": ""ما الفرق بين""}"
arasag,32,ما الفرق بين عمل قراصنة القبعات البيضاء و عمل قراصنة القبعات السوداء؟,عمل قراصنة القبعة السوداء هو عمل غير قانوني غير أخلاقي و لمكاسب مادية اما عمل القبعة البيضاء هوعمل أخلاقي و لا يسعى للربح المادي ,4,0.0,5.0,cybercrimes,short_answer,7,arabic,,"للاثنين القدرة على اختراق أنظمة التشغيل والبرامج والشبكات ولكن الكراكر(قرصان  ""القبعة السوداء"") عمله تخريبي ولا ينفع سوى نفسه أو من يدفع له أما الهاكر (قرصان ""القبعة البيضاء"") فعمله مفيد و ينفع الآخرين ","{""question_type"": ""ما الفرق بين""}"
arasag,32,ما الفرق بين عمل قراصنة القبعات البيضاء و عمل قراصنة القبعات السوداء؟,قراصنة القبعات البيضاء هدفهم تطوير دفاعات الانظمة المعلوماتية و ايجاد الثغرات للتبليغ عنها او محاول اصلاحها دون استغلالها اما قراصنة القبعات السوداء هدفهم التدمير و تخريب المعلومات في اطار غير قانوني ,5,0.0,5.0,cybercrimes,short_answer,7,arabic,,"للاثنين القدرة على اختراق أنظمة التشغيل والبرامج والشبكات ولكن الكراكر(قرصان  ""القبعة السوداء"") عمله تخريبي ولا ينفع سوى نفسه أو من يدفع له أما الهاكر (قرصان ""القبعة البيضاء"") فعمله مفيد و ينفع الآخرين ","{""question_type"": ""ما الفرق بين""}"
arasag,32,ما الفرق بين عمل قراصنة القبعات البيضاء و عمل قراصنة القبعات السوداء؟,القبعات البيضاء لهم تصاريح بالدخول هدفهم اكتشاف الثغرات و اغلاقها لذلك هدفهم نبيل القبعات السوداء عملهم اجرا مي يعاقب عليه القانون هدفهم الاستيلاء على المعلومات و تحطيم أنظمة الامن للربح من خلال بيعها,4,0.0,5.0,cybercrimes,short_answer,7,arabic,,"للاثنين القدرة على اختراق أنظمة التشغيل والبرامج والشبكات ولكن الكراكر(قرصان  ""القبعة السوداء"") عمله تخريبي ولا ينفع سوى نفسه أو من يدفع له أما الهاكر (قرصان ""القبعة البيضاء"") فعمله مفيد و ينفع الآخرين ","{""question_type"": ""ما الفرق بين""}"
arasag,32,ما الفرق بين عمل قراصنة القبعات البيضاء و عمل قراصنة القبعات السوداء؟,الفارق بين اهدافهم فهدف قراصنة القبعات السوداء هو التخريب و هدف القبعات البيضاء تجديد الانظمة و اصلاحها,4,0.0,5.0,cybercrimes,short_answer,7,arabic,,"للاثنين القدرة على اختراق أنظمة التشغيل والبرامج والشبكات ولكن الكراكر(قرصان  ""القبعة السوداء"") عمله تخريبي ولا ينفع سوى نفسه أو من يدفع له أما الهاكر (قرصان ""القبعة البيضاء"") فعمله مفيد و ينفع الآخرين ","{""question_type"": ""ما الفرق بين""}"
arasag,32,ما الفرق بين عمل قراصنة القبعات البيضاء و عمل قراصنة القبعات السوداء؟,الفرق هو ان القبعات السوداء تستعمل خبراتها و ذكائها من اجل مكاسب شخصية و بغية التخريب اما القبعات البيضاء فمن اجل زيادة دفاع و الامان,4,0.0,5.0,cybercrimes,short_answer,7,arabic,,"للاثنين القدرة على اختراق أنظمة التشغيل والبرامج والشبكات ولكن الكراكر(قرصان  ""القبعة السوداء"") عمله تخريبي ولا ينفع سوى نفسه أو من يدفع له أما الهاكر (قرصان ""القبعة البيضاء"") فعمله مفيد و ينفع الآخرين ","{""question_type"": ""ما الفرق بين""}"
arasag,32,ما الفرق بين عمل قراصنة القبعات البيضاء و عمل قراصنة القبعات السوداء؟,قراصنة القبعات البيضاء هم خبراء في اختراق نظام امن الكمبيوتر و يستغلون قدراتهم في الأغراض الجيدة و الاخلاقية قراصنة القبعات السوداء يسخرون ذكائهم بطريقة شريرة للقيام بسرقة المعلومات الشخصية للناس و تكسرت انظمة الامن لأهداف تخريبية,5,0.0,5.0,cybercrimes,short_answer,7,arabic,,"للاثنين القدرة على اختراق أنظمة التشغيل والبرامج والشبكات ولكن الكراكر(قرصان  ""القبعة السوداء"") عمله تخريبي ولا ينفع سوى نفسه أو من يدفع له أما الهاكر (قرصان ""القبعة البيضاء"") فعمله مفيد و ينفع الآخرين ","{""question_type"": ""ما الفرق بين""}"
arasag,32,ما الفرق بين عمل قراصنة القبعات البيضاء و عمل قراصنة القبعات السوداء؟,عمل قراصنة القبعات البيضاء سلمي يهدف الى المساعدة في اكتشاف عيوب البرامج الانظمة للتحسين منها اما قراصنة القبعات السوداء فيكون لتحقيق مكسب اما شخصي او لطرف اخر مقابل عائد مادي مثل الاختراق لسرقة المعلومات او تخريبها,4,0.0,5.0,cybercrimes,short_answer,7,arabic,,"للاثنين القدرة على اختراق أنظمة التشغيل والبرامج والشبكات ولكن الكراكر(قرصان  ""القبعة السوداء"") عمله تخريبي ولا ينفع سوى نفسه أو من يدفع له أما الهاكر (قرصان ""القبعة البيضاء"") فعمله مفيد و ينفع الآخرين ","{""question_type"": ""ما الفرق بين""}"
arasag,32,ما الفرق بين عمل قراصنة القبعات البيضاء و عمل قراصنة القبعات السوداء؟,عمل قراصنة القبعات البيضاء يكمن في تطوير استعمال معارفها و مهاراتها في الاختراق لمساعدة تطوير مستوى الامن بينما القبعات السوداء فهي تقوم بالاختراق بهدم سرقة و اتلاف المعلومات و اجهزة النظام المعلومات أي للجانب السيئ ,4,0.0,5.0,cybercrimes,short_answer,7,arabic,,"للاثنين القدرة على اختراق أنظمة التشغيل والبرامج والشبكات ولكن الكراكر(قرصان  ""القبعة السوداء"") عمله تخريبي ولا ينفع سوى نفسه أو من يدفع له أما الهاكر (قرصان ""القبعة البيضاء"") فعمله مفيد و ينفع الآخرين ","{""question_type"": ""ما الفرق بين""}"
arasag,32,ما الفرق بين عمل قراصنة القبعات البيضاء و عمل قراصنة القبعات السوداء؟,القبعات البيضاء يعلمون كيف يعمل النظام عملهم أخلاقي فيحاولون تحسينه و حمايته، القبعات السوداء يقومون باختراق الانظمة و غيرها لكسب معلومات او مال هذا لصالحهم الشخصي عملهم  غير اخلاقي يعلمون خبايا النظام و يعملون لتخريبه و الاستفادة منه ,4,0.0,5.0,cybercrimes,short_answer,7,arabic,,"للاثنين القدرة على اختراق أنظمة التشغيل والبرامج والشبكات ولكن الكراكر(قرصان  ""القبعة السوداء"") عمله تخريبي ولا ينفع سوى نفسه أو من يدفع له أما الهاكر (قرصان ""القبعة البيضاء"") فعمله مفيد و ينفع الآخرين ","{""question_type"": ""ما الفرق بين""}"
arasag,31,ما الفرق بين عمل قراصنة القبعات  الرمادية و عمل قراصنة القبعات السوداء؟,القبعات السوداء: تعمل على اختراق وتدمير أنظمة المعلومات لأهداف شريرة ومقاصد شخصية، القبعات الرمادية: هي مجموعات تعمل على اختراق واقتحام أنظمة المعلومات دون اهداف شخصية أو تخريبية.,3,0.0,5.0,cybercrimes,short_answer,7,arabic,,الاثنين عملهما تخريبي لتحقيق مكاسب شخصية بالنسبة لقراصنة القبعات السوداء و بدون  مكاسب بالنسبة لقراصنة القبعات الرمادية التي ترتكب جرائم غير أخلاقية  كاختراق نظام أمان بدون إذن أو الكشف العلني لعيوب الأمن في أنظمة المؤسسات وإن كانت بدون نية تخريبية مسبقة,"{""question_type"": ""ما الفرق بين""}"
arasag,31,ما الفرق بين عمل قراصنة القبعات  الرمادية و عمل قراصنة القبعات السوداء؟,قراصنة القبعات السوداء: يقومون بأعمال شريرة وتخريبية ولا ينفعون سوى أنفسهم أو من يدفع لهم أما قراصنة القبعات الرمادية فيقومون بأعمال غير قانونية بهدف المتعة ولأسباب فنية,3,0.0,5.0,cybercrimes,short_answer,7,arabic,,الاثنين عملهما تخريبي لتحقيق مكاسب شخصية بالنسبة لقراصنة القبعات السوداء و بدون  مكاسب بالنسبة لقراصنة القبعات الرمادية التي ترتكب جرائم غير أخلاقية  كاختراق نظام أمان بدون إذن أو الكشف العلني لعيوب الأمن في أنظمة المؤسسات وإن كانت بدون نية تخريبية مسبقة,"{""question_type"": ""ما الفرق بين""}"
arasag,31,ما الفرق بين عمل قراصنة القبعات  الرمادية و عمل قراصنة القبعات السوداء؟,قراصنة القبعات الرمادية يقومون بإختراق الأنظمة والمؤسسات عن طريق الفجوات الضعيفة غي البرامج ويقومون بكشف هذه الثغرات لأسباب شريرة، قراصنة القبعات السوداء يقومون بإستغلال هذه الثغرات للقيام بتخريب أو العبث بالبيانات أو سرقتها أو إتلافها.,3,0.0,5.0,cybercrimes,short_answer,7,arabic,,الاثنين عملهما تخريبي لتحقيق مكاسب شخصية بالنسبة لقراصنة القبعات السوداء و بدون  مكاسب بالنسبة لقراصنة القبعات الرمادية التي ترتكب جرائم غير أخلاقية  كاختراق نظام أمان بدون إذن أو الكشف العلني لعيوب الأمن في أنظمة المؤسسات وإن كانت بدون نية تخريبية مسبقة,"{""question_type"": ""ما الفرق بين""}"
arasag,31,ما الفرق بين عمل قراصنة القبعات  الرمادية و عمل قراصنة القبعات السوداء؟,قراصنة القبعة الرمادية يقوم بأعمال لاختراق لكن ليس لأسباب شخصية أو للكسب المادي قد يقومون بالإختراق بطرق غير قانونية والكشف العادي لبعض المواقع أما قراصنة القبعة السوداء هم مجرمو الكمبيوتر يستخدمون قدراتهم لأغراض غير حسوبة بطرق شريرة,4,0.0,5.0,cybercrimes,short_answer,7,arabic,,الاثنين عملهما تخريبي لتحقيق مكاسب شخصية بالنسبة لقراصنة القبعات السوداء و بدون  مكاسب بالنسبة لقراصنة القبعات الرمادية التي ترتكب جرائم غير أخلاقية  كاختراق نظام أمان بدون إذن أو الكشف العلني لعيوب الأمن في أنظمة المؤسسات وإن كانت بدون نية تخريبية مسبقة,"{""question_type"": ""ما الفرق بين""}"
arasag,31,ما الفرق بين عمل قراصنة القبعات  الرمادية و عمل قراصنة القبعات السوداء؟,القبعة السوداء هم اللذين يشغلون ذكائهم لإيذاء الأخرين وسرقة معلوماتهم السرية أما القبعة الرمادية تستغل نظام الكومبيوتر كما تقوم بها القبعة السوداء لكن بدون اي نية خبيثة مع ذلك يعتبر كل اختراق نظام آمن أمر غير قانوني.,3,0.0,5.0,cybercrimes,short_answer,7,arabic,,الاثنين عملهما تخريبي لتحقيق مكاسب شخصية بالنسبة لقراصنة القبعات السوداء و بدون  مكاسب بالنسبة لقراصنة القبعات الرمادية التي ترتكب جرائم غير أخلاقية  كاختراق نظام أمان بدون إذن أو الكشف العلني لعيوب الأمن في أنظمة المؤسسات وإن كانت بدون نية تخريبية مسبقة,"{""question_type"": ""ما الفرق بين""}"
arasag,31,ما الفرق بين عمل قراصنة القبعات  الرمادية و عمل قراصنة القبعات السوداء؟,عمل قراصنة القبعات الرمادية ليس لهدف شخصي؛ فهو يقوم بالاختراق واخبار المؤسسة به أو فضحهم عبر لأنترنت؛ عكس ذلك فإن عمل قراصنة القبعات السوداء يكون لهدف شخصي لسرقة معلومات أو سرقة رقم السري؛ أو لغرض مادي.,4,0.0,5.0,cybercrimes,short_answer,7,arabic,,الاثنين عملهما تخريبي لتحقيق مكاسب شخصية بالنسبة لقراصنة القبعات السوداء و بدون  مكاسب بالنسبة لقراصنة القبعات الرمادية التي ترتكب جرائم غير أخلاقية  كاختراق نظام أمان بدون إذن أو الكشف العلني لعيوب الأمن في أنظمة المؤسسات وإن كانت بدون نية تخريبية مسبقة,"{""question_type"": ""ما الفرق بين""}"
arasag,31,ما الفرق بين عمل قراصنة القبعات  الرمادية و عمل قراصنة القبعات السوداء؟,القبعات الرمادية لا تقوم بتحقيق مكاسب شخصية لها ولكنها في بعض الأحيان تقوم باختراقات غير قانونية اما القبعة السوداء فتقوم بتحقيق مكاسب شخصية او من يدفع لها فتقوم باختراق انظمة التشغيل وتخريبها وسرقة المعلومات الخاصة,4,0.0,5.0,cybercrimes,short_answer,7,arabic,,الاثنين عملهما تخريبي لتحقيق مكاسب شخصية بالنسبة لقراصنة القبعات السوداء و بدون  مكاسب بالنسبة لقراصنة القبعات الرمادية التي ترتكب جرائم غير أخلاقية  كاختراق نظام أمان بدون إذن أو الكشف العلني لعيوب الأمن في أنظمة المؤسسات وإن كانت بدون نية تخريبية مسبقة,"{""question_type"": ""ما الفرق بين""}"
arasag,31,ما الفرق بين عمل قراصنة القبعات  الرمادية و عمل قراصنة القبعات السوداء؟,يقوم القبعات السوداء بالجرائم لغاية اِلحاق الضرر والسوء أما القبعات الرمادية فيقومون بقرصنة موقع اِلكتروني مثلا وغايتهم ليس اِلحاق الضرر ولكنهم سيساهمون في ذلك لأنهم يتيحون الفرصة للقبعات السوداء باستعمال تلك المعلومات لإرتكاب جريمة خطيرة.,4,0.0,5.0,cybercrimes,short_answer,7,arabic,,الاثنين عملهما تخريبي لتحقيق مكاسب شخصية بالنسبة لقراصنة القبعات السوداء و بدون  مكاسب بالنسبة لقراصنة القبعات الرمادية التي ترتكب جرائم غير أخلاقية  كاختراق نظام أمان بدون إذن أو الكشف العلني لعيوب الأمن في أنظمة المؤسسات وإن كانت بدون نية تخريبية مسبقة,"{""question_type"": ""ما الفرق بين""}"
arasag,31,ما الفرق بين عمل قراصنة القبعات  الرمادية و عمل قراصنة القبعات السوداء؟,القبعات السوداء هم لأشرار يتعلمون البرمجة وعمل الحاسب لسرقة المعلومات واختراق أنظمة لأمان والتخريب مجرمو الكمبيوتر بطريقة غير قانونية لتحقيق المكاسب الشخصية اما الرمادية لا يسعون خلف المكاسب لكنهم يقومون بجرائم غير قانونية لإختراق الأنظمة دون إذن ونشرها عامة يمكن للقبعات السوداء الإستفادة منها.,4,0.0,5.0,cybercrimes,short_answer,7,arabic,,الاثنين عملهما تخريبي لتحقيق مكاسب شخصية بالنسبة لقراصنة القبعات السوداء و بدون  مكاسب بالنسبة لقراصنة القبعات الرمادية التي ترتكب جرائم غير أخلاقية  كاختراق نظام أمان بدون إذن أو الكشف العلني لعيوب الأمن في أنظمة المؤسسات وإن كانت بدون نية تخريبية مسبقة,"{""question_type"": ""ما الفرق بين""}"
arasag,31,ما الفرق بين عمل قراصنة القبعات  الرمادية و عمل قراصنة القبعات السوداء؟,قراصنة القبعات الرمادية يعمل لمصلحة الشخصية ويخترق من الجهة الفنية فقط؛ وقد يكشف الثغرة التي عثر عليها للشركة المخترقة، أما قراصنة القبعات السوداء فيستغلون المعلومات المخترقة لبيعها للجهة المنافسة  ,4,0.0,5.0,cybercrimes,short_answer,7,arabic,,الاثنين عملهما تخريبي لتحقيق مكاسب شخصية بالنسبة لقراصنة القبعات السوداء و بدون  مكاسب بالنسبة لقراصنة القبعات الرمادية التي ترتكب جرائم غير أخلاقية  كاختراق نظام أمان بدون إذن أو الكشف العلني لعيوب الأمن في أنظمة المؤسسات وإن كانت بدون نية تخريبية مسبقة,"{""question_type"": ""ما الفرق بين""}"
arasag,31,ما الفرق بين عمل قراصنة القبعات  الرمادية و عمل قراصنة القبعات السوداء؟,قراصنة القبعة السوداء يستخدمون ذكائهم بطريقة شريرة من أجل اختراق الأجهزة وسرقة المعلومات لتحقيق مصالح شخصية، أما قراصنة القبعات الرمادية: هم يستخدمون قدراتهم لإختراق لأجهزة دون إذن ولكن دون عائدات شخصية.,3,0.0,5.0,cybercrimes,short_answer,7,arabic,,الاثنين عملهما تخريبي لتحقيق مكاسب شخصية بالنسبة لقراصنة القبعات السوداء و بدون  مكاسب بالنسبة لقراصنة القبعات الرمادية التي ترتكب جرائم غير أخلاقية  كاختراق نظام أمان بدون إذن أو الكشف العلني لعيوب الأمن في أنظمة المؤسسات وإن كانت بدون نية تخريبية مسبقة,"{""question_type"": ""ما الفرق بين""}"
arasag,31,ما الفرق بين عمل قراصنة القبعات  الرمادية و عمل قراصنة القبعات السوداء؟,قراصنة القبعات الرمادية: لاختراق من غير إذن وذلك ينجم عنه فتح ثغرات لاصحاب القبعات السوداء، الذي يقومون بالتخريب والسرقة وهدفهم الوحيد هو خططهم الشريرة.,3,0.0,5.0,cybercrimes,short_answer,7,arabic,,الاثنين عملهما تخريبي لتحقيق مكاسب شخصية بالنسبة لقراصنة القبعات السوداء و بدون  مكاسب بالنسبة لقراصنة القبعات الرمادية التي ترتكب جرائم غير أخلاقية  كاختراق نظام أمان بدون إذن أو الكشف العلني لعيوب الأمن في أنظمة المؤسسات وإن كانت بدون نية تخريبية مسبقة,"{""question_type"": ""ما الفرق بين""}"
arasag,31,ما الفرق بين عمل قراصنة القبعات  الرمادية و عمل قراصنة القبعات السوداء؟,قراصنة القبعة السوداء وكتابة البرامج لكي يقومون بسرقة المعلومات وتغيير البيانات، قراصنة القبعات الرمادية يستخدمون برامج للدخول الى المواقع الممنوعة كمواقع الجنس.,2,0.0,5.0,cybercrimes,short_answer,7,arabic,,الاثنين عملهما تخريبي لتحقيق مكاسب شخصية بالنسبة لقراصنة القبعات السوداء و بدون  مكاسب بالنسبة لقراصنة القبعات الرمادية التي ترتكب جرائم غير أخلاقية  كاختراق نظام أمان بدون إذن أو الكشف العلني لعيوب الأمن في أنظمة المؤسسات وإن كانت بدون نية تخريبية مسبقة,"{""question_type"": ""ما الفرق بين""}"
arasag,31,ما الفرق بين عمل قراصنة القبعات  الرمادية و عمل قراصنة القبعات السوداء؟,يكمن هدف القبعات السوداء في القرصنة و الإختراق من أجل تخريب الأنظمة أو سرقة المعلومات أو تغييرها فهدفهم شرير أما القبعات الرمادية يقومون بمشاركة الثغرات الأمنية لأنظمة هذه الشركات من أجل الإساءة إلى سمعة هذه الشركات أو بهدف التحدي و  إبراز مهاراتهم,4,0.0,5.0,cybercrimes,short_answer,7,arabic,,الاثنين عملهما تخريبي لتحقيق مكاسب شخصية بالنسبة لقراصنة القبعات السوداء و بدون  مكاسب بالنسبة لقراصنة القبعات الرمادية التي ترتكب جرائم غير أخلاقية  كاختراق نظام أمان بدون إذن أو الكشف العلني لعيوب الأمن في أنظمة المؤسسات وإن كانت بدون نية تخريبية مسبقة,"{""question_type"": ""ما الفرق بين""}"
arasag,31,ما الفرق بين عمل قراصنة القبعات  الرمادية و عمل قراصنة القبعات السوداء؟,قراصنة القبعات الرمادية يقومون باختراق المواقع و سرقة المعلومات مع نشر هذه الأخيرة بدون إذن بينما قراصنة القبعات السوداء يقومون باختراق المواقع و البرامج من أجل فوائد مالية,4,0.0,5.0,cybercrimes,short_answer,7,arabic,,الاثنين عملهما تخريبي لتحقيق مكاسب شخصية بالنسبة لقراصنة القبعات السوداء و بدون  مكاسب بالنسبة لقراصنة القبعات الرمادية التي ترتكب جرائم غير أخلاقية  كاختراق نظام أمان بدون إذن أو الكشف العلني لعيوب الأمن في أنظمة المؤسسات وإن كانت بدون نية تخريبية مسبقة,"{""question_type"": ""ما الفرق بين""}"
arasag,31,ما الفرق بين عمل قراصنة القبعات  الرمادية و عمل قراصنة القبعات السوداء؟,قراصنة القبعات الرمادية و السوداء كلاهما يتسللون بطرق غير قانونية و غير أخلاقية لكن أصحاب القبعات السوداء يخترقون لتحقيق مكاسب شخصية أو مالية لكن أصحاب القبعات الرمادية يهدفون الى التشهير و إبتزاز فقط أو مساعدة لإظهار الثغرات أمنية  ,4,0.0,5.0,cybercrimes,short_answer,7,arabic,,الاثنين عملهما تخريبي لتحقيق مكاسب شخصية بالنسبة لقراصنة القبعات السوداء و بدون  مكاسب بالنسبة لقراصنة القبعات الرمادية التي ترتكب جرائم غير أخلاقية  كاختراق نظام أمان بدون إذن أو الكشف العلني لعيوب الأمن في أنظمة المؤسسات وإن كانت بدون نية تخريبية مسبقة,"{""question_type"": ""ما الفرق بين""}"
arasag,31,ما الفرق بين عمل قراصنة القبعات  الرمادية و عمل قراصنة القبعات السوداء؟,القبعات السوداء يستعملون ذكائهم وقدراتهم لمصالحهم الشخصية خاصة فهي تخترق نظام تجد العيوب و تنشر العيب بشكل علني لكي تفضح عيب مؤسسة ما ,3,0.0,5.0,cybercrimes,short_answer,7,arabic,,الاثنين عملهما تخريبي لتحقيق مكاسب شخصية بالنسبة لقراصنة القبعات السوداء و بدون  مكاسب بالنسبة لقراصنة القبعات الرمادية التي ترتكب جرائم غير أخلاقية  كاختراق نظام أمان بدون إذن أو الكشف العلني لعيوب الأمن في أنظمة المؤسسات وإن كانت بدون نية تخريبية مسبقة,"{""question_type"": ""ما الفرق بين""}"
arasag,31,ما الفرق بين عمل قراصنة القبعات  الرمادية و عمل قراصنة القبعات السوداء؟,الفرق بين عمل قراصنة القبعات الرمادية و عمل قراصنة القبعات السوداء هو ان عمل القبعة الرمادية غير اخلاقي و ان عمل القبعة السوداء هو انهم اشخاص يهتمون بطريقة شريرة للأحول إلى النظام المعلوماتي ,2,0.0,5.0,cybercrimes,short_answer,7,arabic,,الاثنين عملهما تخريبي لتحقيق مكاسب شخصية بالنسبة لقراصنة القبعات السوداء و بدون  مكاسب بالنسبة لقراصنة القبعات الرمادية التي ترتكب جرائم غير أخلاقية  كاختراق نظام أمان بدون إذن أو الكشف العلني لعيوب الأمن في أنظمة المؤسسات وإن كانت بدون نية تخريبية مسبقة,"{""question_type"": ""ما الفرق بين""}"
arasag,31,ما الفرق بين عمل قراصنة القبعات  الرمادية و عمل قراصنة القبعات السوداء؟,كلا منهما يملكان قدرات و مواهب في كتابة و تصميم برامج و قدرة فهم كيفية عمل الحاسب و لكن فرق هو هو ان قبعات سوداء يسخرون ذكائهم لتخريب و إتلاف اما قبعات الرمادية فيقومون فقط بنشر ثغارات علنا,3,0.0,5.0,cybercrimes,short_answer,7,arabic,,الاثنين عملهما تخريبي لتحقيق مكاسب شخصية بالنسبة لقراصنة القبعات السوداء و بدون  مكاسب بالنسبة لقراصنة القبعات الرمادية التي ترتكب جرائم غير أخلاقية  كاختراق نظام أمان بدون إذن أو الكشف العلني لعيوب الأمن في أنظمة المؤسسات وإن كانت بدون نية تخريبية مسبقة,"{""question_type"": ""ما الفرق بين""}"
arasag,31,ما الفرق بين عمل قراصنة القبعات  الرمادية و عمل قراصنة القبعات السوداء؟,قراصنة القبعة الرمادية يقومون بنشر و فضح الخلل الذي وجدوه في نظام ما مما يؤدي عامة إلى جلب نظر قراصنة القبعة السوداء. أما قراصنة القبعة السوداء هدفها التخريب و الإستلاء على الأموال و سرقة المعلومات إلخ,4,0.0,5.0,cybercrimes,short_answer,7,arabic,,الاثنين عملهما تخريبي لتحقيق مكاسب شخصية بالنسبة لقراصنة القبعات السوداء و بدون  مكاسب بالنسبة لقراصنة القبعات الرمادية التي ترتكب جرائم غير أخلاقية  كاختراق نظام أمان بدون إذن أو الكشف العلني لعيوب الأمن في أنظمة المؤسسات وإن كانت بدون نية تخريبية مسبقة,"{""question_type"": ""ما الفرق بين""}"
arasag,31,ما الفرق بين عمل قراصنة القبعات  الرمادية و عمل قراصنة القبعات السوداء؟,يكون عمل قراصنة القبعة الرمادية يقومون بإختراق بدون إذن لكن ليس لأغراض شخصية فيقومون بنشر ثغرات ، أما القبعات السوداء يقوم بالإختراق لأغراض شخصية فيقومون بتغيير و تخريب البيانات,3,0.0,5.0,cybercrimes,short_answer,7,arabic,,الاثنين عملهما تخريبي لتحقيق مكاسب شخصية بالنسبة لقراصنة القبعات السوداء و بدون  مكاسب بالنسبة لقراصنة القبعات الرمادية التي ترتكب جرائم غير أخلاقية  كاختراق نظام أمان بدون إذن أو الكشف العلني لعيوب الأمن في أنظمة المؤسسات وإن كانت بدون نية تخريبية مسبقة,"{""question_type"": ""ما الفرق بين""}"
arasag,31,ما الفرق بين عمل قراصنة القبعات  الرمادية و عمل قراصنة القبعات السوداء؟,قراصنة القبعة السوداء يخترقون الأجهزة الإلكترونية لأسباب غير أخلاقية أو للحصول على مكاسب مادية بطرق غير قانونية. أما قراصنة القبعة الرمادية يعملون على إكتشاف الثغرات بدون إذن و لكن ليس من أجل التخريب بل يعرضون إصلاح الثغرات الأمنية مقابل دخل مادي ,4,0.0,5.0,cybercrimes,short_answer,7,arabic,,الاثنين عملهما تخريبي لتحقيق مكاسب شخصية بالنسبة لقراصنة القبعات السوداء و بدون  مكاسب بالنسبة لقراصنة القبعات الرمادية التي ترتكب جرائم غير أخلاقية  كاختراق نظام أمان بدون إذن أو الكشف العلني لعيوب الأمن في أنظمة المؤسسات وإن كانت بدون نية تخريبية مسبقة,"{""question_type"": ""ما الفرق بين""}"
arasag,31,ما الفرق بين عمل قراصنة القبعات  الرمادية و عمل قراصنة القبعات السوداء؟,القبعات الرمادية مهمتهم إيجاد الثغرات و نشرها للجميع يستعملها قراصنة القبعات السوداء أما القبعات السوداء فمهمتهم قرصنة الأنظمة من أجل تخريبها أو الحصول على معلومات و التلاعب بها,4,0.0,5.0,cybercrimes,short_answer,7,arabic,,الاثنين عملهما تخريبي لتحقيق مكاسب شخصية بالنسبة لقراصنة القبعات السوداء و بدون  مكاسب بالنسبة لقراصنة القبعات الرمادية التي ترتكب جرائم غير أخلاقية  كاختراق نظام أمان بدون إذن أو الكشف العلني لعيوب الأمن في أنظمة المؤسسات وإن كانت بدون نية تخريبية مسبقة,"{""question_type"": ""ما الفرق بين""}"
arasag,31,ما الفرق بين عمل قراصنة القبعات  الرمادية و عمل قراصنة القبعات السوداء؟,القبعة السوداء و القبعة الرمادية يرتكبون الجريمة في إطار غير قانوني و غير أخلاقي لكن القبعة السوداء شريرة في عملها فقد تتلف النظام و تسرق المعلومات أما القبعة الرمادية فتخبر المؤسسة بتصحيح الخطأ بعد الإختراق,4,0.0,5.0,cybercrimes,short_answer,7,arabic,,الاثنين عملهما تخريبي لتحقيق مكاسب شخصية بالنسبة لقراصنة القبعات السوداء و بدون  مكاسب بالنسبة لقراصنة القبعات الرمادية التي ترتكب جرائم غير أخلاقية  كاختراق نظام أمان بدون إذن أو الكشف العلني لعيوب الأمن في أنظمة المؤسسات وإن كانت بدون نية تخريبية مسبقة,"{""question_type"": ""ما الفرق بين""}"
arasag,31,ما الفرق بين عمل قراصنة القبعات  الرمادية و عمل قراصنة القبعات السوداء؟,القبعة السوداء يستعملون مهاراتهم لأغراض شريرة كسرقة الأموال و القرصنة و إختراق أجهزة الأمن… أما القبعات الرمادية فيقومون بإختراق أجهزة الأمن دون الحصول على إذن لكنهم لا يقومون بأفعال شريرة حيث أحيانا ينشرون الخلل إلى عامة الناس,2,0.0,5.0,cybercrimes,short_answer,7,arabic,,الاثنين عملهما تخريبي لتحقيق مكاسب شخصية بالنسبة لقراصنة القبعات السوداء و بدون  مكاسب بالنسبة لقراصنة القبعات الرمادية التي ترتكب جرائم غير أخلاقية  كاختراق نظام أمان بدون إذن أو الكشف العلني لعيوب الأمن في أنظمة المؤسسات وإن كانت بدون نية تخريبية مسبقة,"{""question_type"": ""ما الفرق بين""}"
arasag,31,ما الفرق بين عمل قراصنة القبعات  الرمادية و عمل قراصنة القبعات السوداء؟,قراصنة القبعات الرمادية: يقومون بإختراق المؤسسات و إظهار الثغرات للجميع مما يؤدي إلى تعرض هذه الشركات لثغرات قبل إصلاحها وبدون فوائد شخصية للقبعات الرمادية بطريقة غير قانونية ، أما القبعات السوداء فتقوم يإختراق البرامج و الشركات لكسب الأموال و تهديد و  هم مجرمون,4,0.0,5.0,cybercrimes,short_answer,7,arabic,,الاثنين عملهما تخريبي لتحقيق مكاسب شخصية بالنسبة لقراصنة القبعات السوداء و بدون  مكاسب بالنسبة لقراصنة القبعات الرمادية التي ترتكب جرائم غير أخلاقية  كاختراق نظام أمان بدون إذن أو الكشف العلني لعيوب الأمن في أنظمة المؤسسات وإن كانت بدون نية تخريبية مسبقة,"{""question_type"": ""ما الفرق بين""}"
arasag,31,ما الفرق بين عمل قراصنة القبعات  الرمادية و عمل قراصنة القبعات السوداء؟,قراصنة القبعة الرمادية يقوم بالإختراق بدون إذن لكن لن يفسدو في تلك المعلومات و يغيرون ذلك أما القبعة السوداء يقوم بالإختراق و إفساد كل المعلومات,3,0.0,5.0,cybercrimes,short_answer,7,arabic,,الاثنين عملهما تخريبي لتحقيق مكاسب شخصية بالنسبة لقراصنة القبعات السوداء و بدون  مكاسب بالنسبة لقراصنة القبعات الرمادية التي ترتكب جرائم غير أخلاقية  كاختراق نظام أمان بدون إذن أو الكشف العلني لعيوب الأمن في أنظمة المؤسسات وإن كانت بدون نية تخريبية مسبقة,"{""question_type"": ""ما الفرق بين""}"
arasag,31,ما الفرق بين عمل قراصنة القبعات  الرمادية و عمل قراصنة القبعات السوداء؟,الفرق هو أن عمل قراصنة القبعة السوداء يكون على الأغلب تخريبي قصد الاستفادة من شيء ما أو لصالح شخص معين، أما القبعات الرمادية فيكون بدافع المتعة و التحدي,2,0.0,5.0,cybercrimes,short_answer,7,arabic,,الاثنين عملهما تخريبي لتحقيق مكاسب شخصية بالنسبة لقراصنة القبعات السوداء و بدون  مكاسب بالنسبة لقراصنة القبعات الرمادية التي ترتكب جرائم غير أخلاقية  كاختراق نظام أمان بدون إذن أو الكشف العلني لعيوب الأمن في أنظمة المؤسسات وإن كانت بدون نية تخريبية مسبقة,"{""question_type"": ""ما الفرق بين""}"
arasag,31,ما الفرق بين عمل قراصنة القبعات  الرمادية و عمل قراصنة القبعات السوداء؟,قراصنة القبعات السوداء هدفهم التخريب السرقة التهديد، قراصنة القبعات الرمادية يعملون على جعل البرامج مجانية هدفهم مساعدة مستخدمي الإنترنت و البرامج هدف تعليمي,2,0.0,5.0,cybercrimes,short_answer,7,arabic,,الاثنين عملهما تخريبي لتحقيق مكاسب شخصية بالنسبة لقراصنة القبعات السوداء و بدون  مكاسب بالنسبة لقراصنة القبعات الرمادية التي ترتكب جرائم غير أخلاقية  كاختراق نظام أمان بدون إذن أو الكشف العلني لعيوب الأمن في أنظمة المؤسسات وإن كانت بدون نية تخريبية مسبقة,"{""question_type"": ""ما الفرق بين""}"
arasag,31,ما الفرق بين عمل قراصنة القبعات  الرمادية و عمل قراصنة القبعات السوداء؟,قراصنة القبعات السوداء عملهم سرقة أو تخريب المعلومات أما قراصنة القبعات الرمادية فهو كشف هذه المعلومات,1,0.0,5.0,cybercrimes,short_answer,7,arabic,,الاثنين عملهما تخريبي لتحقيق مكاسب شخصية بالنسبة لقراصنة القبعات السوداء و بدون  مكاسب بالنسبة لقراصنة القبعات الرمادية التي ترتكب جرائم غير أخلاقية  كاختراق نظام أمان بدون إذن أو الكشف العلني لعيوب الأمن في أنظمة المؤسسات وإن كانت بدون نية تخريبية مسبقة,"{""question_type"": ""ما الفرق بين""}"
arasag,31,ما الفرق بين عمل قراصنة القبعات  الرمادية و عمل قراصنة القبعات السوداء؟,قراصنة القبعات السوداء يقومون بالقرصنة من اجل الاستفادة الشخصية او العمل عند جهات اخرى من مصلحتها تخريب الجهاز او سرقة البيانات الشخصية اما قراصنة القبعات الرمادية يدخلون للجهاز من اجل معرفة البرامج بطريقة غير قانونية ولا يستعملون الثغرات للشيء,4,0.0,5.0,cybercrimes,short_answer,7,arabic,,الاثنين عملهما تخريبي لتحقيق مكاسب شخصية بالنسبة لقراصنة القبعات السوداء و بدون  مكاسب بالنسبة لقراصنة القبعات الرمادية التي ترتكب جرائم غير أخلاقية  كاختراق نظام أمان بدون إذن أو الكشف العلني لعيوب الأمن في أنظمة المؤسسات وإن كانت بدون نية تخريبية مسبقة,"{""question_type"": ""ما الفرق بين""}"
arasag,31,ما الفرق بين عمل قراصنة القبعات  الرمادية و عمل قراصنة القبعات السوداء؟,قراصنة القبعات السوداء يقومون باختراق النظام لأغراض سيئة و حسب حاجيته الشخصية اما قراصنة القبعات الرمادية فهي تقوم باختراق الانظمة بهدف اكتشاف الثغرات و طرح اصلاحه على المنظمة المخترقة,4,0.0,5.0,cybercrimes,short_answer,7,arabic,,الاثنين عملهما تخريبي لتحقيق مكاسب شخصية بالنسبة لقراصنة القبعات السوداء و بدون  مكاسب بالنسبة لقراصنة القبعات الرمادية التي ترتكب جرائم غير أخلاقية  كاختراق نظام أمان بدون إذن أو الكشف العلني لعيوب الأمن في أنظمة المؤسسات وإن كانت بدون نية تخريبية مسبقة,"{""question_type"": ""ما الفرق بين""}"
arasag,31,ما الفرق بين عمل قراصنة القبعات  الرمادية و عمل قراصنة القبعات السوداء؟,القبعات الرمادية لا يقوم بالاختراق من اجل المصلحة الشخصية لكنهم يعملون بدون ادن او تصريح، القبعات السوداء يقوم بالاختراق من اجل المصلحة الشخصية وعمله تخريبي ,3,0.0,5.0,cybercrimes,short_answer,7,arabic,,الاثنين عملهما تخريبي لتحقيق مكاسب شخصية بالنسبة لقراصنة القبعات السوداء و بدون  مكاسب بالنسبة لقراصنة القبعات الرمادية التي ترتكب جرائم غير أخلاقية  كاختراق نظام أمان بدون إذن أو الكشف العلني لعيوب الأمن في أنظمة المؤسسات وإن كانت بدون نية تخريبية مسبقة,"{""question_type"": ""ما الفرق بين""}"
arasag,31,ما الفرق بين عمل قراصنة القبعات  الرمادية و عمل قراصنة القبعات السوداء؟,قراصنة القبعات السوداء عملها التخريب و سرقة البيانات بشكل غير قانوني، القبعات الرمادية تخترق الوسائل بشكل غير قانوني تعمل دون تخريب,4,0.0,5.0,cybercrimes,short_answer,7,arabic,,الاثنين عملهما تخريبي لتحقيق مكاسب شخصية بالنسبة لقراصنة القبعات السوداء و بدون  مكاسب بالنسبة لقراصنة القبعات الرمادية التي ترتكب جرائم غير أخلاقية  كاختراق نظام أمان بدون إذن أو الكشف العلني لعيوب الأمن في أنظمة المؤسسات وإن كانت بدون نية تخريبية مسبقة,"{""question_type"": ""ما الفرق بين""}"
arasag,31,ما الفرق بين عمل قراصنة القبعات  الرمادية و عمل قراصنة القبعات السوداء؟,قراصنة القبعات السوداء هم اشخاص موهوبون يستعملون موهبتهم بطريقة شريرة بحيث يخترقون النظام لسرقة المعلومات لكن قرصنة القبعات الرمادية لا يستخدمون دكاءهم لأغراض شخصية لكن يقومون بجرائم فنية بدون ادن او ترخيص,4,0.0,5.0,cybercrimes,short_answer,7,arabic,,الاثنين عملهما تخريبي لتحقيق مكاسب شخصية بالنسبة لقراصنة القبعات السوداء و بدون  مكاسب بالنسبة لقراصنة القبعات الرمادية التي ترتكب جرائم غير أخلاقية  كاختراق نظام أمان بدون إذن أو الكشف العلني لعيوب الأمن في أنظمة المؤسسات وإن كانت بدون نية تخريبية مسبقة,"{""question_type"": ""ما الفرق بين""}"
arasag,31,ما الفرق بين عمل قراصنة القبعات  الرمادية و عمل قراصنة القبعات السوداء؟,عمل قراصنة القبعات السوداء يكون باستخدام قدراتهم على الاختراق لأجل مصالحهم الشخصية و للحصول على مقابل مادي بينما القبعات الرمادية يقومون بالاختراق ليس للحصول على فوائد مادية فقط بل لإصلاح و معرفة الثغرات,4,0.0,5.0,cybercrimes,short_answer,7,arabic,,الاثنين عملهما تخريبي لتحقيق مكاسب شخصية بالنسبة لقراصنة القبعات السوداء و بدون  مكاسب بالنسبة لقراصنة القبعات الرمادية التي ترتكب جرائم غير أخلاقية  كاختراق نظام أمان بدون إذن أو الكشف العلني لعيوب الأمن في أنظمة المؤسسات وإن كانت بدون نية تخريبية مسبقة,"{""question_type"": ""ما الفرق بين""}"
arasag,31,ما الفرق بين عمل قراصنة القبعات  الرمادية و عمل قراصنة القبعات السوداء؟,قراصنة القبعة الرمادية يساهمون في  مساعدة القبعات السوداء عندما ينشرون الثغرات الموجودة على الانترنت اما قراصنة القبعات السوداء اهدافهم شريرة و يخترقون من اجل الحصول على مصالح شخصية,5,0.0,5.0,cybercrimes,short_answer,7,arabic,,الاثنين عملهما تخريبي لتحقيق مكاسب شخصية بالنسبة لقراصنة القبعات السوداء و بدون  مكاسب بالنسبة لقراصنة القبعات الرمادية التي ترتكب جرائم غير أخلاقية  كاختراق نظام أمان بدون إذن أو الكشف العلني لعيوب الأمن في أنظمة المؤسسات وإن كانت بدون نية تخريبية مسبقة,"{""question_type"": ""ما الفرق بين""}"
arasag,28,ما الفرق بين الدود والفيروسات؟,الفيروسات برامج هدفها تخريب و شطب المعلومات والبيانات من ذاكرة الحاسوب لديها خاصية نسخ نفسها، بينما الدود تختلف عن الفيروس بصفة واحدة حيث أنه بينما الفيروس نقوم بالنسخ عن طريق تعدد البرنامج المصاب، يقوم الدود باستغلال ثغرات النظام للقيام بهجوم مباشر.,5,0.0,5.0,cybercrimes,short_answer,7,arabic,,الدود و الفيروسات برامج ماكرة هدفها تخريبي تختلف في طريقة العمل أو الهجوم فبينما يكرر الفيروس نفسه باقترانه ببرامج أخرى تستغل الدودة فجوات في نظام التشغيل للقيام بهجوم مباشر        ,"{""question_type"": ""ما الفرق بين""}"
arasag,28,ما الفرق بين الدود والفيروسات؟,الدودة على غرار الفيروسات لا تحتاج الى برامج مضيفة للانتشار فيمكنها الانتشار لوحدها باستغلال ثغرات في نظام التشغيل,3,0.0,5.0,cybercrimes,short_answer,7,arabic,,الدود و الفيروسات برامج ماكرة هدفها تخريبي تختلف في طريقة العمل أو الهجوم فبينما يكرر الفيروس نفسه باقترانه ببرامج أخرى تستغل الدودة فجوات في نظام التشغيل للقيام بهجوم مباشر        ,"{""question_type"": ""ما الفرق بين""}"
arasag,28,ما الفرق بين الدود والفيروسات؟,هو أن الدود لما يتم تشغيل البرنامج التي تكون فيه فتقوم بتخريب النظام الجهاز ,0,0.0,5.0,cybercrimes,short_answer,7,arabic,,الدود و الفيروسات برامج ماكرة هدفها تخريبي تختلف في طريقة العمل أو الهجوم فبينما يكرر الفيروس نفسه باقترانه ببرامج أخرى تستغل الدودة فجوات في نظام التشغيل للقيام بهجوم مباشر        ,"{""question_type"": ""ما الفرق بين""}"
arasag,28,ما الفرق بين الدود والفيروسات؟,الفيروس هو نظام خبيث يستعمل لتعطيل برنامج عن عمله الأصلي و هو يعمل عندما يكون هذا البرنامج المستهدف يعمل.,2,0.0,5.0,cybercrimes,short_answer,7,arabic,,الدود و الفيروسات برامج ماكرة هدفها تخريبي تختلف في طريقة العمل أو الهجوم فبينما يكرر الفيروس نفسه باقترانه ببرامج أخرى تستغل الدودة فجوات في نظام التشغيل للقيام بهجوم مباشر        ,"{""question_type"": ""ما الفرق بين""}"
arasag,28,ما الفرق بين الدود والفيروسات؟,الفيروسات أعدها الإنسان بهدف التخريب و الشطب فتقوم بمسح بيانات ذاكرة الحاسوب و تكون ضمن برنامج آخر و بإمكانها نسخ نفسها ، أما الدود يقوم بإستغلال ثغرات النظام و تقوم بالمهاجمة مباشرة .,4,0.0,5.0,cybercrimes,short_answer,7,arabic,,الدود و الفيروسات برامج ماكرة هدفها تخريبي تختلف في طريقة العمل أو الهجوم فبينما يكرر الفيروس نفسه باقترانه ببرامج أخرى تستغل الدودة فجوات في نظام التشغيل للقيام بهجوم مباشر        ,"{""question_type"": ""ما الفرق بين""}"
arasag,28,ما الفرق بين الدود والفيروسات؟,الفيروسات يقترن لنشأ نفسها على برامج أخرى و الدود يتسلل داخل الأنظمة للخراب .,1,0.0,5.0,cybercrimes,short_answer,7,arabic,,الدود و الفيروسات برامج ماكرة هدفها تخريبي تختلف في طريقة العمل أو الهجوم فبينما يكرر الفيروس نفسه باقترانه ببرامج أخرى تستغل الدودة فجوات في نظام التشغيل للقيام بهجوم مباشر        ,"{""question_type"": ""ما الفرق بين""}"
arasag,28,ما الفرق بين الدود والفيروسات؟,الفيروس برنامج يعمل بواسطة برنامج آخر و يتم عمله عند عمل ذلك البرنامج . أما الدود فيستغل فجوات النظام ليهجم بسرعة .,3,0.0,5.0,cybercrimes,short_answer,7,arabic,,الدود و الفيروسات برامج ماكرة هدفها تخريبي تختلف في طريقة العمل أو الهجوم فبينما يكرر الفيروس نفسه باقترانه ببرامج أخرى تستغل الدودة فجوات في نظام التشغيل للقيام بهجوم مباشر        ,"{""question_type"": ""ما الفرق بين""}"
arasag,28,ما الفرق بين الدود والفيروسات؟,الدود لا يقترن ببرنامج آخرلكي ينتج نفسه بينما الفيروس يستنجد ببرنامج آخر موجود .,2,0.0,5.0,cybercrimes,short_answer,7,arabic,,الدود و الفيروسات برامج ماكرة هدفها تخريبي تختلف في طريقة العمل أو الهجوم فبينما يكرر الفيروس نفسه باقترانه ببرامج أخرى تستغل الدودة فجوات في نظام التشغيل للقيام بهجوم مباشر        ,"{""question_type"": ""ما الفرق بين""}"
arasag,28,ما الفرق بين الدود والفيروسات؟,كلاهما من أصناف البرمجيات الماكرة، لكن الفيروسات لها القدرة على نسخ نفسها أما الدود فهي تهاجم مباشرة دون إستعمال برنامج آخر و ذلك بإستغلال الثغرات الأمنية الموجودة في الأنظمة .,5,0.0,5.0,cybercrimes,short_answer,7,arabic,,الدود و الفيروسات برامج ماكرة هدفها تخريبي تختلف في طريقة العمل أو الهجوم فبينما يكرر الفيروس نفسه باقترانه ببرامج أخرى تستغل الدودة فجوات في نظام التشغيل للقيام بهجوم مباشر        ,"{""question_type"": ""ما الفرق بين""}"
arasag,28,ما الفرق بين الدود والفيروسات؟,الفيروسات هي برامج تعتمد على برنامج آخر في عملها و يمكن لها أن تنسخ ذاتها ، أما الدود فهو يبحث عن ثغرات في نظام التشغيل لفعل هجوم مباشر .,4,0.0,5.0,cybercrimes,short_answer,7,arabic,,الدود و الفيروسات برامج ماكرة هدفها تخريبي تختلف في طريقة العمل أو الهجوم فبينما يكرر الفيروس نفسه باقترانه ببرامج أخرى تستغل الدودة فجوات في نظام التشغيل للقيام بهجوم مباشر        ,"{""question_type"": ""ما الفرق بين""}"
arasag,28,ما الفرق بين الدود والفيروسات؟,الدود و الفيروسات كلاهما يعملان على تخريب و مسح البيانات عن الأجهزة إلى أن الفيروسات في برامج مقترنة ببرامج و انشاء نفسها اما الدود فتشغل ثغرات النظام للقيام بهجوم مباشر .,4,0.0,5.0,cybercrimes,short_answer,7,arabic,,الدود و الفيروسات برامج ماكرة هدفها تخريبي تختلف في طريقة العمل أو الهجوم فبينما يكرر الفيروس نفسه باقترانه ببرامج أخرى تستغل الدودة فجوات في نظام التشغيل للقيام بهجوم مباشر        ,"{""question_type"": ""ما الفرق بين""}"
arasag,28,ما الفرق بين الدود والفيروسات؟,الدود يستغل ثغرات التشغيل للقيام بهجوم مباشر و الفيروس هو برنامج صمم ليقترن ببرنامج آخر و يعيد إنتاج نفسه عند اشتغال البرنامج المصاب .,4,0.0,5.0,cybercrimes,short_answer,7,arabic,,الدود و الفيروسات برامج ماكرة هدفها تخريبي تختلف في طريقة العمل أو الهجوم فبينما يكرر الفيروس نفسه باقترانه ببرامج أخرى تستغل الدودة فجوات في نظام التشغيل للقيام بهجوم مباشر        ,"{""question_type"": ""ما الفرق بين""}"
arasag,28,ما الفرق بين الدود والفيروسات؟,لدود : تقوم بالبحث عن الثغرات الموجودة في البرنامج و ما إن تجدها حتى تقوم بإختراق و هو من أحد أنواع الفيروسات .,2,0.0,5.0,cybercrimes,short_answer,7,arabic,,الدود و الفيروسات برامج ماكرة هدفها تخريبي تختلف في طريقة العمل أو الهجوم فبينما يكرر الفيروس نفسه باقترانه ببرامج أخرى تستغل الدودة فجوات في نظام التشغيل للقيام بهجوم مباشر        ,"{""question_type"": ""ما الفرق بين""}"
arasag,28,ما الفرق بين الدود والفيروسات؟,الدود: يعمل على إستغلال ثغرات النظام للحصول على المعلومة و تحتاج إلى برنامج كي يشغلها . الفيروس: برمجيات ذاتية التشغيل ، تعمل على تخريب الأنظمة و تعطيلها .,1,0.0,5.0,cybercrimes,short_answer,7,arabic,,الدود و الفيروسات برامج ماكرة هدفها تخريبي تختلف في طريقة العمل أو الهجوم فبينما يكرر الفيروس نفسه باقترانه ببرامج أخرى تستغل الدودة فجوات في نظام التشغيل للقيام بهجوم مباشر        ,"{""question_type"": ""ما الفرق بين""}"
arasag,28,ما الفرق بين الدود والفيروسات؟,الفيروسات برامج ضارة هدفها التخريب و تتكاثر تخرب المعلومات و تعدلها و تحذفها ، هدفها التدمير .أما الدود : فتأتي بشكل برنامج جيد مختبأ داخله و تقوم بعملها الماكر بدون شعور المستخدم  ,2,0.0,5.0,cybercrimes,short_answer,7,arabic,,الدود و الفيروسات برامج ماكرة هدفها تخريبي تختلف في طريقة العمل أو الهجوم فبينما يكرر الفيروس نفسه باقترانه ببرامج أخرى تستغل الدودة فجوات في نظام التشغيل للقيام بهجوم مباشر        ,"{""question_type"": ""ما الفرق بين""}"
arasag,28,ما الفرق بين الدود والفيروسات؟,الفيروسات هي برامج خاصة مبرمجة من طرف الكراكر تقترن ببرنامج ما (مصاب) لتلويث النظام و لديها القدرة على نسخ نفسها أما الدود فتستغل الثغرات في نظام التشغيل و تقوم بهجومات مباشرة . ,4,0.0,5.0,cybercrimes,short_answer,7,arabic,,الدود و الفيروسات برامج ماكرة هدفها تخريبي تختلف في طريقة العمل أو الهجوم فبينما يكرر الفيروس نفسه باقترانه ببرامج أخرى تستغل الدودة فجوات في نظام التشغيل للقيام بهجوم مباشر        ,"{""question_type"": ""ما الفرق بين""}"
arasag,28,ما الفرق بين الدود والفيروسات؟,الفيروس يهاجم البرامج المصابة و يضاعف نفسه ، الدودة تبحث عن الفجوات في البرامج و يقوم بهجوم مباشر .,3,0.0,5.0,cybercrimes,short_answer,7,arabic,,الدود و الفيروسات برامج ماكرة هدفها تخريبي تختلف في طريقة العمل أو الهجوم فبينما يكرر الفيروس نفسه باقترانه ببرامج أخرى تستغل الدودة فجوات في نظام التشغيل للقيام بهجوم مباشر        ,"{""question_type"": ""ما الفرق بين""}"
arasag,28,ما الفرق بين الدود والفيروسات؟,الدود يعمل بنفسه عندما يجد ثغرة ، يهاجم النظام المعلوماتي مباشرة أما الفيروسات فهي موجودة مع برنامج آخر ، عندما نفتح ذلك البرنامج تبدأ عملية الفيروس بالتضاعف و الإنتشار و هجم النظام المعلوماتي .,4,0.0,5.0,cybercrimes,short_answer,7,arabic,,الدود و الفيروسات برامج ماكرة هدفها تخريبي تختلف في طريقة العمل أو الهجوم فبينما يكرر الفيروس نفسه باقترانه ببرامج أخرى تستغل الدودة فجوات في نظام التشغيل للقيام بهجوم مباشر        ,"{""question_type"": ""ما الفرق بين""}"
arasag,28,ما الفرق بين الدود والفيروسات؟,لفيروسات تقوم بإعادة نسخ نفسها عند إقترانها ببرنامج ، يختلف الدود عنها في كونه يبحث عن ثغرات في نظام التشغيل ليقوم بشن هجوم .,4,0.0,5.0,cybercrimes,short_answer,7,arabic,,الدود و الفيروسات برامج ماكرة هدفها تخريبي تختلف في طريقة العمل أو الهجوم فبينما يكرر الفيروس نفسه باقترانه ببرامج أخرى تستغل الدودة فجوات في نظام التشغيل للقيام بهجوم مباشر        ,"{""question_type"": ""ما الفرق بين""}"
arasag,28,ما الفرق بين الدود والفيروسات؟,الفيروسات تبقى مرتبطة بالبرامج بينما الدود يقوم بالهجوم مباشرة في حالة العثور على ثغرة أو خلل في النظام .,4,0.0,5.0,cybercrimes,short_answer,7,arabic,,الدود و الفيروسات برامج ماكرة هدفها تخريبي تختلف في طريقة العمل أو الهجوم فبينما يكرر الفيروس نفسه باقترانه ببرامج أخرى تستغل الدودة فجوات في نظام التشغيل للقيام بهجوم مباشر        ,"{""question_type"": ""ما الفرق بين""}"
arasag,28,ما الفرق بين الدود والفيروسات؟,الفيروس هو برنامج صمم ليقترن ببرنامج آخر ثم يعيد تشكيل نفسه عند إقترانه ببرامج أخرى . الدود : تستغل الدودة الفجوات في أنظمة التشغيل لتقوم بهجوم مباشر .,4,0.0,5.0,cybercrimes,short_answer,7,arabic,,الدود و الفيروسات برامج ماكرة هدفها تخريبي تختلف في طريقة العمل أو الهجوم فبينما يكرر الفيروس نفسه باقترانه ببرامج أخرى تستغل الدودة فجوات في نظام التشغيل للقيام بهجوم مباشر        ,"{""question_type"": ""ما الفرق بين""}"
arasag,28,ما الفرق بين الدود والفيروسات؟,الفيروسات هي برنامج يتثبت على برامج أخرى بحيث فور تحميل البرنامج يتم إطلاق الفيروس أما الدود فهي برامج تبحث عن الثغرات الأمنية في النظام بهدف القيام بهجوم مباشر .,4,0.0,5.0,cybercrimes,short_answer,7,arabic,,الدود و الفيروسات برامج ماكرة هدفها تخريبي تختلف في طريقة العمل أو الهجوم فبينما يكرر الفيروس نفسه باقترانه ببرامج أخرى تستغل الدودة فجوات في نظام التشغيل للقيام بهجوم مباشر        ,"{""question_type"": ""ما الفرق بين""}"
arasag,28,ما الفرق بين الدود والفيروسات؟,الفيروسات تكون مرتبطة ببرامج أخرى أما الدود تكون مستقلة .,1,0.0,5.0,cybercrimes,short_answer,7,arabic,,الدود و الفيروسات برامج ماكرة هدفها تخريبي تختلف في طريقة العمل أو الهجوم فبينما يكرر الفيروس نفسه باقترانه ببرامج أخرى تستغل الدودة فجوات في نظام التشغيل للقيام بهجوم مباشر        ,"{""question_type"": ""ما الفرق بين""}"
arasag,28,ما الفرق بين الدود والفيروسات؟,الفيروس يكون دائما مع برنامج لكي يعمل معه أما الدود فلا يحتاج إلى برنامج ليعمل يمكنه العمل وحده .,2,0.0,5.0,cybercrimes,short_answer,7,arabic,,الدود و الفيروسات برامج ماكرة هدفها تخريبي تختلف في طريقة العمل أو الهجوم فبينما يكرر الفيروس نفسه باقترانه ببرامج أخرى تستغل الدودة فجوات في نظام التشغيل للقيام بهجوم مباشر        ,"{""question_type"": ""ما الفرق بين""}"
arasag,28,ما الفرق بين الدود والفيروسات؟,الفيروسات تكون مرتبطة ببرنامج معين و تشتغل عند إشتغال البرنامج، الدود يستغل ثغرات الأنظمة ليقوم بهجوم مباشر شرس .,3,0.0,5.0,cybercrimes,short_answer,7,arabic,,الدود و الفيروسات برامج ماكرة هدفها تخريبي تختلف في طريقة العمل أو الهجوم فبينما يكرر الفيروس نفسه باقترانه ببرامج أخرى تستغل الدودة فجوات في نظام التشغيل للقيام بهجوم مباشر        ,"{""question_type"": ""ما الفرق بين""}"
arasag,28,ما الفرق بين الدود والفيروسات؟,الفيروسات هي برامج مستخدمة عمدا من أجل تخريب ، إزالة أو تبديل المعلومات في الجهاز تكون في الجهاز ، بينما الدود هو برنامج يقوم بقذف الجهاز بسرعة، بإستعمال فجوات يعبر منها .,2,0.0,5.0,cybercrimes,short_answer,7,arabic,,الدود و الفيروسات برامج ماكرة هدفها تخريبي تختلف في طريقة العمل أو الهجوم فبينما يكرر الفيروس نفسه باقترانه ببرامج أخرى تستغل الدودة فجوات في نظام التشغيل للقيام بهجوم مباشر        ,"{""question_type"": ""ما الفرق بين""}"
arasag,28,ما الفرق بين الدود والفيروسات؟,لدود هي عبارة عن فيروسات و لكنها تختلف عن الفيروسات فهي لا تعتمد على برنامج آخر في عملها عكس الفيروسات التي تعتمد على برنامج آخر للإختراق . ,2,0.0,5.0,cybercrimes,short_answer,7,arabic,,الدود و الفيروسات برامج ماكرة هدفها تخريبي تختلف في طريقة العمل أو الهجوم فبينما يكرر الفيروس نفسه باقترانه ببرامج أخرى تستغل الدودة فجوات في نظام التشغيل للقيام بهجوم مباشر        ,"{""question_type"": ""ما الفرق بين""}"
arasag,28,ما الفرق بين الدود والفيروسات؟,الفيروسات برامج تقترن ببرنامج و يتم تفعيلها عند إستخدام هذا البرنامج و تمتاز بتقنية إنتاج نفسها تلقائيا و تقوم بتخريب المعلومات في ذاكرة أو سرقتها  أما الدود فيقوم بالهجوم مباشرة عند وجود ثغرة في نظام التشغيل .,5,0.0,5.0,cybercrimes,short_answer,7,arabic,,الدود و الفيروسات برامج ماكرة هدفها تخريبي تختلف في طريقة العمل أو الهجوم فبينما يكرر الفيروس نفسه باقترانه ببرامج أخرى تستغل الدودة فجوات في نظام التشغيل للقيام بهجوم مباشر        ,"{""question_type"": ""ما الفرق بين""}"
arasag,28,ما الفرق بين الدود والفيروسات؟,الفيروسات هي برامج هدفها تخريب الملفات و المجلدات و العمل على جعل الجهاز ثقيل .,0,0.0,5.0,cybercrimes,short_answer,7,arabic,,الدود و الفيروسات برامج ماكرة هدفها تخريبي تختلف في طريقة العمل أو الهجوم فبينما يكرر الفيروس نفسه باقترانه ببرامج أخرى تستغل الدودة فجوات في نظام التشغيل للقيام بهجوم مباشر        ,"{""question_type"": ""ما الفرق بين""}"
arasag,28,ما الفرق بين الدود والفيروسات؟,الفيروسات تعمل من خلال البرامج اخرجى، بينما ان الدود  تستغل الثغرات الموجودة في نظام التشغيل التي تنتشر من جهاز الى آخر. ,2,0.0,5.0,cybercrimes,short_answer,7,arabic,,الدود و الفيروسات برامج ماكرة هدفها تخريبي تختلف في طريقة العمل أو الهجوم فبينما يكرر الفيروس نفسه باقترانه ببرامج أخرى تستغل الدودة فجوات في نظام التشغيل للقيام بهجوم مباشر        ,"{""question_type"": ""ما الفرق بين""}"
arasag,28,ما الفرق بين الدود والفيروسات؟,الدود يستغل ثغرات في النظام في الهجوم، الفيروس يهاجم بواسطة الاقتران ببرنامج مصاب.,3,0.0,5.0,cybercrimes,short_answer,7,arabic,,الدود و الفيروسات برامج ماكرة هدفها تخريبي تختلف في طريقة العمل أو الهجوم فبينما يكرر الفيروس نفسه باقترانه ببرامج أخرى تستغل الدودة فجوات في نظام التشغيل للقيام بهجوم مباشر        ,"{""question_type"": ""ما الفرق بين""}"
arasag,28,ما الفرق بين الدود والفيروسات؟,الفيروسات تبدأ عملها و تنتشر باستعمال احد البرامج و أيضا تنتقل من برنامج إلى آخر أما الدود فهي تستهدف نظام تشغيل الجهاز.,3,0.0,5.0,cybercrimes,short_answer,7,arabic,,الدود و الفيروسات برامج ماكرة هدفها تخريبي تختلف في طريقة العمل أو الهجوم فبينما يكرر الفيروس نفسه باقترانه ببرامج أخرى تستغل الدودة فجوات في نظام التشغيل للقيام بهجوم مباشر        ,"{""question_type"": ""ما الفرق بين""}"
arasag,28,ما الفرق بين الدود والفيروسات؟,الفيروسات تخرب و تمحي ذاكرة الحاسب و تقوم بنسخ نفسها. الدود : تدخل عبر الثغرات الموجودة في النظام. ,3,0.0,5.0,cybercrimes,short_answer,7,arabic,,الدود و الفيروسات برامج ماكرة هدفها تخريبي تختلف في طريقة العمل أو الهجوم فبينما يكرر الفيروس نفسه باقترانه ببرامج أخرى تستغل الدودة فجوات في نظام التشغيل للقيام بهجوم مباشر        ,"{""question_type"": ""ما الفرق بين""}"
arasag,28,ما الفرق بين الدود والفيروسات؟,الفيروس عبارة عن برنامج يعتمد على برنامج آخر للانتقال والعمل يقوم بتركيب نفسه على برامج اخرى (التكاثر) في حين أن الدود يختلف عنه في التكاثر حيث انه يستغل فجوة النظام يقوم بالمهاجمة المباشرة.,5,0.0,5.0,cybercrimes,short_answer,7,arabic,,الدود و الفيروسات برامج ماكرة هدفها تخريبي تختلف في طريقة العمل أو الهجوم فبينما يكرر الفيروس نفسه باقترانه ببرامج أخرى تستغل الدودة فجوات في نظام التشغيل للقيام بهجوم مباشر        ,"{""question_type"": ""ما الفرق بين""}"
arasag,28,ما الفرق بين الدود والفيروسات؟,الفرق هو أن لفيروس يقوم بالاقتراع بالبرامج و يستغل عند استغلالها و يقوم بافسادها على عكس الدود فهو يستغل الثغرات الأمنية الموجودة في النظام للفضاء مباشرة عليه. ,4,0.0,5.0,cybercrimes,short_answer,7,arabic,,الدود و الفيروسات برامج ماكرة هدفها تخريبي تختلف في طريقة العمل أو الهجوم فبينما يكرر الفيروس نفسه باقترانه ببرامج أخرى تستغل الدودة فجوات في نظام التشغيل للقيام بهجوم مباشر        ,"{""question_type"": ""ما الفرق بين""}"
arasag,28,ما الفرق بين الدود والفيروسات؟,الفيروس يرتبط ببرنامج معين يقوم بالهجوم عند تشغيل هذا البرنامج أما الدود فيقوم بالهجوم المباشر. ,3,0.0,5.0,cybercrimes,short_answer,7,arabic,,الدود و الفيروسات برامج ماكرة هدفها تخريبي تختلف في طريقة العمل أو الهجوم فبينما يكرر الفيروس نفسه باقترانه ببرامج أخرى تستغل الدودة فجوات في نظام التشغيل للقيام بهجوم مباشر        ,"{""question_type"": ""ما الفرق بين""}"
arasag,28,ما الفرق بين الدود والفيروسات؟,الفيروسات عبارة عن برنامج هدفه إختراق و إتلاف البيانات اما الدود فهو عبارة عن إدخال دودة في النظام لتقوم بالبحث عن الثغرات الموجودة. ,1,0.0,5.0,cybercrimes,short_answer,7,arabic,,الدود و الفيروسات برامج ماكرة هدفها تخريبي تختلف في طريقة العمل أو الهجوم فبينما يكرر الفيروس نفسه باقترانه ببرامج أخرى تستغل الدودة فجوات في نظام التشغيل للقيام بهجوم مباشر        ,"{""question_type"": ""ما الفرق بين""}"
arasag,28,ما الفرق بين الدود والفيروسات؟,الفيروسات هي برامج صممت عمدا اقترانها ببرامج اخرى تعيد نفسها باقترانها ببرامج اخرى اما الدودة تشتغل فجوات في البرنامج لتقوم بهجومها المباشر.,5,0.0,5.0,cybercrimes,short_answer,7,arabic,,الدود و الفيروسات برامج ماكرة هدفها تخريبي تختلف في طريقة العمل أو الهجوم فبينما يكرر الفيروس نفسه باقترانه ببرامج أخرى تستغل الدودة فجوات في نظام التشغيل للقيام بهجوم مباشر        ,"{""question_type"": ""ما الفرق بين""}"
arasag,28,ما الفرق بين الدود والفيروسات؟,الفيروسات تكون  مثبت على برنامج ما، ما إن يتم تشغيله حتى تقوم هذه الفيروسات بتخريب و نشر خبثها في البرامج الأخرى لتعيد إنشاء نفسها من جديد. أما الدود فيستعمل بوابات و ثغرات في الأجهزة، للقيام بهجوم مباشر على الأجهزة.,4,0.0,5.0,cybercrimes,short_answer,7,arabic,,الدود و الفيروسات برامج ماكرة هدفها تخريبي تختلف في طريقة العمل أو الهجوم فبينما يكرر الفيروس نفسه باقترانه ببرامج أخرى تستغل الدودة فجوات في نظام التشغيل للقيام بهجوم مباشر        ,"{""question_type"": ""ما الفرق بين""}"
arasag,28,ما الفرق بين الدود والفيروسات؟,يختلف الدود عن الفيروسات في نقطة مهمة جدا، حيث أنه عندما يكرر الفيروس نفسه بواسطة تنفيذ برنامج مصاب يستغل الدود الفجوات في نظام التشغيل للقيام بهجوم مباشر، كما أن الفيروسات لها القدرة على نسخ نفسها. ,5,0.0,5.0,cybercrimes,short_answer,7,arabic,,الدود و الفيروسات برامج ماكرة هدفها تخريبي تختلف في طريقة العمل أو الهجوم فبينما يكرر الفيروس نفسه باقترانه ببرامج أخرى تستغل الدودة فجوات في نظام التشغيل للقيام بهجوم مباشر        ,"{""question_type"": ""ما الفرق بين""}"
arasag,28,ما الفرق بين الدود والفيروسات؟,الفيروس يصيب فور دخوله يمكن تعطيله أما الدود فإنه حتى و بعد تعطيله يعيد تكوين نفسه تلقائيا. ,1,0.0,5.0,cybercrimes,short_answer,7,arabic,,الدود و الفيروسات برامج ماكرة هدفها تخريبي تختلف في طريقة العمل أو الهجوم فبينما يكرر الفيروس نفسه باقترانه ببرامج أخرى تستغل الدودة فجوات في نظام التشغيل للقيام بهجوم مباشر        ,"{""question_type"": ""ما الفرق بين""}"
arasag,28,ما الفرق بين الدود والفيروسات؟,الدود هي أداة تستخدم لمهاجمة النظام و تقوم بالانتشار و التكاثر تلقائيا ، الفيروسات هي برمجيات خبيثة تهدف الى تخريب الأجهزة التي نزلت بها .,2,0.0,5.0,cybercrimes,short_answer,7,arabic,,الدود و الفيروسات برامج ماكرة هدفها تخريبي تختلف في طريقة العمل أو الهجوم فبينما يكرر الفيروس نفسه باقترانه ببرامج أخرى تستغل الدودة فجوات في نظام التشغيل للقيام بهجوم مباشر        ,"{""question_type"": ""ما الفرق بين""}"
arasag,28,ما الفرق بين الدود والفيروسات؟,الفيروس هو برنامج يتم برمجته من أجل وظيفة يقترن مع برامج و فور تحميل هذه البرامج يقوم الفيروس بعمله و يتكاثر أما الدود فله نفس خاصية الفيروس إلا أنه يقوم بالبحث عن الثغرات في نظام التشغيل من أجل هجوم مباشر.,4,0.0,5.0,cybercrimes,short_answer,7,arabic,,الدود و الفيروسات برامج ماكرة هدفها تخريبي تختلف في طريقة العمل أو الهجوم فبينما يكرر الفيروس نفسه باقترانه ببرامج أخرى تستغل الدودة فجوات في نظام التشغيل للقيام بهجوم مباشر        ,"{""question_type"": ""ما الفرق بين""}"
arasag,28,ما الفرق بين الدود والفيروسات؟,الفيروسات : تكون متصلة عادة ببرامج لأداء عملها وتقوم بإنتاج نفسها بالاقتران ببرامج أخرى أما الدود فهي تستعمل الفجوات الموجودة على الانظمة لكي تقوم بعملها.,4,0.0,5.0,cybercrimes,short_answer,7,arabic,,الدود و الفيروسات برامج ماكرة هدفها تخريبي تختلف في طريقة العمل أو الهجوم فبينما يكرر الفيروس نفسه باقترانه ببرامج أخرى تستغل الدودة فجوات في نظام التشغيل للقيام بهجوم مباشر        ,"{""question_type"": ""ما الفرق بين""}"
arasag,28,ما الفرق بين الدود والفيروسات؟,الفيروسات عند الاندماج ببرنامج آخر يتم إصابته و لديه القدرة على التكاثر و الاستنساخ ، الدود يتم إصابة البرنامج دون اصابته مباشرة.,2,0.0,5.0,cybercrimes,short_answer,7,arabic,,الدود و الفيروسات برامج ماكرة هدفها تخريبي تختلف في طريقة العمل أو الهجوم فبينما يكرر الفيروس نفسه باقترانه ببرامج أخرى تستغل الدودة فجوات في نظام التشغيل للقيام بهجوم مباشر        ,"{""question_type"": ""ما الفرق بين""}"
arasag,28,ما الفرق بين الدود والفيروسات؟,الفيروسات برامج تقترن ببرامج أخرى و تشتغل باشتغال هذه الأخيرة و تقوم بنسخ نفسها باقترانها مع برامج أخرى ، أما الدود فهو يستغل حدوث أمرها في النظام لينفذ هجوما مباشرا ضدها و هي النقطة المضافة إليه بالنسبة للفيروس.,4,0.0,5.0,cybercrimes,short_answer,7,arabic,,الدود و الفيروسات برامج ماكرة هدفها تخريبي تختلف في طريقة العمل أو الهجوم فبينما يكرر الفيروس نفسه باقترانه ببرامج أخرى تستغل الدودة فجوات في نظام التشغيل للقيام بهجوم مباشر        ,"{""question_type"": ""ما الفرق بين""}"
arasag,28,ما الفرق بين الدود والفيروسات؟,الفيروسات هي برامج من صنع المخترقين تتميز بأنها لا تعمل الى على برامج اخرى، و قد تتسبب في حذف كافة البيانات و لها القدرة على استنساخ نفسها. أما الدود فهي برامج تكتشف ثغرات البرامج الأخرى لتهاجمها. ,4,0.0,5.0,cybercrimes,short_answer,7,arabic,,الدود و الفيروسات برامج ماكرة هدفها تخريبي تختلف في طريقة العمل أو الهجوم فبينما يكرر الفيروس نفسه باقترانه ببرامج أخرى تستغل الدودة فجوات في نظام التشغيل للقيام بهجوم مباشر        ,"{""question_type"": ""ما الفرق بين""}"
arasag,28,ما الفرق بين الدود والفيروسات؟,الفيروس يقترن بالبرنامج و ينسخ نفسه و يقوم بعمله تخريب مع تشغيل البرنامج، أما الدود فهو عكس الفيروس يدخل مباشرة عبر ثغرات الموجودة في الجهاز أو البرنامج ليقوم بعمله التخريبي.,4,0.0,5.0,cybercrimes,short_answer,7,arabic,,الدود و الفيروسات برامج ماكرة هدفها تخريبي تختلف في طريقة العمل أو الهجوم فبينما يكرر الفيروس نفسه باقترانه ببرامج أخرى تستغل الدودة فجوات في نظام التشغيل للقيام بهجوم مباشر        ,"{""question_type"": ""ما الفرق بين""}"
arasag,28,ما الفرق بين الدود والفيروسات؟,الفيروسات هي عبارة عن برامج مرتبطة ببرامج أخرى غير مضرة، فور تشغيلها تنطلق الفيروسات و تلتصق ببرامج أخرى بينما الدود مصمم لاستغلال و اختراق الفجوات في. أنظمة التشغيل. ,4,0.0,5.0,cybercrimes,short_answer,7,arabic,,الدود و الفيروسات برامج ماكرة هدفها تخريبي تختلف في طريقة العمل أو الهجوم فبينما يكرر الفيروس نفسه باقترانه ببرامج أخرى تستغل الدودة فجوات في نظام التشغيل للقيام بهجوم مباشر        ,"{""question_type"": ""ما الفرق بين""}"
arasag,28,ما الفرق بين الدود والفيروسات؟,الدود:استهداف ثغرات الأمنية في النظام و الهجوم المباشر. أما الفيروسات فتقوم باقتران برامج و فور عمل البرنامج تعمل هي أيضا و تنتج عبر الاقتران ببرامج أخرى. ,4,0.0,5.0,cybercrimes,short_answer,7,arabic,,الدود و الفيروسات برامج ماكرة هدفها تخريبي تختلف في طريقة العمل أو الهجوم فبينما يكرر الفيروس نفسه باقترانه ببرامج أخرى تستغل الدودة فجوات في نظام التشغيل للقيام بهجوم مباشر        ,"{""question_type"": ""ما الفرق بين""}"
arasag,30,ما الفرق بين القرصنة واختبار الاختراق؟,القرصنة: اختراق النظام من اجل الحصول على معلومات شخصية اختبار الاختراق يقوم المخترق باختبار نظام المؤسسة وذلك بالبحث عن الثغرات الموجودة ويقوم باختراقها ليخبر بعد ذلك المؤسسة لتقوم هي الاخيرة بتصحيح النظام وصيانته.,4,0.0,5.0,cybercrimes,short_answer,7,arabic,,القرصنة هي جريمة اختراق وسرقة معلومات يقوم بها قراصنة القبعات السوداء دون اذن لاغراض تخريبية أما اختبار الاختراق فيتم فيه توظيف العديد من ذوي القبعات البيضاء لاختبار أنظمة أمان أجهزة الكمبيوتر في المؤسسات مما يسمح بتحديد عيوبها وثغراتها قصد تحسين دفاعاتها,"{""question_type"": ""ما الفرق بين""}"
arasag,30,ما الفرق بين القرصنة واختبار الاختراق؟,القرصنة هي عملية الاختراق من اجل التخريب ، اختبار الاختراق: هي عملية اختراق من اجل تطوير النظام الدفاعي و تصحيحه.,4,0.0,5.0,cybercrimes,short_answer,7,arabic,,القرصنة هي جريمة اختراق وسرقة معلومات يقوم بها قراصنة القبعات السوداء دون اذن لاغراض تخريبية أما اختبار الاختراق فيتم فيه توظيف العديد من ذوي القبعات البيضاء لاختبار أنظمة أمان أجهزة الكمبيوتر في المؤسسات مما يسمح بتحديد عيوبها وثغراتها قصد تحسين دفاعاتها,"{""question_type"": ""ما الفرق بين""}"
arasag,30,ما الفرق بين القرصنة واختبار الاختراق؟,القرصنة هي اختراق جهاز لسرقة معلومات  او لتدميره و هذا عمل  القبعات السوداء الكراكر اما اختبار الاختراق و هو مؤسسة تعيين شخص لإختراق نظامها لمعرفة الثغرات الموجودة وعدد تلك الثغرات وهذا عمل القبعات البيضاء.,4,0.0,5.0,cybercrimes,short_answer,7,arabic,,القرصنة هي جريمة اختراق وسرقة معلومات يقوم بها قراصنة القبعات السوداء دون اذن لاغراض تخريبية أما اختبار الاختراق فيتم فيه توظيف العديد من ذوي القبعات البيضاء لاختبار أنظمة أمان أجهزة الكمبيوتر في المؤسسات مما يسمح بتحديد عيوبها وثغراتها قصد تحسين دفاعاتها,"{""question_type"": ""ما الفرق بين""}"
arasag,30,ما الفرق بين القرصنة واختبار الاختراق؟,اختبار الاختراق هو ما تقوم به المؤسسة للتعرف على قوة نظامها ، القرصنة هو ما يقوم به المخترق بصفة غير قانونية قصد احداث اضرار للنظام.,4,0.0,5.0,cybercrimes,short_answer,7,arabic,,القرصنة هي جريمة اختراق وسرقة معلومات يقوم بها قراصنة القبعات السوداء دون اذن لاغراض تخريبية أما اختبار الاختراق فيتم فيه توظيف العديد من ذوي القبعات البيضاء لاختبار أنظمة أمان أجهزة الكمبيوتر في المؤسسات مما يسمح بتحديد عيوبها وثغراتها قصد تحسين دفاعاتها,"{""question_type"": ""ما الفرق بين""}"
arasag,30,ما الفرق بين القرصنة واختبار الاختراق؟,اختبار الاختراق يكون تحت امر من الشركة التي تطلب ذلك على عكس القرصنة التي تتم بدون اذن وتقام للنشر و التشهير والابتزاز بالاضافة الى تكبيد خسائر هائلة.,4,0.0,5.0,cybercrimes,short_answer,7,arabic,,القرصنة هي جريمة اختراق وسرقة معلومات يقوم بها قراصنة القبعات السوداء دون اذن لاغراض تخريبية أما اختبار الاختراق فيتم فيه توظيف العديد من ذوي القبعات البيضاء لاختبار أنظمة أمان أجهزة الكمبيوتر في المؤسسات مما يسمح بتحديد عيوبها وثغراتها قصد تحسين دفاعاتها,"{""question_type"": ""ما الفرق بين""}"
arasag,30,ما الفرق بين القرصنة واختبار الاختراق؟,الاختراق هو اقتحام المخترقون لموقع أو شبكة لغاية تغيير أو حذف معلومات تغيير واجهة الموقع، أما القرصنة فهي السيطرة على برنامج أو شبكة لغاية السرقة والتخريب.,2,0.0,5.0,cybercrimes,short_answer,7,arabic,,القرصنة هي جريمة اختراق وسرقة معلومات يقوم بها قراصنة القبعات السوداء دون اذن لاغراض تخريبية أما اختبار الاختراق فيتم فيه توظيف العديد من ذوي القبعات البيضاء لاختبار أنظمة أمان أجهزة الكمبيوتر في المؤسسات مما يسمح بتحديد عيوبها وثغراتها قصد تحسين دفاعاتها,"{""question_type"": ""ما الفرق بين""}"
arasag,30,ما الفرق بين القرصنة واختبار الاختراق؟,هو اختراق الانظمة والشبكات لكن القرصنة هدفها تسريب غير اخلاقي كسرقة المعلومات حذفها أو تخريبها ، اما اختبار الاختراق هو معرفة ثغرات وعيوب النظام من أجل تحسين دفاع وأمن النظام.,3,0.0,5.0,cybercrimes,short_answer,7,arabic,,القرصنة هي جريمة اختراق وسرقة معلومات يقوم بها قراصنة القبعات السوداء دون اذن لاغراض تخريبية أما اختبار الاختراق فيتم فيه توظيف العديد من ذوي القبعات البيضاء لاختبار أنظمة أمان أجهزة الكمبيوتر في المؤسسات مما يسمح بتحديد عيوبها وثغراتها قصد تحسين دفاعاتها,"{""question_type"": ""ما الفرق بين""}"
arasag,30,ما الفرق بين القرصنة واختبار الاختراق؟,تعتبر القرصنة فعل غير اخلاقي فهي اختراق بدون اذن بهدف السرقة أو تخريب المعلومات أما اختبار الاختراق فهو فعل اخلاقي ومشروع هدفه كشف الثغرات بهدف اصلاحها و تقوية نظام الأمن.,4,0.0,5.0,cybercrimes,short_answer,7,arabic,,القرصنة هي جريمة اختراق وسرقة معلومات يقوم بها قراصنة القبعات السوداء دون اذن لاغراض تخريبية أما اختبار الاختراق فيتم فيه توظيف العديد من ذوي القبعات البيضاء لاختبار أنظمة أمان أجهزة الكمبيوتر في المؤسسات مما يسمح بتحديد عيوبها وثغراتها قصد تحسين دفاعاتها,"{""question_type"": ""ما الفرق بين""}"
arasag,30,ما الفرق بين القرصنة واختبار الاختراق؟,القرصنة تكون محل اهتمام المخترقين برغبتهم للوصول الى شيء ما و اصحابها هم الكراكر و اصحاب القبعة الرمادية اما اختبار الاختراق تطلبه المؤسسات من اصحاب القبعة البيضاء لمعرفة دفاعيتها و تحسينها.,4,0.0,5.0,cybercrimes,short_answer,7,arabic,,القرصنة هي جريمة اختراق وسرقة معلومات يقوم بها قراصنة القبعات السوداء دون اذن لاغراض تخريبية أما اختبار الاختراق فيتم فيه توظيف العديد من ذوي القبعات البيضاء لاختبار أنظمة أمان أجهزة الكمبيوتر في المؤسسات مما يسمح بتحديد عيوبها وثغراتها قصد تحسين دفاعاتها,"{""question_type"": ""ما الفرق بين""}"
arasag,30,ما الفرق بين القرصنة واختبار الاختراق؟,القرصنة هو اختراق نظام و القيام بعمل تخريبي (سرقة معلومات، تخريب النظام..) من اجل مكسب شخصي ، اختبار الاختراق هو اختراق نظام من اجل اكتشاف الثغرات دون تخريب ذلك النظام.,3,0.0,5.0,cybercrimes,short_answer,7,arabic,,القرصنة هي جريمة اختراق وسرقة معلومات يقوم بها قراصنة القبعات السوداء دون اذن لاغراض تخريبية أما اختبار الاختراق فيتم فيه توظيف العديد من ذوي القبعات البيضاء لاختبار أنظمة أمان أجهزة الكمبيوتر في المؤسسات مما يسمح بتحديد عيوبها وثغراتها قصد تحسين دفاعاتها,"{""question_type"": ""ما الفرق بين""}"
arasag,30,ما الفرق بين القرصنة واختبار الاختراق؟,الاختراق هو عملية اقتحام البرامج لافراد او مؤسسات خاصة او عامة باستخدام برامج فك كلمة مرور السر بهدف تخريب المعلومات، القرصنة فهي تحدث عن طريق الاختراق الاجهزة بهدف التخريب بطرق غير شرعية و هذه مسالة اثرت لاخلاقية استعمال الانترنت.,4,0.0,5.0,cybercrimes,short_answer,7,arabic,,القرصنة هي جريمة اختراق وسرقة معلومات يقوم بها قراصنة القبعات السوداء دون اذن لاغراض تخريبية أما اختبار الاختراق فيتم فيه توظيف العديد من ذوي القبعات البيضاء لاختبار أنظمة أمان أجهزة الكمبيوتر في المؤسسات مما يسمح بتحديد عيوبها وثغراتها قصد تحسين دفاعاتها,"{""question_type"": ""ما الفرق بين""}"
arasag,30,ما الفرق بين القرصنة واختبار الاختراق؟,القرصنة: و تكون عن طريق الكراكر هدفها الاختراق من اجل الافساد و التخريب للنظام الالكتروني و التحكم في الجهاز، اختبار الاختراق: و تكون عن طريق الهاكر هدفها مقيد من اجل تحسين و تطوير النظام الالكتروني و صيانته.,4,0.0,5.0,cybercrimes,short_answer,7,arabic,,القرصنة هي جريمة اختراق وسرقة معلومات يقوم بها قراصنة القبعات السوداء دون اذن لاغراض تخريبية أما اختبار الاختراق فيتم فيه توظيف العديد من ذوي القبعات البيضاء لاختبار أنظمة أمان أجهزة الكمبيوتر في المؤسسات مما يسمح بتحديد عيوبها وثغراتها قصد تحسين دفاعاتها,"{""question_type"": ""ما الفرق بين""}"
arasag,30,ما الفرق بين القرصنة واختبار الاختراق؟,القرصنة هي اختراق نظام أو محاولة فعل ذلك بدون إذن و لغرض إلحاق الضرر ، إختبار الإختراق هي أن تأذن المؤسسة لمجموعة من ذوي القبعات البيضاء بمحاولة إختراق نظامها و الإبلاغ عن الثغرات و ذلك بغرض سدها و حماية النظام   ,5,0.0,5.0,cybercrimes,short_answer,7,arabic,,القرصنة هي جريمة اختراق وسرقة معلومات يقوم بها قراصنة القبعات السوداء دون اذن لاغراض تخريبية أما اختبار الاختراق فيتم فيه توظيف العديد من ذوي القبعات البيضاء لاختبار أنظمة أمان أجهزة الكمبيوتر في المؤسسات مما يسمح بتحديد عيوبها وثغراتها قصد تحسين دفاعاتها,"{""question_type"": ""ما الفرق بين""}"
arasag,30,ما الفرق بين القرصنة واختبار الاختراق؟,القرصنة جريمة يقوم بها القراصنة ( قبعة سوداء و رمادية ) دون إذن و نتائجه سلبية على الضحية ، إختبار الإختراق و هو يدخل في عمل القراصنة ذوي القبعة البيضاء هم يحاولون الإختراق بإذن المسؤولين لإكتشاف الثغرات والعيوب و تصليحها.,4,0.0,5.0,cybercrimes,short_answer,7,arabic,,القرصنة هي جريمة اختراق وسرقة معلومات يقوم بها قراصنة القبعات السوداء دون اذن لاغراض تخريبية أما اختبار الاختراق فيتم فيه توظيف العديد من ذوي القبعات البيضاء لاختبار أنظمة أمان أجهزة الكمبيوتر في المؤسسات مما يسمح بتحديد عيوبها وثغراتها قصد تحسين دفاعاتها,"{""question_type"": ""ما الفرق بين""}"
arasag,30,ما الفرق بين القرصنة واختبار الاختراق؟,"القرصنة هو عمل غير قانوني و غير شرعي أما إختبار الإختراق هو عمل قانوني و شرعي , القرصنة لا يبلغ صاحب المؤسسة ( الضحية ) و لا يكون واعي عكس إختبار الأخلاق الذي يكون الضحية راضي على الإختبار و عالم به.",4,0.0,5.0,cybercrimes,short_answer,7,arabic,,القرصنة هي جريمة اختراق وسرقة معلومات يقوم بها قراصنة القبعات السوداء دون اذن لاغراض تخريبية أما اختبار الاختراق فيتم فيه توظيف العديد من ذوي القبعات البيضاء لاختبار أنظمة أمان أجهزة الكمبيوتر في المؤسسات مما يسمح بتحديد عيوبها وثغراتها قصد تحسين دفاعاتها,"{""question_type"": ""ما الفرق بين""}"
arasag,30,ما الفرق بين القرصنة واختبار الاختراق؟,القرصنة هي انتهاك خصوصيات و إشهارها لا قانونيا بينما اختبار الإختراق هو إختراق منظم و قانوني بحيث تطلب المؤسسة من الهاكر بإختراق أنظمتها و هذا لا يعاقب عليه القانون.,4,0.0,5.0,cybercrimes,short_answer,7,arabic,,القرصنة هي جريمة اختراق وسرقة معلومات يقوم بها قراصنة القبعات السوداء دون اذن لاغراض تخريبية أما اختبار الاختراق فيتم فيه توظيف العديد من ذوي القبعات البيضاء لاختبار أنظمة أمان أجهزة الكمبيوتر في المؤسسات مما يسمح بتحديد عيوبها وثغراتها قصد تحسين دفاعاتها,"{""question_type"": ""ما الفرق بين""}"
arasag,30,ما الفرق بين القرصنة واختبار الاختراق؟,القرصنة تتم دون علم صاحب النظام و دون إذنه و تلحق ضرر بالجهاز بينما اختبار الإختراق يكون بعلم صاحب الجهاز و بإذنه و يكون لمعرفة قدرات المخترقين بهدف توظيفه.,4,0.0,5.0,cybercrimes,short_answer,7,arabic,,القرصنة هي جريمة اختراق وسرقة معلومات يقوم بها قراصنة القبعات السوداء دون اذن لاغراض تخريبية أما اختبار الاختراق فيتم فيه توظيف العديد من ذوي القبعات البيضاء لاختبار أنظمة أمان أجهزة الكمبيوتر في المؤسسات مما يسمح بتحديد عيوبها وثغراتها قصد تحسين دفاعاتها,"{""question_type"": ""ما الفرق بين""}"
arasag,30,ما الفرق بين القرصنة واختبار الاختراق؟,القرصنة : هي الدخول و السيطرة على نظام ما بشكل كامل ، اختبار الإختراق : هو الشروع على دخول نظام ما و لكن ليس بشكل كلي و لكن بكل ودية حتى يصبح مقرصن.,1,0.0,5.0,cybercrimes,short_answer,7,arabic,,القرصنة هي جريمة اختراق وسرقة معلومات يقوم بها قراصنة القبعات السوداء دون اذن لاغراض تخريبية أما اختبار الاختراق فيتم فيه توظيف العديد من ذوي القبعات البيضاء لاختبار أنظمة أمان أجهزة الكمبيوتر في المؤسسات مما يسمح بتحديد عيوبها وثغراتها قصد تحسين دفاعاتها,"{""question_type"": ""ما الفرق بين""}"
arasag,30,ما الفرق بين القرصنة واختبار الاختراق؟,القرصنة هي اختراق النظام و سرقة المعلومات مثل ويكيليكس.,1,0.0,5.0,cybercrimes,short_answer,7,arabic,,القرصنة هي جريمة اختراق وسرقة معلومات يقوم بها قراصنة القبعات السوداء دون اذن لاغراض تخريبية أما اختبار الاختراق فيتم فيه توظيف العديد من ذوي القبعات البيضاء لاختبار أنظمة أمان أجهزة الكمبيوتر في المؤسسات مما يسمح بتحديد عيوبها وثغراتها قصد تحسين دفاعاتها,"{""question_type"": ""ما الفرق بين""}"
arasag,30,ما الفرق بين القرصنة واختبار الاختراق؟,القرصنة : اختراق لمواقع بهدف سرقة واتلاف البيانات، اختبار الاختراق : يقوم بها مختصون لاختبار المنتوج واظهار عيوبه ليتمكن المبرمج من اصلاح هده العيوب و الثغرات,4,0.0,5.0,cybercrimes,short_answer,7,arabic,,القرصنة هي جريمة اختراق وسرقة معلومات يقوم بها قراصنة القبعات السوداء دون اذن لاغراض تخريبية أما اختبار الاختراق فيتم فيه توظيف العديد من ذوي القبعات البيضاء لاختبار أنظمة أمان أجهزة الكمبيوتر في المؤسسات مما يسمح بتحديد عيوبها وثغراتها قصد تحسين دفاعاتها,"{""question_type"": ""ما الفرق بين""}"
arasag,30,ما الفرق بين القرصنة واختبار الاختراق؟,القرصنة هي عملية الاختراق من دون رخصة، اختبار الاختراق: هي عملية اختراق برخصة,2,0.0,5.0,cybercrimes,short_answer,7,arabic,,القرصنة هي جريمة اختراق وسرقة معلومات يقوم بها قراصنة القبعات السوداء دون اذن لاغراض تخريبية أما اختبار الاختراق فيتم فيه توظيف العديد من ذوي القبعات البيضاء لاختبار أنظمة أمان أجهزة الكمبيوتر في المؤسسات مما يسمح بتحديد عيوبها وثغراتها قصد تحسين دفاعاتها,"{""question_type"": ""ما الفرق بين""}"
arasag,30,ما الفرق بين القرصنة واختبار الاختراق؟,القرصنة يعاقب عليها القانون اما اختبار الاختراق فهو وظيفة للقراصنة البيض يحصلون على جوائز من هدا الاختبار ,4,0.0,5.0,cybercrimes,short_answer,7,arabic,,القرصنة هي جريمة اختراق وسرقة معلومات يقوم بها قراصنة القبعات السوداء دون اذن لاغراض تخريبية أما اختبار الاختراق فيتم فيه توظيف العديد من ذوي القبعات البيضاء لاختبار أنظمة أمان أجهزة الكمبيوتر في المؤسسات مما يسمح بتحديد عيوبها وثغراتها قصد تحسين دفاعاتها,"{""question_type"": ""ما الفرق بين""}"
arasag,30,ما الفرق بين القرصنة واختبار الاختراق؟,القرصنة هم اشخاص يؤمنون بحرية الراي يطلعون على المعلومات الشخصية للناس اما الاختراق فهو سرقة المواقع,2,0.0,5.0,cybercrimes,short_answer,7,arabic,,القرصنة هي جريمة اختراق وسرقة معلومات يقوم بها قراصنة القبعات السوداء دون اذن لاغراض تخريبية أما اختبار الاختراق فيتم فيه توظيف العديد من ذوي القبعات البيضاء لاختبار أنظمة أمان أجهزة الكمبيوتر في المؤسسات مما يسمح بتحديد عيوبها وثغراتها قصد تحسين دفاعاتها,"{""question_type"": ""ما الفرق بين""}"
arasag,30,ما الفرق بين القرصنة واختبار الاختراق؟,القرصنة عمل يعود بالخسارة على الضحية و بالربح على المخترق، أما اختبار الاختراق هو إحضار أشخاص لاختبار امن النظام والدي يعود بالمنفعة,4,0.0,5.0,cybercrimes,short_answer,7,arabic,,القرصنة هي جريمة اختراق وسرقة معلومات يقوم بها قراصنة القبعات السوداء دون اذن لاغراض تخريبية أما اختبار الاختراق فيتم فيه توظيف العديد من ذوي القبعات البيضاء لاختبار أنظمة أمان أجهزة الكمبيوتر في المؤسسات مما يسمح بتحديد عيوبها وثغراتها قصد تحسين دفاعاتها,"{""question_type"": ""ما الفرق بين""}"
arasag,30,ما الفرق بين القرصنة واختبار الاختراق؟,القرصنة هو اقتحام غير أخلاقي، اما اختبار الاختراق هو اقتحام غير أخلاقي منظم من طرف جهات معنية,4,0.0,5.0,cybercrimes,short_answer,7,arabic,,القرصنة هي جريمة اختراق وسرقة معلومات يقوم بها قراصنة القبعات السوداء دون اذن لاغراض تخريبية أما اختبار الاختراق فيتم فيه توظيف العديد من ذوي القبعات البيضاء لاختبار أنظمة أمان أجهزة الكمبيوتر في المؤسسات مما يسمح بتحديد عيوبها وثغراتها قصد تحسين دفاعاتها,"{""question_type"": ""ما الفرق بين""}"
arasag,30,ما الفرق بين القرصنة واختبار الاختراق؟,تعتبر القرصنة فعل غير اخلاقي فهي اختراق بدون اذن بهدف السرقة أو تخريب المعلومات أما اختبار الاختراق فهو فعل اخلاقي ومشروع هدفه كشف الثغرات بهدف اصلاحها و تقوية نظام الأمن,4,0.0,5.0,cybercrimes,short_answer,7,arabic,,القرصنة هي جريمة اختراق وسرقة معلومات يقوم بها قراصنة القبعات السوداء دون اذن لاغراض تخريبية أما اختبار الاختراق فيتم فيه توظيف العديد من ذوي القبعات البيضاء لاختبار أنظمة أمان أجهزة الكمبيوتر في المؤسسات مما يسمح بتحديد عيوبها وثغراتها قصد تحسين دفاعاتها,"{""question_type"": ""ما الفرق بين""}"
arasag,30,ما الفرق بين القرصنة واختبار الاختراق؟,القرصنة تكون بالتسلل و الاختراق بعمد  وهذا فعل غير قانوني، أما اختبار الاختراق يكون بتصريح يقوم به  جماعة من الهاكر لتحقيق الامن و يتم بصفة قانونية,4,0.0,5.0,cybercrimes,short_answer,7,arabic,,القرصنة هي جريمة اختراق وسرقة معلومات يقوم بها قراصنة القبعات السوداء دون اذن لاغراض تخريبية أما اختبار الاختراق فيتم فيه توظيف العديد من ذوي القبعات البيضاء لاختبار أنظمة أمان أجهزة الكمبيوتر في المؤسسات مما يسمح بتحديد عيوبها وثغراتها قصد تحسين دفاعاتها,"{""question_type"": ""ما الفرق بين""}"
arasag,30,ما الفرق بين القرصنة واختبار الاختراق؟,الاختراق هو الولوج الى قاعدة البيانات دون تغييرها، اما القرصنة فهي الولوج ثم سرقة المعلومات و كسر انظمة الحماية,4,0.0,5.0,cybercrimes,short_answer,7,arabic,,القرصنة هي جريمة اختراق وسرقة معلومات يقوم بها قراصنة القبعات السوداء دون اذن لاغراض تخريبية أما اختبار الاختراق فيتم فيه توظيف العديد من ذوي القبعات البيضاء لاختبار أنظمة أمان أجهزة الكمبيوتر في المؤسسات مما يسمح بتحديد عيوبها وثغراتها قصد تحسين دفاعاتها,"{""question_type"": ""ما الفرق بين""}"
arasag,30,ما الفرق بين القرصنة واختبار الاختراق؟,القرصنة  هي اختراق  من اجل سرقة معلومات و اخذ البيانات مثل سرقة معلومات سرية ووضعها ويكيليكس، اختبار الاختراق هو محاولة فك شفرة او العبور او بطريقة اخرى للتمكن من دخول نظام ما ,2,0.0,5.0,cybercrimes,short_answer,7,arabic,,القرصنة هي جريمة اختراق وسرقة معلومات يقوم بها قراصنة القبعات السوداء دون اذن لاغراض تخريبية أما اختبار الاختراق فيتم فيه توظيف العديد من ذوي القبعات البيضاء لاختبار أنظمة أمان أجهزة الكمبيوتر في المؤسسات مما يسمح بتحديد عيوبها وثغراتها قصد تحسين دفاعاتها,"{""question_type"": ""ما الفرق بين""}"
arasag,30,ما الفرق بين القرصنة واختبار الاختراق؟,الاختراق هو اقتحام انظمة اجهزة  الحاسب بمساعدة برامج تعمل على معرفة كلمات السر و كلمات المرور اما القرصنة فتتمثل في اختراق الانظمة من اجل الوصول الى المعلومات و التلاعب بها ,1,0.0,5.0,cybercrimes,short_answer,7,arabic,,القرصنة هي جريمة اختراق وسرقة معلومات يقوم بها قراصنة القبعات السوداء دون اذن لاغراض تخريبية أما اختبار الاختراق فيتم فيه توظيف العديد من ذوي القبعات البيضاء لاختبار أنظمة أمان أجهزة الكمبيوتر في المؤسسات مما يسمح بتحديد عيوبها وثغراتها قصد تحسين دفاعاتها,"{""question_type"": ""ما الفرق بين""}"
arasag,30,ما الفرق بين القرصنة واختبار الاختراق؟,الاختراق يمس جميع الانظمة و شبكات الخاصة و  خاصة الاجهزة المتصلة بالانترنت اما القرصنة فمثل تسريب ويكيلكس لوثائق الدبلوماسيين الامريكيين الخاصة ,1,0.0,5.0,cybercrimes,short_answer,7,arabic,,القرصنة هي جريمة اختراق وسرقة معلومات يقوم بها قراصنة القبعات السوداء دون اذن لاغراض تخريبية أما اختبار الاختراق فيتم فيه توظيف العديد من ذوي القبعات البيضاء لاختبار أنظمة أمان أجهزة الكمبيوتر في المؤسسات مما يسمح بتحديد عيوبها وثغراتها قصد تحسين دفاعاتها,"{""question_type"": ""ما الفرق بين""}"
arasag,30,ما الفرق بين القرصنة واختبار الاختراق؟,اختبار الاختراق هي محاولة اختراق النظام بطلب من العملاء من اجل معرفة صحة النظام و تحسينه بعد ذلك اما القرصنة هي عمل غير قانوني يتم باختراق الاجهزة و النظامات بدوا اخذ الاذن بهدف التجسس و السرقة ,4,0.0,5.0,cybercrimes,short_answer,7,arabic,,القرصنة هي جريمة اختراق وسرقة معلومات يقوم بها قراصنة القبعات السوداء دون اذن لاغراض تخريبية أما اختبار الاختراق فيتم فيه توظيف العديد من ذوي القبعات البيضاء لاختبار أنظمة أمان أجهزة الكمبيوتر في المؤسسات مما يسمح بتحديد عيوبها وثغراتها قصد تحسين دفاعاتها,"{""question_type"": ""ما الفرق بين""}"
arasag,30,ما الفرق بين القرصنة واختبار الاختراق؟,اختبار الاختراق عادة يعني تصريح من صاحب النظام وعلى مختبر الاختراق تقديم تقويم وعدم المساس باي شيء، اما القراصنة فعادة تكون من اجل اتلاف او السرقة وهوية القرصان تبقى مجهولة من طرفه ,3,0.0,5.0,cybercrimes,short_answer,7,arabic,,القرصنة هي جريمة اختراق وسرقة معلومات يقوم بها قراصنة القبعات السوداء دون اذن لاغراض تخريبية أما اختبار الاختراق فيتم فيه توظيف العديد من ذوي القبعات البيضاء لاختبار أنظمة أمان أجهزة الكمبيوتر في المؤسسات مما يسمح بتحديد عيوبها وثغراتها قصد تحسين دفاعاتها,"{""question_type"": ""ما الفرق بين""}"
arasag,30,ما الفرق بين القرصنة واختبار الاختراق؟,القرصنة  تتم  من اجل سرقة المعلومات او تحطيم النظام على عكس اختبار الاختراق الذي يتم من اجل ايجاد الثغرات وقدرة النظام على مكافحة الاختراقات ,4,0.0,5.0,cybercrimes,short_answer,7,arabic,,القرصنة هي جريمة اختراق وسرقة معلومات يقوم بها قراصنة القبعات السوداء دون اذن لاغراض تخريبية أما اختبار الاختراق فيتم فيه توظيف العديد من ذوي القبعات البيضاء لاختبار أنظمة أمان أجهزة الكمبيوتر في المؤسسات مما يسمح بتحديد عيوبها وثغراتها قصد تحسين دفاعاتها,"{""question_type"": ""ما الفرق بين""}"
arasag,30,ما الفرق بين القرصنة واختبار الاختراق؟,القرصنة تكون باقتحام النظام من اجل تحقيق مصالح و مكاسب شخصية، اختبار الاختراق يكون من طرف الخبراء (قراصنة القبعات البيضاء) وبتصريح من المؤسسات باستعمال برامج معدة مسبقا من اجل اختبار امن الموقع ,4,0.0,5.0,cybercrimes,short_answer,7,arabic,,القرصنة هي جريمة اختراق وسرقة معلومات يقوم بها قراصنة القبعات السوداء دون اذن لاغراض تخريبية أما اختبار الاختراق فيتم فيه توظيف العديد من ذوي القبعات البيضاء لاختبار أنظمة أمان أجهزة الكمبيوتر في المؤسسات مما يسمح بتحديد عيوبها وثغراتها قصد تحسين دفاعاتها,"{""question_type"": ""ما الفرق بين""}"
arasag,30,ما الفرق بين القرصنة واختبار الاختراق؟,القرصنة اختراق الأنظمة، اختبار الاختراق هو اختبار معترف به علم الاختراق و الامن المعلوماتي و عدة شركات يقومون بتوظيف الناجحين فيه,3,0.0,5.0,cybercrimes,short_answer,7,arabic,,القرصنة هي جريمة اختراق وسرقة معلومات يقوم بها قراصنة القبعات السوداء دون اذن لاغراض تخريبية أما اختبار الاختراق فيتم فيه توظيف العديد من ذوي القبعات البيضاء لاختبار أنظمة أمان أجهزة الكمبيوتر في المؤسسات مما يسمح بتحديد عيوبها وثغراتها قصد تحسين دفاعاتها,"{""question_type"": ""ما الفرق بين""}"
arasag,30,ما الفرق بين القرصنة واختبار الاختراق؟,القرصنة تتم باقتحام الجهاز او البريد الالكتروني للمستخدم للحصول على اسرار تخصه او معلومات عن حياته او خصوصياته، اما الاختراق فيكون هدفه الاطلاع على المعلومات او سرقتها او ازالتها,2,0.0,5.0,cybercrimes,short_answer,7,arabic,,القرصنة هي جريمة اختراق وسرقة معلومات يقوم بها قراصنة القبعات السوداء دون اذن لاغراض تخريبية أما اختبار الاختراق فيتم فيه توظيف العديد من ذوي القبعات البيضاء لاختبار أنظمة أمان أجهزة الكمبيوتر في المؤسسات مما يسمح بتحديد عيوبها وثغراتها قصد تحسين دفاعاتها,"{""question_type"": ""ما الفرق بين""}"
arasag,30,ما الفرق بين القرصنة واختبار الاختراق؟,القرصنة هي عملية اختراق يقوم بها القراصنة من اجل أهداف مختلفة أما اختبار الاختراق تقوم به الأنظمة محاولة اختراق انظمتها من اجل زيادة الامان و سد الثغرات و الأخطاء,4,0.0,5.0,cybercrimes,short_answer,7,arabic,,القرصنة هي جريمة اختراق وسرقة معلومات يقوم بها قراصنة القبعات السوداء دون اذن لاغراض تخريبية أما اختبار الاختراق فيتم فيه توظيف العديد من ذوي القبعات البيضاء لاختبار أنظمة أمان أجهزة الكمبيوتر في المؤسسات مما يسمح بتحديد عيوبها وثغراتها قصد تحسين دفاعاتها,"{""question_type"": ""ما الفرق بين""}"
arasag,30,ما الفرق بين القرصنة واختبار الاختراق؟,اختبار الاختراق هو توظيف قراصنة القبعات البيضاء و استغلال معرفتهم بنظام امن الكمبيوتر لتحسين و تقوية دفاع الانظمة المؤسسات و المنظمات، القرصنة هي اقتحام انظمة التشغيل و الشبكات الخاصة دون الحصول على اذن بواسطة برامج مختصة ,5,0.0,5.0,cybercrimes,short_answer,7,arabic,,القرصنة هي جريمة اختراق وسرقة معلومات يقوم بها قراصنة القبعات السوداء دون اذن لاغراض تخريبية أما اختبار الاختراق فيتم فيه توظيف العديد من ذوي القبعات البيضاء لاختبار أنظمة أمان أجهزة الكمبيوتر في المؤسسات مما يسمح بتحديد عيوبها وثغراتها قصد تحسين دفاعاتها,"{""question_type"": ""ما الفرق بين""}"
arasag,30,ما الفرق بين القرصنة واختبار الاختراق؟,القرصنة هي جريمة و التي تكون بدون اذن أو ترخيص من الضحية بينما الاختبار الاختراق فهو اختبار من المؤسسات للقبعات البيضاء من اجل تأمين  برنامجها قبل ان يطلق للزبون,4,0.0,5.0,cybercrimes,short_answer,7,arabic,,القرصنة هي جريمة اختراق وسرقة معلومات يقوم بها قراصنة القبعات السوداء دون اذن لاغراض تخريبية أما اختبار الاختراق فيتم فيه توظيف العديد من ذوي القبعات البيضاء لاختبار أنظمة أمان أجهزة الكمبيوتر في المؤسسات مما يسمح بتحديد عيوبها وثغراتها قصد تحسين دفاعاتها,"{""question_type"": ""ما الفرق بين""}"
arasag,30,ما الفرق بين القرصنة واختبار الاختراق؟,الفرق بين نياتهم القراصنة يخترقون لتحقيق أهداف الحرية و اختبار الاختراق مصمم لإيجاد نقاط ضعف الأنظمة و تحسينها,2,0.0,5.0,cybercrimes,short_answer,7,arabic,,القرصنة هي جريمة اختراق وسرقة معلومات يقوم بها قراصنة القبعات السوداء دون اذن لاغراض تخريبية أما اختبار الاختراق فيتم فيه توظيف العديد من ذوي القبعات البيضاء لاختبار أنظمة أمان أجهزة الكمبيوتر في المؤسسات مما يسمح بتحديد عيوبها وثغراتها قصد تحسين دفاعاتها,"{""question_type"": ""ما الفرق بين""}"
arasag,30,ما الفرق بين القرصنة واختبار الاختراق؟,القرصنة هي اختراق الأرقام السرية و سرقة المعلومات و اتلافها و تخريبها، اختبار الاختراق هو اختراق نظام الأمن من طرف قراصنة القبعة البيضاء و بعد اكتشاف الثغرات يتم اصلاحها و هذا كله بإذن من المؤسسة,5,0.0,5.0,cybercrimes,short_answer,7,arabic,,القرصنة هي جريمة اختراق وسرقة معلومات يقوم بها قراصنة القبعات السوداء دون اذن لاغراض تخريبية أما اختبار الاختراق فيتم فيه توظيف العديد من ذوي القبعات البيضاء لاختبار أنظمة أمان أجهزة الكمبيوتر في المؤسسات مما يسمح بتحديد عيوبها وثغراتها قصد تحسين دفاعاتها,"{""question_type"": ""ما الفرق بين""}"
arasag,30,ما الفرق بين القرصنة واختبار الاختراق؟,اختبار الاختراق هو اختراق أنظمة الحواسيب في مؤسسة ما مثلا لاكتشاف الثغرات الموجودة فيها، اما القرصنة اختراق الحاسوب بواسطة برامج فك كلمة المرور مثلا لشقة المعلومات و البيانات و تخريبها,4,0.0,5.0,cybercrimes,short_answer,7,arabic,,القرصنة هي جريمة اختراق وسرقة معلومات يقوم بها قراصنة القبعات السوداء دون اذن لاغراض تخريبية أما اختبار الاختراق فيتم فيه توظيف العديد من ذوي القبعات البيضاء لاختبار أنظمة أمان أجهزة الكمبيوتر في المؤسسات مما يسمح بتحديد عيوبها وثغراتها قصد تحسين دفاعاتها,"{""question_type"": ""ما الفرق بين""}"
arasag,30,ما الفرق بين القرصنة واختبار الاختراق؟,القرصنة غالبا هدفها تخريب الأنظمة المعلوماتية و تجاوز الخصوصيات و التعدي على الانظمة الأمنية أما اختبار الاختراق فيهدف الى ايجاد الثغرات في الأنظمة و محاولة ايجاد حل لها أ و التبليغ عنها للمصالح المختصة,5,0.0,5.0,cybercrimes,short_answer,7,arabic,,القرصنة هي جريمة اختراق وسرقة معلومات يقوم بها قراصنة القبعات السوداء دون اذن لاغراض تخريبية أما اختبار الاختراق فيتم فيه توظيف العديد من ذوي القبعات البيضاء لاختبار أنظمة أمان أجهزة الكمبيوتر في المؤسسات مما يسمح بتحديد عيوبها وثغراتها قصد تحسين دفاعاتها,"{""question_type"": ""ما الفرق بين""}"
arasag,30,ما الفرق بين القرصنة واختبار الاختراق؟,القرصنة هي عملية يجرمها القانون يقوم بها الهراكر بأهداف اجرامية قصد الاخلال بنظام الأمن و الاستيلاء على معلومات و حسابات الغير للسرقة و الاستيلاء و السيطرة على الحسابات، اختبار الاختراق هي عملية قانونية يقوم بها الهاكر بحيث يتقاضى أجر عليها و لديه تصريح في المؤسسة المعنية بهدف اكتشاف الثغرات و اغلاقها,5,0.0,5.0,cybercrimes,short_answer,7,arabic,,القرصنة هي جريمة اختراق وسرقة معلومات يقوم بها قراصنة القبعات السوداء دون اذن لاغراض تخريبية أما اختبار الاختراق فيتم فيه توظيف العديد من ذوي القبعات البيضاء لاختبار أنظمة أمان أجهزة الكمبيوتر في المؤسسات مما يسمح بتحديد عيوبها وثغراتها قصد تحسين دفاعاتها,"{""question_type"": ""ما الفرق بين""}"
arasag,29,ما الفرق بين الفيروس و برنامج الإنزال ؟,الفيروس: هو برنامج ضار يعمل على نسخ نفسه في جهاز الضحية ولا يشتغل إلا عند عمل البرنامج الذي جاء معه، برنامج الانزال: هو برنامج يعمل على نقل ونسخ الفيروسات على أجهزة الضحايا ويكون مشفر لكي لا يتم اكتشافه من قبل برامج مكافحة الفيروسات.,4,0.0,5.0,cybercrimes,short_answer,7,arabic,,الفيروس و برنامج الإنزال برامج ماكرة هدفها تخريبي تختلف في طريقة العمل أو الهجوم فبينما يكرر الفيروس نفسه باقترانه ببرامج أخرى يقوم برنامج الإنزال بمراوغة برامج مكافحة الفيروسات بنقل وتركيب الفيروسات المحمولة في طياته,"{""question_type"": ""ما الفرق بين""}"
arasag,29,ما الفرق بين الفيروس و برنامج الإنزال ؟,الفيروس هو برنامج مصمم ليقترن برنامج آخر و يقوم بتكرار نفسه وبعث هجمات من خلال برنامج آخر آما برنامج الاِنزال فهو من يحمل الفيروس.,2,0.0,5.0,cybercrimes,short_answer,7,arabic,,الفيروس و برنامج الإنزال برامج ماكرة هدفها تخريبي تختلف في طريقة العمل أو الهجوم فبينما يكرر الفيروس نفسه باقترانه ببرامج أخرى يقوم برنامج الإنزال بمراوغة برامج مكافحة الفيروسات بنقل وتركيب الفيروسات المحمولة في طياته,"{""question_type"": ""ما الفرق بين""}"
arasag,29,ما الفرق بين الفيروس و برنامج الإنزال ؟,الفيروس يقترن ببرنامج آخر وينشط عند تشغيل ذلك البرنامج للتخريب البيانات ويستطيع انتج نفسه باقترانه ببرامج أخرى بينما برامج الانزال مصممه لمكافحة برامج المضادة للفيروسات فتعتمد على التشفير لعدم اكتشافها فهي تقوم بنقل وتركيب الفيروسات وتنتظر حدوث أمر معين للقيام بعملها التخريبي.,4,0.0,5.0,cybercrimes,short_answer,7,arabic,,الفيروس و برنامج الإنزال برامج ماكرة هدفها تخريبي تختلف في طريقة العمل أو الهجوم فبينما يكرر الفيروس نفسه باقترانه ببرامج أخرى يقوم برنامج الإنزال بمراوغة برامج مكافحة الفيروسات بنقل وتركيب الفيروسات المحمولة في طياته,"{""question_type"": ""ما الفرق بين""}"
arasag,29,ما الفرق بين الفيروس و برنامج الإنزال ؟,الفيروس هو برنامج في الجهاز الذي يتم تحميله من المواقع الغير قانونية عن طريق الخطأ؛ يتميز بنسخ نفسه مرات عديدة ويؤثر على برامج أخرى، برنامج الإنزال يستعمل عادة لصد و إيقاف آو تخريب برامج ضد الفيروسات.,3,0.0,5.0,cybercrimes,short_answer,7,arabic,,الفيروس و برنامج الإنزال برامج ماكرة هدفها تخريبي تختلف في طريقة العمل أو الهجوم فبينما يكرر الفيروس نفسه باقترانه ببرامج أخرى يقوم برنامج الإنزال بمراوغة برامج مكافحة الفيروسات بنقل وتركيب الفيروسات المحمولة في طياته,"{""question_type"": ""ما الفرق بين""}"
arasag,29,ما الفرق بين الفيروس و برنامج الإنزال ؟,الفيروس هو برنامج كمبيوتر مصمم للإقتران ببرنامج آخر يعمل حين يعمل هذا البرنامج وأيضا يقوم بإعادة إنتاج نفسه، أما البرنامج لإنزال هو برنامج لمكافحة مضادات الفيروسات يعمل على إعادة تركيب ونقل الفيروسات.,4,0.0,5.0,cybercrimes,short_answer,7,arabic,,الفيروس و برنامج الإنزال برامج ماكرة هدفها تخريبي تختلف في طريقة العمل أو الهجوم فبينما يكرر الفيروس نفسه باقترانه ببرامج أخرى يقوم برنامج الإنزال بمراوغة برامج مكافحة الفيروسات بنقل وتركيب الفيروسات المحمولة في طياته,"{""question_type"": ""ما الفرق بين""}"
arasag,29,ما الفرق بين الفيروس و برنامج الإنزال ؟,الفيروس يعمل بواسطة برامج أخرى يعتمد على قدرته على نسخ ذاته أما برنامج لاتزال وظيفتها نقل وتركيب الفيروسات,2,0.0,5.0,cybercrimes,short_answer,7,arabic,,الفيروس و برنامج الإنزال برامج ماكرة هدفها تخريبي تختلف في طريقة العمل أو الهجوم فبينما يكرر الفيروس نفسه باقترانه ببرامج أخرى يقوم برنامج الإنزال بمراوغة برامج مكافحة الفيروسات بنقل وتركيب الفيروسات المحمولة في طياته,"{""question_type"": ""ما الفرق بين""}"
arasag,29,ما الفرق بين الفيروس و برنامج الإنزال ؟,ينتقل الفيروس عن طريق الدخول إلى المواقع المشتبهة او عند تحميل برامج وهو يتضاعف بنسخ نفسه؛ هدفها تخريب البيانات من ذاكرة حاسوب أما برامج الانزال صممت لمراوغة برامج مكافحة للفيروسات.,3,0.0,5.0,cybercrimes,short_answer,7,arabic,,الفيروس و برنامج الإنزال برامج ماكرة هدفها تخريبي تختلف في طريقة العمل أو الهجوم فبينما يكرر الفيروس نفسه باقترانه ببرامج أخرى يقوم برنامج الإنزال بمراوغة برامج مكافحة الفيروسات بنقل وتركيب الفيروسات المحمولة في طياته,"{""question_type"": ""ما الفرق بين""}"
arasag,29,ما الفرق بين الفيروس و برنامج الإنزال ؟,الفيروس هو برنامج قام بإعداده شخص او مجموعة من الأشخاص من اجل تخريب وسرقة بيانات والحصول على الأرقام السرية، أما برنامج الإنزال مصمم لمكافحة برامج القضاء على الفيروس يقوم بتشفير لعدم معرفته ويقوم بنقل وتركيب الفيروس.,3,0.0,5.0,cybercrimes,short_answer,7,arabic,,الفيروس و برنامج الإنزال برامج ماكرة هدفها تخريبي تختلف في طريقة العمل أو الهجوم فبينما يكرر الفيروس نفسه باقترانه ببرامج أخرى يقوم برنامج الإنزال بمراوغة برامج مكافحة الفيروسات بنقل وتركيب الفيروسات المحمولة في طياته,"{""question_type"": ""ما الفرق بين""}"
arasag,29,ما الفرق بين الفيروس و برنامج الإنزال ؟,الفيروس يقترن ببرنامج آخر ويعمل عندما يعمل ذلك البرنامج؛ ثم يقوم بنسخ نفسه؛ وعادة ما يكون مصمم لتشطيب البيانات من ذاكرة الحاسوب. أما برنامج الإنزال فهو مصمم لكي يغير على برنامج مكافحة الفيروسات عند طريق اِستعمال التشفير وهدفه هو اِدخال الفيروسات على الجهاز.,4,0.0,5.0,cybercrimes,short_answer,7,arabic,,الفيروس و برنامج الإنزال برامج ماكرة هدفها تخريبي تختلف في طريقة العمل أو الهجوم فبينما يكرر الفيروس نفسه باقترانه ببرامج أخرى يقوم برنامج الإنزال بمراوغة برامج مكافحة الفيروسات بنقل وتركيب الفيروسات المحمولة في طياته,"{""question_type"": ""ما الفرق بين""}"
arasag,29,ما الفرق بين الفيروس و برنامج الإنزال ؟,الفيروس أداة اختراق وشطب البيانات من الكمبيوتر تعمل ببرامج أو برامج أخر لها القدرة على نسخ ذاتها أما برامج الإنزال تقل وتركب الفيروسات تنتظر أمر معين تعتمد على التشفير للمغالطة ومكافحة الفيروسات.,2,0.0,5.0,cybercrimes,short_answer,7,arabic,,الفيروس و برنامج الإنزال برامج ماكرة هدفها تخريبي تختلف في طريقة العمل أو الهجوم فبينما يكرر الفيروس نفسه باقترانه ببرامج أخرى يقوم برنامج الإنزال بمراوغة برامج مكافحة الفيروسات بنقل وتركيب الفيروسات المحمولة في طياته,"{""question_type"": ""ما الفرق بين""}"
arasag,29,ما الفرق بين الفيروس و برنامج الإنزال ؟,الفيروس: برنامج يقترن ببرامج أخرى ويجدد نفسه، برامج الإنزال: برامج لمكافحة الفيروسات ولكنها تحتوي على فيروسات من أجل الإختراق.,3,0.0,5.0,cybercrimes,short_answer,7,arabic,,الفيروس و برنامج الإنزال برامج ماكرة هدفها تخريبي تختلف في طريقة العمل أو الهجوم فبينما يكرر الفيروس نفسه باقترانه ببرامج أخرى يقوم برنامج الإنزال بمراوغة برامج مكافحة الفيروسات بنقل وتركيب الفيروسات المحمولة في طياته,"{""question_type"": ""ما الفرق بين""}"
arasag,29,ما الفرق بين الفيروس و برنامج الإنزال ؟,الفيروس: يقترن ببرنامج معين وفور عمله يعمل الفيروس.، الإنزال: يقترن ببرنامج ويعمل فور حدوث حدث معين في الحاسب لذا فالفرق هو وقت العمل.,2,0.0,5.0,cybercrimes,short_answer,7,arabic,,الفيروس و برنامج الإنزال برامج ماكرة هدفها تخريبي تختلف في طريقة العمل أو الهجوم فبينما يكرر الفيروس نفسه باقترانه ببرامج أخرى يقوم برنامج الإنزال بمراوغة برامج مكافحة الفيروسات بنقل وتركيب الفيروسات المحمولة في طياته,"{""question_type"": ""ما الفرق بين""}"
arasag,29,ما الفرق بين الفيروس و برنامج الإنزال ؟,الفيروس: هو برنامج أعده أشخاص يقوم بتخريب وشطب البيانات من ذاكرة الحاسوب وصمم لكي يعمل مع برنامج آخر وله القدرة على نسخ نفسه، برامج الاِنزال: صممت لمراوغة برامج مكافحة الفيروسات وتعتمد على التشفير كي لا يتم اكتشافها و وظيفتها نقل وتركيب الفيروسات.,4,0.0,5.0,cybercrimes,short_answer,7,arabic,,الفيروس و برنامج الإنزال برامج ماكرة هدفها تخريبي تختلف في طريقة العمل أو الهجوم فبينما يكرر الفيروس نفسه باقترانه ببرامج أخرى يقوم برنامج الإنزال بمراوغة برامج مكافحة الفيروسات بنقل وتركيب الفيروسات المحمولة في طياته,"{""question_type"": ""ما الفرق بين""}"
arasag,29,ما الفرق بين الفيروس و برنامج الإنزال ؟,الفيروس: هو برنامج صمم عمدا لتخريب المعلومات المخزنة وهو قادر على نسخ نفسه وهو مرتبط ببرنامج ما، برنامج الانزال: هو برنامج لمكافحة برامج مكافحة الفيروسات حيث يعمل على نقل الفيروسات ,4,0.0,5.0,cybercrimes,short_answer,7,arabic,,الفيروس و برنامج الإنزال برامج ماكرة هدفها تخريبي تختلف في طريقة العمل أو الهجوم فبينما يكرر الفيروس نفسه باقترانه ببرامج أخرى يقوم برنامج الإنزال بمراوغة برامج مكافحة الفيروسات بنقل وتركيب الفيروسات المحمولة في طياته,"{""question_type"": ""ما الفرق بين""}"
arasag,29,ما الفرق بين الفيروس و برنامج الإنزال ؟,الفيروس: هو برنامج يقوم بأعمال تخريبية للبرامج المثبتة على الحاسوب أما برامج لانزال,1,0.0,5.0,cybercrimes,short_answer,7,arabic,,الفيروس و برنامج الإنزال برامج ماكرة هدفها تخريبي تختلف في طريقة العمل أو الهجوم فبينما يكرر الفيروس نفسه باقترانه ببرامج أخرى يقوم برنامج الإنزال بمراوغة برامج مكافحة الفيروسات بنقل وتركيب الفيروسات المحمولة في طياته,"{""question_type"": ""ما الفرق بين""}"
arasag,29,ما الفرق بين الفيروس و برنامج الإنزال ؟,الفيروس هو برنامج يرتبط ببرامج أخرى ليعيد انشاء نفسه بارتباطه بهذه البرامج أما برنامج الانزال هو برنامج وهمي للحماية من الفيروسات ويعمل على التشفير وينتظر حدوث امرا معين لإظهار نفسه والقضاء على نظام الحاسب ,4,0.0,5.0,cybercrimes,short_answer,7,arabic,,الفيروس و برنامج الإنزال برامج ماكرة هدفها تخريبي تختلف في طريقة العمل أو الهجوم فبينما يكرر الفيروس نفسه باقترانه ببرامج أخرى يقوم برنامج الإنزال بمراوغة برامج مكافحة الفيروسات بنقل وتركيب الفيروسات المحمولة في طياته,"{""question_type"": ""ما الفرق بين""}"
arasag,29,ما الفرق بين الفيروس و برنامج الإنزال ؟,الفيروس هو برنامج خبيث للقيام بأمر معين يستطيع برنامج الحماية القضاء عليه لكن برامج الإنزال هو برنامج يستعمل خاصية التشفير لتجاوز نظام الحماية و ثم يقوم هذا البرنامج بتركيب أو نقل الفيروسات  ,3,0.0,5.0,cybercrimes,short_answer,7,arabic,,الفيروس و برنامج الإنزال برامج ماكرة هدفها تخريبي تختلف في طريقة العمل أو الهجوم فبينما يكرر الفيروس نفسه باقترانه ببرامج أخرى يقوم برنامج الإنزال بمراوغة برامج مكافحة الفيروسات بنقل وتركيب الفيروسات المحمولة في طياته,"{""question_type"": ""ما الفرق بين""}"
arasag,29,ما الفرق بين الفيروس و برنامج الإنزال ؟,الفيروس هو برنامج صمم من طرف أشخاص من أجل تخريب أو شطب المعلومات من ذاكرة الحاسوب و هي تعتمد على برنامج آخر و لها إمكانية نسخ نفسها أما برنامج الإنزال فه الذي يقوم بنقل الفيروسات,2,0.0,5.0,cybercrimes,short_answer,7,arabic,,الفيروس و برنامج الإنزال برامج ماكرة هدفها تخريبي تختلف في طريقة العمل أو الهجوم فبينما يكرر الفيروس نفسه باقترانه ببرامج أخرى يقوم برنامج الإنزال بمراوغة برامج مكافحة الفيروسات بنقل وتركيب الفيروسات المحمولة في طياته,"{""question_type"": ""ما الفرق بين""}"
arasag,29,ما الفرق بين الفيروس و برنامج الإنزال ؟,الفيروس هو برنامج مسيء يقوم بالتحكم أو تخريب معلومات أو أنظمة الجهاز أما برنامج الإنزال فهو عبارة عن برنامج يقوم بمراوغة برامج منع الفيروسات من أجل تحميل الفيروسات,3,0.0,5.0,cybercrimes,short_answer,7,arabic,,الفيروس و برنامج الإنزال برامج ماكرة هدفها تخريبي تختلف في طريقة العمل أو الهجوم فبينما يكرر الفيروس نفسه باقترانه ببرامج أخرى يقوم برنامج الإنزال بمراوغة برامج مكافحة الفيروسات بنقل وتركيب الفيروسات المحمولة في طياته,"{""question_type"": ""ما الفرق بين""}"
arasag,29,ما الفرق بين الفيروس و برنامج الإنزال ؟,الفيروس هو برنامج ضار يقوم بسرقة و شطب المعلومات من الأجهزة الإلكترونية و يأتي مع برنامج آخر و عند تشغيل هذا الأخير يقوم بنسخ نفسه تلقائيا بينما برنامج التنزيل هو برنامج يقوم بتنزيل برامج أخرى ضارة بالأجهزة,3,0.0,5.0,cybercrimes,short_answer,7,arabic,,الفيروس و برنامج الإنزال برامج ماكرة هدفها تخريبي تختلف في طريقة العمل أو الهجوم فبينما يكرر الفيروس نفسه باقترانه ببرامج أخرى يقوم برنامج الإنزال بمراوغة برامج مكافحة الفيروسات بنقل وتركيب الفيروسات المحمولة في طياته,"{""question_type"": ""ما الفرق بين""}"
arasag,29,ما الفرق بين الفيروس و برنامج الإنزال ؟,الفيروس و برامج الإنزال كلاهما أسلوب من أساليب الإختراق لكن الفيروس يقترن بالبرامج و يشتغل عند إنشغاله و يعمل على تكرار نفسه لكن برامج الإنزال فهي تثبت نفسها و تقوم بتركيب الفيروسات ,4,0.0,5.0,cybercrimes,short_answer,7,arabic,,الفيروس و برنامج الإنزال برامج ماكرة هدفها تخريبي تختلف في طريقة العمل أو الهجوم فبينما يكرر الفيروس نفسه باقترانه ببرامج أخرى يقوم برنامج الإنزال بمراوغة برامج مكافحة الفيروسات بنقل وتركيب الفيروسات المحمولة في طياته,"{""question_type"": ""ما الفرق بين""}"
arasag,29,ما الفرق بين الفيروس و برنامج الإنزال ؟,"الفيروس فهو نضام مخرب مطابق لبرنامج ما, و يكون مفعل في حالة اشتغل البرنامج فقط البرنامج الإنزال : فهو يحوي الفيروسات بطريقة تشفيرية لا يمكن لك التعرف اليه  ",2,0.0,5.0,cybercrimes,short_answer,7,arabic,,الفيروس و برنامج الإنزال برامج ماكرة هدفها تخريبي تختلف في طريقة العمل أو الهجوم فبينما يكرر الفيروس نفسه باقترانه ببرامج أخرى يقوم برنامج الإنزال بمراوغة برامج مكافحة الفيروسات بنقل وتركيب الفيروسات المحمولة في طياته,"{""question_type"": ""ما الفرق بين""}"
arasag,29,ما الفرق بين الفيروس و برنامج الإنزال ؟,الفيروس هو برنامج مضر يقترن ببرنامج أخر لنسخ نفسه و يعمل عند عمل برنامج أما برنامج الإنزال فليس ببرنامج مضر و لا يعتد على برنامج آخر للعمل يستخدم بحصر أشخاص للوصول إلى مواقع و حجبها ,1,0.0,5.0,cybercrimes,short_answer,7,arabic,,الفيروس و برنامج الإنزال برامج ماكرة هدفها تخريبي تختلف في طريقة العمل أو الهجوم فبينما يكرر الفيروس نفسه باقترانه ببرامج أخرى يقوم برنامج الإنزال بمراوغة برامج مكافحة الفيروسات بنقل وتركيب الفيروسات المحمولة في طياته,"{""question_type"": ""ما الفرق بين""}"
arasag,29,ما الفرق بين الفيروس و برنامج الإنزال ؟,الفيروس هو برنامج مصمم لتخريب الحاسوب له القابلية على الإقتران ببرامج أخرى كما له قابلية التكاثر برنامج الإنزال مصمم خصيصا لتجاوز و عدم اكتشافه من طرف برامج مكافحة الفيروسات كما أنه يعتمد على التشفير ,5,0.0,5.0,cybercrimes,short_answer,7,arabic,,الفيروس و برنامج الإنزال برامج ماكرة هدفها تخريبي تختلف في طريقة العمل أو الهجوم فبينما يكرر الفيروس نفسه باقترانه ببرامج أخرى يقوم برنامج الإنزال بمراوغة برامج مكافحة الفيروسات بنقل وتركيب الفيروسات المحمولة في طياته,"{""question_type"": ""ما الفرق بين""}"
arasag,29,ما الفرق بين الفيروس و برنامج الإنزال ؟,فيروس صممه الأشخاص لتدمير و مسح بيانات من ذاكرة الحاسوب، الإنزال صمم لمراوغة برامج مكافحة الفيروسات، يتم تحميل الفيروس عن طريق برامج أو بريد و تقوم الإنزال هو من يقوم بنشر الفيروسات و نسخها ,2,0.0,5.0,cybercrimes,short_answer,7,arabic,,الفيروس و برنامج الإنزال برامج ماكرة هدفها تخريبي تختلف في طريقة العمل أو الهجوم فبينما يكرر الفيروس نفسه باقترانه ببرامج أخرى يقوم برنامج الإنزال بمراوغة برامج مكافحة الفيروسات بنقل وتركيب الفيروسات المحمولة في طياته,"{""question_type"": ""ما الفرق بين""}"
arasag,29,ما الفرق بين الفيروس و برنامج الإنزال ؟,الفيروس هو برنامج يخرب فورا ما يوضع/ينزل في الحاسوب أما برنامج الإنزال ، فهو برنامج ينتظر حدوث شيء ما كفتح برنامج ما فيقوم بالتخريب و افساد الملفات المراد تلافها,2,0.0,5.0,cybercrimes,short_answer,7,arabic,,الفيروس و برنامج الإنزال برامج ماكرة هدفها تخريبي تختلف في طريقة العمل أو الهجوم فبينما يكرر الفيروس نفسه باقترانه ببرامج أخرى يقوم برنامج الإنزال بمراوغة برامج مكافحة الفيروسات بنقل وتركيب الفيروسات المحمولة في طياته,"{""question_type"": ""ما الفرق بين""}"
arasag,29,ما الفرق بين الفيروس و برنامج الإنزال ؟,الفيروس يعتبر برنامج يقوم مباشرة بتخريب البيانات و يمكنه نسخ نفسه أما البرنامج الإنزال فيكون متخفيا في الحاسب و ينتظر الوقت المناسب للهجوم,2,0.0,5.0,cybercrimes,short_answer,7,arabic,,الفيروس و برنامج الإنزال برامج ماكرة هدفها تخريبي تختلف في طريقة العمل أو الهجوم فبينما يكرر الفيروس نفسه باقترانه ببرامج أخرى يقوم برنامج الإنزال بمراوغة برامج مكافحة الفيروسات بنقل وتركيب الفيروسات المحمولة في طياته,"{""question_type"": ""ما الفرق بين""}"
arasag,29,ما الفرق بين الفيروس و برنامج الإنزال ؟,الفيروس هو برنامج مصمم من أجل تخريب المعلومات و يكون مرتبط ببرنامج. أما برنامج الإنزال فهو برنامج يتجاوز البرامج المضادة للفيروسات باستغلاله فجوات في جهاز التنظيم حيث يقوم بنشر و تركيب الفيروسات,4,0.0,5.0,cybercrimes,short_answer,7,arabic,,الفيروس و برنامج الإنزال برامج ماكرة هدفها تخريبي تختلف في طريقة العمل أو الهجوم فبينما يكرر الفيروس نفسه باقترانه ببرامج أخرى يقوم برنامج الإنزال بمراوغة برامج مكافحة الفيروسات بنقل وتركيب الفيروسات المحمولة في طياته,"{""question_type"": ""ما الفرق بين""}"
arasag,29,ما الفرق بين الفيروس و برنامج الإنزال ؟,الفيروس هو برنامج يندمج ببرنامج آخر من أجل الحصول على معلومات و  برنامج الانزال هو برنامج يتلاعب ببرامج الحماية حتى يصل الوقت المناسب أو حدوث حدث في النظام يتم تفعيل الفيروس فيه,2,0.0,5.0,cybercrimes,short_answer,7,arabic,,الفيروس و برنامج الإنزال برامج ماكرة هدفها تخريبي تختلف في طريقة العمل أو الهجوم فبينما يكرر الفيروس نفسه باقترانه ببرامج أخرى يقوم برنامج الإنزال بمراوغة برامج مكافحة الفيروسات بنقل وتركيب الفيروسات المحمولة في طياته,"{""question_type"": ""ما الفرق بين""}"
arasag,29,ما الفرق بين الفيروس و برنامج الإنزال ؟,الفيروس هو برنامج يقوم بإتلاف جميع البيانات في حالة تشغيل و يقوم بإنتاج نفسه بينما ببرنامج الانزال يحمل صورة بريئة لكنه يحمل في طياته فيروسات قاتلة للنظام,4,0.0,5.0,cybercrimes,short_answer,7,arabic,,الفيروس و برنامج الإنزال برامج ماكرة هدفها تخريبي تختلف في طريقة العمل أو الهجوم فبينما يكرر الفيروس نفسه باقترانه ببرامج أخرى يقوم برنامج الإنزال بمراوغة برامج مكافحة الفيروسات بنقل وتركيب الفيروسات المحمولة في طياته,"{""question_type"": ""ما الفرق بين""}"
arasag,29,ما الفرق بين الفيروس و برنامج الإنزال ؟,الفيروس هو برنامج مصمم لأداء مهام معينة كتخريب الأجهزة و نقل المعلومات حيث يعتمد على الإختباء خلف البرامج الأخرى. أما برنامج الإنزال فهو المسؤول عن حماية و إخفاء الفيروسات ,2,0.0,5.0,cybercrimes,short_answer,7,arabic,,الفيروس و برنامج الإنزال برامج ماكرة هدفها تخريبي تختلف في طريقة العمل أو الهجوم فبينما يكرر الفيروس نفسه باقترانه ببرامج أخرى يقوم برنامج الإنزال بمراوغة برامج مكافحة الفيروسات بنقل وتركيب الفيروسات المحمولة في طياته,"{""question_type"": ""ما الفرق بين""}"
arasag,29,ما الفرق بين الفيروس و برنامج الإنزال ؟,الفيروس:هي برامج تعمل أثناء تشغيل برامج أخرى محمل من الانترنت لها القدرة على إنتشار منسخ نفسها، الإنزال: جاءت الإنزال لتفادي مضادات الفيروسات يقوم بنقل و تركيب الفيروسات,3,0.0,5.0,cybercrimes,short_answer,7,arabic,,الفيروس و برنامج الإنزال برامج ماكرة هدفها تخريبي تختلف في طريقة العمل أو الهجوم فبينما يكرر الفيروس نفسه باقترانه ببرامج أخرى يقوم برنامج الإنزال بمراوغة برامج مكافحة الفيروسات بنقل وتركيب الفيروسات المحمولة في طياته,"{""question_type"": ""ما الفرق بين""}"
arasag,29,ما الفرق بين الفيروس و برنامج الإنزال ؟,"الفيروس يكون عادة سهل التعرف عليه و القضاء عليه, أما الإنزال فهو صعب التعرف عليه من طرف بسبب تقنيتها الخاصة",1,0.0,5.0,cybercrimes,short_answer,7,arabic,,الفيروس و برنامج الإنزال برامج ماكرة هدفها تخريبي تختلف في طريقة العمل أو الهجوم فبينما يكرر الفيروس نفسه باقترانه ببرامج أخرى يقوم برنامج الإنزال بمراوغة برامج مكافحة الفيروسات بنقل وتركيب الفيروسات المحمولة في طياته,"{""question_type"": ""ما الفرق بين""}"
arasag,29,ما الفرق بين الفيروس و برنامج الإنزال ؟,الفيروس هو تطبيق حيث يؤدي إلى إتلاف الأنظمة أما برنامج الإنزال هي برامج تحمل في طياتها فيروسات و تقوم بنشرها,2,0.0,5.0,cybercrimes,short_answer,7,arabic,,الفيروس و برنامج الإنزال برامج ماكرة هدفها تخريبي تختلف في طريقة العمل أو الهجوم فبينما يكرر الفيروس نفسه باقترانه ببرامج أخرى يقوم برنامج الإنزال بمراوغة برامج مكافحة الفيروسات بنقل وتركيب الفيروسات المحمولة في طياته,"{""question_type"": ""ما الفرق بين""}"
arasag,29,ما الفرق بين الفيروس و برنامج الإنزال ؟,الفيروس بعد تحميله يبدأ عملية التخريب و الإنتقال من برنامج لآخر من حاسوب إلى آخر، برنامج الإنزال يتم تفعيله في زمن معين مبرمج يعمل وفق شروط يعمل على آلة معينة,2,0.0,5.0,cybercrimes,short_answer,7,arabic,,الفيروس و برنامج الإنزال برامج ماكرة هدفها تخريبي تختلف في طريقة العمل أو الهجوم فبينما يكرر الفيروس نفسه باقترانه ببرامج أخرى يقوم برنامج الإنزال بمراوغة برامج مكافحة الفيروسات بنقل وتركيب الفيروسات المحمولة في طياته,"{""question_type"": ""ما الفرق بين""}"
arasag,29,ما الفرق بين الفيروس و برنامج الإنزال ؟,الفيروس عند تحميل ملف يكون الفيروس مثبت عليه و فور الدخول للملف يقوم الفيروس بنسخ نفسه و التثبت على الملفات الاخرى بينما برنامج الانزال يعمل على اضلال مضادات الفيروسات في حين ان الاثنين عملهم التخريب  ,3,0.0,5.0,cybercrimes,short_answer,7,arabic,,الفيروس و برنامج الإنزال برامج ماكرة هدفها تخريبي تختلف في طريقة العمل أو الهجوم فبينما يكرر الفيروس نفسه باقترانه ببرامج أخرى يقوم برنامج الإنزال بمراوغة برامج مكافحة الفيروسات بنقل وتركيب الفيروسات المحمولة في طياته,"{""question_type"": ""ما الفرق بين""}"
arasag,29,ما الفرق بين الفيروس و برنامج الإنزال ؟,الفيروس برنامج مصمم ليثبت مع برنامج اخر فعند اشتغاله يشتغل الفيروس اما برنامج الانزال فهو برنامج مكافحة الفيروسات فهي تنتظر حدوث شيء في النظام لتهاجمه و تلوثه بنشر الفيروسات التي تحملها ,4,0.0,5.0,cybercrimes,short_answer,7,arabic,,الفيروس و برنامج الإنزال برامج ماكرة هدفها تخريبي تختلف في طريقة العمل أو الهجوم فبينما يكرر الفيروس نفسه باقترانه ببرامج أخرى يقوم برنامج الإنزال بمراوغة برامج مكافحة الفيروسات بنقل وتركيب الفيروسات المحمولة في طياته,"{""question_type"": ""ما الفرق بين""}"
arasag,29,ما الفرق بين الفيروس و برنامج الإنزال ؟,الفيروس برنامج خبيث يلصق نفسه ببرنامج و يقوم بنسخ نفسه في برامج اخرى من اجل التخريب، برنامج الانزال يقوم بمراوغة البرامج المصابة و يعمل مادة برنامج خبيث داخله ,4,0.0,5.0,cybercrimes,short_answer,7,arabic,,الفيروس و برنامج الإنزال برامج ماكرة هدفها تخريبي تختلف في طريقة العمل أو الهجوم فبينما يكرر الفيروس نفسه باقترانه ببرامج أخرى يقوم برنامج الإنزال بمراوغة برامج مكافحة الفيروسات بنقل وتركيب الفيروسات المحمولة في طياته,"{""question_type"": ""ما الفرق بين""}"
arasag,29,ما الفرق بين الفيروس و برنامج الإنزال ؟,الفيروس هو برنامج يقترن ببرنامج اخر سليم اما برنامج الانزال فهو وسيلة يتم على اطلاع فيروسات في الاماكن الحساسة و الثغرات,2,0.0,5.0,cybercrimes,short_answer,7,arabic,,الفيروس و برنامج الإنزال برامج ماكرة هدفها تخريبي تختلف في طريقة العمل أو الهجوم فبينما يكرر الفيروس نفسه باقترانه ببرامج أخرى يقوم برنامج الإنزال بمراوغة برامج مكافحة الفيروسات بنقل وتركيب الفيروسات المحمولة في طياته,"{""question_type"": ""ما الفرق بين""}"
arasag,29,ما الفرق بين الفيروس و برنامج الإنزال ؟,الفيروس برنامج مخبأ داخل برنامج آخر حيث عند تشغيل البرنامج العادي يقوم بنسخ نفسه اما برنامج الانزال يقوم بمراوغة مضاد الفيروسات حيث يعمل على ثغراته,4,0.0,5.0,cybercrimes,short_answer,7,arabic,,الفيروس و برنامج الإنزال برامج ماكرة هدفها تخريبي تختلف في طريقة العمل أو الهجوم فبينما يكرر الفيروس نفسه باقترانه ببرامج أخرى يقوم برنامج الإنزال بمراوغة برامج مكافحة الفيروسات بنقل وتركيب الفيروسات المحمولة في طياته,"{""question_type"": ""ما الفرق بين""}"
arasag,29,ما الفرق بين الفيروس و برنامج الإنزال ؟,الفيروس يقترن مع برنامج اخر و يعمل عند عمل هدا البرنامج ويكون هدفه شطب او تخريب المعلومات المخزنة اما برنامج الانزال فهو يستخدم لتضليل اجهزة مكافحة الفيروسات ,4,0.0,5.0,cybercrimes,short_answer,7,arabic,,الفيروس و برنامج الإنزال برامج ماكرة هدفها تخريبي تختلف في طريقة العمل أو الهجوم فبينما يكرر الفيروس نفسه باقترانه ببرامج أخرى يقوم برنامج الإنزال بمراوغة برامج مكافحة الفيروسات بنقل وتركيب الفيروسات المحمولة في طياته,"{""question_type"": ""ما الفرق بين""}"
arasag,29,ما الفرق بين الفيروس و برنامج الإنزال ؟,الفيروسات صممت لتعمل عن طريق ارتباطها ببرنامج اخر فتعمل عند عمل هدا البرنامج بينما برنامج الانزال صمم لتجاوز مضاد الفيروسات فهي تستخدم التشفير,4,0.0,5.0,cybercrimes,short_answer,7,arabic,,الفيروس و برنامج الإنزال برامج ماكرة هدفها تخريبي تختلف في طريقة العمل أو الهجوم فبينما يكرر الفيروس نفسه باقترانه ببرامج أخرى يقوم برنامج الإنزال بمراوغة برامج مكافحة الفيروسات بنقل وتركيب الفيروسات المحمولة في طياته,"{""question_type"": ""ما الفرق بين""}"
