dataset,exercise_set,question,answer,grade,min_grade,max_grade,subject,exercise_type,isced_level,language,rubric,desired_answer,metadata
mohler,1,What is the role of a prototype program in problem solving?,To simulate portions of the desired final product with a quick and easy program that does a small specific job. It is a way to help see what the problem is and how you may solve it in the final project.,5,1.0,5.0,computer_science,short_answer,6,english,,To simulate the behaviour of portions of the desired software product.,
mohler,1,What is the role of a prototype program in problem solving?,"Defined in the Specification phase a prototype stimulates the behavior of portions of the desired software product.  Meaning, the role of a prototype is a temporary solution until the program itself is refined to be used extensively in problem solving.",5,1.0,5.0,computer_science,short_answer,6,english,,To simulate the behaviour of portions of the desired software product.,
mohler,1,What is the role of a prototype program in problem solving?,It is used to let the users have a first idea of the completed program and allow the clients to evaluate the program. This can generate much feedback including software specifications and project estimations of the total project.,3,1.0,5.0,computer_science,short_answer,6,english,,To simulate the behaviour of portions of the desired software product.,
mohler,1,What is the role of a prototype program in problem solving?,To find problem and errors in a program before it is finalized,2,1.0,5.0,computer_science,short_answer,6,english,,To simulate the behaviour of portions of the desired software product.,
mohler,1,What is the role of a prototype program in problem solving?,you can break the whole program into prototype programs to simulate parts of the final program,5,1.0,5.0,computer_science,short_answer,6,english,,To simulate the behaviour of portions of the desired software product.,
mohler,1,What is the role of a prototype program in problem solving?,Simulating the behavior of only a portion of the desired software product.,5,1.0,5.0,computer_science,short_answer,6,english,,To simulate the behaviour of portions of the desired software product.,
mohler,1,What is the role of a prototype program in problem solving?,A program that stimulates the behavior of portions of the desired software product.,5,1.0,5.0,computer_science,short_answer,6,english,,To simulate the behaviour of portions of the desired software product.,
mohler,1,What is the role of a prototype program in problem solving?,A program that simulates the behavior of portions of the desired software product.,5,1.0,5.0,computer_science,short_answer,6,english,,To simulate the behaviour of portions of the desired software product.,
mohler,1,What is the role of a prototype program in problem solving?,To lay out the basics and give you a starting point in the actual problem solving.,2,1.0,5.0,computer_science,short_answer,6,english,,To simulate the behaviour of portions of the desired software product.,
mohler,1,What is the role of a prototype program in problem solving?,A prototype program provides a basic groundwork from which to further enhance and improve a solution to a problem.,2,1.0,5.0,computer_science,short_answer,6,english,,To simulate the behaviour of portions of the desired software product.,
mohler,1,What is the role of a prototype program in problem solving?,Program that simulates the behavior of portions of the desired software product,5,1.0,5.0,computer_science,short_answer,6,english,,To simulate the behaviour of portions of the desired software product.,
mohler,1,What is the role of a prototype program in problem solving?,it provides a limited proof of concept to verify with the client before actually programming the whole application.,2,1.0,5.0,computer_science,short_answer,6,english,,To simulate the behaviour of portions of the desired software product.,
mohler,1,What is the role of a prototype program in problem solving?,It tests the main function of the program while leaving out the finer details.,2,1.0,5.0,computer_science,short_answer,6,english,,To simulate the behaviour of portions of the desired software product.,
mohler,1,What is the role of a prototype program in problem solving?,it simulates the behavior of portions of the desired software product,5,1.0,5.0,computer_science,short_answer,6,english,,To simulate the behaviour of portions of the desired software product.,
mohler,1,What is the role of a prototype program in problem solving?,It simulates the behavior of portions of the desired software product.,5,1.0,5.0,computer_science,short_answer,6,english,,To simulate the behaviour of portions of the desired software product.,
mohler,1,What is the role of a prototype program in problem solving?,it simulates the behavior of portions of the desired software product,5,1.0,5.0,computer_science,short_answer,6,english,,To simulate the behaviour of portions of the desired software product.,
mohler,1,What is the role of a prototype program in problem solving?,The role of a prototype program is to help spot key problems that may arise during the actual programing.,2,1.0,5.0,computer_science,short_answer,6,english,,To simulate the behaviour of portions of the desired software product.,
mohler,2,What stages in the software life cycle are influenced by the testing stage?,"Refining the solution, Production and Maintenance are all influenced by the Testing stage. ",3,1.0,5.0,computer_science,short_answer,6,english,,The testing stage can influence both the coding stage (phase 5) and the solution refinement stage (phase 7),
mohler,2,What stages in the software life cycle are influenced by the testing stage?,"Elaboration, Construction, and Transition are all affected by testing",2,1.0,5.0,computer_science,short_answer,6,english,,The testing stage can influence both the coding stage (phase 5) and the solution refinement stage (phase 7),
mohler,2,What stages in the software life cycle are influenced by the testing stage?,Refining and Coding,5,1.0,5.0,computer_science,short_answer,6,english,,The testing stage can influence both the coding stage (phase 5) and the solution refinement stage (phase 7),
mohler,2,What stages in the software life cycle are influenced by the testing stage?,"Elaboration, Construction, Transition",2,1.0,5.0,computer_science,short_answer,6,english,,The testing stage can influence both the coding stage (phase 5) and the solution refinement stage (phase 7),
mohler,2,What stages in the software life cycle are influenced by the testing stage?,Refining.,3,1.0,5.0,computer_science,short_answer,6,english,,The testing stage can influence both the coding stage (phase 5) and the solution refinement stage (phase 7),
mohler,2,What stages in the software life cycle are influenced by the testing stage?,"Directly: Refining, coding.  Because Refining is right before the Testing Phase and Coding is right after the Testing Phase.  Indirectly: Production, Maintenance.  Because Refining occurs before these last two stages in the Software Life Cycle.",5,1.0,5.0,computer_science,short_answer,6,english,,The testing stage can influence both the coding stage (phase 5) and the solution refinement stage (phase 7),
mohler,2,What stages in the software life cycle are influenced by the testing stage?,"Refining, production, and maintenance",3,1.0,5.0,computer_science,short_answer,6,english,,The testing stage can influence both the coding stage (phase 5) and the solution refinement stage (phase 7),
mohler,2,What stages in the software life cycle are influenced by the testing stage?,coding and refining,5,1.0,5.0,computer_science,short_answer,6,english,,The testing stage can influence both the coding stage (phase 5) and the solution refinement stage (phase 7),
mohler,2,What stages in the software life cycle are influenced by the testing stage?,Testing could affect all parts of the life cycle; it could make you go back   to specification if it does not test well.,2,1.0,5.0,computer_science,short_answer,6,english,,The testing stage can influence both the coding stage (phase 5) and the solution refinement stage (phase 7),
mohler,2,What stages in the software life cycle are influenced by the testing stage?,coding,3,1.0,5.0,computer_science,short_answer,6,english,,The testing stage can influence both the coding stage (phase 5) and the solution refinement stage (phase 7),
mohler,3,What are the main advantages associated with object-oriented programming?,"This type of programming is more flexible, making it easier to add and modify the program.  It is also a type of a fail safe program, you check each individual module.  This eliminates redundant code and makes the program easier to read for other programmers.  When debugging the program it is easier to track down the source of a problem within a module rather than a 2 million line program.",5,1.0,5.0,computer_science,short_answer,6,english,,Abstraction and reusability.,
mohler,3,What are the main advantages associated with object-oriented programming?,Object oriented programming allows programmers to use an object with classes that can be changed and manipulated while not affecting the entire object at once. The classes all hold attrubutes that affect the object.,1,1.0,5.0,computer_science,short_answer,6,english,,Abstraction and reusability.,
mohler,3,What are the main advantages associated with object-oriented programming?,"Reusable components, Extensibility, Maintainability, it reduces large problems into smaller more manageable problems.",4,1.0,5.0,computer_science,short_answer,6,english,,Abstraction and reusability.,
mohler,3,What are the main advantages associated with object-oriented programming?,#NAME?,3,1.0,5.0,computer_science,short_answer,6,english,,Abstraction and reusability.,
mohler,3,What are the main advantages associated with object-oriented programming?,"One of the main advantages is you can hide inner details a technique known by encapsulation. Objects combine the data and operations but you cannot see how it works.   Another advantage is you can reuse classes that have been defined earlier in the program, a method known as inheritance.   Finally another advantage is objects can determine appropriate operations at execution time a technique known as polymorphism. ",5,1.0,5.0,computer_science,short_answer,6,english,,Abstraction and reusability.,
mohler,3,What are the main advantages associated with object-oriented programming?,Using different modules allows for easier debugging,2,1.0,5.0,computer_science,short_answer,6,english,,Abstraction and reusability.,
mohler,3,What are the main advantages associated with object-oriented programming?,"Coding and Debugging programs are usually easier, as either the compiler will specify the object that is working incorrectly, or the function an object was assigned to will be easier to identify.  The code itself also looks more organized and is easier to read and will help to avoid redundant coding.  Post-programming maintenance is also easier.  Also, modules can be reused several times in other programs without too much hassle.   Abstraction is the art of breaking down one big problem into smaller, simpler problems and solving them.  Many of the smaller problems are shared between unique complex problems, and creating modules to these solve these smaller repeated problems can save time when you encounter them again.",5,1.0,5.0,computer_science,short_answer,6,english,,Abstraction and reusability.,
mohler,3,What are the main advantages associated with object-oriented programming?,"the main advantages to object-oriented programming  is data abstraction, easier maintenance, and re-usability.",5,1.0,5.0,computer_science,short_answer,6,english,,Abstraction and reusability.,
mohler,4,Where do C++ programs begin to execute?,At function ‘int main ()’,5,1.0,5.0,computer_science,short_answer,6,english,,At the main function.,
mohler,4,Where do C++ programs begin to execute?,the Function main().,5,1.0,5.0,computer_science,short_answer,6,english,,At the main function.,
mohler,4,Where do C++ programs begin to execute?,c++ programs begin to execute in the main method.,5,1.0,5.0,computer_science,short_answer,6,english,,At the main function.,
mohler,4,Where do C++ programs begin to execute?,A C++ program will begin to execute at the main() function.,5,1.0,5.0,computer_science,short_answer,6,english,,At the main function.,
mohler,4,Where do C++ programs begin to execute?,They begin in the main() function.,5,1.0,5.0,computer_science,short_answer,6,english,,At the main function.,
mohler,4,Where do C++ programs begin to execute?,Int main(),5,1.0,5.0,computer_science,short_answer,6,english,,At the main function.,
mohler,4,Where do C++ programs begin to execute?,main method,5,1.0,5.0,computer_science,short_answer,6,english,,At the main function.,
mohler,4,Where do C++ programs begin to execute?,in the testing phase,0,1.0,5.0,computer_science,short_answer,6,english,,At the main function.,
mohler,4,Where do C++ programs begin to execute?,#NAME?,5,1.0,5.0,computer_science,short_answer,6,english,,At the main function.,
mohler,4,Where do C++ programs begin to execute?,main,5,1.0,5.0,computer_science,short_answer,6,english,,At the main function.,
mohler,4,Where do C++ programs begin to execute?,They begin to execute at the funcion main().,5,1.0,5.0,computer_science,short_answer,6,english,,At the main function.,
mohler,4,Where do C++ programs begin to execute?,The main method.,5,1.0,5.0,computer_science,short_answer,6,english,,At the main function.,
mohler,4,Where do C++ programs begin to execute?,In the main() function.,5,1.0,5.0,computer_science,short_answer,6,english,,At the main function.,
mohler,4,Where do C++ programs begin to execute?,C++ programs begin execution at main.,5,1.0,5.0,computer_science,short_answer,6,english,,At the main function.,
mohler,4,Where do C++ programs begin to execute?,In the Main function..?,5,1.0,5.0,computer_science,short_answer,6,english,,At the main function.,
mohler,4,Where do C++ programs begin to execute?,"At the ""main()"" function",5,1.0,5.0,computer_science,short_answer,6,english,,At the main function.,
mohler,4,Where do C++ programs begin to execute?,The main function.,5,1.0,5.0,computer_science,short_answer,6,english,,At the main function.,
mohler,4,Where do C++ programs begin to execute?,The function main,5,1.0,5.0,computer_science,short_answer,6,english,,At the main function.,
mohler,4,Where do C++ programs begin to execute?,"After loading the required include statements and libraries, the main method begins the execution.",5,1.0,5.0,computer_science,short_answer,6,english,,At the main function.,
mohler,4,Where do C++ programs begin to execute?,main function,5,1.0,5.0,computer_science,short_answer,6,english,,At the main function.,
mohler,4,Where do C++ programs begin to execute?,main,5,1.0,5.0,computer_science,short_answer,6,english,,At the main function.,
mohler,4,Where do C++ programs begin to execute?,C++ programs begin execution at the main function.,5,1.0,5.0,computer_science,short_answer,6,english,,At the main function.,
mohler,4,Where do C++ programs begin to execute?,At main,5,1.0,5.0,computer_science,short_answer,6,english,,At the main function.,
mohler,4,Where do C++ programs begin to execute?,they beging to excute at main,5,1.0,5.0,computer_science,short_answer,6,english,,At the main function.,
mohler,4,Where do C++ programs begin to execute?,at the main function  int main() {},5,1.0,5.0,computer_science,short_answer,6,english,,At the main function.,
mohler,4,Where do C++ programs begin to execute?,C++ programs begin execution at the main function.,5,1.0,5.0,computer_science,short_answer,6,english,,At the main function.,
mohler,4,Where do C++ programs begin to execute?,"in the ""main"" function",5,1.0,5.0,computer_science,short_answer,6,english,,At the main function.,
mohler,4,Where do C++ programs begin to execute?,Within the main function,5,1.0,5.0,computer_science,short_answer,6,english,,At the main function.,
mohler,5,What is a variable?,A variable is a location in memory where a value can be stored.,5,1.0,5.0,computer_science,short_answer,6,english,,A location in memory that can store a value.,
mohler,5,What is a variable?," Variable is a location in the computer's memory, in which a value can be stored and later can retrieve that value.",5,1.0,5.0,computer_science,short_answer,6,english,,A location in memory that can store a value.,
mohler,5,What is a variable?,"A variable is a location in the computer's memory where a value can be stored for use by a program. Each variable has a name, a value, a type and a size.",5,1.0,5.0,computer_science,short_answer,6,english,,A location in memory that can store a value.,
mohler,5,What is a variable?,A variable is a location in the computers memory where a value can be stored for use by a program,5,1.0,5.0,computer_science,short_answer,6,english,,A location in memory that can store a value.,
mohler,5,What is a variable?,a block of memory that holds a specific type of data,5,1.0,5.0,computer_science,short_answer,6,english,,A location in memory that can store a value.,
mohler,5,What is a variable?,It is a location in the computer's memory where it can be stored for use by a program.,5,1.0,5.0,computer_science,short_answer,6,english,,A location in memory that can store a value.,
mohler,5,What is a variable?,A location in memory where value can be stored.,5,1.0,5.0,computer_science,short_answer,6,english,,A location in memory that can store a value.,
mohler,5,What is a variable?,a value/word that can assume any of a set of values,3,1.0,5.0,computer_science,short_answer,6,english,,A location in memory that can store a value.,
mohler,5,What is a variable?,"A variable is the memory address for a specific type of stored data, or from a mathematical perspective, a symbol representing a fixed definition with changing values.",5,1.0,5.0,computer_science,short_answer,6,english,,A location in memory that can store a value.,
mohler,5,What is a variable?,A variable is a value that is subject to change in a computer's memory that can be used by programs.  Programs can change the value of the variable and recall it later or act on it directly.,5,1.0,5.0,computer_science,short_answer,6,english,,A location in memory that can store a value.,
mohler,5,What is a variable?,location in memory where a value can be stored,5,1.0,5.0,computer_science,short_answer,6,english,,A location in memory that can store a value.,
mohler,5,What is a variable?,Location in memory where a value can be stored.,5,1.0,5.0,computer_science,short_answer,6,english,,A location in memory that can store a value.,
mohler,5,What is a variable?,it is a location in memory where value can be stored,5,1.0,5.0,computer_science,short_answer,6,english,,A location in memory that can store a value.,
mohler,5,What is a variable?,A variable is the location in a computer's memory where a value can be stored for use by a program.,5,1.0,5.0,computer_science,short_answer,6,english,,A location in memory that can store a value.,
mohler,5,What is a variable?,A variable is a location in a computers memory where a value can be stored   for use by a program.,5,1.0,5.0,computer_science,short_answer,6,english,,A location in memory that can store a value.,
mohler,5,What is a variable?,a location in memory where data can be stored and retrieved,5,1.0,5.0,computer_science,short_answer,6,english,,A location in memory that can store a value.,
mohler,5,What is a variable?,"Is a method or identifier I would say,  we use to bind a data object to memory location; which is then stored in a location that can be accessed when and manipulated later when the variable name is called. ",5,1.0,5.0,computer_science,short_answer,6,english,,A location in memory that can store a value.,
mohler,6,Where are variables declared in a C++ program?,"Local variables are declared inside the method or function they will be used in at the beginning of the method. Global variables are declared outside of any function or method, generally before functions are defined.",5,1.0,5.0,computer_science,short_answer,6,english,,Variables can be declared anywhere in a program. They can be declared inside a function (local variables) or outside the functions (global variables),
mohler,6,Where are variables declared in a C++ program?,"They can be declared globally just before the main method (but also outside of it)... or variables can be subject to only the method they're scoped within, but would still be declared at the beginning of that method (but inside of it).",5,1.0,5.0,computer_science,short_answer,6,english,,Variables can be declared anywhere in a program. They can be declared inside a function (local variables) or outside the functions (global variables),
mohler,6,Where are variables declared in a C++ program?,local variables are declared inside the method while global variables are declared in the body.,5,1.0,5.0,computer_science,short_answer,6,english,,Variables can be declared anywhere in a program. They can be declared inside a function (local variables) or outside the functions (global variables),
mohler,6,Where are variables declared in a C++ program?,Global variables are declared in the body of the code. Local variables are declared in the function they are to be used (unless the function is being passed a variable). Variables should always be declared before use.,5,1.0,5.0,computer_science,short_answer,6,english,,Variables can be declared anywhere in a program. They can be declared inside a function (local variables) or outside the functions (global variables),
mohler,6,Where are variables declared in a C++ program?,After declaration of the variable's data type.,1,1.0,5.0,computer_science,short_answer,6,english,,Variables can be declared anywhere in a program. They can be declared inside a function (local variables) or outside the functions (global variables),
mohler,6,Where are variables declared in a C++ program?,"anywhere in the code, can be at the top, or in the middle of the code, or anywhere.",3,1.0,5.0,computer_science,short_answer,6,english,,Variables can be declared anywhere in a program. They can be declared inside a function (local variables) or outside the functions (global variables),
mohler,6,Where are variables declared in a C++ program?,Before they are used.,2,1.0,5.0,computer_science,short_answer,6,english,,Variables can be declared anywhere in a program. They can be declared inside a function (local variables) or outside the functions (global variables),
mohler,6,Where are variables declared in a C++ program?,inside the function scope and outside of the function scope in case of global variables,5,1.0,5.0,computer_science,short_answer,6,english,,Variables can be declared anywhere in a program. They can be declared inside a function (local variables) or outside the functions (global variables),
mohler,6,Where are variables declared in a C++ program?,"Variables are usually declared at the very beginning of a C++ program, but can be declared any in the program as long as they appear before they are called upon.",4,1.0,5.0,computer_science,short_answer,6,english,,Variables can be declared anywhere in a program. They can be declared inside a function (local variables) or outside the functions (global variables),
mohler,7,What is the main difference between a while and a do...while statement?,do...while statements evaluate whether or not to loop after running the block contained within it at least once. So the main differance is that while statements have a possibility of never being used. Do ... while statements on the other hand are always run at least once before evaluating whether to run again.,5,1.0,5.0,computer_science,short_answer,6,english,,The block inside a do...while statement will execute at least once.,
mohler,7,What is the main difference between a while and a do...while statement?,"The main difference between a while and a do...while loop is that the do...while loop always cycles through the loop at least once, but the while loop does not always do so.",5,1.0,5.0,computer_science,short_answer,6,english,,The block inside a do...while statement will execute at least once.,
mohler,7,What is the main difference between a while and a do...while statement?,While loop used to execute a block of code as long as some condition is true.  A do...while loop used to execute a block of code as long as some condition is satisfied.  The difference between while and do...while is while loop tests its condition before the execution of its contents and the do...while loop tests its condition after the execution of its contents at least once.,5,1.0,5.0,computer_science,short_answer,6,english,,The block inside a do...while statement will execute at least once.,
mohler,7,What is the main difference between a while and a do...while statement?,"The termination condition of a do...while statement is usually at the end of the loop so it will run at least once. As for the while statement, if the condition is false to begin with, then the loop will never run.",5,1.0,5.0,computer_science,short_answer,6,english,,The block inside a do...while statement will execute at least once.,
mohler,7,What is the main difference between a while and a do...while statement?,A while loop will check the statement to make sure it is true before executing. A do while loop will execute before checking the statement to see if it should run again.,5,1.0,5.0,computer_science,short_answer,6,english,,The block inside a do...while statement will execute at least once.,
mohler,7,What is the main difference between a while and a do...while statement?,"A while statement will test the condition of the while loop FIRST - there is a chance the loop will never run. A do...while loop will ALWAYS run once, and then the while test will determine if it will run again.",5,1.0,5.0,computer_science,short_answer,6,english,,The block inside a do...while statement will execute at least once.,
mohler,7,What is the main difference between a while and a do...while statement?,a do while loop always executes once. A while loop's conditional statement has to be true for it to run.,5,1.0,5.0,computer_science,short_answer,6,english,,The block inside a do...while statement will execute at least once.,
mohler,7,What is the main difference between a while and a do...while statement?,#NAME?,5,1.0,5.0,computer_science,short_answer,6,english,,The block inside a do...while statement will execute at least once.,
mohler,7,What is the main difference between a while and a do...while statement?,"while statements will evaluate the statement BEFORE executing a cycle of the loop, including the first cycle, meaning that a while loop will not always execute. A do...while will run evaluate the statement AFTER running through a cycle of the loop, ensuring that the loop always executes at least one time.",5,1.0,5.0,computer_science,short_answer,6,english,,The block inside a do...while statement will execute at least once.,
mohler,7,What is the main difference between a while and a do...while statement?,The main difference between a do and a do...while statement is in a do...while statement is the statements in a do block are always executed atleast once.   The while statement will only execute if its condition is true.,5,1.0,5.0,computer_science,short_answer,6,english,,The block inside a do...while statement will execute at least once.,
mohler,7,What is the main difference between a while and a do...while statement?,"a while statement will only process if the statement is met, while a do...while will always process once, then only continue if the statement is met.",5,1.0,5.0,computer_science,short_answer,6,english,,The block inside a do...while statement will execute at least once.,
mohler,7,What is the main difference between a while and a do...while statement?,"Do ...while runs the embedded code at least once, the do command does not necessarily",4,1.0,5.0,computer_science,short_answer,6,english,,The block inside a do...while statement will execute at least once.,
mohler,7,What is the main difference between a while and a do...while statement?,"While tests for true first before running, do...while runs once first before checking.",5,1.0,5.0,computer_science,short_answer,6,english,,The block inside a do...while statement will execute at least once.,
mohler,7,What is the main difference between a while and a do...while statement?,A do...while statement's body always executes at least once.  Where as a while statement will not execute at all unless the condition for the while is true.,5,1.0,5.0,computer_science,short_answer,6,english,,The block inside a do...while statement will execute at least once.,
mohler,7,What is the main difference between a while and a do...while statement?,The statements within the block of the do while loop will always be executed at least once regardless of the conditions. Whereas the while loops may never be executed if the conditions are not met.,5,1.0,5.0,computer_science,short_answer,6,english,,The block inside a do...while statement will execute at least once.,
mohler,7,What is the main difference between a while and a do...while statement?,"a do... while loop will always run through once, while an while loop performs a test before running through the loop.",5,1.0,5.0,computer_science,short_answer,6,english,,The block inside a do...while statement will execute at least once.,
mohler,7,What is the main difference between a while and a do...while statement?,A while statement tests the condition before it can start. A do...while statement loops through once before the condition is tested.,5,1.0,5.0,computer_science,short_answer,6,english,,The block inside a do...while statement will execute at least once.,
mohler,7,What is the main difference between a while and a do...while statement?,"While loop evaluates its expression at the top of its loop and decides if it needs to execute, and the do-while always executes at least once and then evaluates its expression at the bottom of its loop.",5,1.0,5.0,computer_science,short_answer,6,english,,The block inside a do...while statement will execute at least once.,
mohler,7,What is the main difference between a while and a do...while statement?,"A do...while statement will always execute the ""do"" piece of code at least once before checking the condition. A while statement will always check the condition first.",5,1.0,5.0,computer_science,short_answer,6,english,,The block inside a do...while statement will execute at least once.,
mohler,7,What is the main difference between a while and a do...while statement?,"A do-while passes atleast 1 time before checking the condition, however, a while would fail to enter the loop if the condition fails in its first place.",5,1.0,5.0,computer_science,short_answer,6,english,,The block inside a do...while statement will execute at least once.,
mohler,7,What is the main difference between a while and a do...while statement?,"a while loop checks if the condition is true or not first, if it was true, it excutes the statement. a do.. while loop executes the statement before it checks the condition. if the condition was true it would excute the statement again. so a do...while loop would excute the statement atleast once.",5,1.0,5.0,computer_science,short_answer,6,english,,The block inside a do...while statement will execute at least once.,
mohler,7,What is the main difference between a while and a do...while statement?,NO ANSWER,0,1.0,5.0,computer_science,short_answer,6,english,,The block inside a do...while statement will execute at least once.,
mohler,7,What is the main difference between a while and a do...while statement?,"A do...while loop will always execute atleast once, a while loop may never   execute depending on teh conditions.",5,1.0,5.0,computer_science,short_answer,6,english,,The block inside a do...while statement will execute at least once.,
mohler,7,What is the main difference between a while and a do...while statement?,"a while loop is pre-check (it checks the condition statement before it executes the code within the while block)  a do while loop is post-check (it checks the condition AFTER the block executes, it runs at least once no matter what the condition statement is)",5,1.0,5.0,computer_science,short_answer,6,english,,The block inside a do...while statement will execute at least once.,
mohler,7,What is the main difference between a while and a do...while statement?,"))     What is the main difference between a while and a do...while statement? The do while construct consists of a block of code and a condition. First, the code within the block is executed, and then the condition is evaluated, this is done until it is proven false. The difference between the While loop is it tests the condition before the code within the block is executed. ",5,1.0,5.0,computer_science,short_answer,6,english,,The block inside a do...while statement will execute at least once.,
mohler,8,What is typically included in a class definition?,The attributes of said class. Also whether or not it is a subclass. Also whether it is public private or protected.,4,1.0,5.0,computer_science,short_answer,6,english,,Data members (attributes) and member functions.,
mohler,8,What is typically included in a class definition?,Information telling the compiler what data members and member functions belong to the class.,5,1.0,5.0,computer_science,short_answer,6,english,,Data members (attributes) and member functions.,
mohler,8,What is typically included in a class definition?,"Since class is user defined, the body of the declaration can contain members, that can be either data or function declarations, and optionally access specifiers.  Example for specifiers would be public, private, and protected.  There is the keyword Class and the Class body is enclosed with brackets ({}). ",5,1.0,5.0,computer_science,short_answer,6,english,,Data members (attributes) and member functions.,
mohler,8,What is typically included in a class definition?,data members and member functions.,5,1.0,5.0,computer_science,short_answer,6,english,,Data members (attributes) and member functions.,
mohler,8,What is typically included in a class definition?,A class definition usually contains the function and its data members,5,1.0,5.0,computer_science,short_answer,6,english,,Data members (attributes) and member functions.,
mohler,8,What is typically included in a class definition?,Data members and member functions,5,1.0,5.0,computer_science,short_answer,6,english,,Data members (attributes) and member functions.,
mohler,8,What is typically included in a class definition?,Member functions and data members belonging to the class.,5,1.0,5.0,computer_science,short_answer,6,english,,Data members (attributes) and member functions.,
mohler,8,What is typically included in a class definition?,A class definition typically includes function definitions.,3,1.0,5.0,computer_science,short_answer,6,english,,Data members (attributes) and member functions.,
mohler,8,What is typically included in a class definition?,"It begins with Class, followed by the class name, then usually a constructor, data members and member functions that delineates the class is included in any class's definition.",5,1.0,5.0,computer_science,short_answer,6,english,,Data members (attributes) and member functions.,
mohler,8,What is typically included in a class definition?,Member functions and data members.,5,1.0,5.0,computer_science,short_answer,6,english,,Data members (attributes) and member functions.,
mohler,8,What is typically included in a class definition?,member funtions and data members,5,1.0,5.0,computer_science,short_answer,6,english,,Data members (attributes) and member functions.,
mohler,8,What is typically included in a class definition?,Data members and Member functions,5,1.0,5.0,computer_science,short_answer,6,english,,Data members (attributes) and member functions.,
mohler,8,What is typically included in a class definition?,data members and member functions,5,1.0,5.0,computer_science,short_answer,6,english,,Data members (attributes) and member functions.,
mohler,8,What is typically included in a class definition?,data members and member functions,5,1.0,5.0,computer_science,short_answer,6,english,,Data members (attributes) and member functions.,
mohler,8,What is typically included in a class definition?,functions and data members that belong to the class,5,1.0,5.0,computer_science,short_answer,6,english,,Data members (attributes) and member functions.,
mohler,8,What is typically included in a class definition?,"class variables, function definitions for the class",5,1.0,5.0,computer_science,short_answer,6,english,,Data members (attributes) and member functions.,
mohler,9,What is the difference between a data member and a local variable inside a member function?,A local variable cannot be accessed outside the function in which it is declared. Data members normally are private. Variables of functions declared private are accessible only to member functions of the class in which they are declared.,5,1.0,5.0,computer_science,short_answer,6,english,,Data members can be accessed from any member functions inside the class defintion. Local variables can only be accessed inside the member function that defines them.,
mohler,9,What is the difference between a data member and a local variable inside a member function?,A variable inside a member function can only be accessed inside that member and a data member can be accessed throughought the program.,5,1.0,5.0,computer_science,short_answer,6,english,,Data members can be accessed from any member functions inside the class defintion. Local variables can only be accessed inside the member function that defines them.,
mohler,9,What is the difference between a data member and a local variable inside a member function?,"local variables can only be used within the function, where as data members can be set to public access and can be used throughout",5,1.0,5.0,computer_science,short_answer,6,english,,Data members can be accessed from any member functions inside the class defintion. Local variables can only be accessed inside the member function that defines them.,
mohler,9,What is the difference between a data member and a local variable inside a member function?,"data member is accessible to all functions in the class, where local variable is only available to the member function and value is lost when function closes",5,1.0,5.0,computer_science,short_answer,6,english,,Data members can be accessed from any member functions inside the class defintion. Local variables can only be accessed inside the member function that defines them.,
mohler,9,What is the difference between a data member and a local variable inside a member function?,"Local variables cannot be used outside of that function body. When a function terminates the values of its local variables are lost. Where as data members are variables in a class definition, and they exist throughout the life of the object. ",5,1.0,5.0,computer_science,short_answer,6,english,,Data members can be accessed from any member functions inside the class defintion. Local variables can only be accessed inside the member function that defines them.,
mohler,9,What is the difference between a data member and a local variable inside a member function?,"a local variable is only useable within the function it is defined, whereas a data member is available to any method within its class",5,1.0,5.0,computer_science,short_answer,6,english,,Data members can be accessed from any member functions inside the class defintion. Local variables can only be accessed inside the member function that defines them.,
mohler,9,What is the difference between a data member and a local variable inside a member function?,Variable declared in a function defination's body cannot be used outside of that function.  Data members accessible only to member function of that class.,5,1.0,5.0,computer_science,short_answer,6,english,,Data members can be accessed from any member functions inside the class defintion. Local variables can only be accessed inside the member function that defines them.,
mohler,9,What is the difference between a data member and a local variable inside a member function?,"A data member is accessible anywhere in the class, while i local variable in a member function is only accessible in that particular function, and is freed after the function exits.",5,1.0,5.0,computer_science,short_answer,6,english,,Data members can be accessed from any member functions inside the class defintion. Local variables can only be accessed inside the member function that defines them.,
mohler,10,What is the difference between a constructor and a function?,"Unlike regular functions, constructors are only used to initialize an object’s data when it is created. Constructors must also be given the same name as the class and cannot return any values. ",5,1.0,5.0,computer_science,short_answer,6,english,,"A constructor is called whenever an object is created, whereas a function needs to be called explicitely. Constructors do not have return type, but functions have to indicate a return type.",
mohler,10,What is the difference between a constructor and a function?,"A constructor is automatically called whenever an instance of a class is created, a function must be explicitly called by the user. ",4,1.0,5.0,computer_science,short_answer,6,english,,"A constructor is called whenever an object is created, whereas a function needs to be called explicitely. Constructors do not have return type, but functions have to indicate a return type.",
mohler,10,What is the difference between a constructor and a function?,"A constructor sets up the default values of variables when an object is instantiated, whereas a function allows interaction with that object.",4,1.0,5.0,computer_science,short_answer,6,english,,"A constructor is called whenever an object is created, whereas a function needs to be called explicitely. Constructors do not have return type, but functions have to indicate a return type.",
mohler,10,What is the difference between a constructor and a function?,"A constructor is used to create an object that can be employed in the main function of a program.  This may or may not execute code along with it.  A function is a set of code that executes when called, but does not create a new object.",3,1.0,5.0,computer_science,short_answer,6,english,,"A constructor is called whenever an object is created, whereas a function needs to be called explicitely. Constructors do not have return type, but functions have to indicate a return type.",
mohler,10,What is the difference between a constructor and a function?,A constructor is a function used to initialize an object's data when it is created. It's call is made implicitly when the object is created and must be defined with the same name as the class. Constructor also cannot return a value like a function can.,5,1.0,5.0,computer_science,short_answer,6,english,,"A constructor is called whenever an object is created, whereas a function needs to be called explicitely. Constructors do not have return type, but functions have to indicate a return type.",
mohler,10,What is the difference between a constructor and a function?,A constructor is used to create an instance of a class and has the same name as that class. A function cannot have the same name as a class and computes data.,4,1.0,5.0,computer_science,short_answer,6,english,,"A constructor is called whenever an object is created, whereas a function needs to be called explicitely. Constructors do not have return type, but functions have to indicate a return type.",
mohler,10,What is the difference between a constructor and a function?,"a constructor cannot return values, its not even void. it is used to initialize an object's data when it is created. whereas, a function is created to do a specific task, and it can return values.",5,1.0,5.0,computer_science,short_answer,6,english,,"A constructor is called whenever an object is created, whereas a function needs to be called explicitely. Constructors do not have return type, but functions have to indicate a return type.",
mohler,10,What is the difference between a constructor and a function?,"constructor is a special block of statements called when an object is created, either when it is declared statically or constructed on the stack. However a function is a portion of code within a larger program, which performs a specific task and independent to the rest of the code. ",4,1.0,5.0,computer_science,short_answer,6,english,,"A constructor is called whenever an object is created, whereas a function needs to be called explicitely. Constructors do not have return type, but functions have to indicate a return type.",
mohler,11,When does C++ create a default constructor?,The compiler creates a default constructor when we do not define one in our class file,5,1.0,5.0,computer_science,short_answer,6,english,,"If no constructor is provided, the compiler provides one by default. If a constructor is defined for a class, the compiler does not create a default constructor.",
mohler,11,When does C++ create a default constructor?,When the class does not explicitly include a constructor.,5,1.0,5.0,computer_science,short_answer,6,english,,"If no constructor is provided, the compiler provides one by default. If a constructor is defined for a class, the compiler does not create a default constructor.",
mohler,11,When does C++ create a default constructor?,When no parameters are set is when a default constructor is used.,3,1.0,5.0,computer_science,short_answer,6,english,,"If no constructor is provided, the compiler provides one by default. If a constructor is defined for a class, the compiler does not create a default constructor.",
mohler,11,When does C++ create a default constructor?,When a class does not explicitly include a constructor.,5,1.0,5.0,computer_science,short_answer,6,english,,"If no constructor is provided, the compiler provides one by default. If a constructor is defined for a class, the compiler does not create a default constructor.",
mohler,11,When does C++ create a default constructor?,when there is not one already for a specific class,5,1.0,5.0,computer_science,short_answer,6,english,,"If no constructor is provided, the compiler provides one by default. If a constructor is defined for a class, the compiler does not create a default constructor.",
mohler,11,When does C++ create a default constructor?,when a constructor is not provided by the programmer of the class,5,1.0,5.0,computer_science,short_answer,6,english,,"If no constructor is provided, the compiler provides one by default. If a constructor is defined for a class, the compiler does not create a default constructor.",
mohler,11,When does C++ create a default constructor?,In any class that does not explicitly include a constructor.,5,1.0,5.0,computer_science,short_answer,6,english,,"If no constructor is provided, the compiler provides one by default. If a constructor is defined for a class, the compiler does not create a default constructor.",
mohler,11,When does C++ create a default constructor?,whenevery you dont specifiy your own,5,1.0,5.0,computer_science,short_answer,6,english,,"If no constructor is provided, the compiler provides one by default. If a constructor is defined for a class, the compiler does not create a default constructor.",
mohler,11,When does C++ create a default constructor?,When non are provided,5,1.0,5.0,computer_science,short_answer,6,english,,"If no constructor is provided, the compiler provides one by default. If a constructor is defined for a class, the compiler does not create a default constructor.",
mohler,11,When does C++ create a default constructor?,C++ will create a default constructor when no other constructor is present.,5,1.0,5.0,computer_science,short_answer,6,english,,"If no constructor is provided, the compiler provides one by default. If a constructor is defined for a class, the compiler does not create a default constructor.",
mohler,11,When does C++ create a default constructor?,"When no constructor was specified in the constructor's class, but the class is instantiated in a program.",5,1.0,5.0,computer_science,short_answer,6,english,,"If no constructor is provided, the compiler provides one by default. If a constructor is defined for a class, the compiler does not create a default constructor.",
mohler,11,When does C++ create a default constructor?,"When no constructor exists when one is needed, a parameterless default constructor is declared.",5,1.0,5.0,computer_science,short_answer,6,english,,"If no constructor is provided, the compiler provides one by default. If a constructor is defined for a class, the compiler does not create a default constructor.",
mohler,11,When does C++ create a default constructor?,"The Compiler creates this automatically for you, unless you specifically create one.",5,1.0,5.0,computer_science,short_answer,6,english,,"If no constructor is provided, the compiler provides one by default. If a constructor is defined for a class, the compiler does not create a default constructor.",
mohler,11,When does C++ create a default constructor?,In any class that doesn't explicitly include a constructor.,5,1.0,5.0,computer_science,short_answer,6,english,,"If no constructor is provided, the compiler provides one by default. If a constructor is defined for a class, the compiler does not create a default constructor.",
mohler,11,When does C++ create a default constructor?,when no user-defined constructor exists,5,1.0,5.0,computer_science,short_answer,6,english,,"If no constructor is provided, the compiler provides one by default. If a constructor is defined for a class, the compiler does not create a default constructor.",
mohler,11,When does C++ create a default constructor?,"If a class does not explicitly include a constructor, the compiler creates one.",5,1.0,5.0,computer_science,short_answer,6,english,,"If no constructor is provided, the compiler provides one by default. If a constructor is defined for a class, the compiler does not create a default constructor.",
mohler,11,When does C++ create a default constructor?,When you do not provide your own constructor.,5,1.0,5.0,computer_science,short_answer,6,english,,"If no constructor is provided, the compiler provides one by default. If a constructor is defined for a class, the compiler does not create a default constructor.",
mohler,11,When does C++ create a default constructor?,When a class does not explicitly include a constructor.,5,1.0,5.0,computer_science,short_answer,6,english,,"If no constructor is provided, the compiler provides one by default. If a constructor is defined for a class, the compiler does not create a default constructor.",
mohler,11,When does C++ create a default constructor?,C++ creates a default constructor during compilation if one is not provided.,5,1.0,5.0,computer_science,short_answer,6,english,,"If no constructor is provided, the compiler provides one by default. If a constructor is defined for a class, the compiler does not create a default constructor.",
mohler,11,When does C++ create a default constructor?,when a class does not explicitly include a constructor,5,1.0,5.0,computer_science,short_answer,6,english,,"If no constructor is provided, the compiler provides one by default. If a constructor is defined for a class, the compiler does not create a default constructor.",
mohler,11,When does C++ create a default constructor?,The compiler will provide one when class does not explictly include a consructor.,5,1.0,5.0,computer_science,short_answer,6,english,,"If no constructor is provided, the compiler provides one by default. If a constructor is defined for a class, the compiler does not create a default constructor.",
mohler,11,When does C++ create a default constructor?,when the programmer does not explicitly include a constructor,5,1.0,5.0,computer_science,short_answer,6,english,,"If no constructor is provided, the compiler provides one by default. If a constructor is defined for a class, the compiler does not create a default constructor.",
mohler,11,When does C++ create a default constructor?,When one is not explicitly stated.,5,1.0,5.0,computer_science,short_answer,6,english,,"If no constructor is provided, the compiler provides one by default. If a constructor is defined for a class, the compiler does not create a default constructor.",
mohler,11,When does C++ create a default constructor?,when one is not explicitly included by a class,5,1.0,5.0,computer_science,short_answer,6,english,,"If no constructor is provided, the compiler provides one by default. If a constructor is defined for a class, the compiler does not create a default constructor.",
mohler,11,When does C++ create a default constructor?,When you dont specify any constructors.,5,1.0,5.0,computer_science,short_answer,6,english,,"If no constructor is provided, the compiler provides one by default. If a constructor is defined for a class, the compiler does not create a default constructor.",
mohler,11,When does C++ create a default constructor?,"at the very beginning when you run a complier, matter a fact in C++ it generates its own default constructor for the class provided if no other constructors have been provided by user",5,1.0,5.0,computer_science,short_answer,6,english,,"If no constructor is provided, the compiler provides one by default. If a constructor is defined for a class, the compiler does not create a default constructor.",
mohler,12,How many constructors can be created for a class?,Just one per class.,0,1.0,5.0,computer_science,short_answer,6,english,,Unlimited number.,
mohler,12,How many constructors can be created for a class?,As many as you want so long as they have different parameters.,5,1.0,5.0,computer_science,short_answer,6,english,,Unlimited number.,
mohler,12,How many constructors can be created for a class?,"There is no limit to the number of constructors in a class because like functions, constructors can be overloaded.",5,1.0,5.0,computer_science,short_answer,6,english,,Unlimited number.,
mohler,12,How many constructors can be created for a class?,"In C++, the constructor can be overloaded in that there can be more than one constructor for a class, each having different parameters.",5,1.0,5.0,computer_science,short_answer,6,english,,Unlimited number.,
mohler,12,How many constructors can be created for a class?,1,0,1.0,5.0,computer_science,short_answer,6,english,,Unlimited number.,
mohler,12,How many constructors can be created for a class?,any number you want,5,1.0,5.0,computer_science,short_answer,6,english,,Unlimited number.,
mohler,12,How many constructors can be created for a class?,One,0,1.0,5.0,computer_science,short_answer,6,english,,Unlimited number.,
mohler,12,How many constructors can be created for a class?,"by default just one, but they may be overloaded to create as many constructors as necessary",5,1.0,5.0,computer_science,short_answer,6,english,,Unlimited number.,
mohler,12,How many constructors can be created for a class?,as many as you want,5,1.0,5.0,computer_science,short_answer,6,english,,Unlimited number.,
mohler,12,How many constructors can be created for a class?,"As many as you want, with different parameters.",5,1.0,5.0,computer_science,short_answer,6,english,,Unlimited number.,
mohler,12,How many constructors can be created for a class?,infinite,5,1.0,5.0,computer_science,short_answer,6,english,,Unlimited number.,
mohler,12,How many constructors can be created for a class?,as many as you need,5,1.0,5.0,computer_science,short_answer,6,english,,Unlimited number.,
mohler,12,How many constructors can be created for a class?,"As many as are needed, depending on how many variables one wishes to directly modify or leave as default when instantiating an object.",5,1.0,5.0,computer_science,short_answer,6,english,,Unlimited number.,
mohler,12,How many constructors can be created for a class?,"A very large amount of constructors can be created for any given class through overloading.  When two constructors with a different type or number of parameters are created, they are said to be overloaded, and C++ can recognize which constructor to use based on the type of the variables that are passed/returned.",5,1.0,5.0,computer_science,short_answer,6,english,,Unlimited number.,
mohler,12,How many constructors can be created for a class?,"Theoretically unlimited, as long as they are defined by the programmer.",5,1.0,5.0,computer_science,short_answer,6,english,,Unlimited number.,
mohler,12,How many constructors can be created for a class?,As many as needed.,5,1.0,5.0,computer_science,short_answer,6,english,,Unlimited number.,
mohler,12,How many constructors can be created for a class?,as many as wanted/needed,5,1.0,5.0,computer_science,short_answer,6,english,,Unlimited number.,
mohler,12,How many constructors can be created for a class?,One,0,1.0,5.0,computer_science,short_answer,6,english,,Unlimited number.,
mohler,12,How many constructors can be created for a class?,one,0,1.0,5.0,computer_science,short_answer,6,english,,Unlimited number.,
mohler,12,How many constructors can be created for a class?,There can be infinite constructors as long as the signature is different.,5,1.0,5.0,computer_science,short_answer,6,english,,Unlimited number.,
mohler,12,How many constructors can be created for a class?,one,0,1.0,5.0,computer_science,short_answer,6,english,,Unlimited number.,
mohler,12,How many constructors can be created for a class?,you can overload constructors as you need,5,1.0,5.0,computer_science,short_answer,6,english,,Unlimited number.,
mohler,12,How many constructors can be created for a class?,As many as the programmer wants to create.,5,1.0,5.0,computer_science,short_answer,6,english,,Unlimited number.,
mohler,12,How many constructors can be created for a class?,one,0,1.0,5.0,computer_science,short_answer,6,english,,Unlimited number.,
mohler,12,How many constructors can be created for a class?,"as many as you want, as long as they each have a unique argument list",5,1.0,5.0,computer_science,short_answer,6,english,,Unlimited number.,
mohler,12,How many constructors can be created for a class?,as many as the user decides to use.,5,1.0,5.0,computer_science,short_answer,6,english,,Unlimited number.,
mohler,13,What is the difference between a function prototype and a function definition?,"A function prototype tells the compiler the function name, return type and the number and type of parameters without revealing the implementations contained in the function definition.",5,1.0,5.0,computer_science,short_answer,6,english,,"A function prototype includes the function signature, i.e., the name of the function, the return type, and the parameters' type. The function definition includes the actual body of the function.",
mohler,13,What is the difference between a function prototype and a function definition?,Function prototype is a declaration.  Function definitions (w/multiple parameters) often require more than one piece of information. to perform their tasks.,3,1.0,5.0,computer_science,short_answer,6,english,,"A function prototype includes the function signature, i.e., the name of the function, the return type, and the parameters' type. The function definition includes the actual body of the function.",
mohler,13,What is the difference between a function prototype and a function definition?,"A function prototype is a declaration of a function that tells the compiler the function's name, its return type and the types of its parameters.",5,1.0,5.0,computer_science,short_answer,6,english,,"A function prototype includes the function signature, i.e., the name of the function, the return type, and the parameters' type. The function definition includes the actual body of the function.",
mohler,13,What is the difference between a function prototype and a function definition?,"a function prototype is used to reference the compiler to a function that will be defined later on, a function definition is the actual function itself, complete with return type, parameters, etc...",4,1.0,5.0,computer_science,short_answer,6,english,,"A function prototype includes the function signature, i.e., the name of the function, the return type, and the parameters' type. The function definition includes the actual body of the function.",
mohler,13,What is the difference between a function prototype and a function definition?,a prototype does not include any actual code where the function has all the code that is executed in the program.,3,1.0,5.0,computer_science,short_answer,6,english,,"A function prototype includes the function signature, i.e., the name of the function, the return type, and the parameters' type. The function definition includes the actual body of the function.",
mohler,13,What is the difference between a function prototype and a function definition?,a prototype declares what will be used in the program and the definition,3,1.0,5.0,computer_science,short_answer,6,english,,"A function prototype includes the function signature, i.e., the name of the function, the return type, and the parameters' type. The function definition includes the actual body of the function.",
mohler,13,What is the difference between a function prototype and a function definition?,"A function prototype lays out the name, return type, and the number and types of parameters the function expects to receive in a certain order.  The details for function prototypes are in the function definition.",5,1.0,5.0,computer_science,short_answer,6,english,,"A function prototype includes the function signature, i.e., the name of the function, the return type, and the parameters' type. The function definition includes the actual body of the function.",
mohler,13,What is the difference between a function prototype and a function definition?,"A function definition is the code that defines the function placed in the {} brackets that determines that function's operation.  A function prototype shows the function's public interface without exposing implementation.  It shows name, return type and type of paramaters.",5,1.0,5.0,computer_science,short_answer,6,english,,"A function prototype includes the function signature, i.e., the name of the function, the return type, and the parameters' type. The function definition includes the actual body of the function.",
mohler,13,What is the difference between a function prototype and a function definition?,"Function prototypes tell the compiler the function names, its return type, and the types of its parameters where as, function definitions actually implement the member functions.",5,1.0,5.0,computer_science,short_answer,6,english,,"A function prototype includes the function signature, i.e., the name of the function, the return type, and the parameters' type. The function definition includes the actual body of the function.",
mohler,13,What is the difference between a function prototype and a function definition?,A function prototype just specifies parameters.  A function definition includes parameters and a code body.,4,1.0,5.0,computer_science,short_answer,6,english,,"A function prototype includes the function signature, i.e., the name of the function, the return type, and the parameters' type. The function definition includes the actual body of the function.",
mohler,13,What is the difference between a function prototype and a function definition?,"a function prototype simply declares the functions parameters, the function definition includes any necessary variables and the function's actual code",4,1.0,5.0,computer_science,short_answer,6,english,,"A function prototype includes the function signature, i.e., the name of the function, the return type, and the parameters' type. The function definition includes the actual body of the function.",
mohler,13,What is the difference between a function prototype and a function definition?,"in a function prototype you include the return type, the name of the function, and its parameters if any are needed.  in a function definition you write the code of what the function will do. ",5,1.0,5.0,computer_science,short_answer,6,english,,"A function prototype includes the function signature, i.e., the name of the function, the return type, and the parameters' type. The function definition includes the actual body of the function.",
mohler,13,What is the difference between a function prototype and a function definition?,"A function prototype only names the function, its return type, and it's argument list, while a definition defines the above as well as what the function actually does.",5,1.0,5.0,computer_science,short_answer,6,english,,"A function prototype includes the function signature, i.e., the name of the function, the return type, and the parameters' type. The function definition includes the actual body of the function.",
mohler,14,What is the role of a header-file?,The main role of header file is it is used to share information among various files.,3,1.0,5.0,computer_science,short_answer,6,english,,"To store a class interface, including data members and member function prototypes.",
mohler,14,What is the role of a header-file?,No,0,1.0,5.0,computer_science,short_answer,6,english,,"To store a class interface, including data members and member function prototypes.",
mohler,14,What is the role of a header-file?,create a comon area to contain reusable functions.,3,1.0,5.0,computer_science,short_answer,6,english,,"To store a class interface, including data members and member function prototypes.",
mohler,14,What is the role of a header-file?,to declare the functions being used in the classes,3,1.0,5.0,computer_science,short_answer,6,english,,"To store a class interface, including data members and member function prototypes.",
mohler,14,What is the role of a header-file?,a header file is a file used to store a list of prototye functions and data members.,5,1.0,5.0,computer_science,short_answer,6,english,,"To store a class interface, including data members and member function prototypes.",
mohler,14,What is the role of a header-file?,It contains reusable source code for use by other classes.,3,1.0,5.0,computer_science,short_answer,6,english,,"To store a class interface, including data members and member function prototypes.",
mohler,14,What is the role of a header-file?,header files contain code which can be used in multiple files,3,1.0,5.0,computer_science,short_answer,6,english,,"To store a class interface, including data members and member function prototypes.",
mohler,14,What is the role of a header-file?,Allow compiler to recognize the classes when used elsewhere,3,1.0,5.0,computer_science,short_answer,6,english,,"To store a class interface, including data members and member function prototypes.",
mohler,14,What is the role of a header-file?,To promote function reusuablitly,3,1.0,5.0,computer_science,short_answer,6,english,,"To store a class interface, including data members and member function prototypes.",
mohler,14,What is the role of a header-file?,class definitions are placed here,3,1.0,5.0,computer_science,short_answer,6,english,,"To store a class interface, including data members and member function prototypes.",
mohler,15,What does a function signature include?,The function signature includes the name of the function and the types of its arguments.,5,1.0,5.0,computer_science,short_answer,6,english,,The name of the function and the types of the parameters.,
mohler,15,What does a function signature include?,It includes the name of the function and the types of its arguments.,5,1.0,5.0,computer_science,short_answer,6,english,,The name of the function and the types of the parameters.,
mohler,15,What does a function signature include?,It includes a function name and parameter list. Does not include return type. Function signatures must be different.,5,1.0,5.0,computer_science,short_answer,6,english,,The name of the function and the types of the parameters.,
mohler,15,What does a function signature include?,The portion of the function prototyp tha has the function name and the arguments but NOT the return type.,5,1.0,5.0,computer_science,short_answer,6,english,,The name of the function and the types of the parameters.,
mohler,15,What does a function signature include?,Name of the function and the types of it's arguments,5,1.0,5.0,computer_science,short_answer,6,english,,The name of the function and the types of the parameters.,
mohler,15,What does a function signature include?,The name of the function and the types of its arguments.,5,1.0,5.0,computer_science,short_answer,6,english,,The name of the function and the types of the parameters.,
mohler,15,What does a function signature include?,Includes the name of the function and the types of its arguments.,5,1.0,5.0,computer_science,short_answer,6,english,,The name of the function and the types of the parameters.,
mohler,15,What does a function signature include?,"identification of a function and the data types of its parameters, it has the name, and the data type variables ",5,1.0,5.0,computer_science,short_answer,6,english,,The name of the function and the types of the parameters.,
mohler,15,What does a function signature include?,The function signature includes the method name and the input types.,5,1.0,5.0,computer_science,short_answer,6,english,,The name of the function and the types of the parameters.,
mohler,15,What does a function signature include?,"A function signature includes the name of the function and types of arguments, but not the return type.  ",5,1.0,5.0,computer_science,short_answer,6,english,,The name of the function and the types of the parameters.,
mohler,15,What does a function signature include?,"function name, and input paramaters",5,1.0,5.0,computer_science,short_answer,6,english,,The name of the function and the types of the parameters.,
mohler,15,What does a function signature include?,"The name of the function and the types of its arguments. This includes the number, type, and order the parameters appear in.",5,1.0,5.0,computer_science,short_answer,6,english,,The name of the function and the types of the parameters.,
mohler,15,What does a function signature include?,the name of the function and the types of its arguments,5,1.0,5.0,computer_science,short_answer,6,english,,The name of the function and the types of the parameters.,
mohler,15,What does a function signature include?,A function signature includes the name of the function and the types of its arguments,5,1.0,5.0,computer_science,short_answer,6,english,,The name of the function and the types of the parameters.,
mohler,15,What does a function signature include?,the name of the function and the types of its arguments,5,1.0,5.0,computer_science,short_answer,6,english,,The name of the function and the types of the parameters.,
mohler,15,What does a function signature include?,the function's name and parameters,5,1.0,5.0,computer_science,short_answer,6,english,,The name of the function and the types of the parameters.,
mohler,15,What does a function signature include?,The name of the function and the types of its arguments.,5,1.0,5.0,computer_science,short_answer,6,english,,The name of the function and the types of the parameters.,
mohler,15,What does a function signature include?,The portion of a function prototype that includes the name of the function and the types of its arguments,5,1.0,5.0,computer_science,short_answer,6,english,,The name of the function and the types of the parameters.,
mohler,15,What does a function signature include?,the name of the function and its parameters,5,1.0,5.0,computer_science,short_answer,6,english,,The name of the function and the types of the parameters.,
mohler,15,What does a function signature include?,The function name and parameters,5,1.0,5.0,computer_science,short_answer,6,english,,The name of the function and the types of the parameters.,
mohler,15,What does a function signature include?,name of function and types of arguments,5,1.0,5.0,computer_science,short_answer,6,english,,The name of the function and the types of the parameters.,
mohler,15,What does a function signature include?,"it includes the name of the function, and the types of its arguments. it does not specify the function return type. Function in the same scope must have unqiue signatures. ",5,1.0,5.0,computer_science,short_answer,6,english,,The name of the function and the types of the parameters.,
mohler,16,What is the scope of global variables?,Any functions that follows their deceleration that  are in the source code file are allowed to have access the variables.  Also global scope variables retrain their value throughout the execution of the program.,5,1.0,5.0,computer_science,short_answer,6,english,,File scope.,
mohler,16,What is the scope of global variables?,Global variables have file scope.,5,1.0,5.0,computer_science,short_answer,6,english,,File scope.,
mohler,16,What is the scope of global variables?,A global variable is an identifier that retains it's value throughout the execution of the program. It has file scope.,5,1.0,5.0,computer_science,short_answer,6,english,,File scope.,
mohler,16,What is the scope of global variables?,They can be accessed by any part of the program. It can be referenced by any function that follows the declarations or definitions in the source file.,5,1.0,5.0,computer_science,short_answer,6,english,,File scope.,
mohler,16,What is the scope of global variables?,Global variables have file-scope.  The variable is know to all functions throught the file,5,1.0,5.0,computer_science,short_answer,6,english,,File scope.,
mohler,16,What is the scope of global variables?,They have file scope when placed outside a function.,5,1.0,5.0,computer_science,short_answer,6,english,,File scope.,
mohler,16,What is the scope of global variables?,File scope.,5,1.0,5.0,computer_science,short_answer,6,english,,File scope.,
mohler,16,What is the scope of global variables?,The scope of global variables is at the file level.,5,1.0,5.0,computer_science,short_answer,6,english,,File scope.,
mohler,16,What is the scope of global variables?,Global variables all have file scope.,5,1.0,5.0,computer_science,short_answer,6,english,,File scope.,
mohler,16,What is the scope of global variables?,They can be referenced by any function following their declaration or definition inside the source file.,5,1.0,5.0,computer_science,short_answer,6,english,,File scope.,
mohler,16,What is the scope of global variables?,Global variables have a file scope,5,1.0,5.0,computer_science,short_answer,6,english,,File scope.,
mohler,16,What is the scope of global variables?,The entire program or file.,5,1.0,5.0,computer_science,short_answer,6,english,,File scope.,
mohler,16,What is the scope of global variables?,File scope,5,1.0,5.0,computer_science,short_answer,6,english,,File scope.,
mohler,16,What is the scope of global variables?,can be referenced by any function that follows their declarations or definitions in the source file,5,1.0,5.0,computer_science,short_answer,6,english,,File scope.,
mohler,17,How does the compiler handle inline functions?,The inline keyword advises the compiler to copy the function's code in place to avoid function calls; however the compiler can and typically does ignore the inline qualifier for all but the smallest functions.,5,1.0,5.0,computer_science,short_answer,6,english,,It makes a copy of the function code in every place where a function call is made.,
mohler,17,How does the compiler handle inline functions?,"Placing the qualifier inline before a function's return type in the function definition ""advises"" the compiler to generate a copy of the function's code in place to avoid a function call.",5,1.0,5.0,computer_science,short_answer,6,english,,It makes a copy of the function code in every place where a function call is made.,
mohler,17,How does the compiler handle inline functions?,"It expands a small function out... making your code longer, but also makes it run faster.",4,1.0,5.0,computer_science,short_answer,6,english,,It makes a copy of the function code in every place where a function call is made.,
mohler,17,How does the compiler handle inline functions?,"When the program compiles,it will copy the function inplace, avoiding a function call.",5,1.0,5.0,computer_science,short_answer,6,english,,It makes a copy of the function code in every place where a function call is made.,
mohler,17,How does the compiler handle inline functions?,"It replaces all instances of that function call with the inline code itself, resulting in longer but faster programs.",5,1.0,5.0,computer_science,short_answer,6,english,,It makes a copy of the function code in every place where a function call is made.,
mohler,17,How does the compiler handle inline functions?,it treats them as the same function,2,1.0,5.0,computer_science,short_answer,6,english,,It makes a copy of the function code in every place where a function call is made.,
mohler,17,How does the compiler handle inline functions?,"Inline functions are copied in place, instead of being referenced.",5,1.0,5.0,computer_science,short_answer,6,english,,It makes a copy of the function code in every place where a function call is made.,
mohler,17,How does the compiler handle inline functions?,"For inline functions, the compiler creates a copy of the function's code in place so it doesn't have to make a function call and add to the function call stack.",5,1.0,5.0,computer_science,short_answer,6,english,,It makes a copy of the function code in every place where a function call is made.,
mohler,17,How does the compiler handle inline functions?,it generates a copy of the function's coding which eliminates calling the function,5,1.0,5.0,computer_science,short_answer,6,english,,It makes a copy of the function code in every place where a function call is made.,
mohler,17,How does the compiler handle inline functions?,not answered,0,1.0,5.0,computer_science,short_answer,6,english,,It makes a copy of the function code in every place where a function call is made.,
mohler,17,How does the compiler handle inline functions?,"tells the compiler to make a copy of function's code in place to avoid a function call.  it typically ignores it, except for the smallest functions.",5,1.0,5.0,computer_science,short_answer,6,english,,It makes a copy of the function code in every place where a function call is made.,
mohler,17,How does the compiler handle inline functions?,The compiler can ignore the inline qualifier and typically does so for all but the smallest functions.,2,1.0,5.0,computer_science,short_answer,6,english,,It makes a copy of the function code in every place where a function call is made.,
mohler,17,How does the compiler handle inline functions?,"The complier includes copies of inline functions instead of making function calls, but usually only with very small functions.",5,1.0,5.0,computer_science,short_answer,6,english,,It makes a copy of the function code in every place where a function call is made.,
mohler,17,How does the compiler handle inline functions?,Compiler generate a copy of the function's code in place (when appropriate) to avoid a function call,5,1.0,5.0,computer_science,short_answer,6,english,,It makes a copy of the function code in every place where a function call is made.,
mohler,17,How does the compiler handle inline functions?,"instead of calling the function every time it is invoked, the compiler will replace the function call with a copy of the function body",5,1.0,5.0,computer_science,short_answer,6,english,,It makes a copy of the function code in every place where a function call is made.,
mohler,17,How does the compiler handle inline functions?,Expands the function into the program,4,1.0,5.0,computer_science,short_answer,6,english,,It makes a copy of the function code in every place where a function call is made.,
mohler,17,How does the compiler handle inline functions?,it generates a copy of the functions code in place to avoid a function call,5,1.0,5.0,computer_science,short_answer,6,english,,It makes a copy of the function code in every place where a function call is made.,
mohler,17,How does the compiler handle inline functions?,the function call will be replaced by the code that was defined in the inline function,5,1.0,5.0,computer_science,short_answer,6,english,,It makes a copy of the function code in every place where a function call is made.,
mohler,18,What is the main advantage associated with function arguments that are passed by reference?,Overall the program has better performance (means it is faster) because it does not have to copy large amounts of data.,5,1.0,5.0,computer_science,short_answer,6,english,,It avoids making copies of large data structures when calling functions.,
mohler,18,What is the main advantage associated with function arguments that are passed by reference?,Passing by reference can eliminate the pass-by-value overhead of copying large amounts of data.,5,1.0,5.0,computer_science,short_answer,6,english,,It avoids making copies of large data structures when calling functions.,
mohler,18,What is the main advantage associated with function arguments that are passed by reference?,"It is often more efficient to pass references, rather than large objects, to functions. This allows the compiler to pass the address of the object while maintaining the syntax that would have been used to access the object.",5,1.0,5.0,computer_science,short_answer,6,english,,It avoids making copies of large data structures when calling functions.,
mohler,18,What is the main advantage associated with function arguments that are passed by reference?,"Pass by reference is good for performance reasons, because it can eliminate the pass by value overhead of copying large amounts of data.",5,1.0,5.0,computer_science,short_answer,6,english,,It avoids making copies of large data structures when calling functions.,
mohler,18,What is the main advantage associated with function arguments that are passed by reference?,You do not alter the original value of the variable that was passed.,3,1.0,5.0,computer_science,short_answer,6,english,,It avoids making copies of large data structures when calling functions.,
mohler,18,What is the main advantage associated with function arguments that are passed by reference?,you do not use unessesary memory space to copy variables between functions,5,1.0,5.0,computer_science,short_answer,6,english,,It avoids making copies of large data structures when calling functions.,
mohler,18,What is the main advantage associated with function arguments that are passed by reference?,It elimitates the need to copy large amonts of data,5,1.0,5.0,computer_science,short_answer,6,english,,It avoids making copies of large data structures when calling functions.,
mohler,18,What is the main advantage associated with function arguments that are passed by reference?,It is more efficient and it changes the variable not online inside the function but outside so that the new value can be used elsewhere.,3,1.0,5.0,computer_science,short_answer,6,english,,It avoids making copies of large data structures when calling functions.,
mohler,18,What is the main advantage associated with function arguments that are passed by reference?,you don't make another copy and waste memory,5,1.0,5.0,computer_science,short_answer,6,english,,It avoids making copies of large data structures when calling functions.,
mohler,18,What is the main advantage associated with function arguments that are passed by reference?,"Passing by reference eliminates the copying of large amounts of data, typical with pass by value.",5,1.0,5.0,computer_science,short_answer,6,english,,It avoids making copies of large data structures when calling functions.,
mohler,18,What is the main advantage associated with function arguments that are passed by reference?,"If a function's arguments are large in size, computing time and memory space is not wasted copying down the argument and passing it to the function.  Also pass by reference gives the function called the permission to read edit the argument directly.",5,1.0,5.0,computer_science,short_answer,6,english,,It avoids making copies of large data structures when calling functions.,
mohler,18,What is the main advantage associated with function arguments that are passed by reference?,The original variable being referenced can be modified directly by the called function.,3,1.0,5.0,computer_science,short_answer,6,english,,It avoids making copies of large data structures when calling functions.,
mohler,18,What is the main advantage associated with function arguments that are passed by reference?,Gives the called function the ability to access and modify the caller's argument data directly.,3,1.0,5.0,computer_science,short_answer,6,english,,It avoids making copies of large data structures when calling functions.,
mohler,18,What is the main advantage associated with function arguments that are passed by reference?,"large data items can be passed without copying the entire data point, reducing execution time and the amout of memory space needed ",5,1.0,5.0,computer_science,short_answer,6,english,,It avoids making copies of large data structures when calling functions.,
mohler,18,What is the main advantage associated with function arguments that are passed by reference?,The data can be modified directly instead of making a copy of the data. Improves execution time with large amounts of data.,4,1.0,5.0,computer_science,short_answer,6,english,,It avoids making copies of large data structures when calling functions.,
mohler,18,What is the main advantage associated with function arguments that are passed by reference?,It gives access and modify the caller's argument data directly. It eliminate the pass by value overhead of copying large amounts ofdata,5,1.0,5.0,computer_science,short_answer,6,english,,It avoids making copies of large data structures when calling functions.,
mohler,18,What is the main advantage associated with function arguments that are passed by reference?,"it takes less memory, thus it would make the program faster",4,1.0,5.0,computer_science,short_answer,6,english,,It avoids making copies of large data structures when calling functions.,
mohler,18,What is the main advantage associated with function arguments that are passed by reference?,"only the memory address is sent to the function, so no copy of the object sent needs to be made. It makes the function run faster, and saves memory.",5,1.0,5.0,computer_science,short_answer,6,english,,It avoids making copies of large data structures when calling functions.,
mohler,18,What is the main advantage associated with function arguments that are passed by reference?,"Actual arguments are associated with dummy arguments when a function or subroutine is referenced. In a procedure reference, the actual argument list identifies the correspondence between the actual arguments provided in the list and the dummy arguments of the subprogram",3,1.0,5.0,computer_science,short_answer,6,english,,It avoids making copies of large data structures when calling functions.,
mohler,19,How are overloaded functions differentiated by the compiler?,"The compiler selects the proper functions to execute based on number, types and order of arguments in the function call.",5,1.0,5.0,computer_science,short_answer,6,english,,"Based on the function signature. When an overloaded function is called, the compiler will find the function whose signature is closest to the given function call.",
mohler,19,How are overloaded functions differentiated by the compiler?,"The compiler distinguishes overloaded functions by their signatures. It encodes each function identifier with the number and types of its parameters to generate type-safe linkage, which ensures the proper overloaded function is called.",5,1.0,5.0,computer_science,short_answer,6,english,,"Based on the function signature. When an overloaded function is called, the compiler will find the function whose signature is closest to the given function call.",
mohler,19,How are overloaded functions differentiated by the compiler?,"Overloaded functions are distinguished by their signatures, Name mangling or name decoration, and type-safe linkage ensures that proper overloaded functions is called and types of the arguments conform to tpes to the parameters.",5,1.0,5.0,computer_science,short_answer,6,english,,"Based on the function signature. When an overloaded function is called, the compiler will find the function whose signature is closest to the given function call.",
mohler,19,How are overloaded functions differentiated by the compiler?,"The compiler selects proper function to execute based on number, types and order of arguments in the function call.",5,1.0,5.0,computer_science,short_answer,6,english,,"Based on the function signature. When an overloaded function is called, the compiler will find the function whose signature is closest to the given function call.",
mohler,19,How are overloaded functions differentiated by the compiler?,"It selects the proper function to execute based on number, types and order of arguments in the function call.",5,1.0,5.0,computer_science,short_answer,6,english,,"Based on the function signature. When an overloaded function is called, the compiler will find the function whose signature is closest to the given function call.",
mohler,19,How are overloaded functions differentiated by the compiler?,"It examines the names, types, and order of arguments on each function.",5,1.0,5.0,computer_science,short_answer,6,english,,"Based on the function signature. When an overloaded function is called, the compiler will find the function whose signature is closest to the given function call.",
mohler,19,How are overloaded functions differentiated by the compiler?,unique function signatures,5,1.0,5.0,computer_science,short_answer,6,english,,"Based on the function signature. When an overloaded function is called, the compiler will find the function whose signature is closest to the given function call.",
mohler,19,How are overloaded functions differentiated by the compiler?,"Is based on number, types, and order of arguments in the function call.",5,1.0,5.0,computer_science,short_answer,6,english,,"Based on the function signature. When an overloaded function is called, the compiler will find the function whose signature is closest to the given function call.",
mohler,19,How are overloaded functions differentiated by the compiler?,"Compiler selects proper function to execute based on number, types and order of arguments in the function call.",5,1.0,5.0,computer_science,short_answer,6,english,,"Based on the function signature. When an overloaded function is called, the compiler will find the function whose signature is closest to the given function call.",
mohler,19,How are overloaded functions differentiated by the compiler?,not answered,0,1.0,5.0,computer_science,short_answer,6,english,,"Based on the function signature. When an overloaded function is called, the compiler will find the function whose signature is closest to the given function call.",
mohler,19,How are overloaded functions differentiated by the compiler?,"The compiler selects the right function to execute from the number, types and order of arguments in the function call.",5,1.0,5.0,computer_science,short_answer,6,english,,"Based on the function signature. When an overloaded function is called, the compiler will find the function whose signature is closest to the given function call.",
mohler,19,How are overloaded functions differentiated by the compiler?,it creates a set of candidate functions then a set of viable functions,3,1.0,5.0,computer_science,short_answer,6,english,,"Based on the function signature. When an overloaded function is called, the compiler will find the function whose signature is closest to the given function call.",
mohler,19,How are overloaded functions differentiated by the compiler?,their function signature.,5,1.0,5.0,computer_science,short_answer,6,english,,"Based on the function signature. When an overloaded function is called, the compiler will find the function whose signature is closest to the given function call.",
mohler,19,How are overloaded functions differentiated by the compiler?,The number and type of its parameters.,5,1.0,5.0,computer_science,short_answer,6,english,,"Based on the function signature. When an overloaded function is called, the compiler will find the function whose signature is closest to the given function call.",
mohler,19,How are overloaded functions differentiated by the compiler?,by their function signature,5,1.0,5.0,computer_science,short_answer,6,english,,"Based on the function signature. When an overloaded function is called, the compiler will find the function whose signature is closest to the given function call.",
mohler,19,How are overloaded functions differentiated by the compiler?,"They are differntiated by number, types and order of arguments in the function call.",5,1.0,5.0,computer_science,short_answer,6,english,,"Based on the function signature. When an overloaded function is called, the compiler will find the function whose signature is closest to the given function call.",
mohler,19,How are overloaded functions differentiated by the compiler?,"it looks at the number, types, and order of arguments in the function call ",5,1.0,5.0,computer_science,short_answer,6,english,,"Based on the function signature. When an overloaded function is called, the compiler will find the function whose signature is closest to the given function call.",
mohler,19,How are overloaded functions differentiated by the compiler?,The compiler differentiates overloaded functions by their signature.,5,1.0,5.0,computer_science,short_answer,6,english,,"Based on the function signature. When an overloaded function is called, the compiler will find the function whose signature is closest to the given function call.",
mohler,19,How are overloaded functions differentiated by the compiler?,"By the number, types, and order of their arguments",5,1.0,5.0,computer_science,short_answer,6,english,,"Based on the function signature. When an overloaded function is called, the compiler will find the function whose signature is closest to the given function call.",
mohler,19,How are overloaded functions differentiated by the compiler?,"Compiler selects proper function to execute based on number, types and order of arguments in the function call.",5,1.0,5.0,computer_science,short_answer,6,english,,"Based on the function signature. When an overloaded function is called, the compiler will find the function whose signature is closest to the given function call.",
mohler,19,How are overloaded functions differentiated by the compiler?,"By the number, and the types and order of the  parameters.",5,1.0,5.0,computer_science,short_answer,6,english,,"Based on the function signature. When an overloaded function is called, the compiler will find the function whose signature is closest to the given function call.",
mohler,19,How are overloaded functions differentiated by the compiler?,by the number and type of arguments,5,1.0,5.0,computer_science,short_answer,6,english,,"Based on the function signature. When an overloaded function is called, the compiler will find the function whose signature is closest to the given function call.",
mohler,20,"When defining a recursive function, what are possible causes for infinite recursion?","A base case that is the simplest case for a problem so that the function will lead to it, if this does not happen then it will end up as an infinite loop. And a condition to know when to terminate.   ",5,1.0,5.0,computer_science,short_answer,6,english,,"If the recursion step is defined incorrectly, or if the base case is not included.",
mohler,20,"When defining a recursive function, what are possible causes for infinite recursion?",Infinite recursion can occur when the base case is omitted or the recursion step is written incorrectly so that it never converges on the base case.,5,1.0,5.0,computer_science,short_answer,6,english,,"If the recursion step is defined incorrectly, or if the base case is not included.",
mohler,20,"When defining a recursive function, what are possible causes for infinite recursion?","Infinite recursion is an infinite loop if the condition is not met.  Either omitting the base case, or writing the recursion step incorrectly so that it does not converge on the base case causes ""indefinite"" recursion, eventually exhausting memory.  ",5,1.0,5.0,computer_science,short_answer,6,english,,"If the recursion step is defined incorrectly, or if the base case is not included.",
mohler,20,"When defining a recursive function, what are possible causes for infinite recursion?",Either omitting the base case or writing the recursion step incorrectly so that it does not converge on the base case can cause an infinite recursion.,5,1.0,5.0,computer_science,short_answer,6,english,,"If the recursion step is defined incorrectly, or if the base case is not included.",
mohler,20,"When defining a recursive function, what are possible causes for infinite recursion?",Incorrect or missing base case. Must reduce to the base case. The function must get simpler each time it is run (converge to the base case).,5,1.0,5.0,computer_science,short_answer,6,english,,"If the recursion step is defined incorrectly, or if the base case is not included.",
mohler,20,"When defining a recursive function, what are possible causes for infinite recursion?","If at each recursive call the problem does not diminish or if it does not diminish to a base case, can cause infinite recursion.",5,1.0,5.0,computer_science,short_answer,6,english,,"If the recursion step is defined incorrectly, or if the base case is not included.",
mohler,20,"When defining a recursive function, what are possible causes for infinite recursion?",Omitting the base case or incorrectly calling the recursive step.,5,1.0,5.0,computer_science,short_answer,6,english,,"If the recursion step is defined incorrectly, or if the base case is not included.",
mohler,20,"When defining a recursive function, what are possible causes for infinite recursion?","Lack of defining a base case, or writing the recursion step incorrectly so that it does not converge on the base case",5,1.0,5.0,computer_science,short_answer,6,english,,"If the recursion step is defined incorrectly, or if the base case is not included.",
mohler,20,"When defining a recursive function, what are possible causes for infinite recursion?","no base case, or the recursive calls do not converge to the base case",5,1.0,5.0,computer_science,short_answer,6,english,,"If the recursion step is defined incorrectly, or if the base case is not included.",
mohler,20,"When defining a recursive function, what are possible causes for infinite recursion?","No base case, or an incorrectly written recursion step that does not converge on the base case will lead to infinite recursion.",5,1.0,5.0,computer_science,short_answer,6,english,,"If the recursion step is defined incorrectly, or if the base case is not included.",
mohler,20,"When defining a recursive function, what are possible causes for infinite recursion?","If the recursion function never reaches or successfully defines the base case it will recurse forever.  This happens many ways, such as the function doesn't progress towards the base case, or the function is coded poorly and doesn't even contain a base case.",5,1.0,5.0,computer_science,short_answer,6,english,,"If the recursion step is defined incorrectly, or if the base case is not included.",
mohler,20,"When defining a recursive function, what are possible causes for infinite recursion?"," not creating a base case, or in the case where the base case will never be met.",5,1.0,5.0,computer_science,short_answer,6,english,,"If the recursion step is defined incorrectly, or if the base case is not included.",
mohler,20,"When defining a recursive function, what are possible causes for infinite recursion?","Either omitting the base case, or writing the recursion step incorrectly so the it does not reach the base case can cause infinite recursion.",5,1.0,5.0,computer_science,short_answer,6,english,,"If the recursion step is defined incorrectly, or if the base case is not included.",
mohler,20,"When defining a recursive function, what are possible causes for infinite recursion?",omitting the base case or writing the recursive call so that it does not converge upon the base case.,5,1.0,5.0,computer_science,short_answer,6,english,,"If the recursion step is defined incorrectly, or if the base case is not included.",
mohler,20,"When defining a recursive function, what are possible causes for infinite recursion?","Either omitting the base case, or writing the recursion step incorrectly so that it does not converge on the base case",5,1.0,5.0,computer_science,short_answer,6,english,,"If the recursion step is defined incorrectly, or if the base case is not included.",
mohler,20,"When defining a recursive function, what are possible causes for infinite recursion?","Not having a base case, or building a recursion process that doesn't converge on the base case.",5,1.0,5.0,computer_science,short_answer,6,english,,"If the recursion step is defined incorrectly, or if the base case is not included.",
mohler,20,"When defining a recursive function, what are possible causes for infinite recursion?","Either omitting the base case, or writing the recursion step incorerectly ",5,1.0,5.0,computer_science,short_answer,6,english,,"If the recursion step is defined incorrectly, or if the base case is not included.",
mohler,20,"When defining a recursive function, what are possible causes for infinite recursion?",no base case or if the programmar does not define the base case as the simplest case and it never gets reached,5,1.0,5.0,computer_science,short_answer,6,english,,"If the recursion step is defined incorrectly, or if the base case is not included.",
mohler,20,"When defining a recursive function, what are possible causes for infinite recursion?",No easily reached base case and no base case at all,5,1.0,5.0,computer_science,short_answer,6,english,,"If the recursion step is defined incorrectly, or if the base case is not included.",
mohler,20,"When defining a recursive function, what are possible causes for infinite recursion?",function is never allowed to reach the 'base case',5,1.0,5.0,computer_science,short_answer,6,english,,"If the recursion step is defined incorrectly, or if the base case is not included.",
mohler,20,"When defining a recursive function, what are possible causes for infinite recursion?","it has no base case, or the base case is never met",5,1.0,5.0,computer_science,short_answer,6,english,,"If the recursion step is defined incorrectly, or if the base case is not included.",
mohler,21,What are the similarities between iteration and recursion?,"Both involve a controlled repetition structures, and they both have a termination test.  Also both of them can loop forever. ",5,1.0,5.0,computer_science,short_answer,6,english,,They both involve repetition; they both have termination tests; they can both occur infinitely.,
mohler,21,What are the similarities between iteration and recursion?,Both iteration and recursion are based on control statements and involve repetition. They can both also occur indefinitely.,5,1.0,5.0,computer_science,short_answer,6,english,,They both involve repetition; they both have termination tests; they can both occur infinitely.,
mohler,21,What are the similarities between iteration and recursion?,Both are based on a control statement         - Iteration-repetition structure         - Recursion-selection structure        Both involve repetition         -Iteration-explicitly uses repetition structure         -Recursion-repeated function calls        Both involve a termination test         -Iteration-loop-termination test         -Recursion-base case         Both gradually approach termination         -Iteration-modifies counter until loop-termination test fails         -Recursion-produces progressively simpler versions of problem        Both can occur indefinitely         -Iteration-if loop-continuation condition never fails         -Recursion-if recursion step does not simplify the problem,5,1.0,5.0,computer_science,short_answer,6,english,,They both involve repetition; they both have termination tests; they can both occur infinitely.,
mohler,21,What are the similarities between iteration and recursion?,"Iteration and recursion have many similarities: both are based on a control statement, involve repetition, involve a termination test, gradually approach termination and can occur infinitely.",5,1.0,5.0,computer_science,short_answer,6,english,,They both involve repetition; they both have termination tests; they can both occur infinitely.,
mohler,21,What are the similarities between iteration and recursion?,"Both rely on repetition, both have a base case, both can become an infinite loop. Anything recursive can also be solved with iteration.",5,1.0,5.0,computer_science,short_answer,6,english,,They both involve repetition; they both have termination tests; they can both occur infinitely.,
mohler,21,What are the similarities between iteration and recursion?,Both are based on a control statement. Both involve repetition. Both involve a termination test. Both gradually approach termination. Both can occur infinitely.,5,1.0,5.0,computer_science,short_answer,6,english,,They both involve repetition; they both have termination tests; they can both occur infinitely.,
mohler,21,What are the similarities between iteration and recursion?,"Both are based on a control statement, Both involve repetition, Both involve a termination test, Both gradually approach termination, Both can occur infinitely",5,1.0,5.0,computer_science,short_answer,6,english,,They both involve repetition; they both have termination tests; they can both occur infinitely.,
mohler,21,What are the similarities between iteration and recursion?,not answered,0,1.0,5.0,computer_science,short_answer,6,english,,They both involve repetition; they both have termination tests; they can both occur infinitely.,
mohler,21,What are the similarities between iteration and recursion?,"Iteration and recursion both use repetition and perform several simple operations and algorithms successively until they reach a certain limit.  So both involve a termination test to find that limit and both slowly approach that termination limit.  Both are based on a control statement as well.    If coded poorly, both can continue on for forever until the compiler or the computer either locks up, shuts down or halts the operation.",5,1.0,5.0,computer_science,short_answer,6,english,,They both involve repetition; they both have termination tests; they can both occur infinitely.,
mohler,21,What are the similarities between iteration and recursion?,"both based on control statement, involve repetition, and involve a termination test within loops",5,1.0,5.0,computer_science,short_answer,6,english,,They both involve repetition; they both have termination tests; they can both occur infinitely.,
mohler,21,What are the similarities between iteration and recursion?,Both involve a termination test.   They use a control statement and repition to solve the problem.  They can also result in an infinite loop.,5,1.0,5.0,computer_science,short_answer,6,english,,They both involve repetition; they both have termination tests; they can both occur infinitely.,
mohler,21,What are the similarities between iteration and recursion?,"based on a control statement, involve repetition, involve a termination test.",5,1.0,5.0,computer_science,short_answer,6,english,,They both involve repetition; they both have termination tests; they can both occur infinitely.,
mohler,21,What are the similarities between iteration and recursion?,Both are bases on a control statement. Both involve repetition. Both involve a termination test. Both gradually approach termination. Both can occur infinitely.,5,1.0,5.0,computer_science,short_answer,6,english,,They both involve repetition; they both have termination tests; they can both occur infinitely.,
mohler,21,What are the similarities between iteration and recursion?,"both based on a control statement, both involve repitition, both involve a termination test, both gradually approach termination, both can potentially occur infinetly.",5,1.0,5.0,computer_science,short_answer,6,english,,They both involve repetition; they both have termination tests; they can both occur infinitely.,
mohler,21,What are the similarities between iteration and recursion?,"they are both based on a control statement, both involve repetition, both involve a termination case, both graduatlly approach that termination case, and both can occur infinitely",5,1.0,5.0,computer_science,short_answer,6,english,,They both involve repetition; they both have termination tests; they can both occur infinitely.,
mohler,21,What are the similarities between iteration and recursion?,"They both use repetition, a control or test to terminate, and both can infinitely repeat if not defined correctly.",5,1.0,5.0,computer_science,short_answer,6,english,,They both involve repetition; they both have termination tests; they can both occur infinitely.,
mohler,21,What are the similarities between iteration and recursion?,"Both are based on a control statement; both gradually approach termination ending with a termination test; both involve repetition, and can both repeat infinitely if their  termination requirements are not met.",5,1.0,5.0,computer_science,short_answer,6,english,,They both involve repetition; they both have termination tests; they can both occur infinitely.,
mohler,21,What are the similarities between iteration and recursion?,"both are based on a control statement, involve repetition and involve a termination test. both gradually approach termination, both can occur infinitely",5,1.0,5.0,computer_science,short_answer,6,english,,They both involve repetition; they both have termination tests; they can both occur infinitely.,
mohler,21,What are the similarities between iteration and recursion?,Based on control statement;  involve repetition; involve a terminal test; both can occur infinitly,5,1.0,5.0,computer_science,short_answer,6,english,,They both involve repetition; they both have termination tests; they can both occur infinitely.,
mohler,21,What are the similarities between iteration and recursion?,"repetition, termination test, eventually terminate, occur infinately",5,1.0,5.0,computer_science,short_answer,6,english,,They both involve repetition; they both have termination tests; they can both occur infinitely.,
mohler,21,What are the similarities between iteration and recursion?,both need to have some kind of base case to tell when the loop needs to stop.,3,1.0,5.0,computer_science,short_answer,6,english,,They both involve repetition; they both have termination tests; they can both occur infinitely.,
mohler,22,What are the two different ways of specifying the length of an array?,You can initialize and array by using an initializer list in its declaration or by initializing its size with a constant variable.,5,1.0,5.0,computer_science,short_answer,6,english,,"In the array declaration, or by using an initializer list.",
mohler,22,What are the two different ways of specifying the length of an array?,"One way is to declare a size of the array using a variable that is equal to an integer. The other way, if the size is omitted in the declaration, the compiler determines the size of the array based on the size of the initializer list.",5,1.0,5.0,computer_science,short_answer,6,english,,"In the array declaration, or by using an initializer list.",
mohler,22,What are the two different ways of specifying the length of an array?,"In the declaration (int array [x]) or with an initilizer (int array[]={0,1,2,etc.}",5,1.0,5.0,computer_science,short_answer,6,english,,"In the array declaration, or by using an initializer list.",
mohler,22,What are the two different ways of specifying the length of an array?,"1. Declare the length of the array (int array[10];) 2. Initialize the array (int array[] = {0, 1, 2, 3}; //compiler will assume size of 4)",5,1.0,5.0,computer_science,short_answer,6,english,,"In the array declaration, or by using an initializer list.",
mohler,22,What are the two different ways of specifying the length of an array?,"Array lengths can be explicitly specified by inputing the number of elements between the brackets [ ] during declaration, or implicitly by including an initializer list WITHOUT specifying a number between [ ], the compiler will automatically declare the array with the proper number of elements needed for the list. ",5,1.0,5.0,computer_science,short_answer,6,english,,"In the array declaration, or by using an initializer list.",
mohler,22,What are the two different ways of specifying the length of an array?,"statically, using {} and dynamically, using []",4,1.0,5.0,computer_science,short_answer,6,english,,"In the array declaration, or by using an initializer list.",
mohler,22,What are the two different ways of specifying the length of an array?,manually inside the brackets or automatically via an initializer list,5,1.0,5.0,computer_science,short_answer,6,english,,"In the array declaration, or by using an initializer list.",
mohler,22,What are the two different ways of specifying the length of an array?,"You can use an initializer list, or simply tell the compiler how many elements you want in the array.  For an Initializer list:  int a[] = {10, 2, 3, -4, 5};  For an elemental declaration: int b[5];  Both arrays have 5 elements in them, but array a is already initialized.",5,1.0,5.0,computer_science,short_answer,6,english,,"In the array declaration, or by using an initializer list.",
mohler,22,What are the two different ways of specifying the length of an array?,"Implicit, namely when you give it values, like {1,2,3,4,5,6,7,8,9}, at which the compiler will automatically give this a size. Static, during the declaration. ",5,1.0,5.0,computer_science,short_answer,6,english,,"In the array declaration, or by using an initializer list.",
mohler,22,What are the two different ways of specifying the length of an array?,"Supply an integer inside the brackets or the compiler counts the number of elements in the initializer list. int n[5]; int n[] = { 1,2,3,4,5 }",5,1.0,5.0,computer_science,short_answer,6,english,,"In the array declaration, or by using an initializer list.",
mohler,22,What are the two different ways of specifying the length of an array?,either initializing the array with a specific length or initializing an array while declaring its contents.,5,1.0,5.0,computer_science,short_answer,6,english,,"In the array declaration, or by using an initializer list.",
mohler,22,What are the two different ways of specifying the length of an array?,within the brackets or by using an initializer list.,5,1.0,5.0,computer_science,short_answer,6,english,,"In the array declaration, or by using an initializer list.",
mohler,22,What are the two different ways of specifying the length of an array?,with a number and with a variable,3,1.0,5.0,computer_science,short_answer,6,english,,"In the array declaration, or by using an initializer list.",
mohler,22,What are the two different ways of specifying the length of an array?,"explicitly, by declaring it in brackets (i.e. int array[50];) and implicitly, by initializing several values (i.e. int array[] = {1, 2, 3};)",5,1.0,5.0,computer_science,short_answer,6,english,,"In the array declaration, or by using an initializer list.",
mohler,22,What are the two different ways of specifying the length of an array?,1-Initializing an array in a declaration with an initializer list 2-Specifying an arrays size with a constant variable,5,1.0,5.0,computer_science,short_answer,6,english,,"In the array declaration, or by using an initializer list.",
mohler,22,What are the two different ways of specifying the length of an array?,"Initializing the size in the brackets: int a[100]; Initializing the length by assigning variables: int a[] = {1,2,3};",5,1.0,5.0,computer_science,short_answer,6,english,,"In the array declaration, or by using an initializer list.",
mohler,22,What are the two different ways of specifying the length of an array?,user defined value or by the number of elements in initializer list,5,1.0,5.0,computer_science,short_answer,6,english,,"In the array declaration, or by using an initializer list.",
mohler,22,What are the two different ways of specifying the length of an array?,"you can assign the size of it inside the brackets when you declare the array [3], or you can have it set by how many items you set the array equal to {1,2,3}",5,1.0,5.0,computer_science,short_answer,6,english,,"In the array declaration, or by using an initializer list.",
mohler,23,What is the main difference between strings declared using the type string versus strings declared using an array of characters?,"Unlike in a string declared using type string, in a string declared using an array of characters the programmer must provide the null terminating character and must ensure the array is large enough to hold the string and null terminating character.",5,1.0,5.0,computer_science,short_answer,6,english,,The strings declared using an array of characters have a null element added at the end of the array.,
mohler,23,What is the main difference between strings declared using the type string versus strings declared using an array of characters?,"All strings represented by character arrays end with the null character. You declare an object of type string just like any other type, for example:  string s; ",5,1.0,5.0,computer_science,short_answer,6,english,,The strings declared using an array of characters have a null element added at the end of the array.,
mohler,23,What is the main difference between strings declared using the type string versus strings declared using an array of characters?,string is a class in the standard library and has method that modify it. Whereas the char array is on able to be modifie by the user.,4,1.0,5.0,computer_science,short_answer,6,english,,The strings declared using an array of characters have a null element added at the end of the array.,
mohler,23,What is the main difference between strings declared using the type string versus strings declared using an array of characters?,"The data class type string are designed to handle character data, and has many functions built into the class library to deal with them. An array of characters however is subject to all the same rules of any other array with no real additional functionality. Another difference is that the string class deals with the null character implicitly, unlike an array of characters, which must handle the null character explicitly. ",5,1.0,5.0,computer_science,short_answer,6,english,,The strings declared using an array of characters have a null element added at the end of the array.,
mohler,23,What is the main difference between strings declared using the type string versus strings declared using an array of characters?,string declared used in an array of characters contains each character in the array and a special string-termination character called the null character versus the type string.,5,1.0,5.0,computer_science,short_answer,6,english,,The strings declared using an array of characters have a null element added at the end of the array.,
mohler,23,What is the main difference between strings declared using the type string versus strings declared using an array of characters?,array of characters can only hold as many characters as the array size and strings are not that limited.,4,1.0,5.0,computer_science,short_answer,6,english,,The strings declared using an array of characters have a null element added at the end of the array.,
mohler,23,What is the main difference between strings declared using the type string versus strings declared using an array of characters?,The array of characters has a null character \0 at the end of the array to signify the array's end.  The string does not have this.,5,1.0,5.0,computer_science,short_answer,6,english,,The strings declared using an array of characters have a null element added at the end of the array.,
mohler,23,What is the main difference between strings declared using the type string versus strings declared using an array of characters?,"the array of characters has a set length, while the type string has virtually unlimited length.",4,1.0,5.0,computer_science,short_answer,6,english,,The strings declared using an array of characters have a null element added at the end of the array.,
mohler,23,What is the main difference between strings declared using the type string versus strings declared using an array of characters?,array of characters need a termination character as well as size specification whether its explicit or implicit.,5,1.0,5.0,computer_science,short_answer,6,english,,The strings declared using an array of characters have a null element added at the end of the array.,
mohler,23,What is the main difference between strings declared using the type string versus strings declared using an array of characters?,strings declared using an array of characters could result in data loss if character array not initialized large enough.,4,1.0,5.0,computer_science,short_answer,6,english,,The strings declared using an array of characters have a null element added at the end of the array.,
mohler,23,What is the main difference between strings declared using the type string versus strings declared using an array of characters?,"an array of characters has one element a string doesnt have. it is the termination element, or ""null""",5,1.0,5.0,computer_science,short_answer,6,english,,The strings declared using an array of characters have a null element added at the end of the array.,
mohler,23,What is the main difference between strings declared using the type string versus strings declared using an array of characters?,Strings declared using the type string can vary in length. Strings declared using an array of characters can not extend past the array length.,4,1.0,5.0,computer_science,short_answer,6,english,,The strings declared using an array of characters have a null element added at the end of the array.,
mohler,24,How are arrays passed to functions?,by reference only,5,1.0,5.0,computer_science,short_answer,6,english,,by reference.,
mohler,24,How are arrays passed to functions?,Arrays are passed to functions by reference.,5,1.0,5.0,computer_science,short_answer,6,english,,by reference.,
mohler,24,How are arrays passed to functions?,#NAME?,5,1.0,5.0,computer_science,short_answer,6,english,,by reference.,
mohler,24,How are arrays passed to functions?,Arrays are passed by reference.,5,1.0,5.0,computer_science,short_answer,6,english,,by reference.,
mohler,24,How are arrays passed to functions?,"you must pass the array and its size to the function. Ex. function(array, size);",4,1.0,5.0,computer_science,short_answer,6,english,,by reference.,
mohler,24,How are arrays passed to functions?,By reference.,5,1.0,5.0,computer_science,short_answer,6,english,,by reference.,
mohler,24,How are arrays passed to functions?,"In two parts, the array itself, and it's size, so that the function it's being passed to can avoid out of bounds errors.",4,1.0,5.0,computer_science,short_answer,6,english,,by reference.,
mohler,24,How are arrays passed to functions?,Specify array name without brackets. Array size is normally passed as another argument so the function can process the specific number of elements in the array. Arrays are passed by reference. Individual array elements passed by value. Functions that take arrays as arguments.,5,1.0,5.0,computer_science,short_answer,6,english,,by reference.,
mohler,24,How are arrays passed to functions?,Arrays are passed by reference.,5,1.0,5.0,computer_science,short_answer,6,english,,by reference.,
mohler,24,How are arrays passed to functions?,the same way but with [] at the declaration and the actual function.,3,1.0,5.0,computer_science,short_answer,6,english,,by reference.,
mohler,24,How are arrays passed to functions?,specify the array name without brackets.,3,1.0,5.0,computer_science,short_answer,6,english,,by reference.,
mohler,24,How are arrays passed to functions?,by reference,5,1.0,5.0,computer_science,short_answer,6,english,,by reference.,
mohler,24,How are arrays passed to functions?,"You pass the name of the array to the function. So for: int bin [10]; you pass it to an array like so: jingle(bin); but jingle must be declared correctly in order to receive an array, either with prototype void jingle (int []); or with the definition in its initialization: void jingle (int array[]);  It's also worth noting that arrays are passed to function by reference, so as to not copy large arrays over and over and burn memory.  This gives the function complete control over the array however.",5,1.0,5.0,computer_science,short_answer,6,english,,by reference.,
mohler,24,How are arrays passed to functions?,"by reference by default, unless you specify const, at which the later will make the array unmodifiable.",5,1.0,5.0,computer_science,short_answer,6,english,,by reference.,
mohler,24,How are arrays passed to functions?,"The function recieves both the array and the array size as parameters. function(arrayName, arraySize)",4,1.0,5.0,computer_science,short_answer,6,english,,by reference.,
mohler,24,How are arrays passed to functions?,specifying array name and passing as reference in an argument into the function,5,1.0,5.0,computer_science,short_answer,6,english,,by reference.,
mohler,24,How are arrays passed to functions?,1st you must specify the array name without brackets and then the array name and size are passed as two arguments in the function call.,4,1.0,5.0,computer_science,short_answer,6,english,,by reference.,
mohler,24,How are arrays passed to functions?,"arrays are passed by reference, passing the starting address of array. programmer specifies the array name without brackets and passes the array size as another argument so the function can process the specific number of elements in the array",5,1.0,5.0,computer_science,short_answer,6,english,,by reference.,
mohler,24,How are arrays passed to functions?,by reference only,5,1.0,5.0,computer_science,short_answer,6,english,,by reference.,
mohler,24,How are arrays passed to functions?,by reference,5,1.0,5.0,computer_science,short_answer,6,english,,by reference.,
mohler,24,How are arrays passed to functions?,by reference,5,1.0,5.0,computer_science,short_answer,6,english,,by reference.,
mohler,24,How are arrays passed to functions?,by refrence,5,1.0,5.0,computer_science,short_answer,6,english,,by reference.,
mohler,24,How are arrays passed to functions?,"function( int [], int length)",4,1.0,5.0,computer_science,short_answer,6,english,,by reference.,
mohler,24,How are arrays passed to functions?,by reference,5,1.0,5.0,computer_science,short_answer,6,english,,by reference.,
mohler,24,How are arrays passed to functions?,by reference,5,1.0,5.0,computer_science,short_answer,6,english,,by reference.,
mohler,25,"What is the difference between an array declared as static, and one that is not?",a static array will store the new values that were assigned to each of its elements. meaning if you call a function twice it will use the last values that were returned the first time.  if you don't declare it static then the new values will not be stored and will be reset to their original value,5,1.0,5.0,computer_science,short_answer,6,english,,"The arrays declared as static live throughout the life of the program; that is, they are initialized only once, when the function that declares the array it is first called.",
mohler,25,"What is the difference between an array declared as static, and one that is not?",An array declared as static is not created and and initialized each time the function and it is also not destroyed when the function terminates.,5,1.0,5.0,computer_science,short_answer,6,english,,"The arrays declared as static live throughout the life of the program; that is, they are initialized only once, when the function that declares the array it is first called.",
mohler,25,"What is the difference between an array declared as static, and one that is not?","a static array will only be initilized once, a non static array will be re-initilized once the program reaches the initilization line again.",5,1.0,5.0,computer_science,short_answer,6,english,,"The arrays declared as static live throughout the life of the program; that is, they are initialized only once, when the function that declares the array it is first called.",
mohler,25,"What is the difference between an array declared as static, and one that is not?","If an array is declared as static, it is not created each time the array is called.",5,1.0,5.0,computer_science,short_answer,6,english,,"The arrays declared as static live throughout the life of the program; that is, they are initialized only once, when the function that declares the array it is first called.",
mohler,25,"What is the difference between an array declared as static, and one that is not?","An array that is not declared as static will re-initialize every time the function declaring it is called. A static array will initialize only once, at the declaration, and will store the values in it's elements throughout the duration of the program, even if the same function is called multiple times, a static array will only initialize once.",5,1.0,5.0,computer_science,short_answer,6,english,,"The arrays declared as static live throughout the life of the program; that is, they are initialized only once, when the function that declares the array it is first called.",
mohler,25,"What is the difference between an array declared as static, and one that is not?",A static local array exists for the duration of the program and its elements are initialized to 0 if not explicitly initialized. So a static local array's elements will still be the same when called later unless specifically initialized to something else.  This doesn't happen for automatic arrays.,5,1.0,5.0,computer_science,short_answer,6,english,,"The arrays declared as static live throughout the life of the program; that is, they are initialized only once, when the function that declares the array it is first called.",
mohler,25,"What is the difference between an array declared as static, and one that is not?","static arrays keep the values after the end of a function, while non static reinitialize every time.",5,1.0,5.0,computer_science,short_answer,6,english,,"The arrays declared as static live throughout the life of the program; that is, they are initialized only once, when the function that declares the array it is first called.",
mohler,25,"What is the difference between an array declared as static, and one that is not?","Static arrays are created and initialized only once, and the values aren't destroyed  when the function terminates in the program. Automatic arrays reset everytime the function is called.",5,1.0,5.0,computer_science,short_answer,6,english,,"The arrays declared as static live throughout the life of the program; that is, they are initialized only once, when the function that declares the array it is first called.",
mohler,25,"What is the difference between an array declared as static, and one that is not?","its not created and initialized each time program calls the function, and is not destroyed every time the function ends in the program.",5,1.0,5.0,computer_science,short_answer,6,english,,"The arrays declared as static live throughout the life of the program; that is, they are initialized only once, when the function that declares the array it is first called.",
mohler,25,"What is the difference between an array declared as static, and one that is not?","When we declare it static the array is not destroyed after the function is over.  When an array is not declared as static, the array is created and initialized every time a function calls it.",5,1.0,5.0,computer_science,short_answer,6,english,,"The arrays declared as static live throughout the life of the program; that is, they are initialized only once, when the function that declares the array it is first called.",
mohler,25,"What is the difference between an array declared as static, and one that is not?","A static array exists in memory until the program terminates, whereas an automatic (or normal) array is removed when the function that created it terminates",5,1.0,5.0,computer_science,short_answer,6,english,,"The arrays declared as static live throughout the life of the program; that is, they are initialized only once, when the function that declares the array it is first called.",
mohler,25,"What is the difference between an array declared as static, and one that is not?",not answered,0,1.0,5.0,computer_science,short_answer,6,english,,"The arrays declared as static live throughout the life of the program; that is, they are initialized only once, when the function that declares the array it is first called.",
mohler,25,"What is the difference between an array declared as static, and one that is not?",Only constants can be used to declare the size of automatic and static arrays Exists for the duration of the program Is initialized when its declaration is first encountered All elements are initialized to zero if not explicitly initialized,5,1.0,5.0,computer_science,short_answer,6,english,,"The arrays declared as static live throughout the life of the program; that is, they are initialized only once, when the function that declares the array it is first called.",
mohler,25,"What is the difference between an array declared as static, and one that is not?",static arrays are available throughout the program,5,1.0,5.0,computer_science,short_answer,6,english,,"The arrays declared as static live throughout the life of the program; that is, they are initialized only once, when the function that declares the array it is first called.",
mohler,25,"What is the difference between an array declared as static, and one that is not?","a static array is allocated when the program starts and is freed when the program exits but has limited scope, while an array that is not declared static is allocated and freed when it comes into and out of scope.",5,1.0,5.0,computer_science,short_answer,6,english,,"The arrays declared as static live throughout the life of the program; that is, they are initialized only once, when the function that declares the array it is first called.",
mohler,26,How many dimensions need to be specified when passing a multi-dimensional array as an argument to a function?,"When passing a multi-dimensional array, all dimensions must be specified except for the first dimension.",5,1.0,5.0,computer_science,short_answer,6,english,,"All the dimensions, except the first one.",
mohler,26,How many dimensions need to be specified when passing a multi-dimensional array as an argument to a function?,The first dimension is not required however the subsequent dimension(s) are needed for the compiler.,5,1.0,5.0,computer_science,short_answer,6,english,,"All the dimensions, except the first one.",
mohler,26,How many dimensions need to be specified when passing a multi-dimensional array as an argument to a function?,all but the first,5,1.0,5.0,computer_science,short_answer,6,english,,"All the dimensions, except the first one.",
mohler,26,How many dimensions need to be specified when passing a multi-dimensional array as an argument to a function?,"Two paramaters, the array and how many columns.  array(a[],[3])",4,1.0,5.0,computer_science,short_answer,6,english,,"All the dimensions, except the first one.",
mohler,26,How many dimensions need to be specified when passing a multi-dimensional array as an argument to a function?,Every dimension after the first.,5,1.0,5.0,computer_science,short_answer,6,english,,"All the dimensions, except the first one.",
mohler,26,How many dimensions need to be specified when passing a multi-dimensional array as an argument to a function?,"the size of the first dimension does not need to be specified, but all other dimensions do.",5,1.0,5.0,computer_science,short_answer,6,english,,"All the dimensions, except the first one.",
mohler,26,How many dimensions need to be specified when passing a multi-dimensional array as an argument to a function?,"All dimensions except for the first one need to be specified when passing an array to a function, the compiler needs to know how many memory addresses to skip to make it back to the 2nd element in the first dimension.  The size of the first dimension does not need to be specified.",5,1.0,5.0,computer_science,short_answer,6,english,,"All the dimensions, except the first one.",
mohler,26,How many dimensions need to be specified when passing a multi-dimensional array as an argument to a function?,all subsequent dimensions after the first dimension.  first is not needed to be specified.,5,1.0,5.0,computer_science,short_answer,6,english,,"All the dimensions, except the first one.",
mohler,26,How many dimensions need to be specified when passing a multi-dimensional array as an argument to a function?,"all dimensions, excluding the first one.",5,1.0,5.0,computer_science,short_answer,6,english,,"All the dimensions, except the first one.",
mohler,26,How many dimensions need to be specified when passing a multi-dimensional array as an argument to a function?,all dimensions but the first,5,1.0,5.0,computer_science,short_answer,6,english,,"All the dimensions, except the first one.",
mohler,26,How many dimensions need to be specified when passing a multi-dimensional array as an argument to a function?,not answered,0,1.0,5.0,computer_science,short_answer,6,english,,"All the dimensions, except the first one.",
mohler,26,How many dimensions need to be specified when passing a multi-dimensional array as an argument to a function?,All subsequent dimensions after the first one.,5,1.0,5.0,computer_science,short_answer,6,english,,"All the dimensions, except the first one.",
mohler,27,"In one sentence, what is the main idea implemented by insertion sort?","Insertion sort divides the list into sorted and unsorted regions, then takes each item from the unsorted region and inserts it into its correct order in the sorted region.",5,1.0,5.0,computer_science,short_answer,6,english,,"Taking one array element at a time, from left to right, it inserts it in the right position among the already sorted elements on its left.",
mohler,27,"In one sentence, what is the main idea implemented by insertion sort?",It starts with the second element and checks it to see if it is less than the element(s) to the left of it and if it is it inserts it into its corrected position.,5,1.0,5.0,computer_science,short_answer,6,english,,"Taking one array element at a time, from left to right, it inserts it in the right position among the already sorted elements on its left.",
mohler,27,"In one sentence, what is the main idea implemented by insertion sort?","Assume the first number is sorted, then move down the list and 'insert' the numbers you come across into the corresponding place on the sorted side of the list.",5,1.0,5.0,computer_science,short_answer,6,english,,"Taking one array element at a time, from left to right, it inserts it in the right position among the already sorted elements on its left.",
mohler,27,"In one sentence, what is the main idea implemented by insertion sort?","Starting at the beginning of an array, take each element in order and place it in it's correct position relative to all previously sorted elements. ",5,1.0,5.0,computer_science,short_answer,6,english,,"Taking one array element at a time, from left to right, it inserts it in the right position among the already sorted elements on its left.",
mohler,27,"In one sentence, what is the main idea implemented by insertion sort?",To sort the elements in an array by removing an element from the input data and inserting it at the correct position.,5,1.0,5.0,computer_science,short_answer,6,english,,"Taking one array element at a time, from left to right, it inserts it in the right position among the already sorted elements on its left.",
mohler,27,"In one sentence, what is the main idea implemented by insertion sort?","Insertion sort removes an element from the data, and inserts it at the correct position in the already sorted list.",5,1.0,5.0,computer_science,short_answer,6,english,,"Taking one array element at a time, from left to right, it inserts it in the right position among the already sorted elements on its left.",
mohler,27,"In one sentence, what is the main idea implemented by insertion sort?",have a marker and sort everything to the left of the value for every new value when moving to the right.,3,1.0,5.0,computer_science,short_answer,6,english,,"Taking one array element at a time, from left to right, it inserts it in the right position among the already sorted elements on its left.",
mohler,27,"In one sentence, what is the main idea implemented by insertion sort?","it goes through the list only once, picking each integer and putting it in its desired position, then continuing. ",4,1.0,5.0,computer_science,short_answer,6,english,,"Taking one array element at a time, from left to right, it inserts it in the right position among the already sorted elements on its left.",
mohler,27,"In one sentence, what is the main idea implemented by insertion sort?",a comparison sort in which the sorted array is built one entry at a time,4,1.0,5.0,computer_science,short_answer,6,english,,"Taking one array element at a time, from left to right, it inserts it in the right position among the already sorted elements on its left.",
mohler,27,"In one sentence, what is the main idea implemented by insertion sort?","Every iteration of an insertion sort takes away an element from the input data, inserting it at the right position in the sorted list.",5,1.0,5.0,computer_science,short_answer,6,english,,"Taking one array element at a time, from left to right, it inserts it in the right position among the already sorted elements on its left.",
mohler,27,"In one sentence, what is the main idea implemented by insertion sort?",the insertion sort creates a new array and inserts each item in its place with respect to the new array.,4,1.0,5.0,computer_science,short_answer,6,english,,"Taking one array element at a time, from left to right, it inserts it in the right position among the already sorted elements on its left.",
mohler,27,"In one sentence, what is the main idea implemented by insertion sort?","Insertion sort takes each entitity of an unsorted array in order, and sorts it into the correct position between the entities it has sorted.",5,1.0,5.0,computer_science,short_answer,6,english,,"Taking one array element at a time, from left to right, it inserts it in the right position among the already sorted elements on its left.",
mohler,27,"In one sentence, what is the main idea implemented by insertion sort?","it takes the second element and swaps it with the 1st if it is less and keeps it there if its larger, then it goes to the third element and inserts it in the right places with respect to the first 2 elements and so on... ",5,1.0,5.0,computer_science,short_answer,6,english,,"Taking one array element at a time, from left to right, it inserts it in the right position among the already sorted elements on its left.",
mohler,27,"In one sentence, what is the main idea implemented by insertion sort?",you take each element and insert it in the correct position with respect to all the elements before it,5,1.0,5.0,computer_science,short_answer,6,english,,"Taking one array element at a time, from left to right, it inserts it in the right position among the already sorted elements on its left.",
mohler,27,"In one sentence, what is the main idea implemented by insertion sort?","Insertion sort is a simple sorting algorithm, a comparison sort in which the sorted array (or list) is built one entry at a time.",4,1.0,5.0,computer_science,short_answer,6,english,,"Taking one array element at a time, from left to right, it inserts it in the right position among the already sorted elements on its left.",
mohler,28,"In one sentence, what is the main idea implemented by selection sort?",Searches an array for the largest or the smallest element and is moved out to the front of the array then it will search for the next largest or the smallest element to move out to the front,5,1.0,5.0,computer_science,short_answer,6,english,,"Taking one array element at a time, from left to right, it identifies the minimum from the remaining elements and swaps it with the current element.",
mohler,28,"In one sentence, what is the main idea implemented by selection sort?",Finds the minimum value and swap it with the value in the first position.,5,1.0,5.0,computer_science,short_answer,6,english,,"Taking one array element at a time, from left to right, it identifies the minimum from the remaining elements and swaps it with the current element.",
mohler,28,"In one sentence, what is the main idea implemented by selection sort?",It finds the minimum element in the array and swaps it with the first element then repeats this step swapping the minimum element with nth positions in the array.,5,1.0,5.0,computer_science,short_answer,6,english,,"Taking one array element at a time, from left to right, it identifies the minimum from the remaining elements and swaps it with the current element.",
mohler,28,"In one sentence, what is the main idea implemented by selection sort?",find the minimum value in the list swap it with the first element in the list the find the second largest and swap it with the second element in the array continue like this until  the array is sorted.,5,1.0,5.0,computer_science,short_answer,6,english,,"Taking one array element at a time, from left to right, it identifies the minimum from the remaining elements and swaps it with the current element.",
mohler,28,"In one sentence, what is the main idea implemented by selection sort?",Find the smallest and put it in the current position till you get to the end.,5,1.0,5.0,computer_science,short_answer,6,english,,"Taking one array element at a time, from left to right, it identifies the minimum from the remaining elements and swaps it with the current element.",
mohler,28,"In one sentence, what is the main idea implemented by selection sort?","Find the lowest unsorted value in the array and place it at the current position (starting at the first element in the array) and advance the ""current"" position by one. ",5,1.0,5.0,computer_science,short_answer,6,english,,"Taking one array element at a time, from left to right, it identifies the minimum from the remaining elements and swaps it with the current element.",
mohler,28,"In one sentence, what is the main idea implemented by selection sort?","Select the minimum number from the array and put it in the current position, then move on",5,1.0,5.0,computer_science,short_answer,6,english,,"Taking one array element at a time, from left to right, it identifies the minimum from the remaining elements and swaps it with the current element.",
mohler,28,"In one sentence, what is the main idea implemented by selection sort?",Find the lowest value and place it in the front of the list and swap it with that value. Continue moving right.,5,1.0,5.0,computer_science,short_answer,6,english,,"Taking one array element at a time, from left to right, it identifies the minimum from the remaining elements and swaps it with the current element.",
mohler,28,"In one sentence, what is the main idea implemented by selection sort?","Find the smallest value in the list and make it the first element, then find the smallest value of the leftover list and make it the first element of the leftover list and continue until the list is sorted.",5,1.0,5.0,computer_science,short_answer,6,english,,"Taking one array element at a time, from left to right, it identifies the minimum from the remaining elements and swaps it with the current element.",
mohler,28,"In one sentence, what is the main idea implemented by selection sort?","Places the smallest item in the list at position 1, and then proceeds to each value until the last position of the ray is reached.",5,1.0,5.0,computer_science,short_answer,6,english,,"Taking one array element at a time, from left to right, it identifies the minimum from the remaining elements and swaps it with the current element.",
mohler,28,"In one sentence, what is the main idea implemented by selection sort?",finds the smallest element and places in 1st position. then the process is repeated on the rest of the array.,5,1.0,5.0,computer_science,short_answer,6,english,,"Taking one array element at a time, from left to right, it identifies the minimum from the remaining elements and swaps it with the current element.",
mohler,28,"In one sentence, what is the main idea implemented by selection sort?",Select the smallest number in the list and move it to the front of the list and then advance to the next number.,5,1.0,5.0,computer_science,short_answer,6,english,,"Taking one array element at a time, from left to right, it identifies the minimum from the remaining elements and swaps it with the current element.",
mohler,28,"In one sentence, what is the main idea implemented by selection sort?","selects the minimum from the remaining elements of the array, and palces the miminum in the current position and moves to the next position",5,1.0,5.0,computer_science,short_answer,6,english,,"Taking one array element at a time, from left to right, it identifies the minimum from the remaining elements and swaps it with the current element.",
mohler,28,"In one sentence, what is the main idea implemented by selection sort?","you loop through the entire list, and for each iteration you find the smallest element and move it to the current position.",5,1.0,5.0,computer_science,short_answer,6,english,,"Taking one array element at a time, from left to right, it identifies the minimum from the remaining elements and swaps it with the current element.",
mohler,28,"In one sentence, what is the main idea implemented by selection sort?",Find the minimum value in the list swap it with the value in the first position; repeat the steps above for remainder of the list(starting in the second position.,5,1.0,5.0,computer_science,short_answer,6,english,,"Taking one array element at a time, from left to right, it identifies the minimum from the remaining elements and swaps it with the current element.",
mohler,29,"What is the number of operations for insertion sort under a best-case scenario, and what is the best-case scenario?","The number of operations for insertions sort, under best-case, is  n(n-1)/2. The best case for insertion sort is on a sorted list where it runs is O(n). ",3,1.0,5.0,computer_science,short_answer,6,english,,N (the length of the array) operations achieved for a sorted array.,
mohler,29,"What is the number of operations for insertion sort under a best-case scenario, and what is the best-case scenario?","Best case would be O(n) or n-1, because that's what it takes to scan the array and make one swap. The array would then be sorted and would take only 1 operation.",4,1.0,5.0,computer_science,short_answer,6,english,,N (the length of the array) operations achieved for a sorted array.,
mohler,29,"What is the number of operations for insertion sort under a best-case scenario, and what is the best-case scenario?",It will do (n) operations where (n) is the number of elements in the array. Best case is when all the elements are already sorted.,5,1.0,5.0,computer_science,short_answer,6,english,,N (the length of the array) operations achieved for a sorted array.,
mohler,29,"What is the number of operations for insertion sort under a best-case scenario, and what is the best-case scenario?","The best case scenario for an insertion sort, where all the elements of the array have been already sorted, will cause the for loop to iterate ""x"" times (""x"" being the number of elements in the array) and the while loop to never have to iterate, resulting in the insertion sort to require ""x"" operations. ",5,1.0,5.0,computer_science,short_answer,6,english,,N (the length of the array) operations achieved for a sorted array.,
mohler,29,"What is the number of operations for insertion sort under a best-case scenario, and what is the best-case scenario?",1 operation. the best case scenario s where it is already sorted and does one comparision.,3,1.0,5.0,computer_science,short_answer,6,english,,N (the length of the array) operations achieved for a sorted array.,
mohler,29,"What is the number of operations for insertion sort under a best-case scenario, and what is the best-case scenario?",Insertion sort will take n-1 operations if the array is in reverse order.,4,1.0,5.0,computer_science,short_answer,6,english,,N (the length of the array) operations achieved for a sorted array.,
mohler,29,"What is the number of operations for insertion sort under a best-case scenario, and what is the best-case scenario?","In the best case scenario of an already sorted list, insertion sort will progress once through the list.  So the number of operations is directly proportional to the number of elements in the list.  Also noted as O(n) in big o notation. ",5,1.0,5.0,computer_science,short_answer,6,english,,N (the length of the array) operations achieved for a sorted array.,
mohler,29,"What is the number of operations for insertion sort under a best-case scenario, and what is the best-case scenario?",N number of times.  Where N equals the number of elements in the list.  Best-case scenario is that the elements in the list are already sorted.,5,1.0,5.0,computer_science,short_answer,6,english,,N (the length of the array) operations achieved for a sorted array.,
mohler,29,"What is the number of operations for insertion sort under a best-case scenario, and what is the best-case scenario?",the best case scenario for insertion sort is a list that is already sorted. the number of operations would be the same as the number of elements,5,1.0,5.0,computer_science,short_answer,6,english,,N (the length of the array) operations achieved for a sorted array.,
mohler,29,"What is the number of operations for insertion sort under a best-case scenario, and what is the best-case scenario?",n operations  The best case scenario is when all the numbers are in increasing order.,5,1.0,5.0,computer_science,short_answer,6,english,,N (the length of the array) operations achieved for a sorted array.,
mohler,30,What is the base case for a recursive implementation of merge sort?,"The base case for a recursive merge sort is one number.  One number by itself is a sorted list, regardless of what number it is.",5,1.0,5.0,computer_science,short_answer,6,english,,When the size of the array to be sorted is 1 (or 2),
mohler,30,What is the base case for a recursive implementation of merge sort?,The base case for a recursive implementation of merge sort is when the sequence being passed to merge sort has less than 2 elements.,5,1.0,5.0,computer_science,short_answer,6,english,,When the size of the array to be sorted is 1 (or 2),
mohler,30,What is the base case for a recursive implementation of merge sort?,The base case for a recursive implementation of merge sort is one.,5,1.0,5.0,computer_science,short_answer,6,english,,When the size of the array to be sorted is 1 (or 2),
mohler,30,What is the base case for a recursive implementation of merge sort?,there is one object in the split array to sort.,5,1.0,5.0,computer_science,short_answer,6,english,,When the size of the array to be sorted is 1 (or 2),
mohler,30,What is the base case for a recursive implementation of merge sort?,The base case is when the length of the current array is 1.,5,1.0,5.0,computer_science,short_answer,6,english,,When the size of the array to be sorted is 1 (or 2),
mohler,30,What is the base case for a recursive implementation of merge sort?,Best case is one element.  One element is sorted.,5,1.0,5.0,computer_science,short_answer,6,english,,When the size of the array to be sorted is 1 (or 2),
mohler,30,What is the base case for a recursive implementation of merge sort?,"T(n) = 0, if n&lt;2.",4,1.0,5.0,computer_science,short_answer,6,english,,When the size of the array to be sorted is 1 (or 2),
mohler,30,What is the base case for a recursive implementation of merge sort?,"A list size of 1, where it is already sorted.",5,1.0,5.0,computer_science,short_answer,6,english,,When the size of the array to be sorted is 1 (or 2),
mohler,30,What is the base case for a recursive implementation of merge sort?,Single element in the array,5,1.0,5.0,computer_science,short_answer,6,english,,When the size of the array to be sorted is 1 (or 2),
mohler,30,What is the base case for a recursive implementation of merge sort?,A list or array of only 1 element.,5,1.0,5.0,computer_science,short_answer,6,english,,When the size of the array to be sorted is 1 (or 2),
mohler,30,What is the base case for a recursive implementation of merge sort?,A single Element on the Array.,5,1.0,5.0,computer_science,short_answer,6,english,,When the size of the array to be sorted is 1 (or 2),
mohler,30,What is the base case for a recursive implementation of merge sort?,There is only one element in the subarray.,5,1.0,5.0,computer_science,short_answer,6,english,,When the size of the array to be sorted is 1 (or 2),
mohler,30,What is the base case for a recursive implementation of merge sort?,"if (right &gt; left)   {     mid = (right + left) / 2;     m_sort(numbers, temp, left, mid);     m_sort(numbers, temp, mid+1, right);      merge(numbers, temp, left, mid+1, right);   } ",2,1.0,5.0,computer_science,short_answer,6,english,,When the size of the array to be sorted is 1 (or 2),
mohler,30,What is the base case for a recursive implementation of merge sort?,The sequence of numbers has zero or one elements.,5,1.0,5.0,computer_science,short_answer,6,english,,When the size of the array to be sorted is 1 (or 2),
mohler,30,What is the base case for a recursive implementation of merge sort?,one element in an array,5,1.0,5.0,computer_science,short_answer,6,english,,When the size of the array to be sorted is 1 (or 2),
mohler,30,What is the base case for a recursive implementation of merge sort?,array of length 1,5,1.0,5.0,computer_science,short_answer,6,english,,When the size of the array to be sorted is 1 (or 2),
mohler,30,What is the base case for a recursive implementation of merge sort?,the array has one element,5,1.0,5.0,computer_science,short_answer,6,english,,When the size of the array to be sorted is 1 (or 2),
mohler,31,What is a pointer?,Its a location in memory that contains the memory address of another location in memory that contains information.,5,1.0,5.0,computer_science,short_answer,6,english,,A variable that contains the address in memory of another variable.,
mohler,31,What is a pointer?,A pointer is a variable that contains a memory address as its value.,5,1.0,5.0,computer_science,short_answer,6,english,,A variable that contains the address in memory of another variable.,
mohler,31,What is a pointer?,A pointer is a variable which stores the address of another variable.,5,1.0,5.0,computer_science,short_answer,6,english,,A variable that contains the address in memory of another variable.,
mohler,31,What is a pointer?,Pointers are variables that contain as their values memory addresses of other variables.,5,1.0,5.0,computer_science,short_answer,6,english,,A variable that contains the address in memory of another variable.,
mohler,31,What is a pointer?,A variable that stores the address of another variable,5,1.0,5.0,computer_science,short_answer,6,english,,A variable that contains the address in memory of another variable.,
mohler,31,What is a pointer?,a pointer is a programming language data type whose value refers directly to (or points to) another value stored elsewhere in the computer memory using its address,5,1.0,5.0,computer_science,short_answer,6,english,,A variable that contains the address in memory of another variable.,
mohler,31,What is a pointer?,A data type whose value refers to another value stored somewhere else in the computer memory using its address.,5,1.0,5.0,computer_science,short_answer,6,english,,A variable that contains the address in memory of another variable.,
mohler,31,What is a pointer?,A pointer is a reference to a location in memory,5,1.0,5.0,computer_science,short_answer,6,english,,A variable that contains the address in memory of another variable.,
mohler,31,What is a pointer?,A pointer is a variable that contains the memory address of a variable that has a value.,5,1.0,5.0,computer_science,short_answer,6,english,,A variable that contains the address in memory of another variable.,
mohler,31,What is a pointer?,Contains a variable's memory address as a value.,5,1.0,5.0,computer_science,short_answer,6,english,,A variable that contains the address in memory of another variable.,
mohler,31,What is a pointer?,variable that points to the memory address of another variable and it is type specific.,5,1.0,5.0,computer_science,short_answer,6,english,,A variable that contains the address in memory of another variable.,
mohler,31,What is a pointer?,An element that references a memory cell,5,1.0,5.0,computer_science,short_answer,6,english,,A variable that contains the address in memory of another variable.,
mohler,31,What is a pointer?,Is a reference call to the place in memory where the object is stored.,4,1.0,5.0,computer_science,short_answer,6,english,,A variable that contains the address in memory of another variable.,
mohler,31,What is a pointer?,a variable that contains the address of another variable,5,1.0,5.0,computer_science,short_answer,6,english,,A variable that contains the address in memory of another variable.,
mohler,31,What is a pointer?,"A pointer variable contains the number of a memory address as its value, which may be null or 0, or the address of some value stored in memory.",5,1.0,5.0,computer_science,short_answer,6,english,,A variable that contains the address in memory of another variable.,
mohler,31,What is a pointer?,A pointer is a variable that contains a memory address of anther variable,5,1.0,5.0,computer_science,short_answer,6,english,,A variable that contains the address in memory of another variable.,
mohler,31,What is a pointer?,A variable that contains the memory address of another variable that contains a specific value.,5,1.0,5.0,computer_science,short_answer,6,english,,A variable that contains the address in memory of another variable.,
mohler,32,What does the address (&) operator return?,This operator returns the memory address of its operand.,5,1.0,5.0,computer_science,short_answer,6,english,,The memory address of its operand.,
mohler,32,What does the address (&) operator return?,The address operator returns the memory address of its operand.,5,1.0,5.0,computer_science,short_answer,6,english,,The memory address of its operand.,
mohler,32,What does the address (&) operator return?,Returns memory address of its operand.,5,1.0,5.0,computer_science,short_answer,6,english,,The memory address of its operand.,
mohler,32,What does the address (&) operator return?,The address (&) operator returns the memory address of its operand.,5,1.0,5.0,computer_science,short_answer,6,english,,The memory address of its operand.,
mohler,32,What does the address (&) operator return?,Returns the memory address of its operand.,5,1.0,5.0,computer_science,short_answer,6,english,,The memory address of its operand.,
mohler,32,What does the address (&) operator return?,The & operator returns the address of a variable,5,1.0,5.0,computer_science,short_answer,6,english,,The memory address of its operand.,
mohler,32,What does the address (&) operator return?,"the ampersand (&) means ""pass by reference"". When the function is called, a pointer to the variable, instead of the variable itself, will be passed into the function.",3,1.0,5.0,computer_science,short_answer,6,english,,The memory address of its operand.,
mohler,32,What does the address (&) operator return?,& returns the memory address of its operand.,5,1.0,5.0,computer_science,short_answer,6,english,,The memory address of its operand.,
mohler,32,What does the address (&) operator return?,the address of the variable in memory,5,1.0,5.0,computer_science,short_answer,6,english,,The memory address of its operand.,
mohler,32,What does the address (&) operator return?,The address operator returns the memory address of its operand.,5,1.0,5.0,computer_science,short_answer,6,english,,The memory address of its operand.,
mohler,32,What does the address (&) operator return?,The & operator returns the memory address of the variable it precedes.,5,1.0,5.0,computer_science,short_answer,6,english,,The memory address of its operand.,
mohler,32,What does the address (&) operator return?,returns the memory address of its operand,5,1.0,5.0,computer_science,short_answer,6,english,,The memory address of its operand.,
mohler,32,What does the address (&) operator return?,memory address of its operand,5,1.0,5.0,computer_science,short_answer,6,english,,The memory address of its operand.,
mohler,32,What does the address (&) operator return?,The & is a unary operator that returns the memory address of its operand,5,1.0,5.0,computer_science,short_answer,6,english,,The memory address of its operand.,
mohler,32,What does the address (&) operator return?,the memory address of its operand,5,1.0,5.0,computer_science,short_answer,6,english,,The memory address of its operand.,
mohler,33,What does the star (*) operator return?,returns a synonym for the object to which its pointer operand points.,5,1.0,5.0,computer_science,short_answer,6,english,,An alias (synonym) for the name of the object that its operand points to in memory. It is the dereferencing operator.,
mohler,33,What does the star (*) operator return?,The star operator returns a synonym for the object to which its pointer operand points.,5,1.0,5.0,computer_science,short_answer,6,english,,An alias (synonym) for the name of the object that its operand points to in memory. It is the dereferencing operator.,
mohler,33,What does the star (*) operator return?,Returns synonym for the object its operand points to.,5,1.0,5.0,computer_science,short_answer,6,english,,An alias (synonym) for the name of the object that its operand points to in memory. It is the dereferencing operator.,
mohler,33,What does the star (*) operator return?,"It returns a synonym, alias or nickname of the name of the object that its operand points to in memory (dereferencing the pointer).",5,1.0,5.0,computer_science,short_answer,6,english,,An alias (synonym) for the name of the object that its operand points to in memory. It is the dereferencing operator.,
mohler,33,What does the star (*) operator return?,Returns an alias/nickname for the object to which the pointer operand points.,5,1.0,5.0,computer_science,short_answer,6,english,,An alias (synonym) for the name of the object that its operand points to in memory. It is the dereferencing operator.,
mohler,33,What does the star (*) operator return?,the * operator returns the value in the memory address the element points to.,4,1.0,5.0,computer_science,short_answer,6,english,,An alias (synonym) for the name of the object that its operand points to in memory. It is the dereferencing operator.,
mohler,33,What does the star (*) operator return?,The * returns the value,4,1.0,5.0,computer_science,short_answer,6,english,,An alias (synonym) for the name of the object that its operand points to in memory. It is the dereferencing operator.,
mohler,33,What does the star (*) operator return?,The * operator returns the dereferenced pointer variable (ie: it returns the value of whatever variable the pointer is pointing to),5,1.0,5.0,computer_science,short_answer,6,english,,An alias (synonym) for the name of the object that its operand points to in memory. It is the dereferencing operator.,
mohler,33,What does the star (*) operator return?,* returns the synonym for the object its operand points to.,5,1.0,5.0,computer_science,short_answer,6,english,,An alias (synonym) for the name of the object that its operand points to in memory. It is the dereferencing operator.,
mohler,33,What does the star (*) operator return?,it returns the information in the address the pointer points to.,4,1.0,5.0,computer_science,short_answer,6,english,,An alias (synonym) for the name of the object that its operand points to in memory. It is the dereferencing operator.,
mohler,33,What does the star (*) operator return?,The star operator returns the object at that memory location.,4,1.0,5.0,computer_science,short_answer,6,english,,An alias (synonym) for the name of the object that its operand points to in memory. It is the dereferencing operator.,
mohler,33,What does the star (*) operator return?,The value stored in the object being pointed to.,4,1.0,5.0,computer_science,short_answer,6,english,,An alias (synonym) for the name of the object that its operand points to in memory. It is the dereferencing operator.,
mohler,33,What does the star (*) operator return?,the value of the variable the pointer points to.,4,1.0,5.0,computer_science,short_answer,6,english,,An alias (synonym) for the name of the object that its operand points to in memory. It is the dereferencing operator.,
mohler,33,What does the star (*) operator return?,returns synonym for the object its operand points to,5,1.0,5.0,computer_science,short_answer,6,english,,An alias (synonym) for the name of the object that its operand points to in memory. It is the dereferencing operator.,
mohler,33,What does the star (*) operator return?,synonym for the object its operand points to,5,1.0,5.0,computer_science,short_answer,6,english,,An alias (synonym) for the name of the object that its operand points to in memory. It is the dereferencing operator.,
mohler,33,What does the star (*) operator return?,Returns synonym for the object its operand points to,5,1.0,5.0,computer_science,short_answer,6,english,,An alias (synonym) for the name of the object that its operand points to in memory. It is the dereferencing operator.,
mohler,33,What does the star (*) operator return?,It is unary operator that returns the value of the variable located at the address,4,1.0,5.0,computer_science,short_answer,6,english,,An alias (synonym) for the name of the object that its operand points to in memory. It is the dereferencing operator.,
mohler,33,What does the star (*) operator return?,a synonym for the object to which its pointer operand points,5,1.0,5.0,computer_science,short_answer,6,english,,An alias (synonym) for the name of the object that its operand points to in memory. It is the dereferencing operator.,
mohler,34,How can an array be addressed in pointer/offset notation?,Using either the name of the array as a pointer or using a separate pointer that points to the array.,3,1.0,5.0,computer_science,short_answer,6,english,,"By initializing a pointer to point to the first element of the array, and then incrementing this pointer with the index of the array element.",
mohler,34,How can an array be addressed in pointer/offset notation?,you get the memory location of the first element and the you add an offset to it to get other elements.,5,1.0,5.0,computer_science,short_answer,6,english,,"By initializing a pointer to point to the first element of the array, and then incrementing this pointer with the index of the array element.",
mohler,34,How can an array be addressed in pointer/offset notation?,you can have a pointer to the front of the array and add to the memory location (or offset from the initial value).,5,1.0,5.0,computer_science,short_answer,6,english,,"By initializing a pointer to point to the first element of the array, and then incrementing this pointer with the index of the array element.",
mohler,34,How can an array be addressed in pointer/offset notation?,"First, some pointer variable must reference the first entity in the array. Any variable in the array can then be accessed by referring to that first entity's address plus some offset. i.e. ptrToArray = array;  nthEntity = *(ptrToArray + n);",5,1.0,5.0,computer_science,short_answer,6,english,,"By initializing a pointer to point to the first element of the array, and then incrementing this pointer with the index of the array element.",
mohler,35,What does the sizeof operator return?,Returns size of operand in bytes.,5,1.0,5.0,computer_science,short_answer,6,english,,The size in bytes of its operand.,
mohler,35,What does the sizeof operator return?,sizeof returns the size of the operand in bytes,5,1.0,5.0,computer_science,short_answer,6,english,,The size in bytes of its operand.,
mohler,35,What does the sizeof operator return?,sizeof returns the size of the operand in bytes.,5,1.0,5.0,computer_science,short_answer,6,english,,The size in bytes of its operand.,
mohler,35,What does the sizeof operator return?,the size of the string.,3,1.0,5.0,computer_science,short_answer,6,english,,The size in bytes of its operand.,
mohler,35,What does the sizeof operator return?,The sizeof operator returns the total number of bytes of its operand.,5,1.0,5.0,computer_science,short_answer,6,english,,The size in bytes of its operand.,
mohler,35,What does the sizeof operator return?,"The size of an operand in bytes. Used with variable names, type names, and constant values",5,1.0,5.0,computer_science,short_answer,6,english,,The size in bytes of its operand.,
mohler,35,What does the sizeof operator return?,the size of operand in bytes,5,1.0,5.0,computer_science,short_answer,6,english,,The size in bytes of its operand.,
mohler,35,What does the sizeof operator return?,Return size of operand in bytes,5,1.0,5.0,computer_science,short_answer,6,english,,The size in bytes of its operand.,
mohler,36,What are the different ways to pass a pointer to a function?,"Nonconstant pointer to nonconstant data, nonconstant pointer to constant data, constant pointer to nonconstant data, constant pointer to constant data.",5,1.0,5.0,computer_science,short_answer,6,english,,"There are four ways: nonconstant pointer to constant data, nonconstant pointer to nonconstant data, constant pointer to constant data, constant pointer to nonconstant data.",
mohler,36,What are the different ways to pass a pointer to a function?,#NAME?,5,1.0,5.0,computer_science,short_answer,6,english,,"There are four ways: nonconstant pointer to constant data, nonconstant pointer to nonconstant data, constant pointer to constant data, constant pointer to nonconstant data.",
mohler,36,What are the different ways to pass a pointer to a function?,"Four different ways: Nonconstant pointer to nonconstant data, a nonconstant pointer to constant data, a constant pointer to nonconstant data and a constant pointer to constant data.",5,1.0,5.0,computer_science,short_answer,6,english,,"There are four ways: nonconstant pointer to constant data, nonconstant pointer to nonconstant data, constant pointer to constant data, constant pointer to nonconstant data.",
mohler,36,What are the different ways to pass a pointer to a function?,"Nonconstant pointer to nonconstant data, constant pointer to nonconstant data, nonconstant pointer to constant data, constant pointer to constant data. ",5,1.0,5.0,computer_science,short_answer,6,english,,"There are four ways: nonconstant pointer to constant data, nonconstant pointer to nonconstant data, constant pointer to constant data, constant pointer to nonconstant data.",
mohler,36,What are the different ways to pass a pointer to a function?,"Nonconstant pointer to nonconstant data, nonconstant pointer to constant data, constant pointer to nonconstant data, and constant pointer to constant data.",5,1.0,5.0,computer_science,short_answer,6,english,,"There are four ways: nonconstant pointer to constant data, nonconstant pointer to nonconstant data, constant pointer to constant data, constant pointer to nonconstant data.",
mohler,36,What are the different ways to pass a pointer to a function?,nonconst -&gt; nonconst const -&gt; nonconst nonconst -&gt; const const -&gt; const,5,1.0,5.0,computer_science,short_answer,6,english,,"There are four ways: nonconstant pointer to constant data, nonconstant pointer to nonconstant data, constant pointer to constant data, constant pointer to nonconstant data.",
mohler,36,What are the different ways to pass a pointer to a function?,Nonconstant pointer to nonconstant data Constant pointer to nonconstant data Nonconstant pointer to constant data Constant point to constant data,5,1.0,5.0,computer_science,short_answer,6,english,,"There are four ways: nonconstant pointer to constant data, nonconstant pointer to nonconstant data, constant pointer to constant data, constant pointer to nonconstant data.",
mohler,36,What are the different ways to pass a pointer to a function?,"Non-constant pointer to non-constant data, non-constant pointer to constant data, constant pointer to constant data, constant pointer to non-constant data.",5,1.0,5.0,computer_science,short_answer,6,english,,"There are four ways: nonconstant pointer to constant data, nonconstant pointer to nonconstant data, constant pointer to constant data, constant pointer to nonconstant data.",
mohler,36,What are the different ways to pass a pointer to a function?,you can pass the reference or the dereference in a function,2,1.0,5.0,computer_science,short_answer,6,english,,"There are four ways: nonconstant pointer to constant data, nonconstant pointer to nonconstant data, constant pointer to constant data, constant pointer to nonconstant data.",
mohler,36,What are the different ways to pass a pointer to a function?,1. nonconstant pointer to nonconstant data. Its delcaration does no include  const qualifier. 2. nonconstant pointer to constant data. Provides the performance of pass-by-reference and the protection of pass-by-value 3. Constant pointer to nonconstant data.  4. Constant pointer to constant date.,5,1.0,5.0,computer_science,short_answer,6,english,,"There are four ways: nonconstant pointer to constant data, nonconstant pointer to nonconstant data, constant pointer to constant data, constant pointer to nonconstant data.",
mohler,36,What are the different ways to pass a pointer to a function?,"constant pointer to constant data, constant pointer to nonconstant data, nonconstant pointer to constant data, nonconstant pointer to nonconstant data",5,1.0,5.0,computer_science,short_answer,6,english,,"There are four ways: nonconstant pointer to constant data, nonconstant pointer to nonconstant data, constant pointer to constant data, constant pointer to nonconstant data.",
mohler,36,What are the different ways to pass a pointer to a function?,Nonconstant pointer to nonconstant data Nonconstant pointer to constant data Constant pointer to nonconstant data Constant pointer to constant data,5,1.0,5.0,computer_science,short_answer,6,english,,"There are four ways: nonconstant pointer to constant data, nonconstant pointer to nonconstant data, constant pointer to constant data, constant pointer to nonconstant data.",
mohler,36,What are the different ways to pass a pointer to a function?,There are four way to pass pointer to a function 1. non constant pointer to non constant data 2.non constant pointer to  constant data. 3. constant pointer to non constant data. 4. constant pointer to  constant data.,5,1.0,5.0,computer_science,short_answer,6,english,,"There are four ways: nonconstant pointer to constant data, nonconstant pointer to nonconstant data, constant pointer to constant data, constant pointer to nonconstant data.",
mohler,36,What are the different ways to pass a pointer to a function?,nonconstant pointer to nonconstant data nonconstant pointer to constant data constant pointer to nonconstant data constant pointer to constant data,5,1.0,5.0,computer_science,short_answer,6,english,,"There are four ways: nonconstant pointer to constant data, nonconstant pointer to nonconstant data, constant pointer to constant data, constant pointer to nonconstant data.",
mohler,37,What is a function pointer?,A pointer that points to the memory address of the beginning part of a functions.  pretty much the pointer points to the function so it can be called to execute.,5,1.0,5.0,computer_science,short_answer,6,english,,The address of the location in memory where the function code resides.,
mohler,37,What is a function pointer?,A function pointer is a pointer that contains the address of the  function in memory.,5,1.0,5.0,computer_science,short_answer,6,english,,The address of the location in memory where the function code resides.,
mohler,37,What is a function pointer?,"Function Pointers are pointers, i.e. variables, which point to the address of a function.",5,1.0,5.0,computer_science,short_answer,6,english,,The address of the location in memory where the function code resides.,
mohler,37,What is a function pointer?,"A pointer to a function is the address where the code for the function resides. They can be passed to functions, returned from functions, stored in arrays and assigned to other pointers.",5,1.0,5.0,computer_science,short_answer,6,english,,The address of the location in memory where the function code resides.,
mohler,37,What is a function pointer?,It contains the address of the function in memory.,5,1.0,5.0,computer_science,short_answer,6,english,,The address of the location in memory where the function code resides.,
mohler,37,What is a function pointer?,"A pointer to a function itself, contains the address of the function and can be used to call that function",5,1.0,5.0,computer_science,short_answer,6,english,,The address of the location in memory where the function code resides.,
mohler,37,What is a function pointer?,"Function Pointers are pointers, i.e. variables, which point to the address of a function.",5,1.0,5.0,computer_science,short_answer,6,english,,The address of the location in memory where the function code resides.,
mohler,37,What is a function pointer?,A pointer to a function that contains the addresses of the function.,5,1.0,5.0,computer_science,short_answer,6,english,,The address of the location in memory where the function code resides.,
mohler,37,What is a function pointer?,a pointer that contains the address of a function,5,1.0,5.0,computer_science,short_answer,6,english,,The address of the location in memory where the function code resides.,
mohler,37,What is a function pointer?,a function pointer is a pointer to a function. It can be used in substitution for calling a function.,5,1.0,5.0,computer_science,short_answer,6,english,,The address of the location in memory where the function code resides.,
mohler,37,What is a function pointer?,Points to the memory address of a function.  Kind of like breaking a branch off of a tree object and hitting other objects with it.,5,1.0,5.0,computer_science,short_answer,6,english,,The address of the location in memory where the function code resides.,
mohler,37,What is a function pointer?,"They are pointers that contain the addresses to functions, they can be passed and returned from functions, as well as stored in arrays and assigned to other function pointers.",5,1.0,5.0,computer_science,short_answer,6,english,,The address of the location in memory where the function code resides.,
mohler,37,What is a function pointer?,Pointer variables that point to function addresses.,5,1.0,5.0,computer_science,short_answer,6,english,,The address of the location in memory where the function code resides.,
mohler,37,What is a function pointer?,Contains the address of the function in memory.,5,1.0,5.0,computer_science,short_answer,6,english,,The address of the location in memory where the function code resides.,
mohler,37,What is a function pointer?,pointers that contain the addresses of functions.,5,1.0,5.0,computer_science,short_answer,6,english,,The address of the location in memory where the function code resides.,
mohler,37,What is a function pointer?,is a pointer that contains the address of a function,5,1.0,5.0,computer_science,short_answer,6,english,,The address of the location in memory where the function code resides.,
mohler,37,What is a function pointer?,"A function pointer contains the memory address of a function. Using a function pointer, a function can be passed to or returned by another function. Function pointers can also be stored in arrays.",5,1.0,5.0,computer_science,short_answer,6,english,,The address of the location in memory where the function code resides.,
mohler,37,What is a function pointer?,Function pointer is a pointer to a function. function pointer contains address of functions,5,1.0,5.0,computer_science,short_answer,6,english,,The address of the location in memory where the function code resides.,
mohler,37,What is a function pointer?,a pointer that contains the address of a function in memory.,5,1.0,5.0,computer_science,short_answer,6,english,,The address of the location in memory where the function code resides.,
mohler,37,What is a function pointer?,it contains the address of the function in memory,5,1.0,5.0,computer_science,short_answer,6,english,,The address of the location in memory where the function code resides.,
mohler,37,What is a function pointer?,it is a pointer that points to the address of a function.,5,1.0,5.0,computer_science,short_answer,6,english,,The address of the location in memory where the function code resides.,
mohler,37,What is a function pointer?,"When dereferenced, a function pointer invokes a function, passing it zero or more arguments just like a normal function. In programming languages like C, function pointers can be used to simplify code, such as replacing large switch statements.",4,1.0,5.0,computer_science,short_answer,6,english,,The address of the location in memory where the function code resides.,
mohler,38,What is a linked list?,"A linked list is a data structure that is not necessarily in the same contiguous memory space (such as arrays). It holds the data type and points to the next data item in the list, or in a doubly linked list also to the previous item.",5,1.0,5.0,computer_science,short_answer,6,english,,A collection of elements that can be allocated dynamically.,
mohler,38,What is a linked list?,A link list is a data structure which is built from structures and pointers. It forms a chain of nodes with pointers representing the links of the chain and holding the entire thing together,4,1.0,5.0,computer_science,short_answer,6,english,,A collection of elements that can be allocated dynamically.,
mohler,38,What is a linked list?,linear collection of self-referential nodes connected by pointers.,4,1.0,5.0,computer_science,short_answer,6,english,,A collection of elements that can be allocated dynamically.,
mohler,39,What is the main advantage of linked lists over arrays?,Elements can be inserted into a link list at any point and does not need to be resized unlike an array needs to be.,5,1.0,5.0,computer_science,short_answer,6,english,,The linked lists can be of variable length.,
mohler,39,What is the main advantage of linked lists over arrays?,"Unlike arrays, linked lists can insert and delete without shifting data and change in size easily.",5,1.0,5.0,computer_science,short_answer,6,english,,The linked lists can be of variable length.,
mohler,39,What is the main advantage of linked lists over arrays?,"Array size is fixed,but Linked is not fixed.",5,1.0,5.0,computer_science,short_answer,6,english,,The linked lists can be of variable length.,
mohler,39,What is the main advantage of linked lists over arrays?,Arrays must be of a defined size... elements can be added to a linked list w/o defining any size.,5,1.0,5.0,computer_science,short_answer,6,english,,The linked lists can be of variable length.,
mohler,39,What is the main advantage of linked lists over arrays?,You can expand when you need it.  You do not have to predetermine the size.,5,1.0,5.0,computer_science,short_answer,6,english,,The linked lists can be of variable length.,
mohler,39,What is the main advantage of linked lists over arrays?,Linked lists are able to grow and shrink in size as needed,5,1.0,5.0,computer_science,short_answer,6,english,,The linked lists can be of variable length.,
mohler,39,What is the main advantage of linked lists over arrays?,Linked list is able to grow in size as needed. Does not require the shifting of items during insertions and deletions,5,1.0,5.0,computer_science,short_answer,6,english,,The linked lists can be of variable length.,
mohler,39,What is the main advantage of linked lists over arrays?,"A linked list is not fixed in size, and does not require the shifting of items during insertions and deletions.",5,1.0,5.0,computer_science,short_answer,6,english,,The linked lists can be of variable length.,
mohler,39,What is the main advantage of linked lists over arrays?,There is no limit as to how many you create where an array can only hold a given amount of information.,3,1.0,5.0,computer_science,short_answer,6,english,,The linked lists can be of variable length.,
mohler,39,What is the main advantage of linked lists over arrays?,"Linked lists can be grown dynamically, items don't require shifting, and they have a greater awesome factor than that of arrays.",5,1.0,5.0,computer_science,short_answer,6,english,,The linked lists can be of variable length.,
mohler,39,What is the main advantage of linked lists over arrays?,Linked lists have an indefinite size. They can be added to and taken away from very easily with little difficulty in the shifting of data.,5,1.0,5.0,computer_science,short_answer,6,english,,The linked lists can be of variable length.,
mohler,39,What is the main advantage of linked lists over arrays?,"Nearly infinite size, limited only by system memory and also the ability to expand the size dynamically.",5,1.0,5.0,computer_science,short_answer,6,english,,The linked lists can be of variable length.,
mohler,39,What is the main advantage of linked lists over arrays?,"They grow as needed, while arrays are of fixed size.",5,1.0,5.0,computer_science,short_answer,6,english,,The linked lists can be of variable length.,
mohler,39,What is the main advantage of linked lists over arrays?,Does not have a fixed size. Linked list is able to grow as needed. The time to access an array bases list takes a contant amount of time where as an linked-base like depends on 'i',5,1.0,5.0,computer_science,short_answer,6,english,,The linked lists can be of variable length.,
mohler,39,What is the main advantage of linked lists over arrays?,Linked lists can grow and shrink as you need them to.  Arrays have a fixed size.,5,1.0,5.0,computer_science,short_answer,6,english,,The linked lists can be of variable length.,
mohler,39,What is the main advantage of linked lists over arrays?,"A linked list may be increased in size as needed, while an array's size is set when it is created",5,1.0,5.0,computer_science,short_answer,6,english,,The linked lists can be of variable length.,
mohler,39,What is the main advantage of linked lists over arrays?,"Array has a fixed size, but linked list is able to grow in size as needed",5,1.0,5.0,computer_science,short_answer,6,english,,The linked lists can be of variable length.,
mohler,39,What is the main advantage of linked lists over arrays?,its resizeable,5,1.0,5.0,computer_science,short_answer,6,english,,The linked lists can be of variable length.,
mohler,39,What is the main advantage of linked lists over arrays?,Linked lists do not have a set size and can grow or shrink as needed.,5,1.0,5.0,computer_science,short_answer,6,english,,The linked lists can be of variable length.,
mohler,39,What is the main advantage of linked lists over arrays?,linked lists are abe to grow as needed to a new size,5,1.0,5.0,computer_science,short_answer,6,english,,The linked lists can be of variable length.,
mohler,39,What is the main advantage of linked lists over arrays?,"The size is not fixed, easier sorting because of no shifting, easier to insert items into the list",5,1.0,5.0,computer_science,short_answer,6,english,,The linked lists can be of variable length.,
mohler,39,What is the main advantage of linked lists over arrays?,The size of array is restricted to declaration. Insertion/Deletion of values in middle of array is not possible.,5,1.0,5.0,computer_science,short_answer,6,english,,The linked lists can be of variable length.,
mohler,40,What is the main advantage of arrays over linked lists?,Array can retrieve memory from any place in the list while in a link list you have to traverse through each individual node.,5,1.0,5.0,computer_science,short_answer,6,english,,"The elements in an array can be accessed directly (as opposed to linked lists, which require iterative traversal).",
mohler,40,What is the main advantage of arrays over linked lists?,"Access to a particular element is very fast, because its location in memory can be determined mathematically and accessed directly.",5,1.0,5.0,computer_science,short_answer,6,english,,"The elements in an array can be accessed directly (as opposed to linked lists, which require iterative traversal).",
mohler,40,What is the main advantage of arrays over linked lists?,Arrays are good for random access and good for sequential access which are both in constant time. Where linked lists are linear for random access. Arrays are faster in this case.,5,1.0,5.0,computer_science,short_answer,6,english,,"The elements in an array can be accessed directly (as opposed to linked lists, which require iterative traversal).",
mohler,40,What is the main advantage of arrays over linked lists?,"An array is capable of accessing any part of that array based on the index. The link list must be traversed from the beginning or the end, that is, data can only be accessed if it is adjacent to the previous or next nodes.",5,1.0,5.0,computer_science,short_answer,6,english,,"The elements in an array can be accessed directly (as opposed to linked lists, which require iterative traversal).",
mohler,40,What is the main advantage of arrays over linked lists?,"On the other hand, arrays allow random access, while linked lists allow only sequential access to elements. Singly-linked lists, in fact, can only be traversed in one direction.",5,1.0,5.0,computer_science,short_answer,6,english,,"The elements in an array can be accessed directly (as opposed to linked lists, which require iterative traversal).",
mohler,40,What is the main advantage of arrays over linked lists?,Take up less memory and are contiguously stored,4,1.0,5.0,computer_science,short_answer,6,english,,"The elements in an array can be accessed directly (as opposed to linked lists, which require iterative traversal).",
mohler,40,What is the main advantage of arrays over linked lists?,"Arrays have a set list of values. Meaning you can pick a spot in the array such as a[7] picks the 8th spot in the array. With linked lists you have to keep track with pointers if you want to take specific nodes out, otherwise you must traverse the entire list. ",5,1.0,5.0,computer_science,short_answer,6,english,,"The elements in an array can be accessed directly (as opposed to linked lists, which require iterative traversal).",
mohler,40,What is the main advantage of arrays over linked lists?,Array items are accessed directly with equal access time,5,1.0,5.0,computer_science,short_answer,6,english,,"The elements in an array can be accessed directly (as opposed to linked lists, which require iterative traversal).",
mohler,40,What is the main advantage of arrays over linked lists?,You can access specific elements quickly in an array.  In a linked list you must traverse the list to get access the same element.,5,1.0,5.0,computer_science,short_answer,6,english,,"The elements in an array can be accessed directly (as opposed to linked lists, which require iterative traversal).",
mohler,40,What is the main advantage of arrays over linked lists?,"Any entitiy in an array may accessed immediately, whereas a linked list must be traversed one item at a time because each object only points adjacent objects",5,1.0,5.0,computer_science,short_answer,6,english,,"The elements in an array can be accessed directly (as opposed to linked lists, which require iterative traversal).",
mohler,40,What is the main advantage of arrays over linked lists?,"arrays allow for the random access of any item cotained a any time, linked lists must be gone through toget to the desired item",5,1.0,5.0,computer_science,short_answer,6,english,,"The elements in an array can be accessed directly (as opposed to linked lists, which require iterative traversal).",
mohler,40,What is the main advantage of arrays over linked lists?,"In arrays you have direct access to each element, but in linked lists you have to traverse the list up to the element that you need.",5,1.0,5.0,computer_science,short_answer,6,english,,"The elements in an array can be accessed directly (as opposed to linked lists, which require iterative traversal).",
mohler,40,What is the main advantage of arrays over linked lists?,"Array size is fixed. But Linked is not fixed, data is also accessed quicker in array list, also memory requirement is less and no pointers required. Arrays have random access and less overheads compared to Linked list have sequential access only with too much overheads and no cache memory support. On the other hand, arrays allow random access, while linked lists allow only sequential access to elements. Singly-linked lists, in fact, can only be traversed in one direction.",5,1.0,5.0,computer_science,short_answer,6,english,,"The elements in an array can be accessed directly (as opposed to linked lists, which require iterative traversal).",
mohler,41,How are linked lists passed as arguments to a function?,Linked lists are passed as arguments to a function by passing the head pointer of the list by reference.,5,1.0,5.0,computer_science,short_answer,6,english,,By reference.,
mohler,41,How are linked lists passed as arguments to a function?,- A function with access to a linked list's head pointer has access to the entire list.        - Pass the head ponter to a function as a reference argument.,5,1.0,5.0,computer_science,short_answer,6,english,,By reference.,
mohler,41,How are linked lists passed as arguments to a function?,Pass-by-reference,5,1.0,5.0,computer_science,short_answer,6,english,,By reference.,
mohler,41,How are linked lists passed as arguments to a function?,You pass the head pointer to a function as a reference argument.,5,1.0,5.0,computer_science,short_answer,6,english,,By reference.,
mohler,41,How are linked lists passed as arguments to a function?,not answered,0,1.0,5.0,computer_science,short_answer,6,english,,By reference.,
mohler,41,How are linked lists passed as arguments to a function?,as a pointer node.,3,1.0,5.0,computer_science,short_answer,6,english,,By reference.,
mohler,41,How are linked lists passed as arguments to a function?,A function with access to a linked list's head pointer has access to the entire list. Pass the head pointer to a function as a reference argument,5,1.0,5.0,computer_science,short_answer,6,english,,By reference.,
mohler,41,How are linked lists passed as arguments to a function?,the head pointer is passed to a function as a reference argument.,5,1.0,5.0,computer_science,short_answer,6,english,,By reference.,
mohler,41,How are linked lists passed as arguments to a function?,"linked lists are passed by reference, specificly the Head pointer",5,1.0,5.0,computer_science,short_answer,6,english,,By reference.,
mohler,41,How are linked lists passed as arguments to a function?,Pass the head pointer to a function as a reference argument,5,1.0,5.0,computer_science,short_answer,6,english,,By reference.,
mohler,41,How are linked lists passed as arguments to a function?,by refrenece,5,1.0,5.0,computer_science,short_answer,6,english,,By reference.,
mohler,41,How are linked lists passed as arguments to a function?,linked lists are passed by using pointers,3,1.0,5.0,computer_science,short_answer,6,english,,By reference.,
mohler,42,What is the difference between a circular linked list and a basic linked list?,"In a circular linked list, every node has a successor which means that the last node's successor is the head or first node.",5,1.0,5.0,computer_science,short_answer,6,english,,The last element in a circular linked list points to the head of the list.,
mohler,42,What is the difference between a circular linked list and a basic linked list?,"In a circular linked list, the last node points to the first node.",5,1.0,5.0,computer_science,short_answer,6,english,,The last element in a circular linked list points to the head of the list.,
mohler,42,What is the difference between a circular linked list and a basic linked list?,"On a circular linked list, the end element points to the head, thus making the circle. A basic link list has nothing pointing to the head, and the last element points to null.",5,1.0,5.0,computer_science,short_answer,6,english,,The last element in a circular linked list points to the head of the list.,
mohler,42,What is the difference between a circular linked list and a basic linked list?,the circular linked list's last node points to the begining of the list while a standard linked list points to NULL,5,1.0,5.0,computer_science,short_answer,6,english,,The last element in a circular linked list points to the head of the list.,
mohler,42,What is the difference between a circular linked list and a basic linked list?,The last item in the list points to the head,5,1.0,5.0,computer_science,short_answer,6,english,,The last element in a circular linked list points to the head of the list.,
mohler,42,What is the difference between a circular linked list and a basic linked list?,"In a circular linked list, the last node points back to the first node, there is no NULL",5,1.0,5.0,computer_science,short_answer,6,english,,The last element in a circular linked list points to the head of the list.,
mohler,42,What is the difference between a circular linked list and a basic linked list?,A circular linked list has the last node point back to the head of the linked list.,5,1.0,5.0,computer_science,short_answer,6,english,,The last element in a circular linked list points to the head of the list.,
mohler,42,What is the difference between a circular linked list and a basic linked list?,Basic linked list points to a NULL at the end and circular points to the head at the end.,5,1.0,5.0,computer_science,short_answer,6,english,,The last element in a circular linked list points to the head of the list.,
mohler,42,What is the difference between a circular linked list and a basic linked list?,in a circular linked list the the last item points to the first item.,5,1.0,5.0,computer_science,short_answer,6,english,,The last element in a circular linked list points to the head of the list.,
mohler,42,What is the difference between a circular linked list and a basic linked list?,"The circular linked list's tail points to the head, whereas the basic linked list's tail points to a NULL.",5,1.0,5.0,computer_science,short_answer,6,english,,The last element in a circular linked list points to the head of the list.,
mohler,42,What is the difference between a circular linked list and a basic linked list?,a basic linked list has an end with a null value where a circular linked list has a pointer from the end to the beginning,5,1.0,5.0,computer_science,short_answer,6,english,,The last element in a circular linked list points to the head of the list.,
mohler,42,What is the difference between a circular linked list and a basic linked list?,"how to determine the end of the list, in basic linked lists the last element links to a null pointer, while circular linked lists link to the head element at the end.",5,1.0,5.0,computer_science,short_answer,6,english,,The last element in a circular linked list points to the head of the list.,
mohler,42,What is the difference between a circular linked list and a basic linked list?,"No Node in a circular linked list contains NULL, the last Node points pack to a Node within the list.",5,1.0,5.0,computer_science,short_answer,6,english,,The last element in a circular linked list points to the head of the list.,
mohler,42,What is the difference between a circular linked list and a basic linked list?,"The difference between a circular linked list and a basic linked list is that a circular linked list, the last node references the first node. Every node in a circular linked list has a successor and no node in a circular linked list contains NULL.",5,1.0,5.0,computer_science,short_answer,6,english,,The last element in a circular linked list points to the head of the list.,
mohler,42,What is the difference between a circular linked list and a basic linked list?,in a circular linked list the last element points to the head of the list,5,1.0,5.0,computer_science,short_answer,6,english,,The last element in a circular linked list points to the head of the list.,
mohler,42,What is the difference between a circular linked list and a basic linked list?,"In a regular linked list the last object points to NULL. In a circular linked list, the last object points back to the beginning of the list",5,1.0,5.0,computer_science,short_answer,6,english,,The last element in a circular linked list points to the head of the list.,
mohler,42,What is the difference between a circular linked list and a basic linked list?,"In circular linked list each node has successor, no node contains NULL, while in basic linked list last node contain NULL.",3,1.0,5.0,computer_science,short_answer,6,english,,The last element in a circular linked list points to the head of the list.,
mohler,42,What is the difference between a circular linked list and a basic linked list?,"in a circular linked lists, the last element points to the first",5,1.0,5.0,computer_science,short_answer,6,english,,The last element in a circular linked list points to the head of the list.,
mohler,42,What is the difference between a circular linked list and a basic linked list?,"A circular linked list does not have a last element. Instead, it's last item points to the head of the list.",5,1.0,5.0,computer_science,short_answer,6,english,,The last element in a circular linked list points to the head of the list.,
mohler,42,What is the difference between a circular linked list and a basic linked list?,"in a circular linked list, the last node contains a pointer that goes back to the first node; in a basic linked list, the last node contains a null pointer ",5,1.0,5.0,computer_science,short_answer,6,english,,The last element in a circular linked list points to the head of the list.,
mohler,42,What is the difference between a circular linked list and a basic linked list?,"in a circular linked list, the last object is linked back to the first object.",5,1.0,5.0,computer_science,short_answer,6,english,,The last element in a circular linked list points to the head of the list.,
mohler,43,What is the main advantage of a doubly-linked list over a basic linked list?,You can go backwards in the linked list and access previous data easier without having to keep track of the previous item,4,1.0,5.0,computer_science,short_answer,6,english,,"All the deletion and insertion operations can be performed in constant time, including those operations performed before a given location in the list or at the end of the list.",
mohler,43,What is the main advantage of a doubly-linked list over a basic linked list?,ability to backtrack through a list.,3,1.0,5.0,computer_science,short_answer,6,english,,"All the deletion and insertion operations can be performed in constant time, including those operations performed before a given location in the list or at the end of the list.",
mohler,43,What is the main advantage of a doubly-linked list over a basic linked list?,"Double Linked list are often easier to manipulate, because they allow sequential access to the list in both direction",4,1.0,5.0,computer_science,short_answer,6,english,,"All the deletion and insertion operations can be performed in constant time, including those operations performed before a given location in the list or at the end of the list.",
mohler,43,What is the main advantage of a doubly-linked list over a basic linked list?,"given a node in the list, one can navigate easily in either direction",4,1.0,5.0,computer_science,short_answer,6,english,,"All the deletion and insertion operations can be performed in constant time, including those operations performed before a given location in the list or at the end of the list.",
mohler,43,What is the main advantage of a doubly-linked list over a basic linked list?,a doubly linked list allows you to back up from a node rather than having to go through the entire list again,4,1.0,5.0,computer_science,short_answer,6,english,,"All the deletion and insertion operations can be performed in constant time, including those operations performed before a given location in the list or at the end of the list.",
mohler,43,What is the main advantage of a doubly-linked list over a basic linked list?,Gives faster times for some operations such as insertion and deletion,5,1.0,5.0,computer_science,short_answer,6,english,,"All the deletion and insertion operations can be performed in constant time, including those operations performed before a given location in the list or at the end of the list.",
mohler,44,What is the main disadvantage of a doubly-linked list over a basic linked list?,they take up twice as much memory for each node,5,1.0,5.0,computer_science,short_answer,6,english,,Extra space required to store the back pointers.,
mohler,44,What is the main disadvantage of a doubly-linked list over a basic linked list?,"There are more pointers to set, the mechanics of inserting into and deleting from a doubly linked list are a bit more involved than for a singly linked list.",4,1.0,5.0,computer_science,short_answer,6,english,,Extra space required to store the back pointers.,
mohler,44,What is the main disadvantage of a doubly-linked list over a basic linked list?,Insertion and deletion with a doubly linked list are more involved than with a singly linked list leaving more room for error and complex algorithms.,3,1.0,5.0,computer_science,short_answer,6,english,,Extra space required to store the back pointers.,
mohler,44,What is the main disadvantage of a doubly-linked list over a basic linked list?,"Need more memory to store ""previous"" pointers.",5,1.0,5.0,computer_science,short_answer,6,english,,Extra space required to store the back pointers.,
mohler,44,What is the main disadvantage of a doubly-linked list over a basic linked list?,a node in a doubly linked list takes up more memory than a node in a singly linked list.,5,1.0,5.0,computer_science,short_answer,6,english,,Extra space required to store the back pointers.,
mohler,44,What is the main disadvantage of a doubly-linked list over a basic linked list?,You have to keep up with where you are and you have to consider the predecessor and successor connections when inserting/deleting.,3,1.0,5.0,computer_science,short_answer,6,english,,Extra space required to store the back pointers.,
mohler,44,What is the main disadvantage of a doubly-linked list over a basic linked list?,"Each node requires an extra node, requires more memory, and is more difficult to insert and remove individual nodes",5,1.0,5.0,computer_science,short_answer,6,english,,Extra space required to store the back pointers.,
mohler,44,What is the main disadvantage of a doubly-linked list over a basic linked list?,"Double-linked lists require more space per node, and their elementary operations are more expensive",5,1.0,5.0,computer_science,short_answer,6,english,,Extra space required to store the back pointers.,
mohler,44,What is the main disadvantage of a doubly-linked list over a basic linked list?,More difficult to delete and create nodes.,3,1.0,5.0,computer_science,short_answer,6,english,,Extra space required to store the back pointers.,
mohler,44,What is the main disadvantage of a doubly-linked list over a basic linked list?,They use more memory and you have to make 2 pointers and update 2 pointers each time you change the list.,5,1.0,5.0,computer_science,short_answer,6,english,,Extra space required to store the back pointers.,
mohler,44,What is the main disadvantage of a doubly-linked list over a basic linked list?,nodes take up more memory,5,1.0,5.0,computer_science,short_answer,6,english,,Extra space required to store the back pointers.,
mohler,44,What is the main disadvantage of a doubly-linked list over a basic linked list?,"Each node requires an extra pointer (space requirements increased), Insertion or deletion of a node takes a longer (more pointer operations).",5,1.0,5.0,computer_science,short_answer,6,english,,Extra space required to store the back pointers.,
mohler,44,What is the main disadvantage of a doubly-linked list over a basic linked list?,its a little more confusing. The special cases at the end and beginning become more difficult to do.,3,1.0,5.0,computer_science,short_answer,6,english,,Extra space required to store the back pointers.,
mohler,44,What is the main disadvantage of a doubly-linked list over a basic linked list?,increased actions to add and remove elements to the linked list.,3,1.0,5.0,computer_science,short_answer,6,english,,Extra space required to store the back pointers.,
mohler,44,What is the main disadvantage of a doubly-linked list over a basic linked list?,"Inserting and deleting in a double-linked list is more involved, and has special cases at the beginning and end.",3,1.0,5.0,computer_science,short_answer,6,english,,Extra space required to store the back pointers.,
mohler,44,What is the main disadvantage of a doubly-linked list over a basic linked list?,"each node requires an extra pointer, taking up more storage.  insertions and deletions require more pointer operations.",5,1.0,5.0,computer_science,short_answer,6,english,,Extra space required to store the back pointers.,
mohler,44,What is the main disadvantage of a doubly-linked list over a basic linked list?,"in a doubly linked list there are twice as many pointers for each element , therefore more memory is used",5,1.0,5.0,computer_science,short_answer,6,english,,Extra space required to store the back pointers.,
mohler,44,What is the main disadvantage of a doubly-linked list over a basic linked list?,"Double linked lists require more space per node, and their elementary operation are more expensive",5,1.0,5.0,computer_science,short_answer,6,english,,Extra space required to store the back pointers.,
mohler,44,What is the main disadvantage of a doubly-linked list over a basic linked list?,"1- each node requires an extra pointer, requiring more space 2- the insertion or deletion of a node takes a bit longer, more pointer operations",5,1.0,5.0,computer_science,short_answer,6,english,,Extra space required to store the back pointers.,
mohler,44,What is the main disadvantage of a doubly-linked list over a basic linked list?,It takes up twice the storage needed.,5,1.0,5.0,computer_science,short_answer,6,english,,Extra space required to store the back pointers.,
mohler,44,What is the main disadvantage of a doubly-linked list over a basic linked list?,"using more pointers to enable the backward movement takes up more memory, having more pointers make it slightly more work to add or remove a node from the list",5,1.0,5.0,computer_science,short_answer,6,english,,Extra space required to store the back pointers.,
mohler,44,What is the main disadvantage of a doubly-linked list over a basic linked list?,"increased memory requirements, slightly more complicated when modifying elements in the list",5,1.0,5.0,computer_science,short_answer,6,english,,Extra space required to store the back pointers.,
mohler,44,What is the main disadvantage of a doubly-linked list over a basic linked list?,not answered,0,1.0,5.0,computer_science,short_answer,6,english,,Extra space required to store the back pointers.,
mohler,45,What is a stack?,A data structure for storing items which are to be accessed in last-in first-out order that can be implemented in three ways.,5,1.0,5.0,computer_science,short_answer,6,english,,"A data structure that can store elements, which has the property that the last item added will be the first to be removed (or last-in-first-out)",
mohler,45,What is a stack?,A stack is an abstract data type that is based on the principle that the last element inserted into the stack will be the first element removed from the stack.,5,1.0,5.0,computer_science,short_answer,6,english,,"A data structure that can store elements, which has the property that the last item added will be the first to be removed (or last-in-first-out)",
mohler,45,What is a stack?,"An ADT whose most recently inserted item is the first item removed or retrieved. This property is called last in, first out (LIFO). Items enter and leave a stack at its top.",5,1.0,5.0,computer_science,short_answer,6,english,,"A data structure that can store elements, which has the property that the last item added will be the first to be removed (or last-in-first-out)",
mohler,45,What is a stack?,a stack is a data structure that uses push to insert an item and pop to remove ad item. The stack use a last in first out structure for inserting and removing items.,5,1.0,5.0,computer_science,short_answer,6,english,,"A data structure that can store elements, which has the property that the last item added will be the first to be removed (or last-in-first-out)",
mohler,45,What is a stack?,A data structure that stores data using LIFO.,5,1.0,5.0,computer_science,short_answer,6,english,,"A data structure that can store elements, which has the property that the last item added will be the first to be removed (or last-in-first-out)",
mohler,45,What is a stack?,"A stack is similar to an array, but does not allow for random access. Stacks only allow a user to retrieve the last item put into the stack. Last in, fist out.",5,1.0,5.0,computer_science,short_answer,6,english,,"A data structure that can store elements, which has the property that the last item added will be the first to be removed (or last-in-first-out)",
mohler,45,What is a stack?,Stores a set of elements in a particular order. Stack principle: LAST  IN  FIRST  OUT. It means: the last element inserted is the first one to be removed.,5,1.0,5.0,computer_science,short_answer,6,english,,"A data structure that can store elements, which has the property that the last item added will be the first to be removed (or last-in-first-out)",
mohler,45,What is a stack?,"a data type that stores a set of elements in a certain order, last in, first out.",5,1.0,5.0,computer_science,short_answer,6,english,,"A data structure that can store elements, which has the property that the last item added will be the first to be removed (or last-in-first-out)",
mohler,45,What is a stack?,a data structure that moves elements in last in first out,5,1.0,5.0,computer_science,short_answer,6,english,,"A data structure that can store elements, which has the property that the last item added will be the first to be removed (or last-in-first-out)",
mohler,45,What is a stack?,Stores a set of elements in a last in first out order.,5,1.0,5.0,computer_science,short_answer,6,english,,"A data structure that can store elements, which has the property that the last item added will be the first to be removed (or last-in-first-out)",
mohler,45,What is a stack?,A list that can be added to or removed from only from the top.,5,1.0,5.0,computer_science,short_answer,6,english,,"A data structure that can store elements, which has the property that the last item added will be the first to be removed (or last-in-first-out)",
mohler,45,What is a stack?,"a stack is an Abstract data type which operates on a last in first out basis for storing a list of objects, and does not support ( at least in the pure stack) peeking at a element without removing the rest of the stack first.",5,1.0,5.0,computer_science,short_answer,6,english,,"A data structure that can store elements, which has the property that the last item added will be the first to be removed (or last-in-first-out)",
mohler,45,What is a stack?,Stores a set of elements in a particular order based on the principle of Last In First Out (LIFO).,5,1.0,5.0,computer_science,short_answer,6,english,,"A data structure that can store elements, which has the property that the last item added will be the first to be removed (or last-in-first-out)",
mohler,45,What is a stack?,"an object list that stores elements in a particular order, the first object inserted is at the bottom with the last object at the top so the first object in is the last object out.",5,1.0,5.0,computer_science,short_answer,6,english,,"A data structure that can store elements, which has the property that the last item added will be the first to be removed (or last-in-first-out)",
mohler,45,What is a stack?,An ADT that stores a set of elements in a particular order. The stack principles are LIFO. The last item inserted in the list is the first out.,5,1.0,5.0,computer_science,short_answer,6,english,,"A data structure that can store elements, which has the property that the last item added will be the first to be removed (or last-in-first-out)",
mohler,45,What is a stack?,a collection of data to be executed in the order of last in first out,5,1.0,5.0,computer_science,short_answer,6,english,,"A data structure that can store elements, which has the property that the last item added will be the first to be removed (or last-in-first-out)",
mohler,45,What is a stack?,"A stack is a data structure that allows data members to be added or removed one at a time, and in order. They are a ""Last in First Out"" structure.",5,1.0,5.0,computer_science,short_answer,6,english,,"A data structure that can store elements, which has the property that the last item added will be the first to be removed (or last-in-first-out)",
mohler,45,What is a stack?,is a list of element where the first one to be removed is the last one inserted,5,1.0,5.0,computer_science,short_answer,6,english,,"A data structure that can store elements, which has the property that the last item added will be the first to be removed (or last-in-first-out)",
mohler,45,What is a stack?,"A storage container that holds objects in a certain order, which has a LIFO priority",5,1.0,5.0,computer_science,short_answer,6,english,,"A data structure that can store elements, which has the property that the last item added will be the first to be removed (or last-in-first-out)",
mohler,45,What is a stack?,"Stacks are a type of container adaptors, specifically designed to operate in a LIFO context (last-in first-out), where elements are inserted and extracted only from the end of the container.",5,1.0,5.0,computer_science,short_answer,6,english,,"A data structure that can store elements, which has the property that the last item added will be the first to be removed (or last-in-first-out)",
mohler,46,What are the two main functions defined by a stack?,Push and pop are two main functions defined in a stack,5,1.0,5.0,computer_science,short_answer,6,english,,push and pop,
mohler,46,What are the two main functions defined by a stack?,Push which inserts an element on the top of the stack and pop which removes the last inserted element from the stack.,5,1.0,5.0,computer_science,short_answer,6,english,,push and pop,
mohler,46,What are the two main functions defined by a stack?,Push and pop.,5,1.0,5.0,computer_science,short_answer,6,english,,push and pop,
mohler,46,What are the two main functions defined by a stack?,Pop function and Push function,5,1.0,5.0,computer_science,short_answer,6,english,,push and pop,
mohler,46,What are the two main functions defined by a stack?,push and pop.,5,1.0,5.0,computer_science,short_answer,6,english,,push and pop,
mohler,46,What are the two main functions defined by a stack?,push (insert an item) pop (remove an item),5,1.0,5.0,computer_science,short_answer,6,english,,push and pop,
mohler,46,What are the two main functions defined by a stack?,Adding a new item and removing the item,5,1.0,5.0,computer_science,short_answer,6,english,,push and pop,
mohler,46,What are the two main functions defined by a stack?,Push (insert) and pop (retrieve).,5,1.0,5.0,computer_science,short_answer,6,english,,push and pop,
mohler,46,What are the two main functions defined by a stack?,push and pop.,5,1.0,5.0,computer_science,short_answer,6,english,,push and pop,
mohler,46,What are the two main functions defined by a stack?,Push and Pop.,5,1.0,5.0,computer_science,short_answer,6,english,,push and pop,
mohler,46,What are the two main functions defined by a stack?,pop and push,5,1.0,5.0,computer_science,short_answer,6,english,,push and pop,
mohler,46,What are the two main functions defined by a stack?,push (add an element) pop (remove an element),5,1.0,5.0,computer_science,short_answer,6,english,,push and pop,
mohler,46,What are the two main functions defined by a stack?,Push and pop.,5,1.0,5.0,computer_science,short_answer,6,english,,push and pop,
mohler,46,What are the two main functions defined by a stack?,pop and push,5,1.0,5.0,computer_science,short_answer,6,english,,push and pop,
mohler,46,What are the two main functions defined by a stack?,push ( to add to a item the Stack) Pop  ( to pull the last item added from an array. ),5,1.0,5.0,computer_science,short_answer,6,english,,push and pop,
mohler,46,What are the two main functions defined by a stack?,pop and push,5,1.0,5.0,computer_science,short_answer,6,english,,push and pop,
mohler,46,What are the two main functions defined by a stack?,"push and pop, push puts an object into the list, and pop takes the last object off.",5,1.0,5.0,computer_science,short_answer,6,english,,push and pop,
mohler,46,What are the two main functions defined by a stack?,Push and Pop are the two main functions of a stack,5,1.0,5.0,computer_science,short_answer,6,english,,push and pop,
mohler,46,What are the two main functions defined by a stack?,Push and Pop,5,1.0,5.0,computer_science,short_answer,6,english,,push and pop,
mohler,46,What are the two main functions defined by a stack?,"push, which adds an element to the stack... and pop which takes an element off the stack",5,1.0,5.0,computer_science,short_answer,6,english,,push and pop,
mohler,46,What are the two main functions defined by a stack?,"Push and Pop, which add and remove data from the stack, respectively.",5,1.0,5.0,computer_science,short_answer,6,english,,push and pop,
mohler,46,What are the two main functions defined by a stack?,push and pop,5,1.0,5.0,computer_science,short_answer,6,english,,push and pop,
mohler,46,What are the two main functions defined by a stack?,pop - to remove item push - to insert an element,5,1.0,5.0,computer_science,short_answer,6,english,,push and pop,
mohler,46,What are the two main functions defined by a stack?,Pop and push,5,1.0,5.0,computer_science,short_answer,6,english,,push and pop,
mohler,46,What are the two main functions defined by a stack?,pop and push,5,1.0,5.0,computer_science,short_answer,6,english,,push and pop,
mohler,46,What are the two main functions defined by a stack?,push - adds an item to the top of the stack pop - removes the top item from the stack,5,1.0,5.0,computer_science,short_answer,6,english,,push and pop,
mohler,46,What are the two main functions defined by a stack?,push and pop. Push adds a given node to the top of the stack leaving previous nodes below. Pop removes and returns the current top node of the stack,5,1.0,5.0,computer_science,short_answer,6,english,,push and pop,
mohler,47,How can you implement a stack with an array?,An array has a fixed size.  You can add and delete elements to the end of the array and you use a pointer to keep track of the last element added.  Each time you add or delete an element you update the pointer and check if it is equal to the max size of the array.,5,1.0,5.0,computer_science,short_answer,6,english,,"Keep the top of the stack toward the end of the array, so the push and pop operations will add or remove elements from the right side of the array.",
mohler,47,How can you implement a stack with an array?,By implementing an array of a pre-defined size with the bottom stack element stored at element 0 and the last element stored in the array is the top. You increment top when an element is pushed and you decrement it when an item is popped.,5,1.0,5.0,computer_science,short_answer,6,english,,"Keep the top of the stack toward the end of the array, so the push and pop operations will add or remove elements from the right side of the array.",
mohler,47,How can you implement a stack with an array?,"Create a int value that stores the ""head"" of the stack. Increment the top when one element is pushed and decrement after it is popped.",5,1.0,5.0,computer_science,short_answer,6,english,,"Keep the top of the stack toward the end of the array, so the push and pop operations will add or remove elements from the right side of the array.",
mohler,47,How can you implement a stack with an array?,"Declare a variable that points the last item in the array, which increases (++) when items are pushed onto the stack, and decreases (--) when an item is popped off the top.",5,1.0,5.0,computer_science,short_answer,6,english,,"Keep the top of the stack toward the end of the array, so the push and pop operations will add or remove elements from the right side of the array.",
mohler,47,How can you implement a stack with an array?,treat the beginning of the array as the beginning of the stack,4,1.0,5.0,computer_science,short_answer,6,english,,"Keep the top of the stack toward the end of the array, so the push and pop operations will add or remove elements from the right side of the array.",
mohler,47,How can you implement a stack with an array?,"with the element added to the array, so that the last element added is at the end, and when the element is popped it takes the last element off the array",4,1.0,5.0,computer_science,short_answer,6,english,,"Keep the top of the stack toward the end of the array, so the push and pop operations will add or remove elements from the right side of the array.",
mohler,47,How can you implement a stack with an array?,"Create an array, size N.  N++ when one element is pushed.  N-- when one element is popped.",4,1.0,5.0,computer_science,short_answer,6,english,,"Keep the top of the stack toward the end of the array, so the push and pop operations will add or remove elements from the right side of the array.",
mohler,47,How can you implement a stack with an array?,"Allocate an array of some size, bottom stack element stored at element 0",4,1.0,5.0,computer_science,short_answer,6,english,,"Keep the top of the stack toward the end of the array, so the push and pop operations will add or remove elements from the right side of the array.",
mohler,47,How can you implement a stack with an array?,you store the stack in the array but you have to keep in mind the first element,3,1.0,5.0,computer_science,short_answer,6,english,,"Keep the top of the stack toward the end of the array, so the push and pop operations will add or remove elements from the right side of the array.",
mohler,47,How can you implement a stack with an array?,"using arrays, you are pushing one int at a time into the stack until you get to the end of your array",4,1.0,5.0,computer_science,short_answer,6,english,,"Keep the top of the stack toward the end of the array, so the push and pop operations will add or remove elements from the right side of the array.",
mohler,48,How can you implement a stack with a list?,You implement a list in which the head pointer points to the element most recently pushed onto the list and the pop function changes the head pointer to point to the next to last element in the list and removes the element head pointer previously pointed to.,5,1.0,5.0,computer_science,short_answer,6,english,,"Keep the top of the stack pointing to the head of the linked list, so the push and pop operations will add or remove elements at the beginning of the list.",
mohler,48,How can you implement a stack with a list?,Using nodes to keep track of the head of the stack. Then using Push( ) and Pop ( ) to create the stack as needed.,4,1.0,5.0,computer_science,short_answer,6,english,,"Keep the top of the stack pointing to the head of the linked list, so the push and pop operations will add or remove elements at the beginning of the list.",
mohler,48,How can you implement a stack with a list?,"Declare a pointer that points to the head of the linked list, only add and remove nodes from the beginning of the list.",5,1.0,5.0,computer_science,short_answer,6,english,,"Keep the top of the stack pointing to the head of the linked list, so the push and pop operations will add or remove elements at the beginning of the list.",
mohler,48,How can you implement a stack with a list?,Creating a linked list. Add an element to the top of the stack when pushing and deleting an element when popping.,4,1.0,5.0,computer_science,short_answer,6,english,,"Keep the top of the stack pointing to the head of the linked list, so the push and pop operations will add or remove elements at the beginning of the list.",
mohler,48,How can you implement a stack with a list?,use a linked list and keep track of a pointer that points to the first item,4,1.0,5.0,computer_science,short_answer,6,english,,"Keep the top of the stack pointing to the head of the linked list, so the push and pop operations will add or remove elements at the beginning of the list.",
mohler,48,How can you implement a stack with a list?,the top is the first pointer.,3,1.0,5.0,computer_science,short_answer,6,english,,"Keep the top of the stack pointing to the head of the linked list, so the push and pop operations will add or remove elements at the beginning of the list.",
mohler,48,How can you implement a stack with a list?,"have a linked list, and for each push, add an item onto beginning of the list, and for each pop remove the first element in the list.",5,1.0,5.0,computer_science,short_answer,6,english,,"Keep the top of the stack pointing to the head of the linked list, so the push and pop operations will add or remove elements at the beginning of the list.",
mohler,49,How are infix expressions evaluated by computers?,They are converted to post fix expressions.  It still follow the order of precedence for the operators.,5,1.0,5.0,computer_science,short_answer,6,english,,"First, they are converted into postfix form, followed by an evaluation of the postfix expression.",
mohler,49,How are infix expressions evaluated by computers?,They are first converted to postfix expressions and then evaluated.,5,1.0,5.0,computer_science,short_answer,6,english,,"First, they are converted into postfix form, followed by an evaluation of the postfix expression.",
mohler,49,How are infix expressions evaluated by computers?,"Computers cannot evaulate infix expressions, it must first convert infix to postfix expression then it can evaluate.",5,1.0,5.0,computer_science,short_answer,6,english,,"First, they are converted into postfix form, followed by an evaluation of the postfix expression.",
mohler,49,How are infix expressions evaluated by computers?,computers usually convert infix expressions to post fix expression and evaluate them using a stack.,5,1.0,5.0,computer_science,short_answer,6,english,,"First, they are converted into postfix form, followed by an evaluation of the postfix expression.",
mohler,49,How are infix expressions evaluated by computers?,they are converted to postfix,5,1.0,5.0,computer_science,short_answer,6,english,,"First, they are converted into postfix form, followed by an evaluation of the postfix expression.",
mohler,49,How are infix expressions evaluated by computers?,Infix expressions are interpreted as postfix expressions by implementing stacks.,5,1.0,5.0,computer_science,short_answer,6,english,,"First, they are converted into postfix form, followed by an evaluation of the postfix expression.",
mohler,49,How are infix expressions evaluated by computers?,They are first converted into an equivalent postfix expression so it can be read by the computer.,5,1.0,5.0,computer_science,short_answer,6,english,,"First, they are converted into postfix form, followed by an evaluation of the postfix expression.",
mohler,49,How are infix expressions evaluated by computers?,"The computer translates the infix expression to a postfix expression, then solves.",5,1.0,5.0,computer_science,short_answer,6,english,,"First, they are converted into postfix form, followed by an evaluation of the postfix expression.",
mohler,49,How are infix expressions evaluated by computers?,they use parenthisis and a stack to determine which evaluations need to be made first,3,1.0,5.0,computer_science,short_answer,6,english,,"First, they are converted into postfix form, followed by an evaluation of the postfix expression.",
mohler,49,How are infix expressions evaluated by computers?,The infix expression is converted to postfix form,5,1.0,5.0,computer_science,short_answer,6,english,,"First, they are converted into postfix form, followed by an evaluation of the postfix expression.",
mohler,49,How are infix expressions evaluated by computers?,by converting them to postfix expressions and putting the operations in a stack,5,1.0,5.0,computer_science,short_answer,6,english,,"First, they are converted into postfix form, followed by an evaluation of the postfix expression.",
mohler,49,How are infix expressions evaluated by computers?,The computer converts the infix expression to postfix form. Then evaluates the postfix expression.,5,1.0,5.0,computer_science,short_answer,6,english,,"First, they are converted into postfix form, followed by an evaluation of the postfix expression.",
mohler,49,How are infix expressions evaluated by computers?,infix expressions are converted to postfix expressions before they can be evaluated by a computer.  Operands stay in the same order.  Operators always follow the operands.,5,1.0,5.0,computer_science,short_answer,6,english,,"First, they are converted into postfix form, followed by an evaluation of the postfix expression.",
mohler,49,How are infix expressions evaluated by computers?,computers convert infix expressions to postfix form before evaluation,5,1.0,5.0,computer_science,short_answer,6,english,,"First, they are converted into postfix form, followed by an evaluation of the postfix expression.",
mohler,49,How are infix expressions evaluated by computers?,convert infix expressions to postfix expression and evaluate the postfix expression,5,1.0,5.0,computer_science,short_answer,6,english,,"First, they are converted into postfix form, followed by an evaluation of the postfix expression.",
mohler,49,How are infix expressions evaluated by computers?,"When an operand is entered, the computer Pushes it onto a stack When an operator is entered, the computer Applies it to the top two operands of the stack Pops the operands from the stack Pushes the result of the operation onto the stack",4,1.0,5.0,computer_science,short_answer,6,english,,"First, they are converted into postfix form, followed by an evaluation of the postfix expression.",
mohler,49,How are infix expressions evaluated by computers?,Computers convert an infix expression into a postfix expression. They then push the numbers onto a stack and pop them out as they are needed.,5,1.0,5.0,computer_science,short_answer,6,english,,"First, they are converted into postfix form, followed by an evaluation of the postfix expression.",
mohler,49,How are infix expressions evaluated by computers?,"infix expressions are converted to postfix, (i.e. 3+2 is changed to 32+)",5,1.0,5.0,computer_science,short_answer,6,english,,"First, they are converted into postfix form, followed by an evaluation of the postfix expression.",
mohler,49,How are infix expressions evaluated by computers?,"they are transformed into post-fix expressions, then evaluated with a stack.",5,1.0,5.0,computer_science,short_answer,6,english,,"First, they are converted into postfix form, followed by an evaluation of the postfix expression.",
mohler,49,How are infix expressions evaluated by computers?,"Writing arithmetic expressions is called infix notation.  This is because a binary operator (like '+') is written in between its two operands (as in ""a + b"").  There are two alternative forms of notation used in certain situations.  One is prefix notation, in which an operator is written before its operands.  In prefix notation, the sum of a and b is written ""+ a b"".  This is the notation used to write function calls in mathematics and computer science.  It is also used in the Lisp and Scheme programming languages.  In postfix notation, an operator is written after its operands.  The sum of a and b is written ""a b +"".  (You may have seen this as ""reverse Polish notation"".)  Postfix notation forms the conceptual basis for the way that arithmetic expressions are evaluated by a computer.  One important characteristic of both postfix and prefix notations is that they are unambiguous; no parentheses are needed to indicate the order of operations. ",5,1.0,5.0,computer_science,short_answer,6,english,,"First, they are converted into postfix form, followed by an evaluation of the postfix expression.",
mohler,50,What operations would you need to perform to find a given element on a stack?,"Using linked lists and stacks, you would need a temp stack to retain the values. Then you would use the Pop( ) function to pop off each element and then compare it. If its not the element your looking for, Push ( ) it to the temp stack. Repeat until the element is found. When you find it,  Pop ( ) off the temp stack back onto the regular stack to have a complete stack again.",5,1.0,5.0,computer_science,short_answer,6,english,,"Pop all the elements and store them on another stack until the element is found, then push back all the elements on the original stack.",
mohler,50,What operations would you need to perform to find a given element on a stack?,"Pop each item off the top until you find what you are looking for. If the stack ends up empty and you never found the item, then it does not exist in the stack. It may also be necessary to save the popped values in case you want to recreate the stack.",5,1.0,5.0,computer_science,short_answer,6,english,,"Pop all the elements and store them on another stack until the element is found, then push back all the elements on the original stack.",
mohler,50,What operations would you need to perform to find a given element on a stack?,"Pop an element from one stack, check to see if it is the desired element, if not push it onto another stack. When finished, pop the items from the second stack and push them back onto the first stack (this will ensure the order of the elements is maintained).",5,1.0,5.0,computer_science,short_answer,6,english,,"Pop all the elements and store them on another stack until the element is found, then push back all the elements on the original stack.",
mohler,50,What operations would you need to perform to find a given element on a stack?,pop all elements off stack until you find that element and then push the popped elements back on the stack,5,1.0,5.0,computer_science,short_answer,6,english,,"Pop all the elements and store them on another stack until the element is found, then push back all the elements on the original stack.",
mohler,50,What operations would you need to perform to find a given element on a stack?,"Keep popping nodes and storing them in an alternate stack until the given element is found, then pop the given element and push the previously popped nodes back onto the stack.",5,1.0,5.0,computer_science,short_answer,6,english,,"Pop all the elements and store them on another stack until the element is found, then push back all the elements on the original stack.",
mohler,50,What operations would you need to perform to find a given element on a stack?,"Depends on the type of stack, on a true stack you will haft to pop all of the elements of the stack until you find the element you want, and then after that you will need to push all the elements that where removed back in to the stack in the order that they where removed.  With a Java style stack, where there is a peek function, it will return the element you wanted instead of requiring you to perform all the excessive actions that are required from a true stack.",5,1.0,5.0,computer_science,short_answer,6,english,,"Pop all the elements and store them on another stack until the element is found, then push back all the elements on the original stack.",
mohler,50,What operations would you need to perform to find a given element on a stack?,Pop each element off the stack (and into another stack for storage) until the desired element is found.,4,1.0,5.0,computer_science,short_answer,6,english,,"Pop all the elements and store them on another stack until the element is found, then push back all the elements on the original stack.",
mohler,51,What is a queue?,A data structure in c++ which is a collection of data that is kept in order.  First in first out.,5,1.0,5.0,computer_science,short_answer,6,english,,"A data structure that can store elements, which has the property that the last item added will be the last to be removed (or first-in-first-out).",
mohler,51,What is a queue?,a queue is a list of objects in a particular order that is read one at a time starting at the first followed by the second and so on.,4,1.0,5.0,computer_science,short_answer,6,english,,"A data structure that can store elements, which has the property that the last item added will be the last to be removed (or first-in-first-out).",
mohler,51,What is a queue?,A queue is an abstract data structure in which operations are performed at both ends giving the queue first in first out behavior.,5,1.0,5.0,computer_science,short_answer,6,english,,"A data structure that can store elements, which has the property that the last item added will be the last to be removed (or first-in-first-out).",
mohler,51,What is a queue?,"A queue stores a set of elements in a particular order.  Its principle of operation is FIFO(first in first out), which means the first element inserted is the first one to be removed.",5,1.0,5.0,computer_science,short_answer,6,english,,"A data structure that can store elements, which has the property that the last item added will be the last to be removed (or first-in-first-out).",
mohler,51,What is a queue?,An ADT whose first inserted item is the first item removed. This uses the FIFO idea where items enter a queue at its back and leave at its front.,5,1.0,5.0,computer_science,short_answer,6,english,,"A data structure that can store elements, which has the property that the last item added will be the last to be removed (or first-in-first-out).",
mohler,51,What is a queue?,"Last in, last out architecture. It works the same way a line at the bank would work, the person that's been waiting the longest gets served first.",5,1.0,5.0,computer_science,short_answer,6,english,,"A data structure that can store elements, which has the property that the last item added will be the last to be removed (or first-in-first-out).",
mohler,51,What is a queue?,a queue is a data structure that stores elements in a First in First out order.,5,1.0,5.0,computer_science,short_answer,6,english,,"A data structure that can store elements, which has the property that the last item added will be the last to be removed (or first-in-first-out).",
mohler,51,What is a queue?,A waiting list of items that operation in a FIFO (first in first out) order.,5,1.0,5.0,computer_science,short_answer,6,english,,"A data structure that can store elements, which has the property that the last item added will be the last to be removed (or first-in-first-out).",
mohler,51,What is a queue?,"A queue is similar to an array, except that the data can only be accessed sequentially rather than at random. Unlike a stack, a queue follows FIFO. First in, First out.",5,1.0,5.0,computer_science,short_answer,6,english,,"A data structure that can store elements, which has the property that the last item added will be the last to be removed (or first-in-first-out).",
mohler,51,What is a queue?,is a particular kind of collection in which the entities in the collection are kept in order and the principal (or only) operations on the collection are the addition of entities to the rear terminal position and removal of entities from the front terminal position. First in First Out (FIFO Method).,5,1.0,5.0,computer_science,short_answer,6,english,,"A data structure that can store elements, which has the property that the last item added will be the last to be removed (or first-in-first-out).",
mohler,51,What is a queue?,A queue is a FIFO data structure.,5,1.0,5.0,computer_science,short_answer,6,english,,"A data structure that can store elements, which has the property that the last item added will be the last to be removed (or first-in-first-out).",
mohler,51,What is a queue?,A queue is a first in first out data structure.,5,1.0,5.0,computer_science,short_answer,6,english,,"A data structure that can store elements, which has the property that the last item added will be the last to be removed (or first-in-first-out).",
mohler,51,What is a queue?,"Its like a stack, but uses the linked list to stack a little differently. It's FIFO so the first thing enqueued is the first thing dequeued",5,1.0,5.0,computer_science,short_answer,6,english,,"A data structure that can store elements, which has the property that the last item added will be the last to be removed (or first-in-first-out).",
mohler,51,What is a queue?,"A first in, first out Abstract Data type that can be used to store values.",5,1.0,5.0,computer_science,short_answer,6,english,,"A data structure that can store elements, which has the property that the last item added will be the last to be removed (or first-in-first-out).",
mohler,51,What is a queue?,"Stores a set of elements in a particular order with a First In, First Out principle",5,1.0,5.0,computer_science,short_answer,6,english,,"A data structure that can store elements, which has the property that the last item added will be the last to be removed (or first-in-first-out).",
mohler,51,What is a queue?,object that stores elements in order that follows first in first out.  the first element added is the first one to come off.,5,1.0,5.0,computer_science,short_answer,6,english,,"A data structure that can store elements, which has the property that the last item added will be the last to be removed (or first-in-first-out).",
mohler,51,What is a queue?,"A quese is an list that stores a set of elements in a particular order. It has Stack principle, but in this case, its ""First In, First Out"". The first element inserted is the first element to be removed.",5,1.0,5.0,computer_science,short_answer,6,english,,"A data structure that can store elements, which has the property that the last item added will be the last to be removed (or first-in-first-out).",
mohler,51,What is a queue?,"a finite ordered list with zero or more elements, based upon First In First Out",5,1.0,5.0,computer_science,short_answer,6,english,,"A data structure that can store elements, which has the property that the last item added will be the last to be removed (or first-in-first-out).",
mohler,51,What is a queue?,a data structure that performs operations in the order of first in first out FIFO,5,1.0,5.0,computer_science,short_answer,6,english,,"A data structure that can store elements, which has the property that the last item added will be the last to be removed (or first-in-first-out).",
mohler,51,What is a queue?,"A Queue is a ""first in first out"" data structure, such that the first element added is also the first removed.",5,1.0,5.0,computer_science,short_answer,6,english,,"A data structure that can store elements, which has the property that the last item added will be the last to be removed (or first-in-first-out).",
mohler,51,What is a queue?,"stores a set of elements where the first element in, is the first element to be removed",5,1.0,5.0,computer_science,short_answer,6,english,,"A data structure that can store elements, which has the property that the last item added will be the last to be removed (or first-in-first-out).",
mohler,51,What is a queue?,A data structure that removes nodes from the head and adds nodes at the tail.,5,1.0,5.0,computer_science,short_answer,6,english,,"A data structure that can store elements, which has the property that the last item added will be the last to be removed (or first-in-first-out).",
mohler,51,What is a queue?,a queue is a list of things that follows the first in first out behavior,5,1.0,5.0,computer_science,short_answer,6,english,,"A data structure that can store elements, which has the property that the last item added will be the last to be removed (or first-in-first-out).",
mohler,51,What is a queue?,"a queue is a storage container that holds its objects in a first in, first out priority",5,1.0,5.0,computer_science,short_answer,6,english,,"A data structure that can store elements, which has the property that the last item added will be the last to be removed (or first-in-first-out).",
mohler,51,What is a queue?,"The queue is another data structure. A physical analogy for a queue is a line at a bank. When you go to the bank, customers go to the rear (end) of the line and customers come off of the line (i.e., are serviced) from the front of the line.",5,1.0,5.0,computer_science,short_answer,6,english,,"A data structure that can store elements, which has the property that the last item added will be the last to be removed (or first-in-first-out).",
mohler,52,What are the two main functions defined by a queue?,enqueue which adds data to the queue and dequeue which deletes data from the queue,5,1.0,5.0,computer_science,short_answer,6,english,,enqueue and dequeue,
mohler,52,What are the two main functions defined by a queue?,"enqueue , which inserts a specified element at the head of the specified queue, and dequeue , which removes the specified element from the queue.",5,1.0,5.0,computer_science,short_answer,6,english,,enqueue and dequeue,
mohler,52,What are the two main functions defined by a queue?,The two main functions are enqueue which inserts an item at the back of the queue and dequeue which removes an item from the front of the queue.,5,1.0,5.0,computer_science,short_answer,6,english,,enqueue and dequeue,
mohler,52,What are the two main functions defined by a queue?,The two main functions are enqueue and dequeue.,5,1.0,5.0,computer_science,short_answer,6,english,,enqueue and dequeue,
mohler,52,What are the two main functions defined by a queue?,Enqueue and Dequeue,5,1.0,5.0,computer_science,short_answer,6,english,,enqueue and dequeue,
mohler,52,What are the two main functions defined by a queue?,Enqueue and Dequeue,5,1.0,5.0,computer_science,short_answer,6,english,,enqueue and dequeue,
mohler,52,What are the two main functions defined by a queue?,enqueue - insert into queue dequeue - remove element,5,1.0,5.0,computer_science,short_answer,6,english,,enqueue and dequeue,
mohler,52,What are the two main functions defined by a queue?,"Remove the item added first, add items to the back.",5,1.0,5.0,computer_science,short_answer,6,english,,enqueue and dequeue,
mohler,52,What are the two main functions defined by a queue?,The two main functions of a queue are enqueue and dequeue.,5,1.0,5.0,computer_science,short_answer,6,english,,enqueue and dequeue,
mohler,52,What are the two main functions defined by a queue?,enqueue and dequeue.,5,1.0,5.0,computer_science,short_answer,6,english,,enqueue and dequeue,
mohler,52,What are the two main functions defined by a queue?,enqueue and dequeue,5,1.0,5.0,computer_science,short_answer,6,english,,enqueue and dequeue,
mohler,52,What are the two main functions defined by a queue?,Enqueue and Dequeue,5,1.0,5.0,computer_science,short_answer,6,english,,enqueue and dequeue,
mohler,52,What are the two main functions defined by a queue?,enqueue and dequeue,5,1.0,5.0,computer_science,short_answer,6,english,,enqueue and dequeue,
mohler,52,What are the two main functions defined by a queue?,enqueue and dequeue,5,1.0,5.0,computer_science,short_answer,6,english,,enqueue and dequeue,
mohler,52,What are the two main functions defined by a queue?,"enque ( Data ),  Deque ( )",5,1.0,5.0,computer_science,short_answer,6,english,,enqueue and dequeue,
mohler,52,What are the two main functions defined by a queue?,enqueue and dequeue,5,1.0,5.0,computer_science,short_answer,6,english,,enqueue and dequeue,
mohler,52,What are the two main functions defined by a queue?,enqueue and dequeue,5,1.0,5.0,computer_science,short_answer,6,english,,enqueue and dequeue,
mohler,52,What are the two main functions defined by a queue?,"The two functions are, Enqueue and Dequeue",5,1.0,5.0,computer_science,short_answer,6,english,,enqueue and dequeue,
mohler,52,What are the two main functions defined by a queue?,"enqueue, dequeue",5,1.0,5.0,computer_science,short_answer,6,english,,enqueue and dequeue,
mohler,52,What are the two main functions defined by a queue?,"enqueue, that adds an item to the queue dequeue, that takes the first item out of the queue",5,1.0,5.0,computer_science,short_answer,6,english,,enqueue and dequeue,
mohler,52,What are the two main functions defined by a queue?,"Enqueue and dequeue, which add and remove elements from the queue",5,1.0,5.0,computer_science,short_answer,6,english,,enqueue and dequeue,
mohler,52,What are the two main functions defined by a queue?,Enqueue and Dequeue,5,1.0,5.0,computer_science,short_answer,6,english,,enqueue and dequeue,
mohler,52,What are the two main functions defined by a queue?,dequeue and enqueue,5,1.0,5.0,computer_science,short_answer,6,english,,enqueue and dequeue,
mohler,52,What are the two main functions defined by a queue?,enqueue and dequeue,5,1.0,5.0,computer_science,short_answer,6,english,,enqueue and dequeue,
mohler,52,What are the two main functions defined by a queue?,enqueue and dequeue,5,1.0,5.0,computer_science,short_answer,6,english,,enqueue and dequeue,
mohler,52,What are the two main functions defined by a queue?,enqueue dequeue,5,1.0,5.0,computer_science,short_answer,6,english,,enqueue and dequeue,
mohler,53,How can you implement a queue with an array?,Keep track of the front and the back of the array as you increase and decrease the elements inside the array.,4,1.0,5.0,computer_science,short_answer,6,english,,"Use a circular array. Keep the rear of the queue toward the end of the array, and the front toward the beginning, and allow the rear pointer to wrap around.",
mohler,53,How can you implement a queue with an array?,Utilizing indexes for the front and the back.  Front is 0 and as you add items the back index is incremented.,4,1.0,5.0,computer_science,short_answer,6,english,,"Use a circular array. Keep the rear of the queue toward the end of the array, and the front toward the beginning, and allow the rear pointer to wrap around.",
mohler,53,How can you implement a queue with an array?,"make an array of a size, and add on to the front and delete from the back, keep track of the two so that you know when it is full and where to add or subtract from",4,1.0,5.0,computer_science,short_answer,6,english,,"Use a circular array. Keep the rear of the queue toward the end of the array, and the front toward the beginning, and allow the rear pointer to wrap around.",
mohler,53,How can you implement a queue with an array?,"create a fixed array size, with with 2 integers to point to the beginning and the end of the que, and special cases to know when the que is empty or full.",4,1.0,5.0,computer_science,short_answer,6,english,,"Use a circular array. Keep the rear of the queue toward the end of the array, and the front toward the beginning, and allow the rear pointer to wrap around.",
mohler,53,How can you implement a queue with an array?,Keep track of the front and rear indexes. Either: 1)Dequeue items by shifting the array left 2)Use wrapped configuration,4,1.0,5.0,computer_science,short_answer,6,english,,"Use a circular array. Keep the rear of the queue toward the end of the array, and the front toward the beginning, and allow the rear pointer to wrap around.",
mohler,53,How can you implement a queue with an array?,fixed size array with max N elements.  Need to keep track of front and rear of array.,4,1.0,5.0,computer_science,short_answer,6,english,,"Use a circular array. Keep the rear of the queue toward the end of the array, and the front toward the beginning, and allow the rear pointer to wrap around.",
mohler,53,How can you implement a queue with an array?,"by keeping track of a front item and a rear item, or with a circular array that uses the modulo function",5,1.0,5.0,computer_science,short_answer,6,english,,"Use a circular array. Keep the rear of the queue toward the end of the array, and the front toward the beginning, and allow the rear pointer to wrap around.",
mohler,53,How can you implement a queue with an array?,"Using an array for a queue, the size of the array allocated limits the size of the queue. An array based queue class must keep track of both the front and back of the queue, which may need to wrap around the array.",5,1.0,5.0,computer_science,short_answer,6,english,,"Use a circular array. Keep the rear of the queue toward the end of the array, and the front toward the beginning, and allow the rear pointer to wrap around.",
mohler,53,How can you implement a queue with an array?,By having the head pointer point to the first or least current data entered and having the tail point to the most current data entered. A method must be created so that the tail pointer doesn't leave the array.,5,1.0,5.0,computer_science,short_answer,6,english,,"Use a circular array. Keep the rear of the queue toward the end of the array, and the front toward the beginning, and allow the rear pointer to wrap around.",
mohler,53,How can you implement a queue with an array?,"your storage class has an array, and you keep track of the index of the first and last item in the array, and wrap around when end of the array is full",5,1.0,5.0,computer_science,short_answer,6,english,,"Use a circular array. Keep the rear of the queue toward the end of the array, and the front toward the beginning, and allow the rear pointer to wrap around.",
mohler,53,How can you implement a queue with an array?,Boolean isFullQ(queue) ::= rear == MAX_QUEUE_SIZE-1,5,1.0,5.0,computer_science,short_answer,6,english,,"Use a circular array. Keep the rear of the queue toward the end of the array, and the front toward the beginning, and allow the rear pointer to wrap around.",
mohler,54,How can you implement a queue with a list?,A list can have unlimited elements in it.  You can push a node onto the end of the list and pop the one in the front.,5,1.0,5.0,computer_science,short_answer,6,english,,"Keep the rear of the queue pointing to the tail of the linked list, so the enqueue operation is done at the end of the list, and keep the front of the queue pointing to the head of the linked list, so the dequeue operation is done at the beginning of the list.",
mohler,54,How can you implement a queue with a list?,"By implementing a list in which a tail pointer points to the item most recently inserted onto the back of the list and a head pointer which points to the item least recently inserted onto the list. Also, items can only be removed from the front of the list and can only be added to the back of the list.",5,1.0,5.0,computer_science,short_answer,6,english,,"Keep the rear of the queue pointing to the tail of the linked list, so the enqueue operation is done at the end of the list, and keep the front of the queue pointing to the head of the linked list, so the dequeue operation is done at the beginning of the list.",
mohler,54,How can you implement a queue with a list?,Enqueue to the end of the linked list... dequeue items from the beginning (head) of the list.,5,1.0,5.0,computer_science,short_answer,6,english,,"Keep the rear of the queue pointing to the tail of the linked list, so the enqueue operation is done at the end of the list, and keep the front of the queue pointing to the head of the linked list, so the dequeue operation is done at the beginning of the list.",
mohler,54,How can you implement a queue with a list?,you use the first element in the list as the remove point for the queue and insert items at the end of the list.,5,1.0,5.0,computer_science,short_answer,6,english,,"Keep the rear of the queue pointing to the tail of the linked list, so the enqueue operation is done at the end of the list, and keep the front of the queue pointing to the head of the linked list, so the dequeue operation is done at the beginning of the list.",
mohler,54,How can you implement a queue with a list?,"create a node with the input data, continue to add to the list.  when dequeueing - get the first elements data and set the next element in the list as the new first element",4,1.0,5.0,computer_science,short_answer,6,english,,"Keep the rear of the queue pointing to the tail of the linked list, so the enqueue operation is done at the end of the list, and keep the front of the queue pointing to the head of the linked list, so the dequeue operation is done at the beginning of the list.",
mohler,54,How can you implement a queue with a list?,"each element of a queue can be allocated in the nodes of an linked list. New elements should be added to the head of the list, with each dequeued element coming off the tail.",5,1.0,5.0,computer_science,short_answer,6,english,,"Keep the rear of the queue pointing to the tail of the linked list, so the enqueue operation is done at the end of the list, and keep the front of the queue pointing to the head of the linked list, so the dequeue operation is done at the beginning of the list.",
mohler,54,How can you implement a queue with a list?,By creating and adding nodes at the end of the list and removing the nodes from the beginning of the list.,5,1.0,5.0,computer_science,short_answer,6,english,,"Keep the rear of the queue pointing to the tail of the linked list, so the enqueue operation is done at the end of the list, and keep the front of the queue pointing to the head of the linked list, so the dequeue operation is done at the beginning of the list.",
mohler,54,How can you implement a queue with a list?,you would have your list and add a back pointer so that your program knows where the end is,4,1.0,5.0,computer_science,short_answer,6,english,,"Keep the rear of the queue pointing to the tail of the linked list, so the enqueue operation is done at the end of the list, and keep the front of the queue pointing to the head of the linked list, so the dequeue operation is done at the beginning of the list.",
mohler,55,What is the stack operation corresponding to the enqueue operation in queues?,Push.,5,1.0,5.0,computer_science,short_answer,6,english,,push,
mohler,55,What is the stack operation corresponding to the enqueue operation in queues?,"push, which inserts something at the top of the stack.",5,1.0,5.0,computer_science,short_answer,6,english,,push,
mohler,55,What is the stack operation corresponding to the enqueue operation in queues?,The stack operation corresponding to enqueue in queues is the push operation.,5,1.0,5.0,computer_science,short_answer,6,english,,push,
mohler,55,What is the stack operation corresponding to the enqueue operation in queues?,"Push in a stack operation corresponds to the enqueue operation in queues.  These operations insert a new item into one end(the top and back, respectively) of the ADT.",5,1.0,5.0,computer_science,short_answer,6,english,,push,
mohler,55,What is the stack operation corresponding to the enqueue operation in queues?,push,5,1.0,5.0,computer_science,short_answer,6,english,,push,
mohler,55,What is the stack operation corresponding to the enqueue operation in queues?,Not sure what this question means.  You can use the stack 'push' operation and the enqueue operation to detect palindromes.,5,1.0,5.0,computer_science,short_answer,6,english,,push,
mohler,55,What is the stack operation corresponding to the enqueue operation in queues?,"Enqueue is the queue equivalent of push, and dequeue is the queue equivalent to pop.",5,1.0,5.0,computer_science,short_answer,6,english,,push,
mohler,55,What is the stack operation corresponding to the enqueue operation in queues?,Push operation.,5,1.0,5.0,computer_science,short_answer,6,english,,push,
mohler,55,What is the stack operation corresponding to the enqueue operation in queues?,push,5,1.0,5.0,computer_science,short_answer,6,english,,push,
mohler,55,What is the stack operation corresponding to the enqueue operation in queues?,push,5,1.0,5.0,computer_science,short_answer,6,english,,push,
mohler,55,What is the stack operation corresponding to the enqueue operation in queues?,push,5,1.0,5.0,computer_science,short_answer,6,english,,push,
mohler,55,What is the stack operation corresponding to the enqueue operation in queues?,push,5,1.0,5.0,computer_science,short_answer,6,english,,push,
mohler,55,What is the stack operation corresponding to the enqueue operation in queues?,"that would be the push operation, if it put the item at the end of the list.",5,1.0,5.0,computer_science,short_answer,6,english,,push,
mohler,55,What is the stack operation corresponding to the enqueue operation in queues?,push,5,1.0,5.0,computer_science,short_answer,6,english,,push,
mohler,55,What is the stack operation corresponding to the enqueue operation in queues?,push,5,1.0,5.0,computer_science,short_answer,6,english,,push,
mohler,55,What is the stack operation corresponding to the enqueue operation in queues?,the Push method in the stack operations.,5,1.0,5.0,computer_science,short_answer,6,english,,push,
mohler,55,What is the stack operation corresponding to the enqueue operation in queues?,push,5,1.0,5.0,computer_science,short_answer,6,english,,push,
mohler,55,What is the stack operation corresponding to the enqueue operation in queues?,"Push corresponds with enqueue, both very similarly place new elements into their stack or queue",5,1.0,5.0,computer_science,short_answer,6,english,,push,
mohler,55,What is the stack operation corresponding to the enqueue operation in queues?,push,5,1.0,5.0,computer_science,short_answer,6,english,,push,
mohler,55,What is the stack operation corresponding to the enqueue operation in queues?,Push,5,1.0,5.0,computer_science,short_answer,6,english,,push,
mohler,55,What is the stack operation corresponding to the enqueue operation in queues?,push,5,1.0,5.0,computer_science,short_answer,6,english,,push,
mohler,55,What is the stack operation corresponding to the enqueue operation in queues?,push,5,1.0,5.0,computer_science,short_answer,6,english,,push,
mohler,55,What is the stack operation corresponding to the enqueue operation in queues?,push,5,1.0,5.0,computer_science,short_answer,6,english,,push,
mohler,56,What is a tree?,A tree is a finite set of one or more nodes with a specially designated node called the root and the remaining nodes are partitioned into disjoint sets where each of these sets is a tree.,5,1.0,5.0,computer_science,short_answer,6,english,,"A collection of nodes, which has a special node called root, and the rest of the nodes are partitioned into one or more disjoint sets, each set being a tree.",
mohler,56,What is a tree?,"A data structure that contains a root, internal nodes and external nodes. Each node references another node by means of pointers (pass-by-reference). The root is the ""base"" of the tree, it has no parents. A ""leaf"" is a node at the end of the tree which points to NULL.",5,1.0,5.0,computer_science,short_answer,6,english,,"A collection of nodes, which has a special node called root, and the rest of the nodes are partitioned into one or more disjoint sets, each set being a tree.",
mohler,56,What is a tree?,one or more nodes in a hierarchy starting with the root and branching off like a tree to subtrees,5,1.0,5.0,computer_science,short_answer,6,english,,"A collection of nodes, which has a special node called root, and the rest of the nodes are partitioned into one or more disjoint sets, each set being a tree.",
mohler,56,What is a tree?,"It organizes data in a nonlinear, hierarchical form, where items can have more than one successor.  Partitioned into a root node and subsets are general subtrees of the root. ",5,1.0,5.0,computer_science,short_answer,6,english,,"A collection of nodes, which has a special node called root, and the rest of the nodes are partitioned into one or more disjoint sets, each set being a tree.",
mohler,56,What is a tree?,"A tree is a finite set of one or more nodes such that there is a specially designated node called the root. The remaining nodes are partitioned into n&gt;=0 disjoint sets T the n plus 1, where each element set is a tree.",5,1.0,5.0,computer_science,short_answer,6,english,,"A collection of nodes, which has a special node called root, and the rest of the nodes are partitioned into one or more disjoint sets, each set being a tree.",
mohler,56,What is a tree?,"A finite number of nodes such that there is one root node, each node has a certain number of children nodes, and each child is also a tree",5,1.0,5.0,computer_science,short_answer,6,english,,"A collection of nodes, which has a special node called root, and the rest of the nodes are partitioned into one or more disjoint sets, each set being a tree.",
mohler,57,What is the height of a tree?,"Each level of a generation in the tree, some people do not count the root as a generation",4,1.0,5.0,computer_science,short_answer,6,english,,The length of the longest path from the root to any of its leaves.,
mohler,57,What is the height of a tree?,The height of a tree is the number of nodes on the longest path from the root to a leaf.,5,1.0,5.0,computer_science,short_answer,6,english,,The length of the longest path from the root to any of its leaves.,
mohler,57,What is the height of a tree?,The number of nodes on the longest path from the root of the tree to a leaf.,5,1.0,5.0,computer_science,short_answer,6,english,,The length of the longest path from the root to any of its leaves.,
mohler,57,What is the height of a tree?,Height = the number of times you must progress down the levels of a tree to reach a leaf of the greatest distance from the root.,5,1.0,5.0,computer_science,short_answer,6,english,,The length of the longest path from the root to any of its leaves.,
mohler,57,What is the height of a tree?,the height of a tree is the length from the root to the furthest leaf,5,1.0,5.0,computer_science,short_answer,6,english,,The length of the longest path from the root to any of its leaves.,
mohler,57,What is the height of a tree?,The height of a tree is the number of levels between the root and the leaf farthest away from it.,5,1.0,5.0,computer_science,short_answer,6,english,,The length of the longest path from the root to any of its leaves.,
mohler,57,What is the height of a tree?,the distance from the deepest leaf to the root,5,1.0,5.0,computer_science,short_answer,6,english,,The length of the longest path from the root to any of its leaves.,
mohler,57,What is the height of a tree?,The number of nodes on the longest path from the root to the leaf.,5,1.0,5.0,computer_science,short_answer,6,english,,The length of the longest path from the root to any of its leaves.,
mohler,57,What is the height of a tree?,The height of a tree is the number of nodes on the longes path from the root to a leaf.,5,1.0,5.0,computer_science,short_answer,6,english,,The length of the longest path from the root to any of its leaves.,
mohler,57,What is the height of a tree?,The number of nodes on the longest path from the root to a leaf.,5,1.0,5.0,computer_science,short_answer,6,english,,The length of the longest path from the root to any of its leaves.,
mohler,58,What is a leaf?,A leaf is a child of a parent node that has no children nodes of its own.,5,1.0,5.0,computer_science,short_answer,6,english,,A node that has no children.,
mohler,58,What is a leaf?,A leaf is a node with no children.,5,1.0,5.0,computer_science,short_answer,6,english,,A node that has no children.,
mohler,58,What is a leaf?,A node with no children.,5,1.0,5.0,computer_science,short_answer,6,english,,A node that has no children.,
mohler,58,What is a leaf?,A tree node with no children.,5,1.0,5.0,computer_science,short_answer,6,english,,A node that has no children.,
mohler,58,What is a leaf?,And end point of the tree... a node that does not have any children.,5,1.0,5.0,computer_science,short_answer,6,english,,A node that has no children.,
mohler,58,What is a leaf?,a node with no children.,5,1.0,5.0,computer_science,short_answer,6,english,,A node that has no children.,
mohler,58,What is a leaf?,a leaf is a node with no children,5,1.0,5.0,computer_science,short_answer,6,english,,A node that has no children.,
mohler,58,What is a leaf?,The last value in the tree. A value with no children attatched.,5,1.0,5.0,computer_science,short_answer,6,english,,A node that has no children.,
mohler,58,What is a leaf?,a node with no children.,5,1.0,5.0,computer_science,short_answer,6,english,,A node that has no children.,
mohler,58,What is a leaf?,A node with no children.,5,1.0,5.0,computer_science,short_answer,6,english,,A node that has no children.,
mohler,58,What is a leaf?,A leaf is a node with no children,5,1.0,5.0,computer_science,short_answer,6,english,,A node that has no children.,
mohler,58,What is a leaf?,A leaf is a node with no children.,5,1.0,5.0,computer_science,short_answer,6,english,,A node that has no children.,
mohler,58,What is a leaf?,an element in a tree that has no children,5,1.0,5.0,computer_science,short_answer,6,english,,A node that has no children.,
mohler,58,What is a leaf?,A node with no children.,5,1.0,5.0,computer_science,short_answer,6,english,,A node that has no children.,
mohler,58,What is a leaf?,a leaf is a node that has no children nodes,5,1.0,5.0,computer_science,short_answer,6,english,,A node that has no children.,
mohler,58,What is a leaf?,a leaf is a node with no children,5,1.0,5.0,computer_science,short_answer,6,english,,A node that has no children.,
mohler,58,What is a leaf?,"The elements at the very bottom of an inverted tree (that is, those that have no elements below them) are called leaves.",5,1.0,5.0,computer_science,short_answer,6,english,,A node that has no children.,
mohler,59,What is a binary tree?,"A binary tree is a set of nodes that is either empty or partitioned into a root node and one or two subsets that are binary subtrees of the root. Each node can have no more than two children, a right and a left child.",5,1.0,5.0,computer_science,short_answer,6,english,,A tree for which the maximum number of children per node is two.,
mohler,59,What is a binary tree?,"A set of nodes that is either empty or partitioned into a root node and one or two subsets that are binary subtrees of the root.  Each node has at most two children, the left child and the right child.",5,1.0,5.0,computer_science,short_answer,6,english,,A tree for which the maximum number of children per node is two.,
mohler,59,What is a binary tree?,"A set of zero or more nodes, partitioned into a root node and two possibly empty sets that are binary trees. Thus, each node in a binary tree has at most two children, the left child and the right child.",5,1.0,5.0,computer_science,short_answer,6,english,,A tree for which the maximum number of children per node is two.,
mohler,59,What is a binary tree?,A tree in which each parent has a maximum of 2 children.,5,1.0,5.0,computer_science,short_answer,6,english,,A tree for which the maximum number of children per node is two.,
mohler,59,What is a binary tree?,a tree where each node has at most 2 children.,5,1.0,5.0,computer_science,short_answer,6,english,,A tree for which the maximum number of children per node is two.,
mohler,59,What is a binary tree?,a tree with up to two children or a right subtree and/or a left subtree,5,1.0,5.0,computer_science,short_answer,6,english,,A tree for which the maximum number of children per node is two.,
mohler,59,What is a binary tree?,"A binary tree is a tree in which all nodes have a maximum of two degrees, or can only have two children each.",5,1.0,5.0,computer_science,short_answer,6,english,,A tree for which the maximum number of children per node is two.,
mohler,59,What is a binary tree?,a binary tree is a tree data structure in which each node has at most two children.,5,1.0,5.0,computer_science,short_answer,6,english,,A tree for which the maximum number of children per node is two.,
mohler,59,What is a binary tree?,a tree where each parent can have at max two children.,5,1.0,5.0,computer_science,short_answer,6,english,,A tree for which the maximum number of children per node is two.,
mohler,59,What is a binary tree?,a tree where each node can have at most 2 children.,5,1.0,5.0,computer_science,short_answer,6,english,,A tree for which the maximum number of children per node is two.,
mohler,59,What is a binary tree?,"Starting at the root node, it branches off into one or two subsets that are binary subtrees of the root.  Each node has at most two children, the left child and the right child.",5,1.0,5.0,computer_science,short_answer,6,english,,A tree for which the maximum number of children per node is two.,
mohler,59,What is a binary tree?,"A binary tree is a set of nodes that is either empty or partitioned into a root node and one or two subsets that are binary subtrees of the root. Each node has at most two children, the left child and the right child.",5,1.0,5.0,computer_science,short_answer,6,english,,A tree for which the maximum number of children per node is two.,
mohler,59,What is a binary tree?,a tree that has a maximum of 2 children per node,5,1.0,5.0,computer_science,short_answer,6,english,,A tree for which the maximum number of children per node is two.,
mohler,59,What is a binary tree?,a tree with elements that can contain at most two pointers,5,1.0,5.0,computer_science,short_answer,6,english,,A tree for which the maximum number of children per node is two.,
mohler,59,What is a binary tree?,A binary tree can have only two children for each node.,5,1.0,5.0,computer_science,short_answer,6,english,,A tree for which the maximum number of children per node is two.,
mohler,59,What is a binary tree?,A tree where every node has no more than two children,5,1.0,5.0,computer_science,short_answer,6,english,,A tree for which the maximum number of children per node is two.,
mohler,59,What is a binary tree?,a binary tree is a special type of tree where each node can only have at maximum 2 children,5,1.0,5.0,computer_science,short_answer,6,english,,A tree for which the maximum number of children per node is two.,
mohler,60,What is a binary search tree?,"A tree data structure where each node has a value, where the total order is defined on these values.  the left subtree contains only values less than the parent node, and vice versa for the right subtree.",5,1.0,5.0,computer_science,short_answer,6,english,,A binary tree that has the property that for any node the left child is smaller than the parent which in turn is smaller than the right child.,
mohler,60,What is a binary search tree?,A binary search tree is a binary tree where the value in any node 'n' is greater than the value in every node in n's left subtree but less than every node in n's right subtree.,5,1.0,5.0,computer_science,short_answer,6,english,,A binary tree that has the property that for any node the left child is smaller than the parent which in turn is smaller than the right child.,
mohler,60,What is a binary search tree?,"A binary tree where the value in any node n is greater than the value in every node in n's left subtree, but less than the value of every node in n's right subtree.",5,1.0,5.0,computer_science,short_answer,6,english,,A binary tree that has the property that for any node the left child is smaller than the parent which in turn is smaller than the right child.,
mohler,60,What is a binary search tree?,"A binary tree where the search key in any node n is greater than the search key in any node in n's left subtree, but less than the search key in any node in n's right subtree.",5,1.0,5.0,computer_science,short_answer,6,english,,A binary tree that has the property that for any node the left child is smaller than the parent which in turn is smaller than the right child.,
mohler,60,What is a binary search tree?,"A tree which is split based on values. This makes it very easy to search. One can compare the desired value to the root, and if the root is greater than, we search the left side of the tree, if it is less than, we search the right side... and do the same thing recursively. ",5,1.0,5.0,computer_science,short_answer,6,english,,A binary tree that has the property that for any node the left child is smaller than the parent which in turn is smaller than the right child.,
mohler,60,What is a binary search tree?,"it is a binary tree where each node has a value, a total order is defined on these values, the left subtree of a node contains only values less than the node's value, and the right subtree of a node contains only values greater than or equal to the node's value.",5,1.0,5.0,computer_science,short_answer,6,english,,A binary tree that has the property that for any node the left child is smaller than the parent which in turn is smaller than the right child.,
mohler,60,What is a binary search tree?,a binary tree in which the data is in order from left to right.,4,1.0,5.0,computer_science,short_answer,6,english,,A binary tree that has the property that for any node the left child is smaller than the parent which in turn is smaller than the right child.,
mohler,60,What is a binary search tree?,"a binary tree where the children are ordered such that the right side is greater than the current node, and the left is less than or equal the current node.",5,1.0,5.0,computer_science,short_answer,6,english,,A binary tree that has the property that for any node the left child is smaller than the parent which in turn is smaller than the right child.,
mohler,60,What is a binary search tree?,"A binary tree where the value in any node n is greater than the value in every node n's left subtree, but less than every value in n's right subtree.",5,1.0,5.0,computer_science,short_answer,6,english,,A binary tree that has the property that for any node the left child is smaller than the parent which in turn is smaller than the right child.,
mohler,60,What is a binary search tree?,it is similar to a binary tree.  The keys in a nonempty left subtree (right subtree) are smaller (larger) than the key in the root of subtree.  the values in all nodes in the left subtree of a node are less than             the node value  the values in all nodes in the right subtree of a node are greater    than the node values,5,1.0,5.0,computer_science,short_answer,6,english,,A binary tree that has the property that for any node the left child is smaller than the parent which in turn is smaller than the right child.,
mohler,60,What is a binary search tree?,"A binary search tree is a special binary tree arranged such that every left child node contains a value less than its parent, and every right child node contains a value greater its parent.",5,1.0,5.0,computer_science,short_answer,6,english,,A binary tree that has the property that for any node the left child is smaller than the parent which in turn is smaller than the right child.,
mohler,60,What is a binary search tree?,"a binary tree with a special organization of data. where the left child of the element is less than it, and the right child is larger than it.",5,1.0,5.0,computer_science,short_answer,6,english,,A binary tree that has the property that for any node the left child is smaller than the parent which in turn is smaller than the right child.,
mohler,60,What is a binary search tree?,A tree in which the smaller values are located on the left of a parent node and the larger values are located on the right of the parent node.,5,1.0,5.0,computer_science,short_answer,6,english,,A binary tree that has the property that for any node the left child is smaller than the parent which in turn is smaller than the right child.,
mohler,60,What is a binary search tree?,"it is a binary tree where each node has a unique key, the left child of a node has only values less than that node, and the right child of each node has higher values than that node.",5,1.0,5.0,computer_science,short_answer,6,english,,A binary tree that has the property that for any node the left child is smaller than the parent which in turn is smaller than the right child.,
mohler,61,What is the inorder traversal of a binary tree?,"For every node in the binary tree we first visit its left sub-tree (if its there) and then visit the parent node itself, and then the right sub-tree (if its there).",5,1.0,5.0,computer_science,short_answer,6,english,,"Traverse the left subtree, then the root, then the right subtree.",
mohler,61,What is the inorder traversal of a binary tree?,(Left side of tree) (Root) (Right side of tree),5,1.0,5.0,computer_science,short_answer,6,english,,"Traverse the left subtree, then the root, then the right subtree.",
mohler,61,What is the inorder traversal of a binary tree?,printing a tree in order from least to greatest. This done by going as far left down the tree as possible and printing the parent and then right tree. Then move up the tree.,5,1.0,5.0,computer_science,short_answer,6,english,,"Traverse the left subtree, then the root, then the right subtree.",
mohler,61,What is the inorder traversal of a binary tree?,"The in order is to go from left,root,right",5,1.0,5.0,computer_science,short_answer,6,english,,"Traverse the left subtree, then the root, then the right subtree.",
mohler,61,What is the inorder traversal of a binary tree?,traverse the left subtree. visit the root. traverse the right subtree.,5,1.0,5.0,computer_science,short_answer,6,english,,"Traverse the left subtree, then the root, then the right subtree.",
mohler,61,What is the inorder traversal of a binary tree?,Left Child -&gt; Parent -&gt; Right Child,5,1.0,5.0,computer_science,short_answer,6,english,,"Traverse the left subtree, then the root, then the right subtree.",
mohler,61,What is the inorder traversal of a binary tree?,void inorder(ptNode ptr) { if (ptr) { inorder (ptr-&gt;left); cout&lt;&lt;ptr-&gt;data; inorder(ptr-&gt;right); } },5,1.0,5.0,computer_science,short_answer,6,english,,"Traverse the left subtree, then the root, then the right subtree.",
mohler,61,What is the inorder traversal of a binary tree?,"the root is in the middle.  The left subtree is traversed first, then the root, and finally the right subtree.",5,1.0,5.0,computer_science,short_answer,6,english,,"Traverse the left subtree, then the root, then the right subtree.",
mohler,61,What is the inorder traversal of a binary tree?,"a traversal that visits the left branch first, then the parent node, then the right branch, recursively.",5,1.0,5.0,computer_science,short_answer,6,english,,"Traverse the left subtree, then the root, then the right subtree.",
mohler,61,What is the inorder traversal of a binary tree?,"Inorder traversal visits the left branch of a node (all the way to it's deepest left-most leaf) before visiting the node itself. After visiting the entire left branch and the node, it visits the node's right branch following the same pattern of left child, node, right child.",5,1.0,5.0,computer_science,short_answer,6,english,,"Traverse the left subtree, then the root, then the right subtree.",
mohler,61,What is the inorder traversal of a binary tree?,left middle right,5,1.0,5.0,computer_science,short_answer,6,english,,"Traverse the left subtree, then the root, then the right subtree.",
mohler,61,What is the inorder traversal of a binary tree?,"You traverse all the nodes to the left, then visit the root, then traverse all the nodes on the right.",5,1.0,5.0,computer_science,short_answer,6,english,,"Traverse the left subtree, then the root, then the right subtree.",
mohler,61,What is the inorder traversal of a binary tree?,"you would go to the furthest down left most node, then to the root then to the right (if left and right exist) then you would return one node previous and do the same until you reached the root, then go to the furthest down left most node on the right side of the root and continue this process",5,1.0,5.0,computer_science,short_answer,6,english,,"Traverse the left subtree, then the root, then the right subtree.",
mohler,61,What is the inorder traversal of a binary tree?,"it means that you traverse one subtree of a node, then look at the node itself before traversing the other subtree of the node",4,1.0,5.0,computer_science,short_answer,6,english,,"Traverse the left subtree, then the root, then the right subtree.",
mohler,62,How many comparisons does it take to find an element in a binary search tree?,This is on the runtime order of log(n) where n is the number of nodes in the binary tree.,5,1.0,5.0,computer_science,short_answer,6,english,,The height of the tree (or log of the number of elements in the tree).,
mohler,62,How many comparisons does it take to find an element in a binary search tree?,In a binary search tree of size 'n' it takes log(n) comparisons to find a specified element.,5,1.0,5.0,computer_science,short_answer,6,english,,The height of the tree (or log of the number of elements in the tree).,
mohler,62,How many comparisons does it take to find an element in a binary search tree?,At most its equivalent to the height of the tree.,5,1.0,5.0,computer_science,short_answer,6,english,,The height of the tree (or log of the number of elements in the tree).,
mohler,62,How many comparisons does it take to find an element in a binary search tree?,Log(n),5,1.0,5.0,computer_science,short_answer,6,english,,The height of the tree (or log of the number of elements in the tree).,
mohler,62,How many comparisons does it take to find an element in a binary search tree?,O(log n),5,1.0,5.0,computer_science,short_answer,6,english,,The height of the tree (or log of the number of elements in the tree).,
mohler,62,How many comparisons does it take to find an element in a binary search tree?,O(log n) in balanced trees,5,1.0,5.0,computer_science,short_answer,6,english,,The height of the tree (or log of the number of elements in the tree).,
mohler,62,How many comparisons does it take to find an element in a binary search tree?,log(n),5,1.0,5.0,computer_science,short_answer,6,english,,The height of the tree (or log of the number of elements in the tree).,
mohler,62,How many comparisons does it take to find an element in a binary search tree?,logn,5,1.0,5.0,computer_science,short_answer,6,english,,The height of the tree (or log of the number of elements in the tree).,
mohler,62,How many comparisons does it take to find an element in a binary search tree?,log (n)   where n equals the number of nodes.,5,1.0,5.0,computer_science,short_answer,6,english,,The height of the tree (or log of the number of elements in the tree).,
mohler,62,How many comparisons does it take to find an element in a binary search tree?,it takes as many comparisons as the number of levels of the binary search tree. it only compares one number at each level,5,1.0,5.0,computer_science,short_answer,6,english,,The height of the tree (or log of the number of elements in the tree).,
mohler,62,How many comparisons does it take to find an element in a binary search tree?,At most it takes one less comparisons than the tree's height. In big-O notation it takes O(log n) comparisons if the tree is balanced.,5,1.0,5.0,computer_science,short_answer,6,english,,The height of the tree (or log of the number of elements in the tree).,
mohler,62,How many comparisons does it take to find an element in a binary search tree?,O(log n),5,1.0,5.0,computer_science,short_answer,6,english,,The height of the tree (or log of the number of elements in the tree).,
mohler,62,How many comparisons does it take to find an element in a binary search tree?,log n comparisons,5,1.0,5.0,computer_science,short_answer,6,english,,The height of the tree (or log of the number of elements in the tree).,
mohler,62,How many comparisons does it take to find an element in a binary search tree?,"it takes h comparisons, where h is the height of the tree",5,1.0,5.0,computer_science,short_answer,6,english,,The height of the tree (or log of the number of elements in the tree).,
mohler,63,What are the elements typically included in a class definition?,"access specifiers and functions, oftentimes a constructor.",3,1.0,5.0,computer_science,short_answer,6,english,,Function members and data members.,
mohler,63,What are the elements typically included in a class definition?,"The elements typically included in a class definition are the function prototypes, usually declared public, and the data members used in the class, which are usually declared private.",5,1.0,5.0,computer_science,short_answer,6,english,,Function members and data members.,
mohler,63,What are the elements typically included in a class definition?,Member functions and data members.,5,1.0,5.0,computer_science,short_answer,6,english,,Function members and data members.,
mohler,63,What are the elements typically included in a class definition?,"Data members, functions and function definitions, variables.",5,1.0,5.0,computer_science,short_answer,6,english,,Function members and data members.,
mohler,63,What are the elements typically included in a class definition?,"Function members and member attributes, or in other words, the class variables and functions.",5,1.0,5.0,computer_science,short_answer,6,english,,Function members and data members.,
mohler,63,What are the elements typically included in a class definition?,"The elements that are included in a class definition is the access-modifier, data types, variables, and function signatures.",4,1.0,5.0,computer_science,short_answer,6,english,,Function members and data members.,
mohler,63,What are the elements typically included in a class definition?,"data members, class variables, and functions",5,1.0,5.0,computer_science,short_answer,6,english,,Function members and data members.,
mohler,63,What are the elements typically included in a class definition?,functions and data members,5,1.0,5.0,computer_science,short_answer,6,english,,Function members and data members.,
mohler,63,What are the elements typically included in a class definition?,data members and function definitions,5,1.0,5.0,computer_science,short_answer,6,english,,Function members and data members.,
mohler,63,What are the elements typically included in a class definition?,member functions and data members,5,1.0,5.0,computer_science,short_answer,6,english,,Function members and data members.,
mohler,63,What are the elements typically included in a class definition?,"Class name, {}, semicoln at the end of the defination, private and bublic followed by "": """,2,1.0,5.0,computer_science,short_answer,6,english,,Function members and data members.,
mohler,63,What are the elements typically included in a class definition?,"Data variables and Functions, Data members",5,1.0,5.0,computer_science,short_answer,6,english,,Function members and data members.,
mohler,65,What are the access-specifiers that can be used in a C++ class definition?,Public and private specifiers.,5,1.0,5.0,computer_science,short_answer,6,english,,Private and public.,
mohler,65,What are the access-specifiers that can be used in a C++ class definition?,The access specifiers are public and private.,5,1.0,5.0,computer_science,short_answer,6,english,,Private and public.,
mohler,65,What are the access-specifiers that can be used in a C++ class definition?,Public or Private.,5,1.0,5.0,computer_science,short_answer,6,english,,Private and public.,
mohler,65,What are the access-specifiers that can be used in a C++ class definition?,public: the function or variable can be used outside the class private: the function or variable can only be used with the class,5,1.0,5.0,computer_science,short_answer,6,english,,Private and public.,
mohler,65,What are the access-specifiers that can be used in a C++ class definition?,Public and Private,5,1.0,5.0,computer_science,short_answer,6,english,,Private and public.,
mohler,65,What are the access-specifiers that can be used in a C++ class definition?,Public Private,5,1.0,5.0,computer_science,short_answer,6,english,,Private and public.,
mohler,65,What are the access-specifiers that can be used in a C++ class definition?,The access-specifiers that can be used in a C++ class definition is private and public.,5,1.0,5.0,computer_science,short_answer,6,english,,Private and public.,
mohler,65,What are the access-specifiers that can be used in a C++ class definition?,public and private.,5,1.0,5.0,computer_science,short_answer,6,english,,Private and public.,
mohler,65,What are the access-specifiers that can be used in a C++ class definition?,"public, private",5,1.0,5.0,computer_science,short_answer,6,english,,Private and public.,
mohler,65,What are the access-specifiers that can be used in a C++ class definition?,"private, public",5,1.0,5.0,computer_science,short_answer,6,english,,Private and public.,
mohler,65,What are the access-specifiers that can be used in a C++ class definition?,public - can be accessed by any of the program  private - can only be accessed by the class functions themselves and no outside functions or calls,5,1.0,5.0,computer_science,short_answer,6,english,,Private and public.,
mohler,65,What are the access-specifiers that can be used in a C++ class definition?,"public , private, protected",5,1.0,5.0,computer_science,short_answer,6,english,,Private and public.,
mohler,65,What are the access-specifiers that can be used in a C++ class definition?,public and private,5,1.0,5.0,computer_science,short_answer,6,english,,Private and public.,
mohler,65,What are the access-specifiers that can be used in a C++ class definition?,public or private,5,1.0,5.0,computer_science,short_answer,6,english,,Private and public.,
mohler,65,What are the access-specifiers that can be used in a C++ class definition?,public and private,5,1.0,5.0,computer_science,short_answer,6,english,,Private and public.,
mohler,65,What are the access-specifiers that can be used in a C++ class definition?,public and private,5,1.0,5.0,computer_science,short_answer,6,english,,Private and public.,
mohler,65,What are the access-specifiers that can be used in a C++ class definition?,public private protected,5,1.0,5.0,computer_science,short_answer,6,english,,Private and public.,
mohler,66,How are objects initialized when they are created?,not answered,0,1.0,5.0,computer_science,short_answer,6,english,,By using constructors.,
mohler,66,How are objects initialized when they are created?,"If the object refers to a class, the constructor(s) will initialize the objects based on return type and parameters passed. Compiler will auto-create one if one is not provided.",5,1.0,5.0,computer_science,short_answer,6,english,,By using constructors.,
mohler,66,How are objects initialized when they are created?,"Constructors; default when not provided by user, or programmer specified constructors.",5,1.0,5.0,computer_science,short_answer,6,english,,By using constructors.,
mohler,66,How are objects initialized when they are created?,"When the object is initialized, its constructor is called (whether one is provided or c++ assigns a default constructor).",5,1.0,5.0,computer_science,short_answer,6,english,,By using constructors.,
mohler,66,How are objects initialized when they are created?,"If you had a class Gradebook, you would initialize it in your main function by use of a constructor in the Gradebook class.  If no constructor is specified or found, c++ will use a default one with no parameters.  Gradebook myGradebook;  In this bit of code, the class Gradebook has been initialized as object myGradebook.",5,1.0,5.0,computer_science,short_answer,6,english,,By using constructors.,
mohler,66,How are objects initialized when they are created?,They are initialized with a constructor.,5,1.0,5.0,computer_science,short_answer,6,english,,By using constructors.,
mohler,66,How are objects initialized when they are created?,using constructor,5,1.0,5.0,computer_science,short_answer,6,english,,By using constructors.,
mohler,66,How are objects initialized when they are created?,"By declaring the class first, the name of the variable, and then any variables that need to be put in the constructor.  Ex. Class myClass(x, y)",5,1.0,5.0,computer_science,short_answer,6,english,,By using constructors.,
mohler,67,What is a function signature?,"Name of the function, parameters it must receive in order to perform and a return type.",5,1.0,5.0,computer_science,short_answer,6,english,,"The name of the function and the list of parameters, including their types.",
mohler,67,What is a function signature?,"A function signature is the return type of a function, its name, and the number and type of its parameters.",5,1.0,5.0,computer_science,short_answer,6,english,,"The name of the function and the list of parameters, including their types.",
mohler,67,What is a function signature?,A function signature is a declaration of the function that includes the parameter types and the number of parameters.,5,1.0,5.0,computer_science,short_answer,6,english,,"The name of the function and the list of parameters, including their types.",
mohler,67,What is a function signature?,"Includes the name, accepted parameters, and return type.",5,1.0,5.0,computer_science,short_answer,6,english,,"The name of the function and the list of parameters, including their types.",
mohler,67,What is a function signature?,its return type and its input parameters,5,1.0,5.0,computer_science,short_answer,6,english,,"The name of the function and the list of parameters, including their types.",
mohler,67,What is a function signature?,Contains the function name and its paramaters.  The return type is not included,5,1.0,5.0,computer_science,short_answer,6,english,,"The name of the function and the list of parameters, including their types.",
mohler,67,What is a function signature?,"Return type, function name, and the parameter types",5,1.0,5.0,computer_science,short_answer,6,english,,"The name of the function and the list of parameters, including their types.",
mohler,67,What is a function signature?,"The function's name, as well as what it returns and what it accepts.",5,1.0,5.0,computer_science,short_answer,6,english,,"The name of the function and the list of parameters, including their types.",
mohler,67,What is a function signature?,A function signature specifies the name and input variables of a function.,5,1.0,5.0,computer_science,short_answer,6,english,,"The name of the function and the list of parameters, including their types.",
mohler,67,What is a function signature?,A function signature is the function's parameters and their type and the name of the function.  The return type is not a part of the function signature.,5,1.0,5.0,computer_science,short_answer,6,english,,"The name of the function and the list of parameters, including their types.",
mohler,67,What is a function signature?,the name of the function and what it accepts/ returns,5,1.0,5.0,computer_science,short_answer,6,english,,"The name of the function and the list of parameters, including their types.",
mohler,67,What is a function signature?,"its the scope, type, and parameters of that function that give it it's properties and defines it against other functions.",5,1.0,5.0,computer_science,short_answer,6,english,,"The name of the function and the list of parameters, including their types.",
mohler,67,What is a function signature?,"is the name of the fuction, return type, and parameters that are being used",5,1.0,5.0,computer_science,short_answer,6,english,,"The name of the function and the list of parameters, including their types.",
mohler,67,What is a function signature?,the name of the function and the arguments passed to that function,5,1.0,5.0,computer_science,short_answer,6,english,,"The name of the function and the list of parameters, including their types.",
mohler,67,What is a function signature?,"A function signature, used in a function's prototype, is the set of object types it take in as parameters, with or without names given for the objects.",5,1.0,5.0,computer_science,short_answer,6,english,,"The name of the function and the list of parameters, including their types.",
mohler,67,What is a function signature?,function name and parameter are called function signature.,5,1.0,5.0,computer_science,short_answer,6,english,,"The name of the function and the list of parameters, including their types.",
mohler,67,What is a function signature?,fuction name and parameters,5,1.0,5.0,computer_science,short_answer,6,english,,"The name of the function and the list of parameters, including their types.",
mohler,67,What is a function signature?,"The parameters needed, the return type, and name of the function.",5,1.0,5.0,computer_science,short_answer,6,english,,"The name of the function and the list of parameters, including their types.",
mohler,67,What is a function signature?,"the signature of a function includes the name of the function, the number and types of parameters, and the return type",5,1.0,5.0,computer_science,short_answer,6,english,,"The name of the function and the list of parameters, including their types.",
mohler,68,What is a recursive function?,A function that calls upon it self to solve a problem.  Each time it calls upon it self it splits up a problem into a simplier form until it reaches a 'base case' which is the most simplest form of the problem.,5,1.0,5.0,computer_science,short_answer,6,english,,A function that calls itself.,
mohler,68,What is a recursive function?,A function that calls itself to perform an opperation such as a factorial recursive function.,5,1.0,5.0,computer_science,short_answer,6,english,,A function that calls itself.,
mohler,68,What is a recursive function?,not answered,0,1.0,5.0,computer_science,short_answer,6,english,,A function that calls itself.,
mohler,68,What is a recursive function?,It's a function that calls itself. It runs multiple times until the base case is reached.,5,1.0,5.0,computer_science,short_answer,6,english,,A function that calls itself.,
mohler,68,What is a recursive function?,a function that calls itself untill it reaches a base case.,5,1.0,5.0,computer_science,short_answer,6,english,,A function that calls itself.,
mohler,68,What is a recursive function?,"A function that calls itself. Each time it does, it must get smaller, and eventually MUST converge to a base case, otherwise you can start an infinite loop.",5,1.0,5.0,computer_science,short_answer,6,english,,A function that calls itself.,
mohler,68,What is a recursive function?,a function that calls itself until a base case is met,5,1.0,5.0,computer_science,short_answer,6,english,,A function that calls itself.,
mohler,68,What is a recursive function?,A function that calls itself. With each function call the problem is diminished.,5,1.0,5.0,computer_science,short_answer,6,english,,A function that calls itself.,
mohler,68,What is a recursive function?,A function that calls itself to perform a certain task,5,1.0,5.0,computer_science,short_answer,6,english,,A function that calls itself.,
mohler,68,What is a recursive function?,A recursive function is a function that calls itself. Usually called the base case. If the base case is not correct it causes a infinite loop.,5,1.0,5.0,computer_science,short_answer,6,english,,A function that calls itself.,
mohler,68,What is a recursive function?,"A function that calls itself, in order to solve a problem.",5,1.0,5.0,computer_science,short_answer,6,english,,A function that calls itself.,
mohler,68,What is a recursive function?,"a function that calls itself over and over until it finds the simplest form of solution, or the base case.",5,1.0,5.0,computer_science,short_answer,6,english,,A function that calls itself.,
mohler,68,What is a recursive function?,"A recursive function is a function that calls itself repeatedly until a base case is achieved. The fundamental idea is to break one large problem into a series of smaller, similar problems.",5,1.0,5.0,computer_science,short_answer,6,english,,A function that calls itself.,
mohler,68,What is a recursive function?,"A recursive function typically simplifies a problem by calling itself, until arriving at a base case, at which it recursively returns a solution.",5,1.0,5.0,computer_science,short_answer,6,english,,A function that calls itself.,
mohler,68,What is a recursive function?,a function that calls itself until the base cases are met.,5,1.0,5.0,computer_science,short_answer,6,english,,A function that calls itself.,
mohler,68,What is a recursive function?,A recursive function only knows how to solve base cases  A recursive function calls itself directly or indirectly until a base case is reached.,5,1.0,5.0,computer_science,short_answer,6,english,,A function that calls itself.,
mohler,68,What is a recursive function?,a function that calls on itself and uses a base case to stop the recursion,5,1.0,5.0,computer_science,short_answer,6,english,,A function that calls itself.,
mohler,68,What is a recursive function?,"a function that calls itself, and which eaach calls get closer and close to the base case.",5,1.0,5.0,computer_science,short_answer,6,english,,A function that calls itself.,
mohler,68,What is a recursive function?,A function that divides and conquers a problem.  There is a base case that will eventually be reached.  The function calls itself over and over until the base case is satisfied.,5,1.0,5.0,computer_science,short_answer,6,english,,A function that calls itself.,
mohler,68,What is a recursive function?,a function that calls itself in the definition code,5,1.0,5.0,computer_science,short_answer,6,english,,A function that calls itself.,
mohler,68,What is a recursive function?,A recursive function solves a problem by repeatedly calling itself. the initial problem is broken into successively smaller parts until a much simpler base case is reached. the solutions to each piece of the problem are then returned a step at a time.,5,1.0,5.0,computer_science,short_answer,6,english,,A function that calls itself.,
mohler,68,What is a recursive function?,"a function that solves a problem by dividing the problem into smaller problems, by calling its self again and again, until a base case is reached.",5,1.0,5.0,computer_science,short_answer,6,english,,A function that calls itself.,
mohler,68,What is a recursive function?,"A function that calls itself over and over again till a base case is reached, then it returns back to the original function.",5,1.0,5.0,computer_science,short_answer,6,english,,A function that calls itself.,
mohler,68,What is a recursive function?,"a recursive function is a function that during execution, calls itself over and over until a base case is reached",5,1.0,5.0,computer_science,short_answer,6,english,,A function that calls itself.,
mohler,68,What is a recursive function?,A function that calls itself. Usually used to split a problem into several smaller problems of the same type.,5,1.0,5.0,computer_science,short_answer,6,english,,A function that calls itself.,
mohler,68,What is a recursive function?,function that calls it self till the base case is met,5,1.0,5.0,computer_science,short_answer,6,english,,A function that calls itself.,
mohler,69,What is the alternative way to solve a problem that could be solved through recursive functions?,"Iteration, performers  a series of checks and loops.",5,1.0,5.0,computer_science,short_answer,6,english,,Through iteration.,
mohler,69,What is the alternative way to solve a problem that could be solved through recursive functions?,An alternative to solving a problem using recursive functions is to solve the problem using iteration.,5,1.0,5.0,computer_science,short_answer,6,english,,Through iteration.,
mohler,69,What is the alternative way to solve a problem that could be solved through recursive functions?,"Iteration, this would be more efficient and has repetition structure.",5,1.0,5.0,computer_science,short_answer,6,english,,Through iteration.,
mohler,69,What is the alternative way to solve a problem that could be solved through recursive functions?,One can use iteration or by using a simple while/for loop.,5,1.0,5.0,computer_science,short_answer,6,english,,Through iteration.,
mohler,69,What is the alternative way to solve a problem that could be solved through recursive functions?,iteration,5,1.0,5.0,computer_science,short_answer,6,english,,Through iteration.,
mohler,69,What is the alternative way to solve a problem that could be solved through recursive functions?,"Iteration. A while loop or a for loop will be able to accomplish the same desired outcome... It may be faster than recursion, but could also be harder to understand.",5,1.0,5.0,computer_science,short_answer,6,english,,Through iteration.,
mohler,69,What is the alternative way to solve a problem that could be solved through recursive functions?,you can also solve the problem iteratively,5,1.0,5.0,computer_science,short_answer,6,english,,Through iteration.,
mohler,69,What is the alternative way to solve a problem that could be solved through recursive functions?,iterative,5,1.0,5.0,computer_science,short_answer,6,english,,Through iteration.,
mohler,69,What is the alternative way to solve a problem that could be solved through recursive functions?,Using iteration loops.,5,1.0,5.0,computer_science,short_answer,6,english,,Through iteration.,
mohler,69,What is the alternative way to solve a problem that could be solved through recursive functions?,Another alternative way to solve a problem instead of using recursive functions is by using iteration.,5,1.0,5.0,computer_science,short_answer,6,english,,Through iteration.,
mohler,69,What is the alternative way to solve a problem that could be solved through recursive functions?,"A recursive function can often be solved using an iterative function, which runs faster, but is often more complicated.",5,1.0,5.0,computer_science,short_answer,6,english,,Through iteration.,
mohler,69,What is the alternative way to solve a problem that could be solved through recursive functions?,iteration,5,1.0,5.0,computer_science,short_answer,6,english,,Through iteration.,
mohler,69,What is the alternative way to solve a problem that could be solved through recursive functions?,Any recursive function can be solved using an iterative method.,5,1.0,5.0,computer_science,short_answer,6,english,,Through iteration.,
mohler,69,What is the alternative way to solve a problem that could be solved through recursive functions?,"Using an iterative function, which repeats a specified operation or set of operations until a terminating point or base case is reached.  ",5,1.0,5.0,computer_science,short_answer,6,english,,Through iteration.,
mohler,69,What is the alternative way to solve a problem that could be solved through recursive functions?,iteratively,5,1.0,5.0,computer_science,short_answer,6,english,,Through iteration.,
mohler,69,What is the alternative way to solve a problem that could be solved through recursive functions?,using an Iterative calls,5,1.0,5.0,computer_science,short_answer,6,english,,Through iteration.,
mohler,69,What is the alternative way to solve a problem that could be solved through recursive functions?,Iteration.,5,1.0,5.0,computer_science,short_answer,6,english,,Through iteration.,
mohler,69,What is the alternative way to solve a problem that could be solved through recursive functions?,iteration is the alternative way to solve a problem,5,1.0,5.0,computer_science,short_answer,6,english,,Through iteration.,
mohler,69,What is the alternative way to solve a problem that could be solved through recursive functions?,using an iterative solution instead,5,1.0,5.0,computer_science,short_answer,6,english,,Through iteration.,
mohler,69,What is the alternative way to solve a problem that could be solved through recursive functions?,"Using an iterative solution.  For, while, or do while loop.",5,1.0,5.0,computer_science,short_answer,6,english,,Through iteration.,
mohler,69,What is the alternative way to solve a problem that could be solved through recursive functions?,the alternative way to solve a problem that could be solved using recursion is iteration.,5,1.0,5.0,computer_science,short_answer,6,english,,Through iteration.,
mohler,69,What is the alternative way to solve a problem that could be solved through recursive functions?,"Any problem solved recursively could be solved with an iterative function. Iterative replacements for recursive functions may be more difficult to program, but often lead to more efficient solutions to a problem. ",5,1.0,5.0,computer_science,short_answer,6,english,,Through iteration.,
mohler,69,What is the alternative way to solve a problem that could be solved through recursive functions?,by iteration,5,1.0,5.0,computer_science,short_answer,6,english,,Through iteration.,
mohler,69,What is the alternative way to solve a problem that could be solved through recursive functions?,"itteration, like a for loop, a while loop, or a do while loop",5,1.0,5.0,computer_science,short_answer,6,english,,Through iteration.,
mohler,69,What is the alternative way to solve a problem that could be solved through recursive functions?,Iteration by using loops,5,1.0,5.0,computer_science,short_answer,6,english,,Through iteration.,
mohler,69,What is the alternative way to solve a problem that could be solved through recursive functions?,iterative functions,5,1.0,5.0,computer_science,short_answer,6,english,,Through iteration.,
mohler,69,What is the alternative way to solve a problem that could be solved through recursive functions?,iteration,5,1.0,5.0,computer_science,short_answer,6,english,,Through iteration.,
mohler,69,What is the alternative way to solve a problem that could be solved through recursive functions?,"the alt, way is to use a functions parameter in a call ""to"" function. ",2,1.0,5.0,computer_science,short_answer,6,english,,Through iteration.,
mohler,70,What is the difference between an array that is declared as static and one that is not?,Arrays declared as static are not created and initialized when a function is called and destroyed when the function terminates.,5,1.0,5.0,computer_science,short_answer,6,english,,The static arrays are intialized only once when the function is called.,
mohler,70,What is the difference between an array that is declared as static and one that is not?,A static array will have a null character at the end of the array.,2,1.0,5.0,computer_science,short_answer,6,english,,The static arrays are intialized only once when the function is called.,
mohler,70,What is the difference between an array that is declared as static and one that is not?,An array they is declared as static can be accessed outside of the method it was declared without passing it as an argument to other functions in the same class.,3,1.0,5.0,computer_science,short_answer,6,english,,The static arrays are intialized only once when the function is called.,
mohler,70,What is the difference between an array that is declared as static and one that is not?,"a non static array must reinitialize itself every function call, while a static array will only initialize itself once, unless otherwise forced.",5,1.0,5.0,computer_science,short_answer,6,english,,The static arrays are intialized only once when the function is called.,
mohler,71,What is the main difference between a string of characters that is read into a variable of type string versus a variable of type char[]?,the type char[] has a  null ('\n' ) element at the very end.,5,1.0,5.0,computer_science,short_answer,6,english,,The char[] will automatically add a null \0 character at the end of the string.,
mohler,71,What is the main difference between a string of characters that is read into a variable of type string versus a variable of type char[]?,The programmer must provide the null terminating character in a string of characters using type char[] and must also ensure that the array is large enough to contain the input string of characters and the null terminating character.,5,1.0,5.0,computer_science,short_answer,6,english,,The char[] will automatically add a null \0 character at the end of the string.,
mohler,71,What is the main difference between a string of characters that is read into a variable of type string versus a variable of type char[]?,String of characters are followed by a null statement.  type string is for example   string s;,5,1.0,5.0,computer_science,short_answer,6,english,,The char[] will automatically add a null \0 character at the end of the string.,
mohler,71,What is the main difference between a string of characters that is read into a variable of type string versus a variable of type char[]?,an array of characters stores a null character at the end,5,1.0,5.0,computer_science,short_answer,6,english,,The char[] will automatically add a null \0 character at the end of the string.,
mohler,71,What is the main difference between a string of characters that is read into a variable of type string versus a variable of type char[]?,"Type char[] may contain a null value as the last element, whereas type string will not.",5,1.0,5.0,computer_science,short_answer,6,english,,The char[] will automatically add a null \0 character at the end of the string.,
mohler,71,What is the main difference between a string of characters that is read into a variable of type string versus a variable of type char[]?,a string char[] adds a null value to the end of the string.,5,1.0,5.0,computer_science,short_answer,6,english,,The char[] will automatically add a null \0 character at the end of the string.,
mohler,71,What is the main difference between a string of characters that is read into a variable of type string versus a variable of type char[]?,"char array needs an end character signature and is made up of characters each separate from each other, a string is an object in itself, with a value that the user enters.",5,1.0,5.0,computer_science,short_answer,6,english,,The char[] will automatically add a null \0 character at the end of the string.,
mohler,71,What is the main difference between a string of characters that is read into a variable of type string versus a variable of type char[]?,"an array of characters has one more element, its last element,the terminating element, or null, which doesnt exist in a variable of type string",5,1.0,5.0,computer_science,short_answer,6,english,,The char[] will automatically add a null \0 character at the end of the string.,
mohler,71,What is the main difference between a string of characters that is read into a variable of type string versus a variable of type char[]?,A string of characters is a specific variable type that has no extra data at the end. A string of type char[] is all the characters and a null ('\0'),5,1.0,5.0,computer_science,short_answer,6,english,,The char[] will automatically add a null \0 character at the end of the string.,
mohler,71,What is the main difference between a string of characters that is read into a variable of type string versus a variable of type char[]?,a string of characters will have a null character or value at the end of the string,5,1.0,5.0,computer_science,short_answer,6,english,,The char[] will automatically add a null \0 character at the end of the string.,
mohler,71,What is the main difference between a string of characters that is read into a variable of type string versus a variable of type char[]?,"when the characters are put in a char array, there is also a null terminating character added to the end, '\0'",5,1.0,5.0,computer_science,short_answer,6,english,,The char[] will automatically add a null \0 character at the end of the string.,
mohler,72,Briefly describe the divide-and-conquer paradigm.,Divide and coquer means dividing a problem into 2+ problems which are solved and then merged  back together for a final solution to the whole problem.,5,1.0,5.0,computer_science,short_answer,6,english,,"Divide a problem into smaller subproblems, solve them recursively, and then combine the solutions into a solution for the original problem.",
mohler,72,Briefly describe the divide-and-conquer paradigm.,"Take a problem and divide it into a smaller problem and solve that smaller problem, or divide it into a smaller problem and solve it, thus solving the whole problem in the process.",4,1.0,5.0,computer_science,short_answer,6,english,,"Divide a problem into smaller subproblems, solve them recursively, and then combine the solutions into a solution for the original problem.",
mohler,72,Briefly describe the divide-and-conquer paradigm.,"The divide and conquer paradigm, splits a large problem into simpler problems, at which point it solves the simpler problems and merges the simple solutions together to answer the large problem.",5,1.0,5.0,computer_science,short_answer,6,english,,"Divide a problem into smaller subproblems, solve them recursively, and then combine the solutions into a solution for the original problem.",
mohler,72,Briefly describe the divide-and-conquer paradigm.,"smaller parts are easier to compare than comparing the whole, so it divides the problem down in halves until it can easily compare, then works backwards putting it back together to give the solution.",5,1.0,5.0,computer_science,short_answer,6,english,,"Divide a problem into smaller subproblems, solve them recursively, and then combine the solutions into a solution for the original problem.",
mohler,72,Briefly describe the divide-and-conquer paradigm.,"dividing and conquering means breaking a problem into two smaller problems, solving both of those, and putting the two solutions together.",5,1.0,5.0,computer_science,short_answer,6,english,,"Divide a problem into smaller subproblems, solve them recursively, and then combine the solutions into a solution for the original problem.",
mohler,72,Briefly describe the divide-and-conquer paradigm.,"Divide the big problem into small problem, solve small problem and join small solved elements of the problem. if there is two ore more elements in the array, divide the array into parts and compare the elements, after comperison, conquer the elements. If array have n element, first half have n/2 elements",5,1.0,5.0,computer_science,short_answer,6,english,,"Divide a problem into smaller subproblems, solve them recursively, and then combine the solutions into a solution for the original problem.",
mohler,72,Briefly describe the divide-and-conquer paradigm.,"divide the array in half, sort each half, then sort them back in one array",3,1.0,5.0,computer_science,short_answer,6,english,,"Divide a problem into smaller subproblems, solve them recursively, and then combine the solutions into a solution for the original problem.",
mohler,64,Briefly describe in one sentence how does merge sort work?,"It uses the divide and conqure technique recursively and then when merging back together it compares each element together in a sorted list, this is done by reversing the divide and conquer technique",5,1.0,5.0,computer_science,short_answer,6,english,,"It splits the original array into two, sorts each of the two halves, and then merges the sorted arrays.",
mohler,64,Briefly describe in one sentence how does merge sort work?,"It divides the array into two halves, sorts each half, then merges the two halves together.",5,1.0,5.0,computer_science,short_answer,6,english,,"It splits the original array into two, sorts each of the two halves, and then merges the sorted arrays.",
mohler,64,Briefly describe in one sentence how does merge sort work?,"Divide into two sublists and then those sublists break into length 1, then merges the sublists sorted. ",5,1.0,5.0,computer_science,short_answer,6,english,,"It splits the original array into two, sorts each of the two halves, and then merges the sorted arrays.",
mohler,64,Briefly describe in one sentence how does merge sort work?,"Merge sort uses the ""divide and conquer"" idea where it divides the array in half multiple times and then joins each element of the array back into one sorted array. This is one of the best sorting algorithms besides Quicksort.",5,1.0,5.0,computer_science,short_answer,6,english,,"It splits the original array into two, sorts each of the two halves, and then merges the sorted arrays.",
mohler,64,Briefly describe in one sentence how does merge sort work?,divides the line in half coninuously until you get to only a single value then recombine the values to form a sorted line.,5,1.0,5.0,computer_science,short_answer,6,english,,"It splits the original array into two, sorts each of the two halves, and then merges the sorted arrays.",
mohler,64,Briefly describe in one sentence how does merge sort work?,"Continually split array in half, sort each side of the halves, then put them back together once organized.",5,1.0,5.0,computer_science,short_answer,6,english,,"It splits the original array into two, sorts each of the two halves, and then merges the sorted arrays.",
mohler,64,Briefly describe in one sentence how does merge sort work?,merge sort splits the array of elements into smaller arrays until the arrays reach size 1 and then the merge sort merges the smaller arrays into arrays of size 2 then it moves to the next step and merges the next arrays.,5,1.0,5.0,computer_science,short_answer,6,english,,"It splits the original array into two, sorts each of the two halves, and then merges the sorted arrays.",
mohler,64,Briefly describe in one sentence how does merge sort work?,"Break a single array down into many arrays with individual elements, then sort the elements as you reconstruct them back into a single array.",5,1.0,5.0,computer_science,short_answer,6,english,,"It splits the original array into two, sorts each of the two halves, and then merges the sorted arrays.",
mohler,64,Briefly describe in one sentence how does merge sort work?,"Merge sort breaks the array in half, and continues to do so until it has 2 elements to compare and sorts them, after doing so it ""merges"" back as it keeps on sorting the algorithm as it does so.",5,1.0,5.0,computer_science,short_answer,6,english,,"It splits the original array into two, sorts each of the two halves, and then merges the sorted arrays.",
mohler,64,Briefly describe in one sentence how does merge sort work?,"Merge sort divides the problem in half, organizes each half, then brings the two halves together again.",5,1.0,5.0,computer_science,short_answer,6,english,,"It splits the original array into two, sorts each of the two halves, and then merges the sorted arrays.",
mohler,64,Briefly describe in one sentence how does merge sort work?,"Take an array and split it into two, then solve these simpler problems and merge the two answers in correct order.",5,1.0,5.0,computer_science,short_answer,6,english,,"It splits the original array into two, sorts each of the two halves, and then merges the sorted arrays.",
mohler,64,Briefly describe in one sentence how does merge sort work?,"A merge sort recursively divides the array into half until only one element remains, then it sorts the data on its way out of the recursive call by merging the cells.",5,1.0,5.0,computer_science,short_answer,6,english,,"It splits the original array into two, sorts each of the two halves, and then merges the sorted arrays.",
mohler,64,Briefly describe in one sentence how does merge sort work?,"Merge sort recursively divides an array into two arrays until all arrays have 1 element, at which point it merges the 1 element arrays into larger sorted arrays, the final returned array being the sorted version of the initial array.",5,1.0,5.0,computer_science,short_answer,6,english,,"It splits the original array into two, sorts each of the two halves, and then merges the sorted arrays.",
mohler,64,Briefly describe in one sentence how does merge sort work?,Merge sort continuously breaks an array in half then sorts the arrays as it concatenates them back together into one sorted array.,5,1.0,5.0,computer_science,short_answer,6,english,,"It splits the original array into two, sorts each of the two halves, and then merges the sorted arrays.",
mohler,64,Briefly describe in one sentence how does merge sort work?,"It takes an array, splits itself in half, sorts the two halves (either by recursion or iteration) and compares them together giving a third array a full sorted list with both halves rejoined. ",5,1.0,5.0,computer_science,short_answer,6,english,,"It splits the original array into two, sorts each of the two halves, and then merges the sorted arrays.",
mohler,64,Briefly describe in one sentence how does merge sort work?,"it splits a large array into small arrays and recurs until the array is a size of 1, and then merges all of the arrays back together until the source array is completely sourted.",5,1.0,5.0,computer_science,short_answer,6,english,,"It splits the original array into two, sorts each of the two halves, and then merges the sorted arrays.",
mohler,64,Briefly describe in one sentence how does merge sort work?,Mergesort divides the array into smaller halves and then combines the sorted subarrays into one sorted array.,5,1.0,5.0,computer_science,short_answer,6,english,,"It splits the original array into two, sorts each of the two halves, and then merges the sorted arrays.",
mohler,64,Briefly describe in one sentence how does merge sort work?,"merge sort breaks the array down in halves until it is comparing two values, sorts those two values, then merges that back with the other broken down parts that it sorted, each level merging more sets together till you return back to your whole array in order.",5,1.0,5.0,computer_science,short_answer,6,english,,"It splits the original array into two, sorts each of the two halves, and then merges the sorted arrays.",
mohler,64,Briefly describe in one sentence how does merge sort work?,"Divides the data into twor separate arrays, sorts the two arrays and merges them back to back together recursively. ",5,1.0,5.0,computer_science,short_answer,6,english,,"It splits the original array into two, sorts each of the two halves, and then merges the sorted arrays.",
mohler,64,Briefly describe in one sentence how does merge sort work?,"Take the initial array and split it into two, temporary, smaller arrays, sort the two smaller arrays, and merge them back into a single array.",5,1.0,5.0,computer_science,short_answer,6,english,,"It splits the original array into two, sorts each of the two halves, and then merges the sorted arrays.",
mohler,64,Briefly describe in one sentence how does merge sort work?,merge sort divides the data into halves until data of one element is reached and then merges each element together according to its placement in comparison to the rest of the data,5,1.0,5.0,computer_science,short_answer,6,english,,"It splits the original array into two, sorts each of the two halves, and then merges the sorted arrays.",
mohler,64,Briefly describe in one sentence how does merge sort work?,"merge sort uses the divide and conquer strategy, sorting an array in parts, then merging the sorted parts back together.",5,1.0,5.0,computer_science,short_answer,6,english,,"It splits the original array into two, sorts each of the two halves, and then merges the sorted arrays.",
mohler,64,Briefly describe in one sentence how does merge sort work?,"Divide recursuivly big array into two arrays, sort two array and merge them togather recuruivly.",5,1.0,5.0,computer_science,short_answer,6,english,,"It splits the original array into two, sorts each of the two halves, and then merges the sorted arrays.",
mohler,64,Briefly describe in one sentence how does merge sort work?,"divides an array in half and sorts each half by calling its self, thus dividing each half again and again and sorting it until the array is sorted. then putting the elements back in the original array sorted.",5,1.0,5.0,computer_science,short_answer,6,english,,"It splits the original array into two, sorts each of the two halves, and then merges the sorted arrays.",
mohler,64,Briefly describe in one sentence how does merge sort work?,Merge sort takes an array and splits it in half and sends each half back to itself recursively and merges and sorts the two halves when it starts going back up.,5,1.0,5.0,computer_science,short_answer,6,english,,"It splits the original array into two, sorts each of the two halves, and then merges the sorted arrays.",
mohler,64,Briefly describe in one sentence how does merge sort work?,"merge sort splits an array into two halves and then sorts the two smaller arrays, and then merges them back together to form a sorted array",5,1.0,5.0,computer_science,short_answer,6,english,,"It splits the original array into two, sorts each of the two halves, and then merges the sorted arrays.",
mohler,64,Briefly describe in one sentence how does merge sort work?,"the merge sort continually divides the array (or set of containers) into halves, until it reaches the point where there is just one element left, then merges each of the sets of two sorted arrays (containers).",5,1.0,5.0,computer_science,short_answer,6,english,,"It splits the original array into two, sorts each of the two halves, and then merges the sorted arrays.",
mohler,73,What is a pointer?,A variable in memory that hold the address of another memory location to which it points too,5,1.0,5.0,computer_science,short_answer,6,english,,The address of a location in memory.,
mohler,73,What is a pointer?,A pointer is a variable that stores the address of another variable.,5,1.0,5.0,computer_science,short_answer,6,english,,The address of a location in memory.,
mohler,73,What is a pointer?,A pointer is a variable that holds a memory address or location of another variable.,5,1.0,5.0,computer_science,short_answer,6,english,,The address of a location in memory.,
mohler,73,What is a pointer?,A data type that points to an address in memory which contains certain information. Used for pass-by-reference to save memory.,5,1.0,5.0,computer_science,short_answer,6,english,,The address of a location in memory.,
mohler,73,What is a pointer?,A pointer is a variable that points to the address location of another variable.  Represented by (*).,5,1.0,5.0,computer_science,short_answer,6,english,,The address of a location in memory.,
mohler,73,What is a pointer?,A pointer is a variable that holds the address of a given variable (and of a given data type),5,1.0,5.0,computer_science,short_answer,6,english,,The address of a location in memory.,
mohler,73,What is a pointer?,pointer is a programming data type whose value points to another value stored in computer memory by its address.,5,1.0,5.0,computer_science,short_answer,6,english,,The address of a location in memory.,
mohler,73,What is a pointer?,A data type that points to a specific memory address.,5,1.0,5.0,computer_science,short_answer,6,english,,The address of a location in memory.,
mohler,73,What is a pointer?,Its like a variable except it only holds the address in memory of the variable not the physical information.,5,1.0,5.0,computer_science,short_answer,6,english,,The address of a location in memory.,
mohler,73,What is a pointer?,a pointer is a reference to a memory location.,5,1.0,5.0,computer_science,short_answer,6,english,,The address of a location in memory.,
mohler,73,What is a pointer?,"A pointer is a variable that contains a memory address for something that you can use, such as a value, array, or even a function.",5,1.0,5.0,computer_science,short_answer,6,english,,The address of a location in memory.,
mohler,73,What is a pointer?,a form of storing data that keeps the location in memory of an data type or object.,5,1.0,5.0,computer_science,short_answer,6,english,,The address of a location in memory.,
mohler,73,What is a pointer?,it contains a object's memory address,5,1.0,5.0,computer_science,short_answer,6,english,,The address of a location in memory.,
mohler,73,What is a pointer?,variable that contains the memory address of a data object.,5,1.0,5.0,computer_science,short_answer,6,english,,The address of a location in memory.,
mohler,73,What is a pointer?,A pointer is an element that references a memory location.,5,1.0,5.0,computer_science,short_answer,6,english,,The address of a location in memory.,
mohler,73,What is a pointer?,"an object that points to a specific place in memory, where a variable or value is stored.",5,1.0,5.0,computer_science,short_answer,6,english,,The address of a location in memory.,
mohler,73,What is a pointer?,a variable that stores the address of a memory location,5,1.0,5.0,computer_science,short_answer,6,english,,The address of a location in memory.,
mohler,73,What is a pointer?,"A pointer is a variable that points to an address in memory, which contains some data. The pointer does not contain or point to any data, only a memory address.",5,1.0,5.0,computer_science,short_answer,6,english,,The address of a location in memory.,
mohler,73,What is a pointer?,Pointer is a variable which have a memory address of a variable.,5,1.0,5.0,computer_science,short_answer,6,english,,The address of a location in memory.,
mohler,73,What is a pointer?,a pointer points to a location in memory where data is stored,5,1.0,5.0,computer_science,short_answer,6,english,,The address of a location in memory.,
mohler,73,What is a pointer?,a variable that holds the address of another variable and can access the contents of the variable.,5,1.0,5.0,computer_science,short_answer,6,english,,The address of a location in memory.,
mohler,73,What is a pointer?,a pointer is a memory address that points to a data member,5,1.0,5.0,computer_science,short_answer,6,english,,The address of a location in memory.,
mohler,73,What is a pointer?,A data type that stores the memory address of another variable.,5,1.0,5.0,computer_science,short_answer,6,english,,The address of a location in memory.,
mohler,75,What is the experimental approach for measuring the running time of an algorithm?,not answered,0,1.0,5.0,computer_science,short_answer,6,english,,Implement the algorithm and measure the physical running time.,
mohler,75,What is the experimental approach for measuring the running time of an algorithm?,Experimental means you would actually write a prototype of the algorithm and measure the time it takes to run given certain parameters.,5,1.0,5.0,computer_science,short_answer,6,english,,Implement the algorithm and measure the physical running time.,
mohler,75,What is the experimental approach for measuring the running time of an algorithm?,not answered,0,1.0,5.0,computer_science,short_answer,6,english,,Implement the algorithm and measure the physical running time.,
mohler,75,What is the experimental approach for measuring the running time of an algorithm?,"You create and run  the algorithm multiple times, while measuring the amount of time it takes, you then average the results.",5,1.0,5.0,computer_science,short_answer,6,english,,Implement the algorithm and measure the physical running time.,
mohler,75,What is the experimental approach for measuring the running time of an algorithm?,Running the program with various input data and measuring the running time with system time.,5,1.0,5.0,computer_science,short_answer,6,english,,Implement the algorithm and measure the physical running time.,
mohler,75,What is the experimental approach for measuring the running time of an algorithm?,the number of times a specific segments get called per unit work.,3,1.0,5.0,computer_science,short_answer,6,english,,Implement the algorithm and measure the physical running time.,
mohler,75,What is the experimental approach for measuring the running time of an algorithm?,the experimental approach measures actual running time in t.  t= seconds.,5,1.0,5.0,computer_science,short_answer,6,english,,Implement the algorithm and measure the physical running time.,
mohler,75,What is the experimental approach for measuring the running time of an algorithm?,to measure the actual time of the program to run. and calculate the running time using the input and operations done,5,1.0,5.0,computer_science,short_answer,6,english,,Implement the algorithm and measure the physical running time.,
mohler,75,What is the experimental approach for measuring the running time of an algorithm?,the experimental approach would be to run through the algorithm and see how long it takes,5,1.0,5.0,computer_science,short_answer,6,english,,Implement the algorithm and measure the physical running time.,
mohler,75,What is the experimental approach for measuring the running time of an algorithm?,"trying it with different sets of inputs, and measuring the amount of time that the algorithm actually takes.",5,1.0,5.0,computer_science,short_answer,6,english,,Implement the algorithm and measure the physical running time.,
mohler,76,"Briefly, how does selection sort work?","it scans the list and selects the smallest(largest) element and places it in the front, increment the curPtr by one, scan the list again for the next smallest(largest) element and place it in with respect with the other sorted elements.",5,1.0,5.0,computer_science,short_answer,6,english,,"It selects the minimum from an array and places it on the first position, then it selects the minimum from the rest of the array and places it on the second position, and so forth.",
mohler,76,"Briefly, how does selection sort work?","Selection sort searches the array for the lowest value and swaps it with the first value in the array. Then searches for the next lowest value and swaps it with the second item in the array, and so on.",5,1.0,5.0,computer_science,short_answer,6,english,,"It selects the minimum from an array and places it on the first position, then it selects the minimum from the rest of the array and places it on the second position, and so forth.",
mohler,76,"Briefly, how does selection sort work?",selection sort selects the smallest element out of the list then the second smallest ....and sorts them acordingly.,5,1.0,5.0,computer_science,short_answer,6,english,,"It selects the minimum from an array and places it on the first position, then it selects the minimum from the rest of the array and places it on the second position, and so forth.",
mohler,76,"Briefly, how does selection sort work?",You select the smallest element and place it on the left.  You select the smallest element and sort it with respect the the item already on the left.  You continue this till the end of the collection of items.,5,1.0,5.0,computer_science,short_answer,6,english,,"It selects the minimum from an array and places it on the first position, then it selects the minimum from the rest of the array and places it on the second position, and so forth.",
mohler,76,"Briefly, how does selection sort work?","A selection sort scrolls through the data structure looking for the lowest (or highest) unsorted piece of data, moves it to the held spot, increments that spot by one, and starts the process over.",5,1.0,5.0,computer_science,short_answer,6,english,,"It selects the minimum from an array and places it on the first position, then it selects the minimum from the rest of the array and places it on the second position, and so forth.",
mohler,76,"Briefly, how does selection sort work?","Selection sort traverses an unsorted array looking for the smallest value, when it's found it is put at the beginning of the unsorted array.  Performed several times, this will output a sorted array.",5,1.0,5.0,computer_science,short_answer,6,english,,"It selects the minimum from an array and places it on the first position, then it selects the minimum from the rest of the array and places it on the second position, and so forth.",
mohler,76,"Briefly, how does selection sort work?","Selection sort sorts an array one element at at time. It first finds the element with the smallest key and puts it into the first location within its array or list, then finds the next smallest and puts it in the second location, and so on.",5,1.0,5.0,computer_science,short_answer,6,english,,"It selects the minimum from an array and places it on the first position, then it selects the minimum from the rest of the array and places it on the second position, and so forth.",
mohler,77,What is the advantage of linked lists over arrays?,A link list can grow to a infinite size as a array has a fixes size.,5,1.0,5.0,computer_science,short_answer,6,english,,"Linked lists are dynamic structures, which allow for a variable number of elements to be stored.",
mohler,77,What is the advantage of linked lists over arrays?,The advantage of linked lists is that they are not limited in size like arrays.,5,1.0,5.0,computer_science,short_answer,6,english,,"Linked lists are dynamic structures, which allow for a variable number of elements to be stored.",
mohler,77,What is the advantage of linked lists over arrays?,link lists dont have a fixed size,5,1.0,5.0,computer_science,short_answer,6,english,,"Linked lists are dynamic structures, which allow for a variable number of elements to be stored.",
mohler,77,What is the advantage of linked lists over arrays?,"Linked Lists can be of variable size, where arrays have fixed size.",5,1.0,5.0,computer_science,short_answer,6,english,,"Linked lists are dynamic structures, which allow for a variable number of elements to be stored.",
mohler,77,What is the advantage of linked lists over arrays?,"Linked lists do not have a definite size. They can be as big or as small as needed, and they don't have to allocate extra memory for elements you don't need. Arrays size must be defined.",5,1.0,5.0,computer_science,short_answer,6,english,,"Linked lists are dynamic structures, which allow for a variable number of elements to be stored.",
mohler,77,What is the advantage of linked lists over arrays?,"a linked list has a dynamic size , but an array only has a fixed size and takes allot of extra operations to increase its size.",5,1.0,5.0,computer_science,short_answer,6,english,,"Linked lists are dynamic structures, which allow for a variable number of elements to be stored.",
mohler,77,What is the advantage of linked lists over arrays?,You do not have to predetermine your list size as you do with arrays. Linked list have the ability to be as large as you want them adding memory as needed.,5,1.0,5.0,computer_science,short_answer,6,english,,"Linked lists are dynamic structures, which allow for a variable number of elements to be stored.",
mohler,77,What is the advantage of linked lists over arrays?,The main advantage to a linked list is that it can have it's size adjusted during runtime.,5,1.0,5.0,computer_science,short_answer,6,english,,"Linked lists are dynamic structures, which allow for a variable number of elements to be stored.",
mohler,77,What is the advantage of linked lists over arrays?,Linked lists are able to grow in size. So elements can be added to the list.,5,1.0,5.0,computer_science,short_answer,6,english,,"Linked lists are dynamic structures, which allow for a variable number of elements to be stored.",
mohler,77,What is the advantage of linked lists over arrays?,There is no predetermined length,5,1.0,5.0,computer_science,short_answer,6,english,,"Linked lists are dynamic structures, which allow for a variable number of elements to be stored.",
mohler,77,What is the advantage of linked lists over arrays?,Linked lists may be dynamically grown.,5,1.0,5.0,computer_science,short_answer,6,english,,"Linked lists are dynamic structures, which allow for a variable number of elements to be stored.",
mohler,77,What is the advantage of linked lists over arrays?,"Linked lists are very dynamic in that they can change and be added/subtracted to very easily because they are not linear in memory.   Arrays are pre-specified in size to be cast over a certain amount of disk space.  This makes insertion into Arrays difficult because all elements must be shifted, and if you reach the end of the array, you are done even if you have more data to input.  Linked Lists do not run into these problems.",5,1.0,5.0,computer_science,short_answer,6,english,,"Linked lists are dynamic structures, which allow for a variable number of elements to be stored.",
mohler,77,What is the advantage of linked lists over arrays?,"linked lists have an indefinite size, whereas arrays are a specific size.",5,1.0,5.0,computer_science,short_answer,6,english,,"Linked lists are dynamic structures, which allow for a variable number of elements to be stored.",
mohler,77,What is the advantage of linked lists over arrays?,"Linked lists have no predefined length, and thus you can have virtually unlimited items in that list.",5,1.0,5.0,computer_science,short_answer,6,english,,"Linked lists are dynamic structures, which allow for a variable number of elements to be stored.",
mohler,77,What is the advantage of linked lists over arrays?,"They grow dynamically, unlike the fixed size array",5,1.0,5.0,computer_science,short_answer,6,english,,"Linked lists are dynamic structures, which allow for a variable number of elements to be stored.",
mohler,77,What is the advantage of linked lists over arrays?,"you can add as many nodes as you like without having to specify a list size, if an array gets too big you have to copy its entire contents to another larger array to get more room",5,1.0,5.0,computer_science,short_answer,6,english,,"Linked lists are dynamic structures, which allow for a variable number of elements to be stored.",
mohler,77,What is the advantage of linked lists over arrays?,Linkded list does not have a fixed size. Arrays have a fixed size.,5,1.0,5.0,computer_science,short_answer,6,english,,"Linked lists are dynamic structures, which allow for a variable number of elements to be stored.",
mohler,77,What is the advantage of linked lists over arrays?,"Linked lists have a dynamic size, where as arrays have a static size.",5,1.0,5.0,computer_science,short_answer,6,english,,"Linked lists are dynamic structures, which allow for a variable number of elements to be stored.",
mohler,77,What is the advantage of linked lists over arrays?,linked lists do not have a memory constraint other than total memory,5,1.0,5.0,computer_science,short_answer,6,english,,"Linked lists are dynamic structures, which allow for a variable number of elements to be stored.",
mohler,77,What is the advantage of linked lists over arrays?,"The primary advantage of linked lists over arrays is their ability to become larger or smaller as data is added and removed from the list, whereas arrays may waste memory for small data sets, and run out of space for large data sets.",5,1.0,5.0,computer_science,short_answer,6,english,,"Linked lists are dynamic structures, which allow for a variable number of elements to be stored.",
mohler,77,What is the advantage of linked lists over arrays?,"Array have fixed size, in Link List are flexible for adding or deleting an element. ",5,1.0,5.0,computer_science,short_answer,6,english,,"Linked lists are dynamic structures, which allow for a variable number of elements to be stored.",
mohler,77,What is the advantage of linked lists over arrays?,they are resizeable,5,1.0,5.0,computer_science,short_answer,6,english,,"Linked lists are dynamic structures, which allow for a variable number of elements to be stored.",
mohler,77,What is the advantage of linked lists over arrays?,Linked lists can be dynamically allocated and their size can change as needed.,5,1.0,5.0,computer_science,short_answer,6,english,,"Linked lists are dynamic structures, which allow for a variable number of elements to be stored.",
mohler,77,What is the advantage of linked lists over arrays?,"linked lists do not have to have a specified size, they are easier to add to and remove from",5,1.0,5.0,computer_science,short_answer,6,english,,"Linked lists are dynamic structures, which allow for a variable number of elements to be stored.",
mohler,77,What is the advantage of linked lists over arrays?,"they dont have a fixed size, no shiftnig needs to be done for insertion/deletion.",5,1.0,5.0,computer_science,short_answer,6,english,,"Linked lists are dynamic structures, which allow for a variable number of elements to be stored.",
mohler,77,What is the advantage of linked lists over arrays?,linked list many be dynamically grown. It has not limit,5,1.0,5.0,computer_science,short_answer,6,english,,"Linked lists are dynamic structures, which allow for a variable number of elements to be stored.",
mohler,78,What is a queue?,A data structure in C++ where the the first element in the queue is the first element taken out of the queue.,5,1.0,5.0,computer_science,short_answer,6,english,,A data structure that stores elements following the first in first out principle. The main operations in a queue are enqueue and dequeue.,
mohler,78,What is a queue?,A queue is an abstract data type that performs operations on both ends of the list and exhibits first-in first-out behavior.,5,1.0,5.0,computer_science,short_answer,6,english,,A data structure that stores elements following the first in first out principle. The main operations in a queue are enqueue and dequeue.,
mohler,78,What is a queue?,"A queue is an abstract data type that involves putting an element at the back of the list. Queues use the FIFO, first in first out, idea where the first element in the list is the first that comes out.",5,1.0,5.0,computer_science,short_answer,6,english,,A data structure that stores elements following the first in first out principle. The main operations in a queue are enqueue and dequeue.,
mohler,78,What is a queue?,"A data structure that implements first in, first out. The element that has been there the longest is the first to get served.",5,1.0,5.0,computer_science,short_answer,6,english,,A data structure that stores elements following the first in first out principle. The main operations in a queue are enqueue and dequeue.,
mohler,78,What is a queue?,a data structure that inserts elements at the end of it and removes elements from the front.,5,1.0,5.0,computer_science,short_answer,6,english,,A data structure that stores elements following the first in first out principle. The main operations in a queue are enqueue and dequeue.,
mohler,78,What is a queue?,A queue is a collection of elements with the characteristics of first in first out (FIFO).  The first item in is the first item out.  All additional items are added to the end of the list.,5,1.0,5.0,computer_science,short_answer,6,english,,A data structure that stores elements following the first in first out principle. The main operations in a queue are enqueue and dequeue.,
mohler,78,What is a queue?,"A queue is a data structure that inserts data into a FIFO configuration, that is, data input to the structure is always at it's end, and data taken is always from the beginning.",5,1.0,5.0,computer_science,short_answer,6,english,,A data structure that stores elements following the first in first out principle. The main operations in a queue are enqueue and dequeue.,
mohler,78,What is a queue?,A queue is like a stack except it follows FIFO (First in first out) .,5,1.0,5.0,computer_science,short_answer,6,english,,A data structure that stores elements following the first in first out principle. The main operations in a queue are enqueue and dequeue.,
mohler,78,What is a queue?,A queue is a data structure where the first node in is the first node out.,5,1.0,5.0,computer_science,short_answer,6,english,,A data structure that stores elements following the first in first out principle. The main operations in a queue are enqueue and dequeue.,
mohler,78,What is a queue?,A queue is a First in First out data structure much like a line for a movie theatre.  The first object in line is the first object to be handled or enacted upon.,5,1.0,5.0,computer_science,short_answer,6,english,,A data structure that stores elements following the first in first out principle. The main operations in a queue are enqueue and dequeue.,
mohler,78,What is a queue?,"its a lot like a stack, except that the first item put into the list is the first item to be taken from the list.",5,1.0,5.0,computer_science,short_answer,6,english,,A data structure that stores elements following the first in first out principle. The main operations in a queue are enqueue and dequeue.,
mohler,78,What is a queue?,"a first in first out list of items, like if you put 5, 4, 3, 2, and 1 in the queue it will when you dequeue items remove the items in the same order as put in, so thus it will put out, 5, 4, 3, 2, and 1 in that exact order.",5,1.0,5.0,computer_science,short_answer,6,english,,A data structure that stores elements following the first in first out principle. The main operations in a queue are enqueue and dequeue.,
mohler,78,What is a queue?,"A linked list with a First In, Out structure dequeue at the head of the list enqueue at the end of the list",5,1.0,5.0,computer_science,short_answer,6,english,,A data structure that stores elements following the first in first out principle. The main operations in a queue are enqueue and dequeue.,
mohler,78,What is a queue?,"a list of objects that follow the rule first in first out, essentially a linked list that goes in order of the first object in the list is the first to be taken off.",5,1.0,5.0,computer_science,short_answer,6,english,,A data structure that stores elements following the first in first out principle. The main operations in a queue are enqueue and dequeue.,
mohler,78,What is a queue?,A queue is an abstract data type that is based off of the priniple of first in first out. FIFO. The first item inserted into the list will the first item taken out.,5,1.0,5.0,computer_science,short_answer,6,english,,A data structure that stores elements following the first in first out principle. The main operations in a queue are enqueue and dequeue.,
mohler,78,What is a queue?,"It is a ""first in first out"" data structure.  It can be implemented with either a linked list or an array.",5,1.0,5.0,computer_science,short_answer,6,english,,A data structure that stores elements following the first in first out principle. The main operations in a queue are enqueue and dequeue.,
mohler,78,What is a queue?,an ordered list that performs task in the order of first in first out. adding items to the queue places items behind the rest of them. taking items off the queue takes the one that has waited the longest.,5,1.0,5.0,computer_science,short_answer,6,english,,A data structure that stores elements following the first in first out principle. The main operations in a queue are enqueue and dequeue.,
mohler,78,What is a queue?,"A queue is a linear, first-in first-out data structure. Data must be accessed in the same order it was put into the queue, so only the oldest item in the queue is accessible at any time. Main functions defined are enqueue and dequeue.",5,1.0,5.0,computer_science,short_answer,6,english,,A data structure that stores elements following the first in first out principle. The main operations in a queue are enqueue and dequeue.,
mohler,78,What is a queue?,"Queue is a buffer, it follows the rule of First In and First out. Queue is very useful in computer science for scheduleing .",5,1.0,5.0,computer_science,short_answer,6,english,,A data structure that stores elements following the first in first out principle. The main operations in a queue are enqueue and dequeue.,
mohler,78,What is a queue?,a queue is a set of elements where the first element inserted is the first element to be removed,5,1.0,5.0,computer_science,short_answer,6,english,,A data structure that stores elements following the first in first out principle. The main operations in a queue are enqueue and dequeue.,
mohler,78,What is a queue?,Is a list of items where the the user only has access to the first element and each new element is added at the end.,5,1.0,5.0,computer_science,short_answer,6,english,,A data structure that stores elements following the first in first out principle. The main operations in a queue are enqueue and dequeue.,
mohler,78,What is a queue?,"a queue is a list of data that follows the fifo principle, an example of this would be when you get into a line at a movie theater...the first one there gets to buy a ticket first",5,1.0,5.0,computer_science,short_answer,6,english,,A data structure that stores elements following the first in first out principle. The main operations in a queue are enqueue and dequeue.,
mohler,78,What is a queue?,"A queue is a data structure that holds a set of objects, which has a FIFO (first in first out) priority.",5,1.0,5.0,computer_science,short_answer,6,english,,A data structure that stores elements following the first in first out principle. The main operations in a queue are enqueue and dequeue.,
mohler,79,What are the main operations associated with a stack?,push and pop,5,1.0,5.0,computer_science,short_answer,6,english,,push and pop,
mohler,79,What are the main operations associated with a stack?,"Pop, which removes the head, or least recently inserted node from the stack. Push, which inserts a new node at the head of the stack.",5,1.0,5.0,computer_science,short_answer,6,english,,push and pop,
mohler,79,What are the main operations associated with a stack?,Push and pop,5,1.0,5.0,computer_science,short_answer,6,english,,push and pop,
mohler,79,What are the main operations associated with a stack?,The Push function and the Pop function.,5,1.0,5.0,computer_science,short_answer,6,english,,push and pop,
mohler,79,What are the main operations associated with a stack?,push and pop,5,1.0,5.0,computer_science,short_answer,6,english,,push and pop,
mohler,79,What are the main operations associated with a stack?,push - puts an element on the stack pop- takes an element off the stack,5,1.0,5.0,computer_science,short_answer,6,english,,push and pop,
mohler,79,What are the main operations associated with a stack?,Push  and pop.,5,1.0,5.0,computer_science,short_answer,6,english,,push and pop,
mohler,79,What are the main operations associated with a stack?,Push and Pop,5,1.0,5.0,computer_science,short_answer,6,english,,push and pop,
mohler,79,What are the main operations associated with a stack?,push and pop.,5,1.0,5.0,computer_science,short_answer,6,english,,push and pop,
mohler,79,What are the main operations associated with a stack?,"Push and Pop. Push adds an element to the stack, while Pop removes the top element from a stack.",5,1.0,5.0,computer_science,short_answer,6,english,,push and pop,
mohler,79,What are the main operations associated with a stack?,pop and push,5,1.0,5.0,computer_science,short_answer,6,english,,push and pop,
mohler,79,What are the main operations associated with a stack?,push and pop,5,1.0,5.0,computer_science,short_answer,6,english,,push and pop,
mohler,79,What are the main operations associated with a stack?,"pop, push",5,1.0,5.0,computer_science,short_answer,6,english,,push and pop,
mohler,79,What are the main operations associated with a stack?,"isempty, push and pop, along with usually, ",5,1.0,5.0,computer_science,short_answer,6,english,,push and pop,
mohler,79,What are the main operations associated with a stack?,push and pop,5,1.0,5.0,computer_science,short_answer,6,english,,push and pop,
mohler,79,What are the main operations associated with a stack?,push and pop. push puts objects into the stack and pop takes them out following the first in last out rule.,5,1.0,5.0,computer_science,short_answer,6,english,,push and pop,
mohler,79,What are the main operations associated with a stack?,"The main operations in a stack are push and pop. Push adds an item to the top of the stack, pop removes the top item from the stack.",5,1.0,5.0,computer_science,short_answer,6,english,,push and pop,
mohler,79,What are the main operations associated with a stack?,push and pop,5,1.0,5.0,computer_science,short_answer,6,english,,push and pop,
mohler,79,What are the main operations associated with a stack?,"push, which adds an item to the top of the stack, and pop, which takes the first item off the top to the stack",5,1.0,5.0,computer_science,short_answer,6,english,,push and pop,
mohler,79,What are the main operations associated with a stack?,"the main functions defined for a stack are push, which puts an element on the top of the stack, and pop, which removes an item from the top.",5,1.0,5.0,computer_science,short_answer,6,english,,push and pop,
mohler,79,What are the main operations associated with a stack?,pop and push to remove an element and to insert an element,5,1.0,5.0,computer_science,short_answer,6,english,,push and pop,
mohler,79,What are the main operations associated with a stack?,"Push, Pop",5,1.0,5.0,computer_science,short_answer,6,english,,push and pop,
mohler,79,What are the main operations associated with a stack?,push and pop,5,1.0,5.0,computer_science,short_answer,6,english,,push and pop,
mohler,79,What are the main operations associated with a stack?,push - Add an element to the top of the stack pop - remove the top element from the stack,5,1.0,5.0,computer_science,short_answer,6,english,,push and pop,
mohler,79,What are the main operations associated with a stack?,push and pop,5,1.0,5.0,computer_science,short_answer,6,english,,push and pop,
mohler,80,What is the Euler tour traversal of a tree?,"The Euler tour traversal of a tree begins at the root and visits each node in the tree from the left, then bottom, then right sides.",5,1.0,5.0,computer_science,short_answer,6,english,,"A walk around the tree, starting with the root, where each node is seen three times: from the left, from below, from the right.",
mohler,80,What is the Euler tour traversal of a tree?,"An Euler traversal is a traversal that begins with the root, and travels around the outside of the tree.  Each element in the tree is visited 3 times.  From the left, from the bottom and from the right.",5,1.0,5.0,computer_science,short_answer,6,english,,"A walk around the tree, starting with the root, where each node is seen three times: from the left, from below, from the right.",
mohler,80,What is the Euler tour traversal of a tree?,not answered,0,1.0,5.0,computer_science,short_answer,6,english,,"A walk around the tree, starting with the root, where each node is seen three times: from the left, from below, from the right.",
mohler,80,What is the Euler tour traversal of a tree?,"You recursively visit every node on the list. You visit the node from the left, the bottom, and from the right.",5,1.0,5.0,computer_science,short_answer,6,english,,"A walk around the tree, starting with the root, where each node is seen three times: from the left, from below, from the right.",
mohler,80,What is the Euler tour traversal of a tree?,"the euler tour is a way to traverse a tree where you come into contact with each node three times, from the left, from the right, and from the bottom",5,1.0,5.0,computer_science,short_answer,6,english,,"A walk around the tree, starting with the root, where each node is seen three times: from the left, from below, from the right.",
mohler,81,How do you delete a node from a binary search tree?,you replace the node with the largest element of its left subtree or replace it with the smallest element of the right subtree.,5,1.0,5.0,computer_science,short_answer,6,english,,"Find the node, then replace it with the leftmost node from its right subtree (or the rightmost node from its left subtree).",
mohler,81,How do you delete a node from a binary search tree?,"the deletion of a node depends upon if it has children and if it is an AVL binary search tree. Assuming it is not an AVL tree, and the node being deleted has no children, you just set its pointer to null. If it has a left child or a right child exclusively, that child replaces the deleted node, if it has two children, the left most child of the right sub tree (or right most child of the left subtree)will replace it",5,1.0,5.0,computer_science,short_answer,6,english,,"Find the node, then replace it with the leftmost node from its right subtree (or the rightmost node from its left subtree).",
mohler,81,How do you delete a node from a binary search tree?,"If the node is a leaf, just set it's parent's pointer to null and delete it, if it has a single child, set the parent's pointer to the child and delete; if it has two children, set the node to one of the middle children and remove that child from its previous position as a leaf (rightmost child of the left subtree or leftmost child of the right subtree).",5,1.0,5.0,computer_science,short_answer,6,english,,"Find the node, then replace it with the leftmost node from its right subtree (or the rightmost node from its left subtree).",
mohler,81,How do you delete a node from a binary search tree?,"if the node has no children, delete it right away, otherwise, put either the furthest right node on the left side or the furthest left node on the right side in that place and perform a the above on that node to guarantee that it's children get handled properly.",5,1.0,5.0,computer_science,short_answer,6,english,,"Find the node, then replace it with the leftmost node from its right subtree (or the rightmost node from its left subtree).",
mohler,81,How do you delete a node from a binary search tree?,"if the node is a leaf, you set it's parent's pointer to null. if the node is in the tree you must replace the node with one in the tree: either the largest in the left of the tree or the smallest in the right of the tree. this can be done recursively if needed.",5,1.0,5.0,computer_science,short_answer,6,english,,"Find the node, then replace it with the leftmost node from its right subtree (or the rightmost node from its left subtree).",
mohler,81,How do you delete a node from a binary search tree?,not answered,0,1.0,5.0,computer_science,short_answer,6,english,,"Find the node, then replace it with the leftmost node from its right subtree (or the rightmost node from its left subtree).",
mohler,74,How many steps does it take to search a node in a binary search tree?,The number of levels and the height of the tree,5,1.0,5.0,computer_science,short_answer,6,english,,The height of the tree.,
mohler,74,How many steps does it take to search a node in a binary search tree?,It is the same as the height of the tree.,5,1.0,5.0,computer_science,short_answer,6,english,,The height of the tree.,
mohler,74,How many steps does it take to search a node in a binary search tree?,"If the binary search tree is constructed efficiently, best case scenario is O(log n) time.  Where n is the number of items in the tree.  If the binary search tree is constructed poorly, with for instance the root of the tree being 1, and progressing downwards and to the right its children are each more than the last: you have a one-way linear linked list.  That worse case scenario would be a full traversal at O(n) time. Where n is the number of items in the tree.",5,1.0,5.0,computer_science,short_answer,6,english,,The height of the tree.,
mohler,74,How many steps does it take to search a node in a binary search tree?,"depending on the way that the tree is ordered, it could be anywhere between log(n) and N steps.",5,1.0,5.0,computer_science,short_answer,6,english,,The height of the tree.,
mohler,74,How many steps does it take to search a node in a binary search tree?,"worst case scenario = the number of levels of the tree, ie: the node at the farthest position from the root node.  best case = 1 step if its the root node.",5,1.0,5.0,computer_science,short_answer,6,english,,The height of the tree.,
mohler,74,How many steps does it take to search a node in a binary search tree?,the same number of steps as the number of levels or generations in the tree,5,1.0,5.0,computer_science,short_answer,6,english,,The height of the tree.,
mohler,74,How many steps does it take to search a node in a binary search tree?,to find a node in a binary search tree takes at most the same number of steps as there are levels of the tree.,5,1.0,5.0,computer_science,short_answer,6,english,,The height of the tree.,
mohler,74,How many steps does it take to search a node in a binary search tree?,"it takes at most h steps, where h is the height of the tree.",5,1.0,5.0,computer_science,short_answer,6,english,,The height of the tree.,
